id,Parch,Ticket,Fare,Cabin,Embarked,ExtraCol1,ExtraCol2,ExtraCol3,ExtraCol4,ExtraCol5,ExtraCol6,ExtraCol7,ExtraCol8,ExtraCol9,ExtraCol10,ExtraCol11,ExtraCol12,ExtraCol13,ExtraCol14,ExtraCol15,Parch_ew_bin,Parch_ew_bin_num,Fare_ew_bin,Fare_ew_bin_num,ExtraCol1_ew_bin,ExtraCol1_ew_bin_num,ExtraCol4_ew_bin,ExtraCol4_ew_bin_num,ExtraCol7_ew_bin,ExtraCol7_ew_bin_num,ExtraCol10_ew_bin,ExtraCol10_ew_bin_num,ExtraCol13_ew_bin,ExtraCol13_ew_bin_num,Fare_smooth_median_bin,Fare_smoothed,ExtraCol1_smooth_median_bin,ExtraCol1_smoothed,ExtraCol2A,ExtraCol2B,ExtraCol2C,ExtraCol2D,Ticket_freq,Cabin_freq,ExtraCol2_freq
1,0,A/5 21171,7.25,B96 B98,S,8,A,high,27,NA,high,57,C,low,90,Z,high,303,X,high,Parch_1,1,Fare_1,1,ExtraCol1_1,1,ExtraCol4_2,2,ExtraCol7_3,3,ExtraCol10_5,5,ExtraCol13_4,4,Fare_1,7.25,ExtraCol1_1,8,1,0,0,0,1,691,441
2,0,PC 17599,71.2833,C85,C,77,A,high,NA,NA,low,62,D,NA,97,X,high,388,Z,high,Parch_1,1,Fare_1,1,ExtraCol1_4,4,NA,NA,ExtraCol7_4,4,ExtraCol10_5,5,ExtraCol13_4,4,Fare_5,71.2833,ExtraCol1_5,77,1,0,0,0,1,1,441
3,0,STON/O2. 3101282,7.925,B96 B98,S,43,A,medium,26,D,unknown,65,D,high,51,Z,low,262,X,high,Parch_1,1,Fare_1,1,ExtraCol1_3,3,ExtraCol4_2,2,ExtraCol7_4,4,ExtraCol10_3,3,ExtraCol13_3,3,Fare_2,7.925,ExtraCol1_2,43,1,0,0,0,1,691,441
4,0,113803,53.1,C123,S,43,D,high,NA,C,high,19,NA,NA,59,Y,low,72,Z,medium,Parch_1,1,Fare_1,1,ExtraCol1_3,3,NA,NA,ExtraCol7_1,1,ExtraCol10_3,3,ExtraCol13_1,1,Fare_5,53.1,ExtraCol1_2,43,0,0,0,1,2,2,155
5,0,373450,8.05,B96 B98,S,43,D,low,17,A,NA,57,C,low,19,X,medium,NA,Y,high,Parch_1,1,Fare_1,1,ExtraCol1_3,3,ExtraCol4_1,1,ExtraCol7_3,3,ExtraCol10_1,1,NA,NA,Fare_2,8.05,ExtraCol1_2,43,0,0,0,1,1,691,155
6,0,330877,8.4583,B96 B98,Q,85,C,high,18,C,medium,26,C,NA,41,X,low,NA,Z,high,Parch_1,1,Fare_1,1,ExtraCol1_5,5,ExtraCol4_1,1,ExtraCol7_2,2,ExtraCol10_3,3,NA,NA,Fare_2,8.4583,ExtraCol1_5,85,0,0,1,0,1,691,153
7,0,17463,51.8625,E46,S,8,B,high,92,D,medium,27,NA,NA,62,X,high,58,X,low,Parch_1,1,Fare_1,1,ExtraCol1_1,1,ExtraCol4_5,5,ExtraCol7_2,2,ExtraCol10_4,4,ExtraCol13_1,1,Fare_5,51.8625,ExtraCol1_1,8,0,1,0,0,1,1,142
8,1,349909,21.075,B96 B98,S,43,A,medium,55,A,low,94,D,low,42,NA,low,63,Y,high,Parch_1,1,Fare_1,1,ExtraCol1_3,3,ExtraCol4_3,3,ExtraCol7_5,5,ExtraCol10_3,3,ExtraCol13_1,1,Fare_3,21.075,ExtraCol1_2,43,1,0,0,0,4,691,441
9,2,347742,11.1333,B96 B98,S,43,A,high,4,B,NA,NA,A,NA,NA,NA,medium,173,X,low,Parch_2,2,Fare_1,1,ExtraCol1_3,3,ExtraCol4_1,1,NA,NA,NA,NA,ExtraCol13_2,2,Fare_3,11.1333,ExtraCol1_2,43,1,0,0,0,3,691,441
10,0,237736,30.0708,B96 B98,C,43,B,unknown,NA,D,NA,NA,C,NA,13,Y,low,227,Z,high,Parch_1,1,Fare_1,1,ExtraCol1_3,3,NA,NA,NA,NA,ExtraCol10_1,1,ExtraCol13_3,3,Fare_4,30.0708,ExtraCol1_2,43,0,1,0,0,2,691,142
11,1,PP 9549,16.7,G6,S,52,A,high,NA,B,unknown,NA,B,NA,15,Y,high,NA,Y,low,Parch_1,1,Fare_1,1,ExtraCol1_3,3,NA,NA,NA,NA,ExtraCol10_1,1,NA,NA,Fare_3,16.7,ExtraCol1_4,52,1,0,0,0,2,4,441
12,0,113783,26.55,C103,S,97,C,high,NA,D,NA,24,A,high,33,X,low,79,X,high,Parch_1,1,Fare_1,1,ExtraCol1_5,5,NA,NA,ExtraCol7_2,2,ExtraCol10_2,2,ExtraCol13_1,1,Fare_4,26.55,ExtraCol1_5,97,0,0,1,0,1,1,153
13,0,A/5. 2151,8.05,B96 B98,S,73,B,low,54,C,high,78,NA,NA,NA,Z,medium,466,Z,high,Parch_1,1,Fare_1,1,ExtraCol1_4,4,ExtraCol4_3,3,ExtraCol7_4,4,NA,NA,ExtraCol13_5,5,Fare_2,8.05,ExtraCol1_4,73,0,1,0,0,1,691,142
14,5,347082,31.275,B96 B98,S,76,A,high,64,C,medium,NA,A,NA,81,Y,high,75,Z,high,Parch_5,5,Fare_1,1,ExtraCol1_4,4,ExtraCol4_4,4,NA,NA,ExtraCol10_5,5,ExtraCol13_1,1,Fare_4,31.275,ExtraCol1_5,76,1,0,0,0,7,691,441
15,0,350406,7.8542,B96 B98,S,71,C,high,NA,C,medium,71,NA,NA,86,Z,medium,100,Z,high,Parch_1,1,Fare_1,1,ExtraCol1_4,4,NA,NA,ExtraCol7_4,4,ExtraCol10_5,5,ExtraCol13_2,2,Fare_1,7.8542,ExtraCol1_4,71,0,0,1,0,1,691,153
16,0,248706,16,B96 B98,S,43,A,unknown,81,C,NA,NA,NA,unknown,NA,X,low,483,Z,medium,Parch_1,1,Fare_1,1,ExtraCol1_3,3,ExtraCol4_5,5,NA,NA,NA,NA,ExtraCol13_5,5,Fare_3,16,ExtraCol1_2,43,1,0,0,0,1,691,441
17,1,382652,29.125,B96 B98,Q,51,D,high,NA,NA,medium,NA,NA,NA,NA,Z,low,188,X,high,Parch_1,1,Fare_1,1,ExtraCol1_3,3,NA,NA,NA,NA,NA,NA,ExtraCol13_2,2,Fare_4,29.125,ExtraCol1_4,51,0,0,0,1,5,691,155
18,0,244373,13,B96 B98,S,12,C,unknown,96,D,unknown,72,A,NA,NA,Z,medium,286,Y,low,Parch_1,1,Fare_1,1,ExtraCol1_1,1,ExtraCol4_5,5,ExtraCol7_4,4,NA,NA,ExtraCol13_3,3,Fare_3,13,ExtraCol1_1,12,0,0,1,0,1,691,153
19,0,345763,18,B96 B98,S,83,C,high,NA,B,low,33,D,unknown,53,Y,low,217,Z,NA,Parch_1,1,Fare_1,1,ExtraCol1_5,5,NA,NA,ExtraCol7_2,2,ExtraCol10_3,3,ExtraCol13_3,3,Fare_3,18,ExtraCol1_5,83,0,0,1,0,1,691,153
20,0,2649,7.225,B96 B98,C,45,D,low,32,NA,low,96,A,medium,70,Z,medium,129,Y,low,Parch_1,1,Fare_1,1,ExtraCol1_3,3,ExtraCol4_2,2,ExtraCol7_5,5,ExtraCol10_4,4,ExtraCol13_2,2,Fare_1,7.225,ExtraCol1_4,45,0,0,0,1,1,691,155
21,0,239865,26,B96 B98,S,50,A,low,72,C,unknown,86,B,NA,72,Y,medium,253,Y,low,Parch_1,1,Fare_1,1,ExtraCol1_3,3,ExtraCol4_4,4,ExtraCol7_5,5,ExtraCol10_4,4,ExtraCol13_3,3,Fare_4,26,ExtraCol1_4,50,1,0,0,0,2,691,441
22,0,248698,13,D56,S,37,D,high,89,C,unknown,59,B,NA,96,Z,medium,388,Z,NA,Parch_1,1,Fare_1,1,ExtraCol1_2,2,ExtraCol4_5,5,ExtraCol7_3,3,ExtraCol10_5,5,ExtraCol13_4,4,Fare_3,13,ExtraCol1_2,37,0,0,0,1,1,1,155
23,0,330923,8.0292,B96 B98,Q,43,B,high,NA,B,unknown,NA,C,NA,57,Z,high,5,Y,medium,Parch_1,1,Fare_1,1,ExtraCol1_3,3,NA,NA,NA,NA,ExtraCol10_3,3,ExtraCol13_1,1,Fare_2,8.0292,ExtraCol1_2,43,0,1,0,0,1,691,142
24,0,113788,35.5,A6,S,92,A,medium,98,B,medium,59,B,high,34,X,high,437,X,low,Parch_1,1,Fare_1,1,ExtraCol1_5,5,ExtraCol4_5,5,ExtraCol7_3,3,ExtraCol10_2,2,ExtraCol13_5,5,Fare_4,35.5,ExtraCol1_5,92,1,0,0,0,1,1,441
25,1,349909,21.075,B96 B98,S,78,A,high,19,C,medium,69,NA,NA,NA,Z,low,92,X,NA,Parch_1,1,Fare_1,1,ExtraCol1_4,4,ExtraCol4_1,1,ExtraCol7_4,4,NA,NA,ExtraCol13_1,1,Fare_3,21.075,ExtraCol1_5,78,1,0,0,0,4,691,441
26,5,347077,31.3875,B96 B98,S,64,A,high,41,NA,low,NA,D,low,NA,Z,high,458,Z,high,Parch_5,5,Fare_1,1,ExtraCol1_4,4,ExtraCol4_3,3,NA,NA,NA,NA,ExtraCol13_5,5,Fare_4,31.3875,ExtraCol1_4,64,1,0,0,0,4,691,441
27,0,2631,7.225,B96 B98,C,43,A,medium,31,B,medium,14,D,low,80,X,high,481,X,medium,Parch_1,1,Fare_1,1,ExtraCol1_3,3,ExtraCol4_2,2,ExtraCol7_1,1,ExtraCol10_5,5,ExtraCol13_5,5,Fare_1,7.225,ExtraCol1_2,43,1,0,0,0,1,691,441
28,2,19950,263,C23 C25 C27,S,43,A,low,42,D,high,56,A,high,NA,Z,low,466,Y,low,Parch_2,2,Fare_3,3,ExtraCol1_3,3,ExtraCol4_3,3,ExtraCol7_3,3,NA,NA,ExtraCol13_5,5,Fare_5,263,ExtraCol1_2,43,1,0,0,0,4,4,441
29,0,330959,7.8792,B96 B98,Q,43,A,high,NA,B,medium,80,D,NA,NA,Y,medium,325,Y,high,Parch_1,1,Fare_1,1,ExtraCol1_3,3,NA,NA,ExtraCol7_5,5,NA,NA,ExtraCol13_4,4,Fare_2,7.8792,ExtraCol1_2,43,1,0,0,0,1,691,441
30,0,349216,7.8958,B96 B98,S,44,A,high,73,C,medium,31,A,unknown,31,Z,NA,452,NA,high,Parch_1,1,Fare_1,1,ExtraCol1_3,3,ExtraCol4_4,4,ExtraCol7_2,2,ExtraCol10_2,2,ExtraCol13_5,5,Fare_2,7.8958,ExtraCol1_3,44,1,0,0,0,1,691,441
31,0,PC 17601,27.7208,B96 B98,C,45,D,high,NA,A,NA,45,NA,unknown,5,NA,medium,429,X,low,Parch_1,1,Fare_1,1,ExtraCol1_3,3,NA,NA,ExtraCol7_3,3,ExtraCol10_1,1,ExtraCol13_5,5,Fare_4,27.7208,ExtraCol1_4,45,0,0,0,1,1,691,155
32,0,PC 17569,146.5208,B78,C,22,A,high,25,NA,NA,NA,D,high,NA,NA,medium,319,X,low,Parch_1,1,Fare_2,2,ExtraCol1_2,2,ExtraCol4_2,2,NA,NA,NA,NA,ExtraCol13_4,4,Fare_5,146.5208,ExtraCol1_1,22,1,0,0,0,2,1,441
33,0,335677,7.75,B96 B98,Q,9,B,medium,NA,D,high,70,A,NA,12,Y,high,445,Z,high,Parch_1,1,Fare_1,1,ExtraCol1_1,1,NA,NA,ExtraCol7_4,4,ExtraCol10_1,1,ExtraCol13_5,5,Fare_1,7.75,ExtraCol1_1,9,0,1,0,0,1,691,142
34,0,C.A. 24579,10.5,B96 B98,S,55,C,high,NA,NA,high,86,A,high,8,Y,medium,171,X,high,Parch_1,1,Fare_1,1,ExtraCol1_3,3,NA,NA,ExtraCol7_5,5,ExtraCol10_1,1,ExtraCol13_2,2,Fare_2,10.5,ExtraCol1_4,55,0,0,1,0,1,691,153
35,0,PC 17604,82.1708,B96 B98,C,88,B,high,65,D,high,NA,NA,medium,70,Y,high,417,X,high,Parch_1,1,Fare_1,1,ExtraCol1_5,5,ExtraCol4_4,4,NA,NA,ExtraCol10_4,4,ExtraCol13_5,5,Fare_5,82.1708,ExtraCol1_5,88,0,1,0,0,2,691,142
36,0,113789,52,B96 B98,S,43,C,high,69,NA,unknown,NA,NA,high,43,X,medium,462,Z,NA,Parch_1,1,Fare_1,1,ExtraCol1_3,3,ExtraCol4_4,4,NA,NA,ExtraCol10_3,3,ExtraCol13_5,5,Fare_5,52,ExtraCol1_2,43,0,0,1,0,2,691,153
37,0,2677,7.2292,B96 B98,C,85,D,medium,66,B,low,4,D,low,NA,Z,medium,NA,X,low,Parch_1,1,Fare_1,1,ExtraCol1_5,5,ExtraCol4_4,4,ExtraCol7_1,1,NA,NA,NA,NA,Fare_1,7.2292,ExtraCol1_5,85,0,0,0,1,1,691,155
38,0,A./5. 2152,8.05,B96 B98,S,82,A,high,60,D,medium,NA,C,unknown,NA,NA,low,61,Y,NA,Parch_1,1,Fare_1,1,ExtraCol1_5,5,ExtraCol4_4,4,NA,NA,NA,NA,ExtraCol13_1,1,Fare_2,8.05,ExtraCol1_5,82,1,0,0,0,1,691,441
39,0,345764,18,B96 B98,S,43,A,high,NA,B,high,94,C,unknown,NA,X,low,107,X,medium,Parch_1,1,Fare_1,1,ExtraCol1_3,3,NA,NA,ExtraCol7_5,5,NA,NA,ExtraCol13_2,2,Fare_3,18,ExtraCol1_2,43,1,0,0,0,2,691,441
40,0,2651,11.2417,B96 B98,C,63,D,unknown,NA,NA,NA,8,D,medium,61,Y,medium,NA,Z,high,Parch_1,1,Fare_1,1,ExtraCol1_4,4,NA,NA,ExtraCol7_1,1,ExtraCol10_4,4,NA,NA,Fare_3,11.2417,ExtraCol1_4,63,0,0,0,1,2,691,155
41,0,7546,9.475,B96 B98,S,16,C,low,90,A,unknown,NA,NA,medium,53,X,low,266,X,high,Parch_1,1,Fare_1,1,ExtraCol1_1,1,ExtraCol4_5,5,NA,NA,ExtraCol10_3,3,ExtraCol13_3,3,Fare_2,9.475,ExtraCol1_1,16,0,0,1,0,1,691,153
42,0,11668,21,B96 B98,S,43,C,unknown,38,B,NA,83,NA,medium,58,Y,high,216,Y,low,Parch_1,1,Fare_1,1,ExtraCol1_3,3,ExtraCol4_2,2,ExtraCol7_5,5,ExtraCol10_3,3,ExtraCol13_3,3,Fare_3,21,ExtraCol1_2,43,0,0,1,0,2,691,153
43,0,349253,7.8958,B96 B98,C,70,B,medium,51,B,low,NA,D,NA,70,Y,low,413,Y,low,Parch_1,1,Fare_1,1,ExtraCol1_4,4,ExtraCol4_3,3,NA,NA,ExtraCol10_4,4,ExtraCol13_5,5,Fare_2,7.8958,ExtraCol1_4,70,0,1,0,0,1,691,142
44,2,SC/Paris 2123,41.5792,B96 B98,C,35,A,high,18,NA,medium,17,NA,NA,38,X,low,141,Z,low,Parch_2,2,Fare_1,1,ExtraCol1_2,2,ExtraCol4_1,1,ExtraCol7_1,1,ExtraCol10_2,2,ExtraCol13_2,2,Fare_5,41.5792,ExtraCol1_2,35,1,0,0,0,3,691,441
45,0,330958,7.8792,B96 B98,Q,6,C,low,35,A,medium,2,A,medium,NA,Z,high,82,X,low,Parch_1,1,Fare_1,1,ExtraCol1_1,1,ExtraCol4_2,2,ExtraCol7_1,1,NA,NA,ExtraCol13_1,1,Fare_2,7.8792,ExtraCol1_1,6,0,0,1,0,1,691,153
46,0,S.C./A.4. 23567,8.05,B96 B98,S,97,C,low,NA,D,unknown,NA,A,high,NA,Z,low,307,Y,NA,Parch_1,1,Fare_1,1,ExtraCol1_5,5,NA,NA,NA,NA,NA,NA,ExtraCol13_4,4,Fare_2,8.05,ExtraCol1_5,97,0,0,1,0,1,691,153
47,0,370371,15.5,B96 B98,Q,44,A,unknown,64,A,medium,59,B,NA,14,Z,low,69,NA,low,Parch_1,1,Fare_1,1,ExtraCol1_3,3,ExtraCol4_4,4,ExtraCol7_3,3,ExtraCol10_1,1,ExtraCol13_1,1,Fare_3,15.5,ExtraCol1_3,44,1,0,0,0,1,691,441
48,0,14311,7.75,B96 B98,Q,89,C,high,21,NA,NA,84,A,medium,21,Y,low,452,X,high,Parch_1,1,Fare_1,1,ExtraCol1_5,5,ExtraCol4_2,2,ExtraCol7_5,5,ExtraCol10_2,2,ExtraCol13_5,5,Fare_1,7.75,ExtraCol1_5,89,0,0,1,0,1,691,153
49,0,2662,21.6792,B96 B98,C,67,C,high,54,C,NA,88,NA,low,8,Y,high,40,X,medium,Parch_1,1,Fare_1,1,ExtraCol1_4,4,ExtraCol4_3,3,ExtraCol7_5,5,ExtraCol10_1,1,ExtraCol13_1,1,Fare_3,21.6792,ExtraCol1_4,67,0,0,1,0,1,691,153
50,0,349237,17.8,B96 B98,S,77,A,high,NA,A,medium,45,NA,high,NA,Z,high,245,Z,low,Parch_1,1,Fare_1,1,ExtraCol1_4,4,NA,NA,ExtraCol7_3,3,NA,NA,ExtraCol13_3,3,Fare_3,17.8,ExtraCol1_5,77,1,0,0,0,2,691,441
51,1,3101295,39.6875,B96 B98,S,75,B,unknown,12,NA,high,42,B,NA,43,Z,low,474,Y,NA,Parch_1,1,Fare_1,1,ExtraCol1_4,4,ExtraCol4_1,1,ExtraCol7_3,3,ExtraCol10_3,3,ExtraCol13_5,5,Fare_4,39.6875,ExtraCol1_5,75,0,1,0,0,6,691,142
52,0,A/4. 39886,7.8,B96 B98,S,19,A,medium,6,D,high,93,B,unknown,NA,Z,medium,276,Y,medium,Parch_1,1,Fare_1,1,ExtraCol1_1,1,ExtraCol4_1,1,ExtraCol7_5,5,NA,NA,ExtraCol13_3,3,Fare_1,7.8,ExtraCol1_1,19,1,0,0,0,1,691,441
53,0,PC 17572,76.7292,D33,C,36,A,unknown,NA,D,NA,NA,NA,low,92,X,medium,404,NA,low,Parch_1,1,Fare_1,1,ExtraCol1_2,2,NA,NA,NA,NA,ExtraCol10_5,5,ExtraCol13_5,5,Fare_5,76.7292,ExtraCol1_2,36,1,0,0,0,3,2,441
54,0,2926,26,B96 B98,S,46,A,unknown,65,A,medium,20,NA,NA,NA,Z,high,211,NA,low,Parch_1,1,Fare_1,1,ExtraCol1_3,3,ExtraCol4_4,4,ExtraCol7_2,2,NA,NA,ExtraCol13_3,3,Fare_4,26,ExtraCol1_4,46,1,0,0,0,1,691,441
55,1,113509,61.9792,B30,C,49,A,unknown,31,C,low,NA,NA,medium,55,Y,medium,377,Z,medium,Parch_1,1,Fare_1,1,ExtraCol1_3,3,ExtraCol4_2,2,NA,NA,ExtraCol10_3,3,ExtraCol13_4,4,Fare_5,61.9792,ExtraCol1_4,49,1,0,0,0,1,1,441
56,0,19947,35.5,C52,S,4,C,high,82,NA,low,71,B,high,NA,Z,medium,353,Z,low,Parch_1,1,Fare_1,1,ExtraCol1_1,1,ExtraCol4_5,5,ExtraCol7_4,4,NA,NA,ExtraCol13_4,4,Fare_4,35.5,ExtraCol1_1,4,0,0,1,0,1,2,153
57,0,C.A. 31026,10.5,B96 B98,S,54,B,high,84,NA,NA,23,D,low,NA,Z,medium,256,Y,medium,Parch_1,1,Fare_1,1,ExtraCol1_3,3,ExtraCol4_5,5,ExtraCol7_2,2,NA,NA,ExtraCol13_3,3,Fare_2,10.5,ExtraCol1_4,54,0,1,0,0,1,691,142
58,0,2697,7.2292,B96 B98,C,15,D,high,53,C,high,97,A,low,76,X,low,50,X,medium,Parch_1,1,Fare_1,1,ExtraCol1_1,1,ExtraCol4_3,3,ExtraCol7_5,5,ExtraCol10_4,4,ExtraCol13_1,1,Fare_1,7.2292,ExtraCol1_1,15,0,0,0,1,1,691,155
59,2,C.A. 34651,27.75,B96 B98,S,74,A,low,NA,C,NA,29,B,NA,90,X,medium,485,Y,low,Parch_2,2,Fare_1,1,ExtraCol1_4,4,NA,NA,ExtraCol7_2,2,ExtraCol10_5,5,ExtraCol13_5,5,Fare_4,27.75,ExtraCol1_4,74,1,0,0,0,3,691,441
60,2,CA 2144,46.9,B96 B98,S,68,D,high,NA,C,unknown,NA,NA,NA,96,X,medium,NA,X,low,Parch_2,2,Fare_1,1,ExtraCol1_4,4,NA,NA,NA,NA,ExtraCol10_5,5,NA,NA,Fare_5,46.9,ExtraCol1_4,68,0,0,0,1,6,691,155
61,0,2669,7.2292,B96 B98,C,92,A,high,82,NA,NA,49,C,NA,38,Y,high,178,Z,NA,Parch_1,1,Fare_1,1,ExtraCol1_5,5,ExtraCol4_5,5,ExtraCol7_3,3,ExtraCol10_2,2,ExtraCol13_2,2,Fare_1,7.2292,ExtraCol1_5,92,1,0,0,0,1,691,441
62,0,113572,80,B28,S,74,B,unknown,89,NA,low,69,NA,NA,48,Z,medium,320,X,medium,Parch_1,1,Fare_1,1,ExtraCol1_4,4,ExtraCol4_5,5,ExtraCol7_4,4,ExtraCol10_3,3,ExtraCol13_4,4,Fare_5,80,ExtraCol1_4,74,0,1,0,0,2,2,142
63,0,36973,83.475,C83,S,36,A,high,NA,NA,high,90,D,unknown,NA,X,high,384,Z,low,Parch_1,1,Fare_1,1,ExtraCol1_2,2,NA,NA,ExtraCol7_5,5,NA,NA,ExtraCol13_4,4,Fare_5,83.475,ExtraCol1_2,36,1,0,0,0,2,2,441
64,2,347088,27.9,B96 B98,S,43,C,high,51,C,NA,39,NA,NA,5,X,medium,267,Y,low,Parch_2,2,Fare_1,1,ExtraCol1_3,3,ExtraCol4_3,3,ExtraCol7_2,2,ExtraCol10_1,1,ExtraCol13_3,3,Fare_4,27.9,ExtraCol1_2,43,0,0,1,0,6,691,153
65,0,PC 17605,27.7208,B96 B98,C,43,A,high,NA,A,high,NA,D,medium,11,Y,high,200,Y,low,Parch_1,1,Fare_1,1,ExtraCol1_3,3,NA,NA,NA,NA,ExtraCol10_1,1,ExtraCol13_3,3,Fare_4,27.7208,ExtraCol1_2,43,1,0,0,0,1,691,441
66,1,2661,15.2458,B96 B98,C,32,B,high,NA,A,medium,75,NA,NA,4,Y,high,203,NA,high,Parch_1,1,Fare_1,1,ExtraCol1_2,2,NA,NA,ExtraCol7_4,4,ExtraCol10_1,1,ExtraCol13_3,3,Fare_3,15.2458,ExtraCol1_2,32,0,1,0,0,2,691,142
67,0,C.A. 29395,10.5,F33,S,43,B,high,13,C,unknown,NA,A,NA,73,X,low,487,X,high,Parch_1,1,Fare_1,1,ExtraCol1_3,3,ExtraCol4_1,1,NA,NA,ExtraCol10_4,4,ExtraCol13_5,5,Fare_2,10.5,ExtraCol1_2,43,0,1,0,0,1,3,142
68,0,S.P. 3464,8.1583,B96 B98,S,43,A,unknown,67,NA,high,NA,NA,NA,22,Y,medium,166,NA,medium,Parch_1,1,Fare_1,1,ExtraCol1_3,3,ExtraCol4_4,4,NA,NA,ExtraCol10_2,2,ExtraCol13_2,2,Fare_2,8.1583,ExtraCol1_2,43,1,0,0,0,1,691,441
69,2,3101281,7.925,B96 B98,S,7,A,medium,92,A,NA,75,A,low,NA,Z,high,427,Z,medium,Parch_2,2,Fare_1,1,ExtraCol1_1,1,ExtraCol4_5,5,ExtraCol7_4,4,NA,NA,ExtraCol13_5,5,Fare_2,7.925,ExtraCol1_1,7,1,0,0,0,1,691,441
70,0,315151,8.6625,B96 B98,S,43,C,high,75,NA,medium,70,NA,high,37,X,medium,25,X,low,Parch_1,1,Fare_1,1,ExtraCol1_3,3,ExtraCol4_4,4,ExtraCol7_4,4,ExtraCol10_2,2,ExtraCol13_1,1,Fare_2,8.6625,ExtraCol1_2,43,0,0,1,0,1,691,153
71,0,C.A. 33111,10.5,B96 B98,S,79,D,high,48,D,unknown,NA,C,low,79,NA,high,329,X,low,Parch_1,1,Fare_1,1,ExtraCol1_4,4,ExtraCol4_3,3,NA,NA,ExtraCol10_4,4,ExtraCol13_4,4,Fare_2,10.5,ExtraCol1_5,79,0,0,0,1,1,691,155
72,2,CA 2144,46.9,B96 B98,S,18,A,high,52,C,high,NA,B,NA,11,X,medium,340,X,high,Parch_2,2,Fare_1,1,ExtraCol1_1,1,ExtraCol4_3,3,NA,NA,ExtraCol10_1,1,ExtraCol13_4,4,Fare_5,46.9,ExtraCol1_1,18,1,0,0,0,6,691,441
73,0,S.O.C. 14879,73.5,B96 B98,S,43,B,high,25,D,high,1,NA,medium,32,X,NA,337,Z,low,Parch_1,1,Fare_1,1,ExtraCol1_3,3,ExtraCol4_2,2,ExtraCol7_1,1,ExtraCol10_2,2,ExtraCol13_4,4,Fare_5,73.5,ExtraCol1_2,43,0,1,0,0,5,691,142
74,0,2680,14.4542,B96 B98,C,12,A,high,NA,D,medium,NA,NA,unknown,NA,Y,medium,210,Y,high,Parch_1,1,Fare_1,1,ExtraCol1_1,1,NA,NA,NA,NA,NA,NA,ExtraCol13_3,3,Fare_3,14.4542,ExtraCol1_1,12,1,0,0,0,1,691,441
75,0,1601,56.4958,B96 B98,S,68,A,unknown,24,D,NA,NA,C,low,NA,X,medium,345,X,low,Parch_1,1,Fare_1,1,ExtraCol1_4,4,ExtraCol4_2,2,NA,NA,NA,NA,ExtraCol13_4,4,Fare_5,56.4958,ExtraCol1_4,68,1,0,0,0,7,691,441
76,0,348123,7.65,F G73,S,47,A,unknown,34,A,unknown,NA,A,NA,56,Y,low,222,NA,low,Parch_1,1,Fare_1,1,ExtraCol1_3,3,ExtraCol4_2,2,NA,NA,ExtraCol10_3,3,ExtraCol13_3,3,Fare_1,7.65,ExtraCol1_4,47,1,0,0,0,1,2,441
77,0,349208,7.8958,B96 B98,S,43,A,low,26,NA,medium,NA,A,NA,16,X,low,296,X,high,Parch_1,1,Fare_1,1,ExtraCol1_3,3,ExtraCol4_2,2,NA,NA,ExtraCol10_1,1,ExtraCol13_3,3,Fare_2,7.8958,ExtraCol1_2,43,1,0,0,0,1,691,441
78,0,374746,8.05,B96 B98,S,22,A,low,33,NA,low,30,NA,NA,66,Z,low,446,Z,high,Parch_1,1,Fare_1,1,ExtraCol1_2,2,ExtraCol4_2,2,ExtraCol7_2,2,ExtraCol10_4,4,ExtraCol13_5,5,Fare_2,8.05,ExtraCol1_1,22,1,0,0,0,1,691,441
79,2,248738,29,B96 B98,S,43,A,high,36,A,medium,89,C,high,96,Y,high,336,Z,NA,Parch_2,2,Fare_1,1,ExtraCol1_3,3,ExtraCol4_2,2,ExtraCol7_5,5,ExtraCol10_5,5,ExtraCol13_4,4,Fare_4,29,ExtraCol1_2,43,1,0,0,0,2,691,441
80,0,364516,12.475,B96 B98,S,66,C,high,8,NA,NA,70,NA,low,4,X,medium,368,Y,low,Parch_1,1,Fare_1,1,ExtraCol1_4,4,ExtraCol4_1,1,ExtraCol7_4,4,ExtraCol10_1,1,ExtraCol13_4,4,Fare_3,12.475,ExtraCol1_4,66,0,0,1,0,2,691,153
81,0,345767,9,B96 B98,S,94,C,unknown,NA,NA,NA,56,NA,medium,8,X,medium,484,Z,medium,Parch_1,1,Fare_1,1,ExtraCol1_5,5,NA,NA,ExtraCol7_3,3,ExtraCol10_1,1,ExtraCol13_5,5,Fare_2,9,ExtraCol1_5,94,0,0,1,0,1,691,153
82,0,345779,9.5,B96 B98,S,43,D,low,44,NA,low,88,B,high,95,Y,medium,109,X,low,Parch_1,1,Fare_1,1,ExtraCol1_3,3,ExtraCol4_3,3,ExtraCol7_5,5,ExtraCol10_5,5,ExtraCol13_2,2,Fare_2,9.5,ExtraCol1_2,43,0,0,0,1,1,691,155
83,0,330932,7.7875,B96 B98,Q,16,D,low,94,NA,low,9,C,unknown,NA,Y,medium,293,Y,low,Parch_1,1,Fare_1,1,ExtraCol1_1,1,ExtraCol4_5,5,ExtraCol7_1,1,NA,NA,ExtraCol13_3,3,Fare_1,7.7875,ExtraCol1_1,16,0,0,0,1,1,691,155
84,0,113059,47.1,B96 B98,S,83,D,unknown,NA,A,medium,64,NA,unknown,91,NA,high,328,NA,medium,Parch_1,1,Fare_1,1,ExtraCol1_5,5,NA,NA,ExtraCol7_4,4,ExtraCol10_5,5,ExtraCol13_4,4,Fare_5,47.1,ExtraCol1_5,83,0,0,0,1,1,691,155
85,0,SO/C 14885,10.5,B96 B98,S,62,C,unknown,66,B,medium,15,D,NA,70,X,medium,NA,Z,low,Parch_1,1,Fare_1,1,ExtraCol1_4,4,ExtraCol4_4,4,ExtraCol7_1,1,ExtraCol10_4,4,NA,NA,Fare_2,10.5,ExtraCol1_4,62,0,0,1,0,1,691,153
86,0,3101278,15.85,B96 B98,S,70,A,low,NA,NA,low,23,A,medium,NA,Y,medium,66,Y,low,Parch_1,1,Fare_1,1,ExtraCol1_4,4,NA,NA,ExtraCol7_2,2,NA,NA,ExtraCol13_1,1,Fare_3,15.85,ExtraCol1_4,70,1,0,0,0,2,691,441
87,3,W./C. 6608,34.375,B96 B98,S,9,B,medium,NA,B,medium,18,D,NA,NA,Y,medium,380,Z,medium,Parch_3,3,Fare_1,1,ExtraCol1_1,1,NA,NA,ExtraCol7_1,1,NA,NA,ExtraCol13_4,4,Fare_4,34.375,ExtraCol1_1,9,0,1,0,0,4,691,142
88,0,SOTON/OQ 392086,8.05,B96 B98,S,31,A,high,49,NA,NA,54,NA,NA,51,X,medium,97,Y,high,Parch_1,1,Fare_1,1,ExtraCol1_2,2,ExtraCol4_3,3,ExtraCol7_3,3,ExtraCol10_3,3,ExtraCol13_1,1,Fare_2,8.05,ExtraCol1_2,31,1,0,0,0,1,691,441
89,2,19950,263,C23 C25 C27,S,43,B,high,44,A,low,62,C,NA,36,Y,medium,204,NA,low,Parch_2,2,Fare_3,3,ExtraCol1_3,3,ExtraCol4_3,3,ExtraCol7_4,4,ExtraCol10_2,2,ExtraCol13_3,3,Fare_5,263,ExtraCol1_2,43,0,1,0,0,4,4,142
90,0,343275,8.05,B96 B98,S,43,B,high,65,NA,medium,75,A,medium,83,X,low,357,Z,medium,Parch_1,1,Fare_1,1,ExtraCol1_3,3,ExtraCol4_4,4,ExtraCol7_4,4,ExtraCol10_5,5,ExtraCol13_4,4,Fare_2,8.05,ExtraCol1_2,43,0,1,0,0,1,691,142
91,0,343276,8.05,B96 B98,S,43,A,high,NA,B,NA,NA,C,unknown,4,Z,high,131,Z,high,Parch_1,1,Fare_1,1,ExtraCol1_3,3,NA,NA,NA,NA,ExtraCol10_1,1,ExtraCol13_2,2,Fare_2,8.05,ExtraCol1_2,43,1,0,0,0,1,691,441
92,0,347466,7.8542,B96 B98,S,43,A,low,31,B,NA,93,NA,medium,NA,Z,medium,62,NA,high,Parch_1,1,Fare_1,1,ExtraCol1_3,3,ExtraCol4_2,2,ExtraCol7_5,5,NA,NA,ExtraCol13_1,1,Fare_1,7.8542,ExtraCol1_2,43,1,0,0,0,1,691,441
93,0,W.E.P. 5734,61.175,E31,S,43,C,medium,NA,D,NA,37,C,NA,55,X,medium,337,Y,medium,Parch_1,1,Fare_1,1,ExtraCol1_3,3,NA,NA,ExtraCol7_2,2,ExtraCol10_3,3,ExtraCol13_4,4,Fare_5,61.175,ExtraCol1_2,43,0,0,1,0,1,1,153
94,2,C.A. 2315,20.575,B96 B98,S,38,B,high,18,NA,NA,NA,B,high,97,X,medium,140,Y,low,Parch_2,2,Fare_1,1,ExtraCol1_2,2,ExtraCol4_1,1,NA,NA,ExtraCol10_5,5,ExtraCol13_2,2,Fare_3,20.575,ExtraCol1_2,38,0,1,0,0,2,691,142
95,0,364500,7.25,B96 B98,S,89,A,high,NA,NA,high,3,C,NA,99,X,medium,413,X,high,Parch_1,1,Fare_1,1,ExtraCol1_5,5,NA,NA,ExtraCol7_1,1,ExtraCol10_5,5,ExtraCol13_5,5,Fare_1,7.25,ExtraCol1_5,89,1,0,0,0,1,691,441
96,0,374910,8.05,B96 B98,S,28,B,high,NA,NA,NA,12,C,medium,59,Z,high,449,Y,low,Parch_1,1,Fare_1,1,ExtraCol1_2,2,NA,NA,ExtraCol7_1,1,ExtraCol10_3,3,ExtraCol13_5,5,Fare_2,8.05,ExtraCol1_1,28,0,1,0,0,1,691,142
97,0,PC 17754,34.6542,A5,C,23,D,unknown,95,A,unknown,NA,B,high,42,Z,low,174,Z,NA,Parch_1,1,Fare_1,1,ExtraCol1_2,2,ExtraCol4_5,5,NA,NA,ExtraCol10_3,3,ExtraCol13_2,2,Fare_4,34.6542,ExtraCol1_1,23,0,0,0,1,1,1,155
98,1,PC 17759,63.3583,D10 D12,C,68,C,unknown,NA,NA,NA,41,D,unknown,27,X,low,369,Z,medium,Parch_1,1,Fare_1,1,ExtraCol1_4,4,NA,NA,ExtraCol7_3,3,ExtraCol10_2,2,ExtraCol13_4,4,Fare_5,63.3583,ExtraCol1_4,68,0,0,1,0,1,1,153
99,1,231919,23,B96 B98,S,43,A,high,39,C,NA,NA,C,unknown,99,Y,high,NA,Y,low,Parch_1,1,Fare_1,1,ExtraCol1_3,3,ExtraCol4_2,2,NA,NA,ExtraCol10_5,5,NA,NA,Fare_4,23,ExtraCol1_2,43,1,0,0,0,2,691,441
100,0,244367,26,B96 B98,S,13,A,high,NA,B,unknown,12,NA,unknown,NA,X,high,464,Y,low,Parch_1,1,Fare_1,1,ExtraCol1_1,1,NA,NA,ExtraCol7_1,1,NA,NA,ExtraCol13_5,5,Fare_4,26,ExtraCol1_1,13,1,0,0,0,2,691,441
101,0,349245,7.8958,B96 B98,S,83,C,high,80,B,NA,26,NA,high,12,Z,medium,122,Z,low,Parch_1,1,Fare_1,1,ExtraCol1_5,5,ExtraCol4_5,5,ExtraCol7_2,2,ExtraCol10_1,1,ExtraCol13_2,2,Fare_2,7.8958,ExtraCol1_5,83,0,0,1,0,1,691,153
102,0,349215,7.8958,B96 B98,S,43,C,high,48,B,low,98,D,NA,50,X,medium,440,X,high,Parch_1,1,Fare_1,1,ExtraCol1_3,3,ExtraCol4_3,3,ExtraCol7_5,5,ExtraCol10_3,3,ExtraCol13_5,5,Fare_2,7.8958,ExtraCol1_2,43,0,0,1,0,1,691,153
103,1,35281,77.2875,D26,S,80,B,medium,96,NA,unknown,2,B,high,39,X,medium,393,X,high,Parch_1,1,Fare_1,1,ExtraCol1_5,5,ExtraCol4_5,5,ExtraCol7_1,1,ExtraCol10_2,2,ExtraCol13_4,4,Fare_5,77.2875,ExtraCol1_5,80,0,1,0,0,2,2,142
104,0,7540,8.6542,B96 B98,S,0,C,low,NA,B,NA,42,C,NA,49,Z,high,156,NA,high,Parch_1,1,Fare_1,1,ExtraCol1_1,1,NA,NA,ExtraCol7_3,3,ExtraCol10_3,3,ExtraCol13_2,2,Fare_2,8.6542,ExtraCol1_1,0,0,0,1,0,1,691,153
105,0,3101276,7.925,B96 B98,S,79,A,medium,70,NA,NA,19,A,unknown,NA,NA,medium,412,X,low,Parch_1,1,Fare_1,1,ExtraCol1_4,4,ExtraCol4_4,4,ExtraCol7_1,1,NA,NA,ExtraCol13_5,5,Fare_2,7.925,ExtraCol1_5,79,1,0,0,0,1,691,441
106,0,349207,7.8958,B96 B98,S,43,A,high,75,C,high,53,B,unknown,26,Y,high,316,Z,high,Parch_1,1,Fare_1,1,ExtraCol1_3,3,ExtraCol4_4,4,ExtraCol7_3,3,ExtraCol10_2,2,ExtraCol13_4,4,Fare_2,7.8958,ExtraCol1_2,43,1,0,0,0,1,691,441
107,0,343120,7.65,B96 B98,S,43,A,unknown,NA,A,unknown,97,C,unknown,NA,Z,medium,334,X,medium,Parch_1,1,Fare_1,1,ExtraCol1_3,3,NA,NA,ExtraCol7_5,5,NA,NA,ExtraCol13_4,4,Fare_1,7.65,ExtraCol1_2,43,1,0,0,0,1,691,441
108,0,312991,7.775,B96 B98,S,66,B,unknown,NA,NA,low,22,D,high,NA,X,medium,189,X,high,Parch_1,1,Fare_1,1,ExtraCol1_4,4,NA,NA,ExtraCol7_2,2,NA,NA,ExtraCol13_2,2,Fare_1,7.775,ExtraCol1_4,66,0,1,0,0,1,691,142
109,0,349249,7.8958,B96 B98,S,43,A,high,58,C,low,37,C,NA,32,X,high,117,Y,medium,Parch_1,1,Fare_1,1,ExtraCol1_3,3,ExtraCol4_3,3,ExtraCol7_2,2,ExtraCol10_2,2,ExtraCol13_2,2,Fare_2,7.8958,ExtraCol1_2,43,1,0,0,0,1,691,441
110,0,371110,24.15,B96 B98,Q,43,D,low,NA,NA,unknown,44,NA,medium,0,Y,NA,348,Y,low,Parch_1,1,Fare_1,1,ExtraCol1_3,3,NA,NA,ExtraCol7_3,3,ExtraCol10_1,1,ExtraCol13_4,4,Fare_4,24.15,ExtraCol1_2,43,0,0,0,1,3,691,155
111,0,110465,52,C110,S,43,D,low,11,NA,high,79,B,NA,67,Y,low,26,Z,low,Parch_1,1,Fare_1,1,ExtraCol1_3,3,ExtraCol4_1,1,ExtraCol7_4,4,ExtraCol10_4,4,ExtraCol13_1,1,Fare_5,52,ExtraCol1_2,43,0,0,0,1,2,1,155
112,0,2665,14.4542,B96 B98,C,78,A,medium,13,A,low,NA,C,unknown,85,NA,low,174,Z,low,Parch_1,1,Fare_1,1,ExtraCol1_4,4,ExtraCol4_1,1,NA,NA,ExtraCol10_5,5,ExtraCol13_2,2,Fare_3,14.4542,ExtraCol1_5,78,1,0,0,0,2,691,441
113,0,324669,8.05,B96 B98,S,55,A,high,NA,C,unknown,NA,NA,unknown,NA,Z,high,70,Y,high,Parch_1,1,Fare_1,1,ExtraCol1_3,3,NA,NA,NA,NA,NA,NA,ExtraCol13_1,1,Fare_2,8.05,ExtraCol1_4,55,1,0,0,0,1,691,441
114,0,4136,9.825,B96 B98,S,45,A,unknown,65,B,NA,48,A,medium,16,Z,medium,0,X,medium,Parch_1,1,Fare_1,1,ExtraCol1_3,3,ExtraCol4_4,4,ExtraCol7_3,3,ExtraCol10_1,1,ExtraCol13_1,1,Fare_2,9.825,ExtraCol1_4,45,1,0,0,0,1,691,441
115,0,2627,14.4583,B96 B98,C,43,A,high,28,C,medium,NA,A,NA,76,X,low,3,X,high,Parch_1,1,Fare_1,1,ExtraCol1_3,3,ExtraCol4_2,2,NA,NA,ExtraCol10_4,4,ExtraCol13_1,1,Fare_3,14.4583,ExtraCol1_2,43,1,0,0,0,2,691,441
116,0,STON/O 2. 3101294,7.925,B96 B98,S,43,A,high,73,A,medium,0,C,NA,14,Z,high,46,Z,NA,Parch_1,1,Fare_1,1,ExtraCol1_3,3,ExtraCol4_4,4,ExtraCol7_1,1,ExtraCol10_1,1,ExtraCol13_1,1,Fare_2,7.925,ExtraCol1_2,43,1,0,0,0,1,691,441
117,0,370369,7.75,B96 B98,Q,3,A,high,69,NA,high,80,D,low,62,X,high,469,Y,low,Parch_1,1,Fare_1,1,ExtraCol1_1,1,ExtraCol4_4,4,ExtraCol7_5,5,ExtraCol10_4,4,ExtraCol13_5,5,Fare_1,7.75,ExtraCol1_1,3,1,0,0,0,1,691,441
118,0,11668,21,B96 B98,S,13,A,medium,NA,NA,low,24,NA,NA,70,Y,medium,385,Z,low,Parch_1,1,Fare_1,1,ExtraCol1_1,1,NA,NA,ExtraCol7_2,2,ExtraCol10_4,4,ExtraCol13_4,4,Fare_3,21,ExtraCol1_1,13,1,0,0,0,2,691,441
119,1,PC 17558,247.5208,B58 B60,C,24,A,high,91,B,medium,NA,D,NA,15,Y,medium,494,Y,NA,Parch_1,1,Fare_3,3,ExtraCol1_2,2,ExtraCol4_5,5,NA,NA,ExtraCol10_1,1,ExtraCol13_5,5,Fare_5,247.5208,ExtraCol1_1,24,1,0,0,0,2,2,441
120,2,347082,31.275,B96 B98,S,11,A,high,88,NA,NA,97,NA,medium,11,Y,high,42,Z,low,Parch_2,2,Fare_1,1,ExtraCol1_1,1,ExtraCol4_5,5,ExtraCol7_5,5,ExtraCol10_1,1,ExtraCol13_1,1,Fare_4,31.275,ExtraCol1_1,11,1,0,0,0,7,691,441
121,0,S.O.C. 14879,73.5,B96 B98,S,43,C,low,NA,C,low,63,C,unknown,7,X,low,498,Y,high,Parch_1,1,Fare_1,1,ExtraCol1_3,3,NA,NA,ExtraCol7_4,4,ExtraCol10_1,1,ExtraCol13_5,5,Fare_5,73.5,ExtraCol1_2,43,0,0,1,0,5,691,153
122,0,A4. 54510,8.05,B96 B98,S,43,A,medium,76,NA,unknown,NA,D,NA,70,Y,low,299,Z,medium,Parch_1,1,Fare_1,1,ExtraCol1_3,3,ExtraCol4_4,4,NA,NA,ExtraCol10_4,4,ExtraCol13_3,3,Fare_2,8.05,ExtraCol1_2,43,1,0,0,0,1,691,441
123,0,237736,30.0708,B96 B98,C,65,D,high,NA,NA,low,60,NA,high,61,X,medium,397,Y,medium,Parch_1,1,Fare_1,1,ExtraCol1_4,4,NA,NA,ExtraCol7_4,4,ExtraCol10_4,4,ExtraCol13_4,4,Fare_4,30.0708,ExtraCol1_4,65,0,0,0,1,2,691,155
124,0,27267,13,E101,S,47,D,medium,40,A,unknown,21,NA,low,11,Z,medium,428,X,low,Parch_1,1,Fare_1,1,ExtraCol1_3,3,ExtraCol4_3,3,ExtraCol7_2,2,ExtraCol10_1,1,ExtraCol13_5,5,Fare_3,13,ExtraCol1_4,47,0,0,0,1,1,3,155
125,1,35281,77.2875,D26,S,85,C,high,NA,D,low,69,C,unknown,50,X,low,131,X,medium,Parch_1,1,Fare_1,1,ExtraCol1_5,5,NA,NA,ExtraCol7_4,4,ExtraCol10_3,3,ExtraCol13_2,2,Fare_5,77.2875,ExtraCol1_5,85,0,0,1,0,2,2,153
126,0,2651,11.2417,B96 B98,C,56,A,high,60,A,medium,61,C,NA,79,Y,low,370,X,medium,Parch_1,1,Fare_1,1,ExtraCol1_3,3,ExtraCol4_4,4,ExtraCol7_4,4,ExtraCol10_4,4,ExtraCol13_4,4,Fare_3,11.2417,ExtraCol1_4,56,1,0,0,0,2,691,441
127,0,370372,7.75,B96 B98,Q,7,B,unknown,41,C,low,NA,NA,NA,23,X,high,323,Y,low,Parch_1,1,Fare_1,1,ExtraCol1_1,1,ExtraCol4_3,3,NA,NA,ExtraCol10_2,2,ExtraCol13_4,4,Fare_1,7.75,ExtraCol1_1,7,0,1,0,0,1,691,142
128,0,C 17369,7.1417,B96 B98,S,76,D,low,99,NA,NA,7,B,NA,60,X,medium,206,Z,low,Parch_1,1,Fare_1,1,ExtraCol1_4,4,ExtraCol4_5,5,ExtraCol7_1,1,ExtraCol10_4,4,ExtraCol13_3,3,Fare_1,7.1417,ExtraCol1_5,76,0,0,0,1,1,691,155
129,1,2668,22.3583,F E69,C,57,A,low,17,D,high,64,D,high,29,Y,high,245,Y,medium,Parch_1,1,Fare_1,1,ExtraCol1_3,3,ExtraCol4_1,1,ExtraCol7_4,4,ExtraCol10_2,2,ExtraCol13_3,3,Fare_4,22.3583,ExtraCol1_4,57,1,0,0,0,2,1,441
130,0,347061,6.975,B96 B98,S,63,A,high,9,NA,low,NA,NA,unknown,NA,Z,medium,104,Z,NA,Parch_1,1,Fare_1,1,ExtraCol1_4,4,ExtraCol4_1,1,NA,NA,NA,NA,ExtraCol13_2,2,Fare_1,6.975,ExtraCol1_4,63,1,0,0,0,1,691,441
131,0,349241,7.8958,B96 B98,C,56,A,medium,2,A,high,77,A,NA,NA,Y,medium,92,X,high,Parch_1,1,Fare_1,1,ExtraCol1_3,3,ExtraCol4_1,1,ExtraCol7_4,4,NA,NA,ExtraCol13_1,1,Fare_2,7.8958,ExtraCol1_4,56,1,0,0,0,1,691,441
132,0,SOTON/O.Q. 3101307,7.05,B96 B98,S,55,A,high,81,D,NA,12,B,NA,35,Z,medium,461,Y,medium,Parch_1,1,Fare_1,1,ExtraCol1_3,3,ExtraCol4_5,5,ExtraCol7_1,1,ExtraCol10_2,2,ExtraCol13_5,5,Fare_1,7.05,ExtraCol1_4,55,1,0,0,0,1,691,441
133,0,A/5. 3337,14.5,B96 B98,S,9,A,low,40,C,medium,53,NA,high,49,Z,medium,365,NA,low,Parch_1,1,Fare_1,1,ExtraCol1_1,1,ExtraCol4_3,3,ExtraCol7_3,3,ExtraCol10_3,3,ExtraCol13_4,4,Fare_3,14.5,ExtraCol1_1,9,1,0,0,0,1,691,441
134,0,228414,26,B96 B98,S,55,A,high,43,NA,low,81,B,unknown,20,Y,high,283,X,high,Parch_1,1,Fare_1,1,ExtraCol1_3,3,ExtraCol4_3,3,ExtraCol7_5,5,ExtraCol10_2,2,ExtraCol13_3,3,Fare_4,26,ExtraCol1_4,55,1,0,0,0,1,691,441
135,0,C.A. 29178,13,B96 B98,S,79,B,unknown,64,C,high,89,NA,medium,39,Z,high,347,Y,medium,Parch_1,1,Fare_1,1,ExtraCol1_4,4,ExtraCol4_4,4,ExtraCol7_5,5,ExtraCol10_2,2,ExtraCol13_4,4,Fare_3,13,ExtraCol1_5,79,0,1,0,0,1,691,142
136,0,SC/PARIS 2133,15.0458,B96 B98,C,30,D,high,NA,A,NA,93,NA,NA,62,Y,high,202,Y,high,Parch_1,1,Fare_1,1,ExtraCol1_2,2,NA,NA,ExtraCol7_5,5,ExtraCol10_4,4,ExtraCol13_3,3,Fare_3,15.0458,ExtraCol1_2,30,0,0,0,1,1,691,155
137,2,11752,26.2833,D47,S,43,A,medium,57,C,low,NA,NA,NA,38,Y,high,124,Y,low,Parch_2,2,Fare_1,1,ExtraCol1_3,3,ExtraCol4_3,3,NA,NA,ExtraCol10_2,2,ExtraCol13_2,2,Fare_4,26.2833,ExtraCol1_2,43,1,0,0,0,1,1,441
138,0,113803,53.1,C123,S,3,C,high,5,NA,NA,NA,B,low,NA,Z,low,471,Y,low,Parch_1,1,Fare_1,1,ExtraCol1_1,1,ExtraCol4_1,1,NA,NA,NA,NA,ExtraCol13_5,5,Fare_5,53.1,ExtraCol1_1,3,0,0,1,0,2,2,153
139,0,7534,9.2167,B96 B98,S,34,B,high,NA,B,medium,57,C,NA,NA,Y,medium,494,X,low,Parch_1,1,Fare_1,1,ExtraCol1_2,2,NA,NA,ExtraCol7_3,3,NA,NA,ExtraCol13_5,5,Fare_2,9.2167,ExtraCol1_2,34,0,1,0,0,2,691,142
140,0,PC 17593,79.2,B86,C,43,A,low,NA,NA,low,46,D,NA,13,Z,high,107,Z,high,Parch_1,1,Fare_1,1,ExtraCol1_3,3,NA,NA,ExtraCol7_3,3,ExtraCol10_1,1,ExtraCol13_2,2,Fare_5,79.2,ExtraCol1_2,43,1,0,0,0,2,1,441
141,2,2678,15.2458,B96 B98,C,43,D,high,45,B,unknown,23,NA,medium,NA,X,medium,400,X,low,Parch_2,2,Fare_1,1,ExtraCol1_3,3,ExtraCol4_3,3,ExtraCol7_2,2,NA,NA,ExtraCol13_5,5,Fare_3,15.2458,ExtraCol1_2,43,0,0,0,1,2,691,155
142,0,347081,7.75,B96 B98,S,21,A,high,16,NA,high,NA,C,low,46,Y,medium,221,Z,high,Parch_1,1,Fare_1,1,ExtraCol1_2,2,ExtraCol4_1,1,NA,NA,ExtraCol10_3,3,ExtraCol13_3,3,Fare_1,7.75,ExtraCol1_1,21,1,0,0,0,1,691,441
143,0,STON/O2. 3101279,15.85,B96 B98,S,43,A,unknown,NA,NA,unknown,14,A,NA,60,Y,low,353,Z,high,Parch_1,1,Fare_1,1,ExtraCol1_3,3,NA,NA,ExtraCol7_1,1,ExtraCol10_4,4,ExtraCol13_4,4,Fare_3,15.85,ExtraCol1_2,43,1,0,0,0,2,691,441
144,0,365222,6.75,B96 B98,Q,43,A,high,33,D,medium,NA,A,unknown,73,X,low,54,X,medium,Parch_1,1,Fare_1,1,ExtraCol1_3,3,ExtraCol4_2,2,NA,NA,ExtraCol10_4,4,ExtraCol13_1,1,Fare_1,6.75,ExtraCol1_2,43,1,0,0,0,1,691,441
145,0,231945,11.5,B96 B98,S,99,D,medium,27,NA,NA,NA,NA,low,NA,Z,high,239,X,high,Parch_1,1,Fare_1,1,ExtraCol1_5,5,ExtraCol4_2,2,NA,NA,NA,NA,ExtraCol13_3,3,Fare_3,11.5,ExtraCol1_5,99,0,0,0,1,1,691,155
146,1,C.A. 33112,36.75,B96 B98,S,85,A,unknown,29,A,NA,NA,A,NA,97,X,low,62,Y,high,Parch_1,1,Fare_1,1,ExtraCol1_5,5,ExtraCol4_2,2,NA,NA,ExtraCol10_5,5,ExtraCol13_1,1,Fare_4,36.75,ExtraCol1_5,85,1,0,0,0,2,691,441
147,0,350043,7.7958,B96 B98,S,3,A,high,72,A,low,10,NA,low,42,X,medium,407,Z,high,Parch_1,1,Fare_1,1,ExtraCol1_1,1,ExtraCol4_4,4,ExtraCol7_1,1,ExtraCol10_3,3,ExtraCol13_5,5,Fare_1,7.7958,ExtraCol1_1,3,1,0,0,0,1,691,441
148,2,W./C. 6608,34.375,B96 B98,S,23,C,high,10,B,medium,26,B,NA,88,X,medium,199,Y,high,Parch_2,2,Fare_1,1,ExtraCol1_2,2,ExtraCol4_1,1,ExtraCol7_2,2,ExtraCol10_5,5,ExtraCol13_2,2,Fare_4,34.375,ExtraCol1_1,23,0,0,1,0,4,691,153
149,2,230080,26,F2,S,43,D,unknown,30,D,unknown,NA,D,high,41,Z,high,131,Y,medium,Parch_2,2,Fare_1,1,ExtraCol1_3,3,ExtraCol4_2,2,NA,NA,ExtraCol10_3,3,ExtraCol13_2,2,Fare_4,26,ExtraCol1_2,43,0,0,0,1,3,3,155
150,0,244310,13,B96 B98,S,43,A,low,46,B,medium,NA,NA,low,40,X,high,349,Z,low,Parch_1,1,Fare_1,1,ExtraCol1_3,3,ExtraCol4_3,3,NA,NA,ExtraCol10_3,3,ExtraCol13_4,4,Fare_3,13,ExtraCol1_2,43,1,0,0,0,1,691,441
151,0,S.O.P. 1166,12.525,B96 B98,S,85,D,high,54,NA,unknown,44,B,high,60,X,medium,477,Y,low,Parch_1,1,Fare_1,1,ExtraCol1_5,5,ExtraCol4_3,3,ExtraCol7_3,3,ExtraCol10_4,4,ExtraCol13_5,5,Fare_3,12.525,ExtraCol1_5,85,0,0,0,1,1,691,155
152,0,113776,66.6,C2,S,28,C,medium,88,B,medium,4,C,NA,19,Z,low,169,Z,medium,Parch_1,1,Fare_1,1,ExtraCol1_2,2,ExtraCol4_5,5,ExtraCol7_1,1,ExtraCol10_1,1,ExtraCol13_2,2,Fare_5,66.6,ExtraCol1_1,28,0,0,1,0,2,2,153
153,0,A.5. 11206,8.05,B96 B98,S,91,D,unknown,NA,NA,medium,1,A,high,60,X,NA,358,Z,medium,Parch_1,1,Fare_1,1,ExtraCol1_5,5,NA,NA,ExtraCol7_1,1,ExtraCol10_4,4,ExtraCol13_4,4,Fare_2,8.05,ExtraCol1_5,91,0,0,0,1,1,691,155
154,2,A/5. 851,14.5,B96 B98,S,29,A,low,NA,NA,NA,NA,D,unknown,NA,X,high,344,X,medium,Parch_2,2,Fare_1,1,ExtraCol1_2,2,NA,NA,NA,NA,NA,NA,ExtraCol13_4,4,Fare_3,14.5,ExtraCol1_2,29,1,0,0,0,1,691,441
155,0,Fa 265302,7.3125,B96 B98,S,43,D,unknown,53,NA,NA,44,C,NA,NA,X,medium,244,Y,low,Parch_1,1,Fare_1,1,ExtraCol1_3,3,ExtraCol4_3,3,ExtraCol7_3,3,NA,NA,ExtraCol13_3,3,Fare_1,7.3125,ExtraCol1_2,43,0,0,0,1,1,691,155
156,1,PC 17597,61.3792,B96 B98,C,66,C,low,2,A,NA,7,C,unknown,7,Y,medium,402,X,medium,Parch_1,1,Fare_1,1,ExtraCol1_4,4,ExtraCol4_1,1,ExtraCol7_1,1,ExtraCol10_1,1,ExtraCol13_5,5,Fare_5,61.3792,ExtraCol1_4,66,0,0,1,0,1,691,153
157,0,35851,7.7333,B96 B98,Q,12,A,low,61,D,low,83,NA,low,69,X,high,63,NA,medium,Parch_1,1,Fare_1,1,ExtraCol1_1,1,ExtraCol4_4,4,ExtraCol7_5,5,ExtraCol10_4,4,ExtraCol13_1,1,Fare_1,7.7333,ExtraCol1_1,12,1,0,0,0,1,691,441
158,0,SOTON/OQ 392090,8.05,B96 B98,S,55,A,high,15,D,medium,NA,D,low,3,Z,medium,438,X,high,Parch_1,1,Fare_1,1,ExtraCol1_3,3,ExtraCol4_1,1,NA,NA,ExtraCol10_1,1,ExtraCol13_5,5,Fare_2,8.05,ExtraCol1_4,55,1,0,0,0,1,691,441
159,0,315037,8.6625,B96 B98,S,50,A,high,7,A,high,34,D,medium,10,X,NA,202,X,high,Parch_1,1,Fare_1,1,ExtraCol1_3,3,ExtraCol4_1,1,ExtraCol7_2,2,ExtraCol10_1,1,ExtraCol13_3,3,Fare_2,8.6625,ExtraCol1_4,50,1,0,0,0,1,691,441
160,2,CA. 2343,69.55,B96 B98,S,78,B,unknown,67,C,NA,45,A,medium,28,Y,medium,22,X,medium,Parch_2,2,Fare_1,1,ExtraCol1_4,4,ExtraCol4_4,4,ExtraCol7_3,3,ExtraCol10_2,2,ExtraCol13_1,1,Fare_5,69.55,ExtraCol1_5,78,0,1,0,0,7,691,142
161,1,371362,16.1,B96 B98,S,99,C,high,NA,D,unknown,NA,C,low,NA,X,high,NA,Z,high,Parch_1,1,Fare_1,1,ExtraCol1_5,5,NA,NA,NA,NA,NA,NA,NA,NA,Fare_3,16.1,ExtraCol1_5,99,0,0,1,0,1,691,153
162,0,C.A. 33595,15.75,B96 B98,S,43,A,low,NA,NA,NA,93,NA,medium,0,X,medium,386,Y,low,Parch_1,1,Fare_1,1,ExtraCol1_3,3,NA,NA,ExtraCol7_5,5,ExtraCol10_1,1,ExtraCol13_4,4,Fare_3,15.75,ExtraCol1_2,43,1,0,0,0,1,691,441
163,0,347068,7.775,B96 B98,S,40,C,high,10,B,high,78,B,unknown,NA,X,NA,408,Y,high,Parch_1,1,Fare_1,1,ExtraCol1_3,3,ExtraCol4_1,1,ExtraCol7_4,4,NA,NA,ExtraCol13_5,5,Fare_1,7.775,ExtraCol1_2,40,0,0,1,0,1,691,153
164,0,315093,8.6625,B96 B98,S,40,D,high,74,D,NA,19,NA,high,78,Z,medium,73,NA,high,Parch_1,1,Fare_1,1,ExtraCol1_3,3,ExtraCol4_4,4,ExtraCol7_1,1,ExtraCol10_4,4,ExtraCol13_1,1,Fare_2,8.6625,ExtraCol1_2,40,0,0,0,1,1,691,155
165,1,3101295,39.6875,B96 B98,S,41,A,high,76,C,medium,73,NA,high,45,Z,high,375,Z,low,Parch_1,1,Fare_1,1,ExtraCol1_3,3,ExtraCol4_4,4,ExtraCol7_4,4,ExtraCol10_3,3,ExtraCol13_4,4,Fare_4,39.6875,ExtraCol1_2,41,1,0,0,0,6,691,441
166,2,363291,20.525,B96 B98,S,81,A,high,NA,NA,NA,17,B,low,19,X,high,349,Y,NA,Parch_2,2,Fare_1,1,ExtraCol1_5,5,NA,NA,ExtraCol7_1,1,ExtraCol10_1,1,ExtraCol13_4,4,Fare_3,20.525,ExtraCol1_5,81,1,0,0,0,3,691,441
167,1,113505,55,E33,S,32,A,unknown,83,A,high,45,C,low,42,X,high,451,Y,medium,Parch_1,1,Fare_1,1,ExtraCol1_2,2,ExtraCol4_5,5,ExtraCol7_3,3,ExtraCol10_3,3,ExtraCol13_5,5,Fare_5,55,ExtraCol1_2,32,1,0,0,0,2,2,441
168,4,347088,27.9,B96 B98,S,16,B,unknown,43,C,low,NA,NA,medium,69,Z,high,185,Y,low,Parch_4,4,Fare_1,1,ExtraCol1_1,1,ExtraCol4_3,3,NA,NA,ExtraCol10_4,4,ExtraCol13_2,2,Fare_4,27.9,ExtraCol1_1,16,0,1,0,0,6,691,142
169,0,PC 17318,25.925,B96 B98,S,43,C,high,18,NA,unknown,3,A,NA,73,Y,high,463,Y,medium,Parch_1,1,Fare_1,1,ExtraCol1_3,3,ExtraCol4_1,1,ExtraCol7_1,1,ExtraCol10_4,4,ExtraCol13_5,5,Fare_4,25.925,ExtraCol1_2,43,0,0,1,0,1,691,153
170,0,1601,56.4958,B96 B98,S,2,A,high,NA,NA,NA,NA,A,unknown,NA,X,medium,353,NA,high,Parch_1,1,Fare_1,1,ExtraCol1_1,1,NA,NA,NA,NA,NA,NA,ExtraCol13_4,4,Fare_5,56.4958,ExtraCol1_1,2,1,0,0,0,7,691,441
171,0,111240,33.5,B19,S,10,B,high,21,A,medium,22,NA,NA,16,X,medium,NA,X,high,Parch_1,1,Fare_1,1,ExtraCol1_1,1,ExtraCol4_2,2,ExtraCol7_2,2,ExtraCol10_1,1,NA,NA,Fare_4,33.5,ExtraCol1_1,10,0,1,0,0,1,1,142
172,1,382652,29.125,B96 B98,Q,9,B,high,20,B,medium,NA,A,NA,95,Y,medium,106,X,NA,Parch_1,1,Fare_1,1,ExtraCol1_1,1,ExtraCol4_2,2,NA,NA,ExtraCol10_5,5,ExtraCol13_2,2,Fare_4,29.125,ExtraCol1_1,9,0,1,0,0,5,691,142
173,1,347742,11.1333,B96 B98,S,43,B,high,32,D,unknown,49,D,medium,NA,Y,high,451,X,medium,Parch_1,1,Fare_1,1,ExtraCol1_3,3,ExtraCol4_2,2,ExtraCol7_3,3,NA,NA,ExtraCol13_5,5,Fare_3,11.1333,ExtraCol1_2,43,0,1,0,0,3,691,142
174,0,STON/O 2. 3101280,7.925,B96 B98,S,43,D,high,NA,NA,medium,2,C,high,98,Y,medium,322,Y,medium,Parch_1,1,Fare_1,1,ExtraCol1_3,3,NA,NA,ExtraCol7_1,1,ExtraCol10_5,5,ExtraCol13_4,4,Fare_2,7.925,ExtraCol1_2,43,0,0,0,1,1,691,155
175,0,17764,30.6958,A7,C,69,B,medium,NA,B,medium,NA,NA,low,NA,X,low,59,Z,high,Parch_1,1,Fare_1,1,ExtraCol1_4,4,NA,NA,NA,NA,NA,NA,ExtraCol13_1,1,Fare_4,30.6958,ExtraCol1_4,69,0,1,0,0,1,1,142
176,1,350404,7.8542,B96 B98,S,46,A,high,NA,NA,low,NA,B,NA,11,Y,low,62,Y,medium,Parch_1,1,Fare_1,1,ExtraCol1_3,3,NA,NA,NA,NA,ExtraCol10_1,1,ExtraCol13_1,1,Fare_1,7.8542,ExtraCol1_4,46,1,0,0,0,1,691,441
177,1,4133,25.4667,B96 B98,S,71,B,unknown,62,B,medium,95,B,NA,NA,X,NA,413,X,medium,Parch_1,1,Fare_1,1,ExtraCol1_4,4,ExtraCol4_4,4,ExtraCol7_5,5,NA,NA,ExtraCol13_5,5,Fare_4,25.4667,ExtraCol1_4,71,0,1,0,0,4,691,142
178,0,PC 17595,28.7125,C49,C,16,A,unknown,33,C,low,NA,NA,NA,32,Y,medium,84,Y,high,Parch_1,1,Fare_1,1,ExtraCol1_1,1,ExtraCol4_2,2,NA,NA,ExtraCol10_2,2,ExtraCol13_1,1,Fare_4,28.7125,ExtraCol1_1,16,1,0,0,0,1,1,441
179,0,250653,13,B96 B98,S,90,B,high,NA,B,NA,19,NA,unknown,NA,X,high,109,Z,medium,Parch_1,1,Fare_1,1,ExtraCol1_5,5,NA,NA,ExtraCol7_1,1,NA,NA,ExtraCol13_2,2,Fare_3,13,ExtraCol1_5,90,0,1,0,0,1,691,142
180,0,LINE,0,B96 B98,S,50,A,low,51,NA,unknown,60,NA,NA,71,X,high,307,Y,low,Parch_1,1,Fare_1,1,ExtraCol1_3,3,ExtraCol4_3,3,ExtraCol7_4,4,ExtraCol10_4,4,ExtraCol13_4,4,Fare_1,0,ExtraCol1_4,50,1,0,0,0,4,691,441
181,2,CA. 2343,69.55,B96 B98,S,93,A,high,NA,C,NA,36,NA,high,NA,Z,high,431,X,low,Parch_2,2,Fare_1,1,ExtraCol1_5,5,NA,NA,ExtraCol7_2,2,NA,NA,ExtraCol13_5,5,Fare_5,69.55,ExtraCol1_5,93,1,0,0,0,7,691,441
182,0,SC/PARIS 2131,15.05,B96 B98,C,43,A,medium,43,D,unknown,60,A,NA,58,Y,high,168,X,NA,Parch_1,1,Fare_1,1,ExtraCol1_3,3,ExtraCol4_3,3,ExtraCol7_4,4,ExtraCol10_3,3,ExtraCol13_2,2,Fare_3,15.05,ExtraCol1_2,43,1,0,0,0,1,691,441
183,2,347077,31.3875,B96 B98,S,49,A,low,29,B,unknown,NA,C,unknown,NA,Y,low,332,Y,medium,Parch_2,2,Fare_1,1,ExtraCol1_3,3,ExtraCol4_2,2,NA,NA,NA,NA,ExtraCol13_4,4,Fare_4,31.3875,ExtraCol1_4,49,1,0,0,0,4,691,441
184,1,230136,39,F4,S,69,A,high,NA,NA,NA,29,C,low,61,X,high,351,Z,medium,Parch_1,1,Fare_1,1,ExtraCol1_4,4,NA,NA,ExtraCol7_2,2,ExtraCol10_4,4,ExtraCol13_4,4,Fare_4,39,ExtraCol1_4,69,1,0,0,0,2,2,441
185,2,315153,22.025,B96 B98,S,49,D,high,NA,A,high,65,C,unknown,39,X,high,300,X,low,Parch_2,2,Fare_1,1,ExtraCol1_3,3,NA,NA,ExtraCol7_4,4,ExtraCol10_2,2,ExtraCol13_4,4,Fare_4,22.025,ExtraCol1_4,49,0,0,0,1,1,691,155
186,0,113767,50,A32,S,44,C,unknown,NA,D,high,26,B,unknown,NA,Z,high,342,Z,high,Parch_1,1,Fare_1,1,ExtraCol1_3,3,NA,NA,ExtraCol7_2,2,NA,NA,ExtraCol13_4,4,Fare_5,50,ExtraCol1_3,44,0,0,1,0,1,1,153
187,0,370365,15.5,B96 B98,Q,43,B,high,NA,NA,medium,90,A,NA,71,Z,NA,NA,Z,low,Parch_1,1,Fare_1,1,ExtraCol1_3,3,NA,NA,ExtraCol7_5,5,ExtraCol10_4,4,NA,NA,Fare_3,15.5,ExtraCol1_2,43,0,1,0,0,2,691,142
188,0,111428,26.55,B96 B98,S,38,A,high,47,A,NA,94,B,unknown,29,Y,low,310,X,low,Parch_1,1,Fare_1,1,ExtraCol1_2,2,ExtraCol4_3,3,ExtraCol7_5,5,ExtraCol10_2,2,ExtraCol13_4,4,Fare_4,26.55,ExtraCol1_2,38,1,0,0,0,1,691,441
189,1,364849,15.5,B96 B98,Q,43,D,high,NA,A,medium,NA,B,high,19,X,high,1,NA,high,Parch_1,1,Fare_1,1,ExtraCol1_3,3,NA,NA,NA,NA,ExtraCol10_1,1,ExtraCol13_1,1,Fare_3,15.5,ExtraCol1_2,43,0,0,0,1,2,691,155
190,0,349247,7.8958,B96 B98,S,43,D,high,NA,A,low,72,NA,NA,70,Y,low,365,X,low,Parch_1,1,Fare_1,1,ExtraCol1_3,3,NA,NA,ExtraCol7_4,4,ExtraCol10_4,4,ExtraCol13_4,4,Fare_2,7.8958,ExtraCol1_2,43,0,0,0,1,1,691,155
191,0,234604,13,B96 B98,S,68,C,high,90,B,high,NA,D,low,NA,X,high,396,Y,high,Parch_1,1,Fare_1,1,ExtraCol1_4,4,ExtraCol4_5,5,NA,NA,NA,NA,ExtraCol13_4,4,Fare_3,13,ExtraCol1_4,68,0,0,1,0,1,691,153
192,0,28424,13,B96 B98,S,63,A,unknown,67,D,low,NA,B,low,44,X,high,396,X,high,Parch_1,1,Fare_1,1,ExtraCol1_4,4,ExtraCol4_4,4,NA,NA,ExtraCol10_3,3,ExtraCol13_4,4,Fare_3,13,ExtraCol1_4,63,1,0,0,0,1,691,441
193,0,350046,7.8542,B96 B98,S,60,A,unknown,NA,A,NA,73,NA,low,NA,X,high,14,Z,high,Parch_1,1,Fare_1,1,ExtraCol1_4,4,NA,NA,ExtraCol7_4,4,NA,NA,ExtraCol13_1,1,Fare_1,7.8542,ExtraCol1_4,60,1,0,0,0,1,691,441
194,1,230080,26,F2,S,36,A,unknown,96,D,NA,93,C,low,18,Y,medium,455,X,high,Parch_1,1,Fare_1,1,ExtraCol1_2,2,ExtraCol4_5,5,ExtraCol7_5,5,ExtraCol10_1,1,ExtraCol13_5,5,Fare_4,26,ExtraCol1_2,36,1,0,0,0,3,3,441
195,0,PC 17610,27.7208,B4,C,95,A,medium,71,NA,high,22,D,unknown,81,Y,high,217,Y,medium,Parch_1,1,Fare_1,1,ExtraCol1_5,5,ExtraCol4_4,4,ExtraCol7_2,2,ExtraCol10_5,5,ExtraCol13_3,3,Fare_4,27.7208,ExtraCol1_5,95,1,0,0,0,1,1,441
196,0,PC 17569,146.5208,B80,C,8,D,high,5,C,medium,NA,B,low,98,Y,high,40,Z,medium,Parch_1,1,Fare_2,2,ExtraCol1_1,1,ExtraCol4_1,1,NA,NA,ExtraCol10_5,5,ExtraCol13_1,1,Fare_5,146.5208,ExtraCol1_1,8,0,0,0,1,2,1,155
197,0,368703,7.75,B96 B98,Q,43,A,high,72,B,medium,NA,NA,NA,NA,Z,high,267,X,medium,Parch_1,1,Fare_1,1,ExtraCol1_3,3,ExtraCol4_4,4,NA,NA,NA,NA,ExtraCol13_3,3,Fare_1,7.75,ExtraCol1_2,43,1,0,0,0,1,691,441
198,1,4579,8.4042,B96 B98,S,43,A,unknown,NA,D,low,33,A,NA,14,X,medium,285,X,medium,Parch_1,1,Fare_1,1,ExtraCol1_3,3,NA,NA,ExtraCol7_2,2,ExtraCol10_1,1,ExtraCol13_3,3,Fare_2,8.4042,ExtraCol1_2,43,1,0,0,0,1,691,441
199,0,370370,7.75,B96 B98,Q,33,D,high,NA,NA,medium,23,C,NA,NA,X,medium,201,Z,high,Parch_1,1,Fare_1,1,ExtraCol1_2,2,NA,NA,ExtraCol7_2,2,NA,NA,ExtraCol13_3,3,Fare_1,7.75,ExtraCol1_2,33,0,0,0,1,1,691,155
200,0,248747,13,B96 B98,S,96,D,high,48,B,high,NA,A,unknown,86,Z,high,374,X,medium,Parch_1,1,Fare_1,1,ExtraCol1_5,5,ExtraCol4_3,3,NA,NA,ExtraCol10_5,5,ExtraCol13_4,4,Fare_3,13,ExtraCol1_5,96,0,0,0,1,1,691,155
201,0,345770,9.5,B96 B98,S,43,A,low,51,A,NA,33,A,unknown,8,X,low,271,NA,medium,Parch_1,1,Fare_1,1,ExtraCol1_3,3,ExtraCol4_3,3,ExtraCol7_2,2,ExtraCol10_1,1,ExtraCol13_3,3,Fare_2,9.5,ExtraCol1_2,43,1,0,0,0,1,691,441
202,2,CA. 2343,69.55,B96 B98,S,90,A,high,31,D,medium,72,NA,NA,NA,X,low,108,X,high,Parch_2,2,Fare_1,1,ExtraCol1_5,5,ExtraCol4_2,2,ExtraCol7_4,4,NA,NA,ExtraCol13_2,2,Fare_5,69.55,ExtraCol1_5,90,1,0,0,0,7,691,441
203,0,3101264,6.4958,B96 B98,S,49,C,low,NA,B,NA,37,NA,unknown,NA,Z,medium,310,X,low,Parch_1,1,Fare_1,1,ExtraCol1_3,3,NA,NA,ExtraCol7_2,2,NA,NA,ExtraCol13_4,4,Fare_1,6.4958,ExtraCol1_4,49,0,0,1,0,1,691,153
204,0,2628,7.225,B96 B98,C,43,C,unknown,61,B,high,37,A,NA,3,NA,medium,131,Y,medium,Parch_1,1,Fare_1,1,ExtraCol1_3,3,ExtraCol4_4,4,ExtraCol7_2,2,ExtraCol10_1,1,ExtraCol13_2,2,Fare_1,7.225,ExtraCol1_2,43,0,0,1,0,1,691,153
205,0,A/5 3540,8.05,B96 B98,S,45,A,high,NA,C,high,94,NA,low,NA,NA,high,59,Y,high,Parch_1,1,Fare_1,1,ExtraCol1_3,3,NA,NA,ExtraCol7_5,5,NA,NA,ExtraCol13_1,1,Fare_2,8.05,ExtraCol1_4,45,1,0,0,0,1,691,441
206,1,347054,10.4625,G6,S,26,D,medium,89,C,low,NA,D,NA,7,Z,high,133,Y,high,Parch_1,1,Fare_1,1,ExtraCol1_2,2,ExtraCol4_5,5,NA,NA,ExtraCol10_1,1,ExtraCol13_2,2,Fare_2,10.4625,ExtraCol1_1,26,0,0,0,1,2,4,155
207,0,3101278,15.85,B96 B98,S,76,D,high,77,C,high,92,C,medium,17,Y,low,452,Z,low,Parch_1,1,Fare_1,1,ExtraCol1_4,4,ExtraCol4_4,4,ExtraCol7_5,5,ExtraCol10_1,1,ExtraCol13_5,5,Fare_3,15.85,ExtraCol1_5,76,0,0,0,1,2,691,155
208,0,2699,18.7875,B96 B98,C,43,A,high,60,B,low,71,NA,high,48,X,NA,286,X,low,Parch_1,1,Fare_1,1,ExtraCol1_3,3,ExtraCol4_4,4,ExtraCol7_4,4,ExtraCol10_3,3,ExtraCol13_3,3,Fare_3,18.7875,ExtraCol1_2,43,1,0,0,0,2,691,441
209,0,367231,7.75,B96 B98,Q,26,A,high,NA,A,medium,NA,D,unknown,NA,Z,high,158,Y,low,Parch_1,1,Fare_1,1,ExtraCol1_2,2,NA,NA,NA,NA,NA,NA,ExtraCol13_2,2,Fare_1,7.75,ExtraCol1_1,26,1,0,0,0,1,691,441
210,0,112277,31,A31,C,77,C,high,33,NA,high,NA,B,NA,NA,X,medium,183,NA,high,Parch_1,1,Fare_1,1,ExtraCol1_4,4,ExtraCol4_2,2,NA,NA,NA,NA,ExtraCol13_2,2,Fare_4,31,ExtraCol1_5,77,0,0,1,0,1,1,153
211,0,SOTON/O.Q. 3101311,7.05,B96 B98,S,26,A,high,76,A,NA,93,D,low,NA,Z,low,429,Z,low,Parch_1,1,Fare_1,1,ExtraCol1_2,2,ExtraCol4_4,4,ExtraCol7_5,5,NA,NA,ExtraCol13_5,5,Fare_1,7.05,ExtraCol1_1,26,1,0,0,0,1,691,441
212,0,F.C.C. 13528,21,B96 B98,S,43,A,medium,31,NA,high,94,NA,medium,20,Y,medium,333,Y,low,Parch_1,1,Fare_1,1,ExtraCol1_3,3,ExtraCol4_2,2,ExtraCol7_5,5,ExtraCol10_2,2,ExtraCol13_4,4,Fare_3,21,ExtraCol1_2,43,1,0,0,0,1,691,441
213,0,A/5 21174,7.25,B96 B98,S,78,A,high,26,NA,unknown,4,NA,NA,87,Z,high,386,Z,medium,Parch_1,1,Fare_1,1,ExtraCol1_4,4,ExtraCol4_2,2,ExtraCol7_1,1,ExtraCol10_5,5,ExtraCol13_4,4,Fare_1,7.25,ExtraCol1_5,78,1,0,0,0,1,691,441
214,0,250646,13,B96 B98,S,44,D,high,86,C,NA,35,A,unknown,NA,Z,medium,305,X,high,Parch_1,1,Fare_1,1,ExtraCol1_3,3,ExtraCol4_5,5,ExtraCol7_2,2,NA,NA,ExtraCol13_4,4,Fare_3,13,ExtraCol1_3,44,0,0,0,1,1,691,155
215,0,367229,7.75,B96 B98,Q,43,A,high,NA,D,unknown,41,NA,NA,NA,Z,medium,496,Y,low,Parch_1,1,Fare_1,1,ExtraCol1_3,3,NA,NA,ExtraCol7_3,3,NA,NA,ExtraCol13_5,5,Fare_1,7.75,ExtraCol1_2,43,1,0,0,0,1,691,441
216,0,35273,113.275,D36,C,27,A,low,NA,A,NA,NA,A,NA,72,X,medium,328,X,low,Parch_1,1,Fare_2,2,ExtraCol1_2,2,NA,NA,NA,NA,ExtraCol10_4,4,ExtraCol13_4,4,Fare_5,113.275,ExtraCol1_1,27,1,0,0,0,3,2,441
217,0,STON/O2. 3101283,7.925,B96 B98,S,43,A,unknown,86,D,medium,77,A,low,48,Z,high,200,X,low,Parch_1,1,Fare_1,1,ExtraCol1_3,3,ExtraCol4_5,5,ExtraCol7_4,4,ExtraCol10_3,3,ExtraCol13_3,3,Fare_2,7.925,ExtraCol1_2,43,1,0,0,0,1,691,441
218,0,243847,27,B96 B98,S,43,A,low,NA,D,unknown,69,NA,NA,41,X,medium,126,Z,low,Parch_1,1,Fare_1,1,ExtraCol1_3,3,NA,NA,ExtraCol7_4,4,ExtraCol10_3,3,ExtraCol13_2,2,Fare_4,27,ExtraCol1_2,43,1,0,0,0,2,691,441
219,0,11813,76.2917,D15,C,44,C,low,NA,C,medium,21,D,unknown,75,X,high,23,Z,low,Parch_1,1,Fare_1,1,ExtraCol1_3,3,NA,NA,ExtraCol7_2,2,ExtraCol10_4,4,ExtraCol13_1,1,Fare_5,76.2917,ExtraCol1_3,44,0,0,1,0,1,1,153
220,0,W/C 14208,10.5,B96 B98,S,90,B,high,52,C,low,NA,NA,low,NA,Y,high,383,X,low,Parch_1,1,Fare_1,1,ExtraCol1_5,5,ExtraCol4_3,3,NA,NA,NA,NA,ExtraCol13_4,4,Fare_2,10.5,ExtraCol1_5,90,0,1,0,0,1,691,142
221,0,SOTON/OQ 392089,8.05,B96 B98,S,12,D,low,NA,NA,NA,NA,NA,NA,82,X,medium,466,Y,medium,Parch_1,1,Fare_1,1,ExtraCol1_1,1,NA,NA,NA,NA,ExtraCol10_5,5,ExtraCol13_5,5,Fare_2,8.05,ExtraCol1_1,12,0,0,0,1,1,691,155
222,0,220367,13,B96 B98,S,45,B,medium,NA,A,NA,44,D,NA,68,Y,medium,332,Z,low,Parch_1,1,Fare_1,1,ExtraCol1_3,3,NA,NA,ExtraCol7_3,3,ExtraCol10_4,4,ExtraCol13_4,4,Fare_3,13,ExtraCol1_4,45,0,1,0,0,1,691,142
223,0,21440,8.05,B96 B98,S,43,A,medium,NA,NA,NA,NA,A,low,76,X,high,243,X,medium,Parch_1,1,Fare_1,1,ExtraCol1_3,3,NA,NA,NA,NA,ExtraCol10_4,4,ExtraCol13_3,3,Fare_2,8.05,ExtraCol1_2,43,1,0,0,0,1,691,441
224,0,349234,7.8958,B96 B98,S,20,C,high,NA,NA,NA,NA,NA,low,42,Y,low,65,Z,medium,Parch_1,1,Fare_1,1,ExtraCol1_2,2,NA,NA,NA,NA,ExtraCol10_3,3,ExtraCol13_1,1,Fare_2,7.8958,ExtraCol1_1,20,0,0,1,0,1,691,153
225,0,19943,90,C93,S,43,C,high,79,NA,high,92,NA,medium,38,Y,low,321,X,medium,Parch_1,1,Fare_1,1,ExtraCol1_3,3,ExtraCol4_4,4,ExtraCol7_5,5,ExtraCol10_2,2,ExtraCol13_4,4,Fare_5,90,ExtraCol1_2,43,0,0,1,0,2,2,153
226,0,PP 4348,9.35,B96 B98,S,30,A,high,59,A,low,90,D,high,57,Y,low,NA,Y,medium,Parch_1,1,Fare_1,1,ExtraCol1_2,2,ExtraCol4_3,3,ExtraCol7_5,5,ExtraCol10_3,3,NA,NA,Fare_2,9.35,ExtraCol1_2,30,1,0,0,0,1,691,441
227,0,SW/PP 751,10.5,B96 B98,S,80,A,low,NA,A,high,1,NA,high,64,NA,NA,311,Z,medium,Parch_1,1,Fare_1,1,ExtraCol1_5,5,NA,NA,ExtraCol7_1,1,ExtraCol10_4,4,ExtraCol13_4,4,Fare_2,10.5,ExtraCol1_5,80,1,0,0,0,1,691,441
228,0,A/5 21173,7.25,B96 B98,S,57,C,high,40,A,high,NA,C,high,92,Z,high,150,Z,high,Parch_1,1,Fare_1,1,ExtraCol1_3,3,ExtraCol4_3,3,NA,NA,ExtraCol10_5,5,ExtraCol13_2,2,Fare_1,7.25,ExtraCol1_4,57,0,0,1,0,1,691,153
229,0,236171,13,B96 B98,S,54,A,high,38,C,unknown,NA,A,NA,85,X,high,432,X,low,Parch_1,1,Fare_1,1,ExtraCol1_3,3,ExtraCol4_2,2,NA,NA,ExtraCol10_5,5,ExtraCol13_5,5,Fare_3,13,ExtraCol1_4,54,1,0,0,0,1,691,441
230,1,4133,25.4667,B96 B98,S,17,A,high,42,C,NA,82,C,medium,5,Z,low,468,X,medium,Parch_1,1,Fare_1,1,ExtraCol1_1,1,ExtraCol4_3,3,ExtraCol7_5,5,ExtraCol10_1,1,ExtraCol13_5,5,Fare_4,25.4667,ExtraCol1_1,17,1,0,0,0,4,691,441
231,0,36973,83.475,C83,S,46,A,high,99,NA,NA,80,C,medium,15,Y,low,117,X,medium,Parch_1,1,Fare_1,1,ExtraCol1_3,3,ExtraCol4_5,5,ExtraCol7_5,5,ExtraCol10_1,1,ExtraCol13_2,2,Fare_5,83.475,ExtraCol1_4,46,1,0,0,0,2,2,441
232,0,347067,7.775,B96 B98,S,85,C,high,NA,A,low,NA,D,medium,94,Y,low,163,Y,medium,Parch_1,1,Fare_1,1,ExtraCol1_5,5,NA,NA,NA,NA,ExtraCol10_5,5,ExtraCol13_2,2,Fare_1,7.775,ExtraCol1_5,85,0,0,1,0,1,691,153
233,0,237442,13.5,B96 B98,S,43,D,high,15,A,high,6,NA,NA,NA,Y,low,NA,X,low,Parch_1,1,Fare_1,1,ExtraCol1_3,3,ExtraCol4_1,1,ExtraCol7_1,1,NA,NA,NA,NA,Fare_3,13.5,ExtraCol1_2,43,0,0,0,1,1,691,155
234,2,347077,31.3875,B96 B98,S,75,C,high,4,A,unknown,NA,A,low,NA,X,NA,9,Z,low,Parch_2,2,Fare_1,1,ExtraCol1_4,4,ExtraCol4_1,1,NA,NA,NA,NA,ExtraCol13_1,1,Fare_4,31.3875,ExtraCol1_5,75,0,0,1,0,4,691,153
235,0,C.A. 29566,10.5,B96 B98,S,43,A,high,51,NA,low,NA,A,NA,5,Z,medium,258,X,high,Parch_1,1,Fare_1,1,ExtraCol1_3,3,ExtraCol4_3,3,NA,NA,ExtraCol10_1,1,ExtraCol13_3,3,Fare_2,10.5,ExtraCol1_2,43,1,0,0,0,1,691,441
236,0,W./C. 6609,7.55,B96 B98,S,43,A,unknown,80,NA,medium,NA,D,unknown,NA,X,high,70,Y,high,Parch_1,1,Fare_1,1,ExtraCol1_3,3,ExtraCol4_5,5,NA,NA,NA,NA,ExtraCol13_1,1,Fare_1,7.55,ExtraCol1_2,43,1,0,0,0,1,691,441
237,0,26707,26,B96 B98,S,43,B,high,NA,B,NA,8,A,NA,40,Z,low,216,Z,medium,Parch_1,1,Fare_1,1,ExtraCol1_3,3,NA,NA,ExtraCol7_1,1,ExtraCol10_3,3,ExtraCol13_3,3,Fare_4,26,ExtraCol1_2,43,0,1,0,0,1,691,142
238,2,C.A. 31921,26.25,B96 B98,S,43,A,low,56,NA,NA,NA,D,NA,NA,X,high,16,Y,low,Parch_2,2,Fare_1,1,ExtraCol1_3,3,ExtraCol4_3,3,NA,NA,NA,NA,ExtraCol13_1,1,Fare_4,26.25,ExtraCol1_2,43,1,0,0,0,3,691,441
239,0,28665,10.5,B96 B98,S,30,A,medium,79,B,NA,43,B,medium,77,Z,high,70,Y,medium,Parch_1,1,Fare_1,1,ExtraCol1_2,2,ExtraCol4_4,4,ExtraCol7_3,3,ExtraCol10_4,4,ExtraCol13_1,1,Fare_2,10.5,ExtraCol1_2,30,1,0,0,0,1,691,441
240,0,SCO/W 1585,12.275,B96 B98,S,62,A,high,51,D,medium,76,NA,high,89,Y,low,201,X,low,Parch_1,1,Fare_1,1,ExtraCol1_4,4,ExtraCol4_3,3,ExtraCol7_4,4,ExtraCol10_5,5,ExtraCol13_3,3,Fare_3,12.275,ExtraCol1_4,62,1,0,0,0,1,691,441
241,0,2665,14.4542,B96 B98,C,14,A,low,90,NA,medium,31,D,high,NA,Y,low,NA,Z,low,Parch_1,1,Fare_1,1,ExtraCol1_1,1,ExtraCol4_5,5,ExtraCol7_2,2,NA,NA,NA,NA,Fare_3,14.4542,ExtraCol1_1,14,1,0,0,0,2,691,441
242,0,367230,15.5,B96 B98,Q,58,A,unknown,63,NA,unknown,NA,C,NA,NA,Z,medium,398,NA,low,Parch_1,1,Fare_1,1,ExtraCol1_3,3,ExtraCol4_4,4,NA,NA,NA,NA,ExtraCol13_4,4,Fare_3,15.5,ExtraCol1_4,58,1,0,0,0,2,691,441
243,0,W./C. 14263,10.5,B96 B98,S,9,B,unknown,73,B,NA,NA,C,low,54,X,high,289,Z,low,Parch_1,1,Fare_1,1,ExtraCol1_1,1,ExtraCol4_4,4,NA,NA,ExtraCol10_3,3,ExtraCol13_3,3,Fare_2,10.5,ExtraCol1_1,9,0,1,0,0,1,691,142
244,0,STON/O 2. 3101275,7.125,B96 B98,S,64,C,unknown,78,A,low,NA,D,NA,54,Y,high,225,X,low,Parch_1,1,Fare_1,1,ExtraCol1_4,4,ExtraCol4_4,4,NA,NA,ExtraCol10_3,3,ExtraCol13_3,3,Fare_1,7.125,ExtraCol1_4,64,0,0,1,0,1,691,153
245,0,2694,7.225,B96 B98,C,43,D,low,62,D,unknown,29,D,high,3,Z,high,236,Y,low,Parch_1,1,Fare_1,1,ExtraCol1_3,3,ExtraCol4_4,4,ExtraCol7_2,2,ExtraCol10_1,1,ExtraCol13_3,3,Fare_1,7.225,ExtraCol1_2,43,0,0,0,1,1,691,155
246,0,19928,90,C78,Q,8,D,high,5,NA,medium,25,C,low,NA,X,low,419,Z,medium,Parch_1,1,Fare_1,1,ExtraCol1_1,1,ExtraCol4_1,1,ExtraCol7_2,2,NA,NA,ExtraCol13_5,5,Fare_5,90,ExtraCol1_1,8,0,0,0,1,2,2,155
247,0,347071,7.775,B96 B98,S,43,B,high,42,NA,unknown,NA,B,high,NA,X,high,422,Z,high,Parch_1,1,Fare_1,1,ExtraCol1_3,3,ExtraCol4_3,3,NA,NA,NA,NA,ExtraCol13_5,5,Fare_1,7.775,ExtraCol1_2,43,0,1,0,0,1,691,142
248,2,250649,14.5,B96 B98,S,41,B,high,14,A,NA,28,D,NA,NA,Y,high,23,NA,low,Parch_2,2,Fare_1,1,ExtraCol1_3,3,ExtraCol4_1,1,ExtraCol7_2,2,NA,NA,ExtraCol13_1,1,Fare_3,14.5,ExtraCol1_2,41,0,1,0,0,2,691,142
249,1,11751,52.5542,D35,S,78,A,unknown,51,B,NA,68,C,NA,NA,X,NA,342,Z,low,Parch_1,1,Fare_1,1,ExtraCol1_4,4,ExtraCol4_3,3,ExtraCol7_4,4,NA,NA,ExtraCol13_4,4,Fare_5,52.5542,ExtraCol1_5,78,1,0,0,0,2,2,441
250,0,244252,26,B96 B98,S,4,A,high,NA,NA,low,NA,NA,high,44,Z,low,234,X,low,Parch_1,1,Fare_1,1,ExtraCol1_1,1,NA,NA,NA,NA,ExtraCol10_3,3,ExtraCol13_3,3,Fare_4,26,ExtraCol1_1,4,1,0,0,0,2,691,441
251,0,362316,7.25,B96 B98,S,17,C,high,NA,C,unknown,NA,NA,NA,NA,Z,low,391,Z,medium,Parch_1,1,Fare_1,1,ExtraCol1_1,1,NA,NA,NA,NA,NA,NA,ExtraCol13_4,4,Fare_1,7.25,ExtraCol1_1,17,0,0,1,0,1,691,153
252,1,347054,10.4625,G6,S,49,B,high,NA,A,high,NA,C,NA,NA,X,low,393,Y,high,Parch_1,1,Fare_1,1,ExtraCol1_3,3,NA,NA,NA,NA,NA,NA,ExtraCol13_4,4,Fare_2,10.4625,ExtraCol1_4,49,0,1,0,0,2,4,142
253,0,113514,26.55,C87,S,18,A,high,2,C,medium,NA,B,low,70,X,high,354,NA,low,Parch_1,1,Fare_1,1,ExtraCol1_1,1,ExtraCol4_1,1,NA,NA,ExtraCol10_4,4,ExtraCol13_4,4,Fare_4,26.55,ExtraCol1_1,18,1,0,0,0,1,1,441
254,0,A/5. 3336,16.1,B96 B98,S,43,C,unknown,NA,D,unknown,58,D,medium,63,Z,low,337,Y,low,Parch_1,1,Fare_1,1,ExtraCol1_3,3,NA,NA,ExtraCol7_3,3,ExtraCol10_4,4,ExtraCol13_4,4,Fare_3,16.1,ExtraCol1_2,43,0,0,1,0,2,691,153
255,2,370129,20.2125,B96 B98,S,43,B,high,50,D,unknown,NA,NA,high,10,Y,high,105,Y,low,Parch_2,2,Fare_1,1,ExtraCol1_3,3,ExtraCol4_3,3,NA,NA,ExtraCol10_1,1,ExtraCol13_2,2,Fare_3,20.2125,ExtraCol1_2,43,0,1,0,0,2,691,142
256,2,2650,15.2458,B96 B98,C,14,A,unknown,7,NA,NA,25,NA,medium,29,Z,low,426,Z,medium,Parch_2,2,Fare_1,1,ExtraCol1_1,1,ExtraCol4_1,1,ExtraCol7_2,2,ExtraCol10_2,2,ExtraCol13_5,5,Fare_3,15.2458,ExtraCol1_1,14,1,0,0,0,1,691,441
257,0,PC 17585,79.2,B96 B98,C,43,C,low,NA,NA,NA,98,C,unknown,84,Z,high,350,Z,medium,Parch_1,1,Fare_1,1,ExtraCol1_3,3,NA,NA,ExtraCol7_5,5,ExtraCol10_5,5,ExtraCol13_4,4,Fare_5,79.2,ExtraCol1_2,43,0,0,1,0,1,691,153
258,0,110152,86.5,B77,S,10,A,high,75,C,high,20,C,unknown,NA,Y,high,136,Z,medium,Parch_1,1,Fare_1,1,ExtraCol1_1,1,ExtraCol4_4,4,ExtraCol7_2,2,NA,NA,ExtraCol13_2,2,Fare_5,86.5,ExtraCol1_1,10,1,0,0,0,3,2,441
259,0,PC 17755,512.3292,B96 B98,C,43,A,high,70,A,medium,13,C,unknown,NA,X,medium,116,X,low,Parch_1,1,Fare_5,5,ExtraCol1_3,3,ExtraCol4_4,4,ExtraCol7_1,1,NA,NA,ExtraCol13_2,2,Fare_5,512.3292,ExtraCol1_2,43,1,0,0,0,3,691,441
260,1,230433,26,B96 B98,S,58,A,low,17,A,NA,82,D,low,52,Y,medium,250,Y,high,Parch_1,1,Fare_1,1,ExtraCol1_3,3,ExtraCol4_1,1,ExtraCol7_5,5,ExtraCol10_3,3,ExtraCol13_3,3,Fare_4,26,ExtraCol1_4,58,1,0,0,0,2,691,441
261,0,384461,7.75,B96 B98,Q,79,B,medium,NA,D,NA,89,B,NA,11,Y,low,171,Z,medium,Parch_1,1,Fare_1,1,ExtraCol1_4,4,NA,NA,ExtraCol7_5,5,ExtraCol10_1,1,ExtraCol13_2,2,Fare_1,7.75,ExtraCol1_5,79,0,1,0,0,1,691,142
262,2,347077,31.3875,B96 B98,S,17,D,high,63,NA,NA,9,D,low,12,Y,low,338,NA,high,Parch_2,2,Fare_1,1,ExtraCol1_1,1,ExtraCol4_4,4,ExtraCol7_1,1,ExtraCol10_1,1,ExtraCol13_4,4,Fare_4,31.3875,ExtraCol1_1,17,0,0,0,1,4,691,155
263,1,110413,79.65,E67,S,29,A,high,39,NA,NA,59,NA,high,98,X,high,203,Y,high,Parch_1,1,Fare_1,1,ExtraCol1_2,2,ExtraCol4_2,2,ExtraCol7_3,3,ExtraCol10_5,5,ExtraCol13_3,3,Fare_5,79.65,ExtraCol1_2,29,1,0,0,0,3,2,441
264,0,112059,0,B94,S,92,A,low,0,NA,NA,NA,A,medium,3,X,high,84,Z,low,Parch_1,1,Fare_1,1,ExtraCol1_5,5,ExtraCol4_1,1,NA,NA,ExtraCol10_1,1,ExtraCol13_1,1,Fare_1,0,ExtraCol1_5,92,1,0,0,0,1,1,441
265,0,382649,7.75,B96 B98,Q,98,C,medium,NA,NA,NA,22,C,NA,2,NA,high,197,Y,low,Parch_1,1,Fare_1,1,ExtraCol1_5,5,NA,NA,ExtraCol7_2,2,ExtraCol10_1,1,ExtraCol13_2,2,Fare_1,7.75,ExtraCol1_5,98,0,0,1,0,1,691,153
266,0,C.A. 17248,10.5,B96 B98,S,58,D,high,79,C,medium,NA,A,NA,1,Y,medium,407,X,high,Parch_1,1,Fare_1,1,ExtraCol1_3,3,ExtraCol4_4,4,NA,NA,ExtraCol10_1,1,ExtraCol13_5,5,Fare_2,10.5,ExtraCol1_4,58,0,0,0,1,1,691,155
267,1,3101295,39.6875,B96 B98,S,44,A,high,3,C,low,68,D,low,62,Y,low,415,Z,high,Parch_1,1,Fare_1,1,ExtraCol1_3,3,ExtraCol4_1,1,ExtraCol7_4,4,ExtraCol10_4,4,ExtraCol13_5,5,Fare_4,39.6875,ExtraCol1_3,44,1,0,0,0,6,691,441
268,0,347083,7.775,B96 B98,S,34,C,medium,NA,D,unknown,57,NA,high,NA,X,low,155,Y,medium,Parch_1,1,Fare_1,1,ExtraCol1_2,2,NA,NA,ExtraCol7_3,3,NA,NA,ExtraCol13_2,2,Fare_1,7.775,ExtraCol1_2,34,0,0,1,0,1,691,153
269,1,PC 17582,153.4625,C125,S,61,D,high,38,D,high,51,NA,high,NA,Z,high,397,Y,low,Parch_1,1,Fare_2,2,ExtraCol1_4,4,ExtraCol4_2,2,ExtraCol7_3,3,NA,NA,ExtraCol13_4,4,Fare_5,153.4625,ExtraCol1_4,61,0,0,0,1,3,2,155
270,0,PC 17760,135.6333,C99,S,43,A,high,NA,A,high,88,C,high,79,Z,low,46,X,low,Parch_1,1,Fare_2,2,ExtraCol1_3,3,NA,NA,ExtraCol7_5,5,ExtraCol10_4,4,ExtraCol13_1,1,Fare_5,135.6333,ExtraCol1_2,43,1,0,0,0,3,1,441
271,0,113798,31,B96 B98,S,29,A,high,47,NA,low,NA,B,medium,71,Z,low,492,X,high,Parch_1,1,Fare_1,1,ExtraCol1_2,2,ExtraCol4_3,3,NA,NA,ExtraCol10_4,4,ExtraCol13_5,5,Fare_4,31,ExtraCol1_2,29,1,0,0,0,2,691,441
272,0,LINE,0,B96 B98,S,43,D,high,42,A,low,62,B,NA,NA,Z,low,382,Y,high,Parch_1,1,Fare_1,1,ExtraCol1_3,3,ExtraCol4_3,3,ExtraCol7_4,4,NA,NA,ExtraCol13_4,4,Fare_1,0,ExtraCol1_2,43,0,0,0,1,4,691,155
273,1,250644,19.5,B96 B98,S,15,A,unknown,NA,B,low,31,D,NA,7,Y,medium,20,Z,NA,Parch_1,1,Fare_1,1,ExtraCol1_1,1,NA,NA,ExtraCol7_2,2,ExtraCol10_1,1,ExtraCol13_1,1,Fare_3,19.5,ExtraCol1_1,15,1,0,0,0,2,691,441
274,1,PC 17596,29.7,C118,C,95,C,low,5,B,NA,97,NA,NA,48,X,high,352,X,NA,Parch_1,1,Fare_1,1,ExtraCol1_5,5,ExtraCol4_1,1,ExtraCol7_5,5,ExtraCol10_3,3,ExtraCol13_4,4,Fare_4,29.7,ExtraCol1_5,95,0,0,1,0,1,1,153
275,0,370375,7.75,B96 B98,Q,41,B,high,3,D,unknown,25,D,unknown,8,Y,medium,247,Z,low,Parch_1,1,Fare_1,1,ExtraCol1_3,3,ExtraCol4_1,1,ExtraCol7_2,2,ExtraCol10_1,1,ExtraCol13_3,3,Fare_1,7.75,ExtraCol1_2,41,0,1,0,0,1,691,142
276,0,13502,77.9583,D7,S,48,C,low,9,NA,medium,NA,B,medium,11,Y,high,441,Z,low,Parch_1,1,Fare_1,1,ExtraCol1_3,3,ExtraCol4_1,1,NA,NA,ExtraCol10_1,1,ExtraCol13_5,5,Fare_5,77.9583,ExtraCol1_4,48,0,0,1,0,3,1,153
277,0,347073,7.75,B96 B98,S,43,A,low,69,NA,high,63,NA,low,46,Z,medium,119,NA,medium,Parch_1,1,Fare_1,1,ExtraCol1_3,3,ExtraCol4_4,4,ExtraCol7_4,4,ExtraCol10_3,3,ExtraCol13_2,2,Fare_1,7.75,ExtraCol1_2,43,1,0,0,0,1,691,441
278,0,239853,0,B96 B98,S,78,A,high,78,NA,NA,NA,C,unknown,NA,X,high,446,Z,medium,Parch_1,1,Fare_1,1,ExtraCol1_4,4,ExtraCol4_4,4,NA,NA,NA,NA,ExtraCol13_5,5,Fare_1,0,ExtraCol1_5,78,1,0,0,0,3,691,441
279,1,382652,29.125,B96 B98,Q,43,C,high,NA,B,unknown,75,A,medium,99,X,NA,435,Z,NA,Parch_1,1,Fare_1,1,ExtraCol1_3,3,NA,NA,ExtraCol7_4,4,ExtraCol10_5,5,ExtraCol13_5,5,Fare_4,29.125,ExtraCol1_2,43,0,0,1,0,5,691,153
280,1,C.A. 2673,20.25,B96 B98,S,43,A,high,7,NA,medium,24,A,low,NA,X,medium,139,Z,low,Parch_1,1,Fare_1,1,ExtraCol1_3,3,ExtraCol4_1,1,ExtraCol7_2,2,NA,NA,ExtraCol13_2,2,Fare_3,20.25,ExtraCol1_2,43,1,0,0,0,2,691,441
281,0,336439,7.75,B96 B98,Q,43,B,medium,41,NA,medium,26,NA,low,27,X,low,216,NA,high,Parch_1,1,Fare_1,1,ExtraCol1_3,3,ExtraCol4_3,3,ExtraCol7_2,2,ExtraCol10_2,2,ExtraCol13_3,3,Fare_1,7.75,ExtraCol1_2,43,0,1,0,0,1,691,142
282,0,347464,7.8542,B96 B98,S,43,A,high,98,NA,NA,34,NA,medium,32,Y,high,320,Z,medium,Parch_1,1,Fare_1,1,ExtraCol1_3,3,ExtraCol4_5,5,ExtraCol7_2,2,ExtraCol10_2,2,ExtraCol13_4,4,Fare_1,7.8542,ExtraCol1_2,43,1,0,0,0,1,691,441
283,0,345778,9.5,B96 B98,S,67,D,medium,NA,D,low,68,A,low,NA,X,medium,120,Z,NA,Parch_1,1,Fare_1,1,ExtraCol1_4,4,NA,NA,ExtraCol7_4,4,NA,NA,ExtraCol13_2,2,Fare_2,9.5,ExtraCol1_4,67,0,0,0,1,1,691,155
284,0,A/5. 10482,8.05,B96 B98,S,49,A,low,NA,A,unknown,39,C,NA,NA,X,low,499,X,high,Parch_1,1,Fare_1,1,ExtraCol1_3,3,NA,NA,ExtraCol7_2,2,NA,NA,ExtraCol13_5,5,Fare_2,8.05,ExtraCol1_4,49,1,0,0,0,1,691,441
285,0,113056,26,A19,S,44,B,medium,53,C,NA,56,A,high,51,Y,low,NA,Y,medium,Parch_1,1,Fare_1,1,ExtraCol1_3,3,ExtraCol4_3,3,ExtraCol7_3,3,ExtraCol10_3,3,NA,NA,Fare_4,26,ExtraCol1_3,44,0,1,0,0,1,1,142
286,0,349239,8.6625,B96 B98,C,43,C,high,NA,B,medium,55,D,NA,76,Z,medium,121,NA,medium,Parch_1,1,Fare_1,1,ExtraCol1_3,3,NA,NA,ExtraCol7_3,3,ExtraCol10_4,4,ExtraCol13_2,2,Fare_2,8.6625,ExtraCol1_2,43,0,0,1,0,1,691,153
287,0,345774,9.5,B96 B98,S,43,A,high,NA,NA,high,19,D,NA,84,Y,medium,250,Y,low,Parch_1,1,Fare_1,1,ExtraCol1_3,3,NA,NA,ExtraCol7_1,1,ExtraCol10_5,5,ExtraCol13_3,3,Fare_2,9.5,ExtraCol1_2,43,1,0,0,0,1,691,441
288,0,349206,7.8958,B96 B98,S,57,D,medium,47,C,high,23,NA,low,5,X,low,236,X,high,Parch_1,1,Fare_1,1,ExtraCol1_3,3,ExtraCol4_3,3,ExtraCol7_2,2,ExtraCol10_1,1,ExtraCol13_3,3,Fare_2,7.8958,ExtraCol1_4,57,0,0,0,1,1,691,155
289,0,237798,13,B96 B98,S,43,B,high,NA,NA,NA,30,A,unknown,28,X,medium,25,Z,high,Parch_1,1,Fare_1,1,ExtraCol1_3,3,NA,NA,ExtraCol7_2,2,ExtraCol10_2,2,ExtraCol13_1,1,Fare_3,13,ExtraCol1_2,43,0,1,0,0,1,691,142
290,0,370373,7.75,B96 B98,Q,47,D,high,NA,NA,high,NA,B,NA,25,Z,NA,455,NA,low,Parch_1,1,Fare_1,1,ExtraCol1_3,3,NA,NA,NA,NA,ExtraCol10_2,2,ExtraCol13_5,5,Fare_1,7.75,ExtraCol1_4,47,0,0,0,1,1,691,155
291,0,19877,78.85,B96 B98,S,43,A,high,NA,D,unknown,NA,NA,NA,55,Y,high,120,Z,high,Parch_1,1,Fare_1,1,ExtraCol1_3,3,NA,NA,NA,NA,ExtraCol10_3,3,ExtraCol13_2,2,Fare_5,78.85,ExtraCol1_2,43,1,0,0,0,2,691,441
292,0,11967,91.0792,B49,C,26,C,medium,5,NA,NA,NA,NA,high,NA,Y,low,51,X,high,Parch_1,1,Fare_1,1,ExtraCol1_2,2,ExtraCol4_1,1,NA,NA,NA,NA,ExtraCol13_1,1,Fare_5,91.0792,ExtraCol1_1,26,0,0,1,0,2,2,153
293,0,SC/Paris 2163,12.875,D,C,95,C,high,0,NA,NA,NA,C,NA,NA,Z,NA,259,X,medium,Parch_1,1,Fare_1,1,ExtraCol1_5,5,ExtraCol4_1,1,NA,NA,NA,NA,ExtraCol13_3,3,Fare_3,12.875,ExtraCol1_5,95,0,0,1,0,1,3,153
294,0,349236,8.85,B96 B98,S,33,A,unknown,41,A,NA,67,C,NA,91,Y,high,464,Y,high,Parch_1,1,Fare_1,1,ExtraCol1_2,2,ExtraCol4_3,3,ExtraCol7_4,4,ExtraCol10_5,5,ExtraCol13_5,5,Fare_2,8.85,ExtraCol1_2,33,1,0,0,0,1,691,441
295,0,349233,7.8958,B96 B98,S,43,A,high,NA,D,NA,NA,C,unknown,33,Y,low,1,X,medium,Parch_1,1,Fare_1,1,ExtraCol1_3,3,NA,NA,NA,NA,ExtraCol10_2,2,ExtraCol13_1,1,Fare_2,7.8958,ExtraCol1_2,43,1,0,0,0,1,691,441
296,0,PC 17612,27.7208,B96 B98,C,43,A,high,NA,NA,unknown,68,NA,high,NA,Z,low,244,Y,NA,Parch_1,1,Fare_1,1,ExtraCol1_3,3,NA,NA,ExtraCol7_4,4,NA,NA,ExtraCol13_3,3,Fare_4,27.7208,ExtraCol1_2,43,1,0,0,0,1,691,441
297,0,2693,7.2292,B96 B98,C,84,C,high,7,B,medium,NA,A,medium,43,X,NA,455,Y,low,Parch_1,1,Fare_1,1,ExtraCol1_5,5,ExtraCol4_1,1,NA,NA,ExtraCol10_3,3,ExtraCol13_5,5,Fare_1,7.2292,ExtraCol1_5,84,0,0,1,0,1,691,153
298,2,113781,151.55,C22 C26,S,43,A,high,67,D,NA,NA,NA,unknown,NA,Y,high,446,X,low,Parch_2,2,Fare_2,2,ExtraCol1_3,3,ExtraCol4_4,4,NA,NA,NA,NA,ExtraCol13_5,5,Fare_5,151.55,ExtraCol1_2,43,1,0,0,0,4,3,441
299,0,19988,30.5,C106,S,28,A,high,45,NA,high,89,NA,medium,88,Y,high,85,Z,medium,Parch_1,1,Fare_1,1,ExtraCol1_2,2,ExtraCol4_3,3,ExtraCol7_5,5,ExtraCol10_5,5,ExtraCol13_1,1,Fare_4,30.5,ExtraCol1_1,28,1,0,0,0,1,1,441
300,1,PC 17558,247.5208,B58 B60,C,2,A,high,23,NA,NA,20,D,NA,NA,X,medium,NA,X,low,Parch_1,1,Fare_3,3,ExtraCol1_1,1,ExtraCol4_2,2,ExtraCol7_2,2,NA,NA,NA,NA,Fare_5,247.5208,ExtraCol1_1,2,1,0,0,0,2,2,441
301,0,9234,7.75,B96 B98,Q,36,D,unknown,20,D,medium,16,C,low,33,NA,high,417,Z,high,Parch_1,1,Fare_1,1,ExtraCol1_2,2,ExtraCol4_2,2,ExtraCol7_1,1,ExtraCol10_2,2,ExtraCol13_5,5,Fare_1,7.75,ExtraCol1_2,36,0,0,0,1,1,691,155
302,0,367226,23.25,B96 B98,Q,82,A,unknown,66,D,unknown,39,B,low,NA,Z,medium,335,X,low,Parch_1,1,Fare_1,1,ExtraCol1_5,5,ExtraCol4_4,4,ExtraCol7_2,2,NA,NA,ExtraCol13_4,4,Fare_4,23.25,ExtraCol1_5,82,1,0,0,0,2,691,441
303,0,LINE,0,B96 B98,S,0,B,unknown,52,B,unknown,83,C,unknown,38,X,high,328,Y,high,Parch_1,1,Fare_1,1,ExtraCol1_1,1,ExtraCol4_3,3,ExtraCol7_5,5,ExtraCol10_2,2,ExtraCol13_4,4,Fare_1,0,ExtraCol1_1,0,0,1,0,0,4,691,142
304,0,226593,12.35,E101,Q,89,A,unknown,NA,B,medium,96,C,NA,NA,Y,high,386,Z,medium,Parch_1,1,Fare_1,1,ExtraCol1_5,5,NA,NA,ExtraCol7_5,5,NA,NA,ExtraCol13_4,4,Fare_3,12.35,ExtraCol1_5,89,1,0,0,0,1,3,441
305,0,A/5 2466,8.05,B96 B98,S,43,D,unknown,28,NA,medium,NA,NA,NA,30,Y,high,226,X,high,Parch_1,1,Fare_1,1,ExtraCol1_3,3,ExtraCol4_2,2,NA,NA,ExtraCol10_2,2,ExtraCol13_3,3,Fare_2,8.05,ExtraCol1_2,43,0,0,0,1,1,691,155
306,2,113781,151.55,C22 C26,S,14,B,high,52,A,NA,NA,B,NA,10,X,medium,33,Z,high,Parch_2,2,Fare_2,2,ExtraCol1_1,1,ExtraCol4_3,3,NA,NA,ExtraCol10_1,1,ExtraCol13_1,1,Fare_5,151.55,ExtraCol1_1,14,0,1,0,0,4,3,142
307,0,17421,110.8833,B96 B98,C,43,B,low,86,C,NA,23,C,NA,NA,X,medium,319,X,high,Parch_1,1,Fare_2,2,ExtraCol1_3,3,ExtraCol4_5,5,ExtraCol7_2,2,NA,NA,ExtraCol13_4,4,Fare_5,110.8833,ExtraCol1_2,43,0,1,0,0,4,691,142
308,0,PC 17758,108.9,C65,C,55,C,high,31,NA,medium,59,A,NA,65,NA,low,313,Z,medium,Parch_1,1,Fare_2,2,ExtraCol1_3,3,ExtraCol4_2,2,ExtraCol7_3,3,ExtraCol10_4,4,ExtraCol13_4,4,Fare_5,108.9,ExtraCol1_4,55,0,0,1,0,2,2,153
309,0,P/PP 3381,24,B96 B98,C,31,A,low,39,D,NA,18,A,high,93,Z,high,425,Z,high,Parch_1,1,Fare_1,1,ExtraCol1_2,2,ExtraCol4_2,2,ExtraCol7_1,1,ExtraCol10_5,5,ExtraCol13_5,5,Fare_4,24,ExtraCol1_2,31,1,0,0,0,2,691,441
310,0,PC 17485,56.9292,E36,C,43,D,low,16,NA,low,53,A,NA,0,Y,low,461,X,low,Parch_1,1,Fare_1,1,ExtraCol1_3,3,ExtraCol4_1,1,ExtraCol7_3,3,ExtraCol10_1,1,ExtraCol13_5,5,Fare_5,56.9292,ExtraCol1_2,43,0,0,0,1,2,1,155
311,0,11767,83.1583,C54,C,66,D,unknown,NA,C,NA,NA,NA,medium,63,Y,medium,168,Y,medium,Parch_1,1,Fare_1,1,ExtraCol1_4,4,NA,NA,NA,NA,ExtraCol10_4,4,ExtraCol13_2,2,Fare_5,83.1583,ExtraCol1_4,66,0,0,0,1,2,1,155
312,2,PC 17608,262.375,B57 B59 B63 B66,C,67,A,unknown,3,C,medium,7,A,low,56,Y,medium,478,Z,low,Parch_2,2,Fare_3,3,ExtraCol1_4,4,ExtraCol4_1,1,ExtraCol7_1,1,ExtraCol10_3,3,ExtraCol13_5,5,Fare_5,262.375,ExtraCol1_4,67,1,0,0,0,2,2,441
313,1,250651,26,B96 B98,S,43,C,high,24,C,unknown,96,B,unknown,62,Z,NA,4,X,low,Parch_1,1,Fare_1,1,ExtraCol1_3,3,ExtraCol4_2,2,ExtraCol7_5,5,ExtraCol10_4,4,ExtraCol13_1,1,Fare_4,26,ExtraCol1_2,43,0,0,1,0,1,691,153
314,0,349243,7.8958,B96 B98,S,28,C,high,NA,A,unknown,89,NA,unknown,98,Z,high,484,X,medium,Parch_1,1,Fare_1,1,ExtraCol1_2,2,NA,NA,ExtraCol7_5,5,ExtraCol10_5,5,ExtraCol13_5,5,Fare_2,7.8958,ExtraCol1_1,28,0,0,1,0,1,691,153
315,1,F.C.C. 13529,26.25,B96 B98,S,24,A,high,1,B,unknown,NA,B,medium,39,X,high,NA,X,low,Parch_1,1,Fare_1,1,ExtraCol1_2,2,ExtraCol4_1,1,NA,NA,ExtraCol10_2,2,NA,NA,Fare_4,26.25,ExtraCol1_1,24,1,0,0,0,3,691,441
316,0,347470,7.8542,B96 B98,S,43,D,high,98,NA,NA,62,A,NA,NA,Y,high,322,NA,medium,Parch_1,1,Fare_1,1,ExtraCol1_3,3,ExtraCol4_5,5,ExtraCol7_4,4,NA,NA,ExtraCol13_4,4,Fare_1,7.8542,ExtraCol1_2,43,0,0,0,1,1,691,155
317,0,244367,26,B96 B98,S,43,A,unknown,40,B,NA,NA,D,low,1,Y,NA,341,Z,medium,Parch_1,1,Fare_1,1,ExtraCol1_3,3,ExtraCol4_3,3,NA,NA,ExtraCol10_1,1,ExtraCol13_4,4,Fare_4,26,ExtraCol1_2,43,1,0,0,0,2,691,441
318,0,29011,14,B96 B98,S,43,A,medium,NA,D,high,57,B,NA,NA,X,medium,316,Y,NA,Parch_1,1,Fare_1,1,ExtraCol1_3,3,NA,NA,ExtraCol7_3,3,NA,NA,ExtraCol13_4,4,Fare_3,14,ExtraCol1_2,43,1,0,0,0,1,691,441
319,2,36928,164.8667,C7,S,93,C,high,53,NA,unknown,NA,A,NA,17,NA,medium,495,Y,medium,Parch_2,2,Fare_2,2,ExtraCol1_5,5,ExtraCol4_3,3,NA,NA,ExtraCol10_1,1,ExtraCol13_5,5,Fare_5,164.8667,ExtraCol1_5,93,0,0,1,0,2,1,153
320,1,16966,134.5,E34,C,43,A,high,NA,B,low,53,NA,NA,NA,X,high,276,Z,high,Parch_1,1,Fare_2,2,ExtraCol1_3,3,NA,NA,ExtraCol7_3,3,NA,NA,ExtraCol13_3,3,Fare_5,134.5,ExtraCol1_2,43,1,0,0,0,2,1,441
321,0,A/5 21172,7.25,B96 B98,S,43,D,low,NA,NA,high,NA,NA,low,NA,Z,medium,65,X,medium,Parch_1,1,Fare_1,1,ExtraCol1_3,3,NA,NA,NA,NA,NA,NA,ExtraCol13_1,1,Fare_1,7.25,ExtraCol1_2,43,0,0,0,1,1,691,155
322,0,349219,7.8958,B96 B98,S,43,D,high,88,A,low,39,NA,NA,27,X,medium,303,Z,low,Parch_1,1,Fare_1,1,ExtraCol1_3,3,ExtraCol4_5,5,ExtraCol7_2,2,ExtraCol10_2,2,ExtraCol13_4,4,Fare_2,7.8958,ExtraCol1_2,43,0,0,0,1,1,691,155
323,0,234818,12.35,B96 B98,Q,43,C,high,NA,B,NA,84,NA,low,11,Y,low,145,X,medium,Parch_1,1,Fare_1,1,ExtraCol1_3,3,NA,NA,ExtraCol7_5,5,ExtraCol10_1,1,ExtraCol13_2,2,Fare_3,12.35,ExtraCol1_2,43,0,0,1,0,1,691,153
324,1,248738,29,B96 B98,S,91,B,high,NA,B,medium,25,NA,high,NA,Z,medium,306,X,medium,Parch_1,1,Fare_1,1,ExtraCol1_5,5,NA,NA,ExtraCol7_2,2,NA,NA,ExtraCol13_4,4,Fare_4,29,ExtraCol1_5,91,0,1,0,0,2,691,142
325,2,CA. 2343,69.55,B96 B98,S,43,B,medium,70,D,high,96,B,high,65,Y,medium,190,NA,high,Parch_2,2,Fare_1,1,ExtraCol1_3,3,ExtraCol4_4,4,ExtraCol7_5,5,ExtraCol10_4,4,ExtraCol13_2,2,Fare_5,69.55,ExtraCol1_2,43,0,1,0,0,7,691,142
326,0,PC 17760,135.6333,C32,C,23,B,high,30,NA,unknown,75,NA,NA,28,X,low,21,Y,medium,Parch_1,1,Fare_2,2,ExtraCol1_2,2,ExtraCol4_2,2,ExtraCol7_4,4,ExtraCol10_2,2,ExtraCol13_1,1,Fare_5,135.6333,ExtraCol1_1,23,0,1,0,0,3,1,142
327,0,345364,6.2375,B96 B98,S,23,C,unknown,99,A,low,89,B,low,13,X,high,318,Y,low,Parch_1,1,Fare_1,1,ExtraCol1_2,2,ExtraCol4_5,5,ExtraCol7_5,5,ExtraCol10_1,1,ExtraCol13_4,4,Fare_1,6.2375,ExtraCol1_1,23,0,0,1,0,1,691,153
328,0,28551,13,D,S,3,A,high,25,NA,high,50,NA,medium,57,Y,high,44,X,low,Parch_1,1,Fare_1,1,ExtraCol1_1,1,ExtraCol4_2,2,ExtraCol7_3,3,ExtraCol10_3,3,ExtraCol13_1,1,Fare_3,13,ExtraCol1_1,3,1,0,0,0,1,3,441
329,1,363291,20.525,B96 B98,S,43,C,medium,29,NA,low,22,A,low,NA,Z,high,163,Y,low,Parch_1,1,Fare_1,1,ExtraCol1_3,3,ExtraCol4_2,2,ExtraCol7_2,2,NA,NA,ExtraCol13_2,2,Fare_3,20.525,ExtraCol1_2,43,0,0,1,0,3,691,153
330,1,111361,57.9792,B18,C,55,D,medium,71,A,low,3,D,high,NA,Y,low,309,Z,medium,Parch_1,1,Fare_1,1,ExtraCol1_3,3,ExtraCol4_4,4,ExtraCol7_1,1,NA,NA,ExtraCol13_4,4,Fare_5,57.9792,ExtraCol1_4,55,0,0,0,1,2,2,155
331,0,367226,23.25,B96 B98,Q,54,A,high,78,C,NA,53,NA,low,38,X,low,440,X,NA,Parch_1,1,Fare_1,1,ExtraCol1_3,3,ExtraCol4_4,4,ExtraCol7_3,3,ExtraCol10_2,2,ExtraCol13_5,5,Fare_4,23.25,ExtraCol1_4,54,1,0,0,0,2,691,441
332,0,113043,28.5,C124,S,43,C,medium,12,C,high,39,D,high,NA,Z,low,157,X,high,Parch_1,1,Fare_1,1,ExtraCol1_3,3,ExtraCol4_1,1,ExtraCol7_2,2,NA,NA,ExtraCol13_2,2,Fare_4,28.5,ExtraCol1_2,43,0,0,1,0,1,2,153
333,1,PC 17582,153.4625,C91,S,30,A,high,55,NA,low,11,C,unknown,24,Y,high,149,X,low,Parch_1,1,Fare_2,2,ExtraCol1_2,2,ExtraCol4_3,3,ExtraCol7_1,1,ExtraCol10_2,2,ExtraCol13_2,2,Fare_5,153.4625,ExtraCol1_2,30,1,0,0,0,3,1,441
334,0,345764,18,B96 B98,S,82,C,high,NA,B,medium,NA,D,high,28,X,high,150,Y,medium,Parch_1,1,Fare_1,1,ExtraCol1_5,5,NA,NA,NA,NA,ExtraCol10_2,2,ExtraCol13_2,2,Fare_3,18,ExtraCol1_5,82,0,0,1,0,2,691,153
335,0,PC 17611,133.65,B96 B98,S,43,A,high,61,NA,NA,97,NA,NA,14,Y,medium,287,Z,low,Parch_1,1,Fare_2,2,ExtraCol1_3,3,ExtraCol4_4,4,ExtraCol7_5,5,ExtraCol10_1,1,ExtraCol13_3,3,Fare_5,133.65,ExtraCol1_2,43,1,0,0,0,2,691,441
336,0,349225,7.8958,B96 B98,S,80,A,unknown,55,NA,medium,NA,D,NA,NA,X,low,96,X,high,Parch_1,1,Fare_1,1,ExtraCol1_5,5,ExtraCol4_3,3,NA,NA,NA,NA,ExtraCol13_1,1,Fare_2,7.8958,ExtraCol1_5,80,1,0,0,0,1,691,441
337,0,113776,66.6,C2,S,96,A,medium,NA,B,unknown,NA,C,NA,14,Z,medium,NA,Z,medium,Parch_1,1,Fare_1,1,ExtraCol1_5,5,NA,NA,NA,NA,ExtraCol10_1,1,NA,NA,Fare_5,66.6,ExtraCol1_5,96,1,0,0,0,2,2,441
338,0,16966,134.5,E40,C,31,A,medium,NA,NA,NA,NA,D,NA,68,Z,high,400,Z,medium,Parch_1,1,Fare_2,2,ExtraCol1_2,2,NA,NA,NA,NA,ExtraCol10_4,4,ExtraCol13_5,5,Fare_5,134.5,ExtraCol1_2,31,1,0,0,0,2,1,441
339,0,7598,8.05,B96 B98,S,20,A,high,65,NA,NA,NA,NA,NA,NA,X,medium,NA,Y,medium,Parch_1,1,Fare_1,1,ExtraCol1_2,2,ExtraCol4_4,4,NA,NA,NA,NA,NA,NA,Fare_2,8.05,ExtraCol1_1,20,1,0,0,0,1,691,441
340,0,113784,35.5,T,S,95,A,high,67,D,NA,62,NA,unknown,NA,Y,low,482,Z,low,Parch_1,1,Fare_1,1,ExtraCol1_5,5,ExtraCol4_4,4,ExtraCol7_4,4,NA,NA,ExtraCol13_5,5,Fare_4,35.5,ExtraCol1_5,95,1,0,0,0,1,1,441
341,1,230080,26,F2,S,63,A,unknown,NA,C,high,41,C,unknown,NA,X,NA,265,NA,low,Parch_1,1,Fare_1,1,ExtraCol1_4,4,NA,NA,ExtraCol7_3,3,NA,NA,ExtraCol13_3,3,Fare_4,26,ExtraCol1_4,63,1,0,0,0,3,3,441
342,2,19950,263,C23 C25 C27,S,29,A,low,NA,NA,medium,NA,A,medium,63,Y,high,313,Z,high,Parch_2,2,Fare_3,3,ExtraCol1_2,2,NA,NA,NA,NA,ExtraCol10_4,4,ExtraCol13_4,4,Fare_5,263,ExtraCol1_2,29,1,0,0,0,4,4,441
343,0,248740,13,B96 B98,S,62,B,unknown,72,B,NA,18,NA,medium,75,X,high,308,Y,low,Parch_1,1,Fare_1,1,ExtraCol1_4,4,ExtraCol4_4,4,ExtraCol7_1,1,ExtraCol10_4,4,ExtraCol13_4,4,Fare_3,13,ExtraCol1_4,62,0,1,0,0,1,691,142
344,0,244361,13,B96 B98,S,51,C,high,77,NA,medium,66,A,low,56,Z,medium,472,X,high,Parch_1,1,Fare_1,1,ExtraCol1_3,3,ExtraCol4_4,4,ExtraCol7_4,4,ExtraCol10_3,3,ExtraCol13_5,5,Fare_3,13,ExtraCol1_4,51,0,0,1,0,1,691,153
345,0,229236,13,B96 B98,S,43,A,high,12,B,low,98,A,NA,NA,X,high,332,Z,low,Parch_1,1,Fare_1,1,ExtraCol1_3,3,ExtraCol4_1,1,ExtraCol7_5,5,NA,NA,ExtraCol13_4,4,Fare_3,13,ExtraCol1_2,43,1,0,0,0,1,691,441
346,0,248733,13,F33,S,25,C,high,88,NA,low,85,NA,high,25,Z,low,441,Y,low,Parch_1,1,Fare_1,1,ExtraCol1_2,2,ExtraCol4_5,5,ExtraCol7_5,5,ExtraCol10_2,2,ExtraCol13_5,5,Fare_3,13,ExtraCol1_1,25,0,0,1,0,1,3,153
347,0,31418,13,B96 B98,S,99,A,unknown,NA,NA,medium,4,NA,NA,NA,X,high,142,X,high,Parch_1,1,Fare_1,1,ExtraCol1_5,5,NA,NA,ExtraCol7_1,1,NA,NA,ExtraCol13_2,2,Fare_3,13,ExtraCol1_5,99,1,0,0,0,1,691,441
348,0,386525,16.1,B96 B98,S,43,A,low,NA,C,unknown,11,A,medium,NA,X,low,108,Z,high,Parch_1,1,Fare_1,1,ExtraCol1_3,3,NA,NA,ExtraCol7_1,1,NA,NA,ExtraCol13_2,2,Fare_3,16.1,ExtraCol1_2,43,1,0,0,0,1,691,441
349,1,C.A. 37671,15.9,B96 B98,S,43,A,high,48,NA,low,62,B,low,NA,Z,medium,321,Y,high,Parch_1,1,Fare_1,1,ExtraCol1_3,3,ExtraCol4_3,3,ExtraCol7_4,4,NA,NA,ExtraCol13_4,4,Fare_3,15.9,ExtraCol1_2,43,1,0,0,0,2,691,441
350,0,315088,8.6625,B96 B98,S,16,B,low,48,NA,NA,92,B,low,49,Z,medium,76,Z,high,Parch_1,1,Fare_1,1,ExtraCol1_1,1,ExtraCol4_3,3,ExtraCol7_5,5,ExtraCol10_3,3,ExtraCol13_1,1,Fare_2,8.6625,ExtraCol1_1,16,0,1,0,0,1,691,142
351,0,7267,9.225,B96 B98,S,43,A,low,91,NA,medium,84,C,NA,90,X,high,55,Z,medium,Parch_1,1,Fare_1,1,ExtraCol1_3,3,ExtraCol4_5,5,ExtraCol7_5,5,ExtraCol10_5,5,ExtraCol13_1,1,Fare_2,9.225,ExtraCol1_2,43,1,0,0,0,1,691,441
352,0,113510,35,C128,S,43,B,unknown,96,A,high,90,NA,low,27,X,low,105,X,low,Parch_1,1,Fare_1,1,ExtraCol1_3,3,ExtraCol4_5,5,ExtraCol7_5,5,ExtraCol10_2,2,ExtraCol13_2,2,Fare_4,35,ExtraCol1_2,43,0,1,0,0,1,1,142
353,1,2695,7.2292,B96 B98,C,29,C,high,80,A,low,14,C,NA,51,Z,low,135,Z,medium,Parch_1,1,Fare_1,1,ExtraCol1_2,2,ExtraCol4_5,5,ExtraCol7_1,1,ExtraCol10_3,3,ExtraCol13_2,2,Fare_1,7.2292,ExtraCol1_2,29,0,0,1,0,1,691,153
354,0,349237,17.8,B96 B98,S,43,A,medium,65,B,low,51,B,NA,NA,Z,high,48,NA,medium,Parch_1,1,Fare_1,1,ExtraCol1_3,3,ExtraCol4_4,4,ExtraCol7_3,3,NA,NA,ExtraCol13_1,1,Fare_3,17.8,ExtraCol1_2,43,1,0,0,0,2,691,441
355,0,2647,7.225,B96 B98,C,96,C,high,10,B,low,72,D,NA,63,Y,medium,364,Z,high,Parch_1,1,Fare_1,1,ExtraCol1_5,5,ExtraCol4_1,1,ExtraCol7_4,4,ExtraCol10_4,4,ExtraCol13_4,4,Fare_1,7.225,ExtraCol1_5,96,0,0,1,0,1,691,153
356,0,345783,9.5,B96 B98,S,99,A,medium,91,C,medium,62,B,NA,NA,X,high,291,X,NA,Parch_1,1,Fare_1,1,ExtraCol1_5,5,ExtraCol4_5,5,ExtraCol7_4,4,NA,NA,ExtraCol13_3,3,Fare_2,9.5,ExtraCol1_5,99,1,0,0,0,1,691,441
357,1,113505,55,E33,S,15,D,medium,13,A,NA,77,B,high,41,X,medium,100,Z,low,Parch_1,1,Fare_1,1,ExtraCol1_1,1,ExtraCol4_1,1,ExtraCol7_4,4,ExtraCol10_3,3,ExtraCol13_2,2,Fare_5,55,ExtraCol1_1,15,0,0,0,1,2,2,155
358,0,237671,13,B96 B98,S,89,C,medium,16,B,unknown,21,A,medium,0,X,medium,141,Z,medium,Parch_1,1,Fare_1,1,ExtraCol1_5,5,ExtraCol4_1,1,ExtraCol7_2,2,ExtraCol10_1,1,ExtraCol13_2,2,Fare_3,13,ExtraCol1_5,89,0,0,1,0,1,691,153
359,0,330931,7.8792,B96 B98,Q,43,B,medium,6,D,NA,45,D,NA,NA,Z,high,464,Z,high,Parch_1,1,Fare_1,1,ExtraCol1_3,3,ExtraCol4_1,1,ExtraCol7_3,3,NA,NA,ExtraCol13_5,5,Fare_2,7.8792,ExtraCol1_2,43,0,1,0,0,1,691,142
360,0,330980,7.8792,B96 B98,Q,43,C,unknown,94,D,NA,44,NA,low,NA,X,high,NA,Y,high,Parch_1,1,Fare_1,1,ExtraCol1_3,3,ExtraCol4_5,5,ExtraCol7_3,3,NA,NA,NA,NA,Fare_2,7.8792,ExtraCol1_2,43,0,0,1,0,1,691,153
361,4,347088,27.9,B96 B98,S,84,A,medium,NA,D,NA,93,B,high,NA,Y,NA,61,Z,medium,Parch_4,4,Fare_1,1,ExtraCol1_5,5,NA,NA,ExtraCol7_5,5,NA,NA,ExtraCol13_1,1,Fare_4,27.9,ExtraCol1_5,84,1,0,0,0,6,691,441
362,0,SC/PARIS 2167,27.7208,B96 B98,C,43,A,medium,NA,NA,NA,20,B,unknown,NA,Z,high,306,NA,medium,Parch_1,1,Fare_1,1,ExtraCol1_3,3,NA,NA,ExtraCol7_2,2,NA,NA,ExtraCol13_4,4,Fare_4,27.7208,ExtraCol1_2,43,1,0,0,0,1,691,441
363,1,2691,14.4542,B96 B98,C,22,D,high,8,A,medium,32,D,high,14,X,low,161,X,medium,Parch_1,1,Fare_1,1,ExtraCol1_2,2,ExtraCol4_1,1,ExtraCol7_2,2,ExtraCol10_1,1,ExtraCol13_2,2,Fare_3,14.4542,ExtraCol1_1,22,0,0,0,1,2,691,155
364,0,SOTON/O.Q. 3101310,7.05,B96 B98,S,89,D,unknown,41,NA,medium,NA,NA,medium,NA,NA,low,179,Z,medium,Parch_1,1,Fare_1,1,ExtraCol1_5,5,ExtraCol4_3,3,NA,NA,NA,NA,ExtraCol13_2,2,Fare_1,7.05,ExtraCol1_5,89,0,0,0,1,1,691,155
365,0,370365,15.5,B96 B98,Q,43,A,medium,72,A,high,15,A,high,79,Z,high,299,Y,medium,Parch_1,1,Fare_1,1,ExtraCol1_3,3,ExtraCol4_4,4,ExtraCol7_1,1,ExtraCol10_4,4,ExtraCol13_3,3,Fare_3,15.5,ExtraCol1_2,43,1,0,0,0,2,691,441
366,0,C 7076,7.25,B96 B98,S,43,B,unknown,99,NA,NA,NA,A,unknown,45,X,medium,492,X,low,Parch_1,1,Fare_1,1,ExtraCol1_3,3,ExtraCol4_5,5,NA,NA,ExtraCol10_3,3,ExtraCol13_5,5,Fare_1,7.25,ExtraCol1_2,43,0,1,0,0,1,691,142
367,0,110813,75.25,D37,C,46,A,medium,NA,NA,medium,84,C,low,5,X,low,291,Y,medium,Parch_1,1,Fare_1,1,ExtraCol1_3,3,NA,NA,ExtraCol7_5,5,ExtraCol10_1,1,ExtraCol13_3,3,Fare_5,75.25,ExtraCol1_4,46,1,0,0,0,1,1,441
368,0,2626,7.2292,B96 B98,C,31,A,high,60,D,medium,NA,A,high,6,X,low,476,X,medium,Parch_1,1,Fare_1,1,ExtraCol1_2,2,ExtraCol4_4,4,NA,NA,ExtraCol10_1,1,ExtraCol13_5,5,Fare_1,7.2292,ExtraCol1_2,31,1,0,0,0,1,691,441
369,0,14313,7.75,B96 B98,Q,43,B,unknown,83,C,high,70,NA,low,67,X,medium,410,Y,NA,Parch_1,1,Fare_1,1,ExtraCol1_3,3,ExtraCol4_5,5,ExtraCol7_4,4,ExtraCol10_4,4,ExtraCol13_5,5,Fare_1,7.75,ExtraCol1_2,43,0,1,0,0,1,691,142
370,0,PC 17477,69.3,B35,C,77,A,high,90,B,high,59,A,NA,NA,X,medium,389,Y,high,Parch_1,1,Fare_1,1,ExtraCol1_4,4,ExtraCol4_5,5,ExtraCol7_3,3,NA,NA,ExtraCol13_4,4,Fare_5,69.3,ExtraCol1_5,77,1,0,0,0,2,2,441
371,0,11765,55.4417,E50,C,33,C,low,27,B,low,NA,D,unknown,NA,Z,high,395,Z,high,Parch_1,1,Fare_1,1,ExtraCol1_2,2,ExtraCol4_2,2,NA,NA,NA,NA,ExtraCol13_4,4,Fare_5,55.4417,ExtraCol1_2,33,0,0,1,0,1,1,153
372,0,3101267,6.4958,B96 B98,S,66,A,high,NA,D,NA,30,D,medium,40,X,high,395,Z,low,Parch_1,1,Fare_1,1,ExtraCol1_4,4,NA,NA,ExtraCol7_2,2,ExtraCol10_3,3,ExtraCol13_4,4,Fare_1,6.4958,ExtraCol1_4,66,1,0,0,0,1,691,441
373,0,323951,8.05,B96 B98,S,41,D,high,51,D,high,99,NA,NA,49,X,high,127,Y,medium,Parch_1,1,Fare_1,1,ExtraCol1_3,3,ExtraCol4_3,3,ExtraCol7_5,5,ExtraCol10_3,3,ExtraCol13_2,2,Fare_2,8.05,ExtraCol1_2,41,0,0,0,1,1,691,155
374,0,PC 17760,135.6333,B96 B98,C,43,C,medium,93,C,high,NA,NA,medium,16,Z,medium,488,Z,medium,Parch_1,1,Fare_2,2,ExtraCol1_3,3,ExtraCol4_5,5,NA,NA,ExtraCol10_1,1,ExtraCol13_5,5,Fare_5,135.6333,ExtraCol1_2,43,0,0,1,0,3,691,153
375,1,349909,21.075,B96 B98,S,43,A,unknown,11,D,NA,71,B,low,NA,X,high,459,X,NA,Parch_1,1,Fare_1,1,ExtraCol1_3,3,ExtraCol4_1,1,ExtraCol7_4,4,NA,NA,ExtraCol13_5,5,Fare_3,21.075,ExtraCol1_2,43,1,0,0,0,4,691,441
376,0,PC 17604,82.1708,B96 B98,C,9,A,high,9,B,high,NA,NA,NA,76,X,high,300,Z,medium,Parch_1,1,Fare_1,1,ExtraCol1_1,1,ExtraCol4_1,1,NA,NA,ExtraCol10_4,4,ExtraCol13_4,4,Fare_5,82.1708,ExtraCol1_1,9,1,0,0,0,2,691,441
377,0,C 7077,7.25,B96 B98,S,43,C,high,NA,B,high,NA,C,NA,42,X,high,355,X,NA,Parch_1,1,Fare_1,1,ExtraCol1_3,3,NA,NA,NA,NA,ExtraCol10_3,3,ExtraCol13_4,4,Fare_1,7.25,ExtraCol1_2,43,0,0,1,0,1,691,153
378,2,113503,211.5,C82,C,74,A,high,67,D,medium,NA,NA,low,49,Z,medium,440,Z,high,Parch_2,2,Fare_3,3,ExtraCol1_4,4,ExtraCol4_4,4,NA,NA,ExtraCol10_3,3,ExtraCol13_5,5,Fare_5,211.5,ExtraCol1_4,74,1,0,0,0,1,1,441
379,0,2648,4.0125,B96 B98,C,37,A,low,17,B,high,84,C,low,NA,Z,low,76,Z,NA,Parch_1,1,Fare_1,1,ExtraCol1_2,2,ExtraCol4_1,1,ExtraCol7_5,5,NA,NA,ExtraCol13_1,1,Fare_1,4.0125,ExtraCol1_2,37,1,0,0,0,1,691,441
380,0,347069,7.775,B96 B98,S,43,A,medium,89,D,medium,63,A,unknown,NA,NA,low,32,X,high,Parch_1,1,Fare_1,1,ExtraCol1_3,3,ExtraCol4_5,5,ExtraCol7_4,4,NA,NA,ExtraCol13_1,1,Fare_1,7.775,ExtraCol1_2,43,1,0,0,0,1,691,441
381,0,PC 17757,227.525,B96 B98,C,0,B,high,10,B,medium,28,B,NA,98,Z,high,497,X,high,Parch_1,1,Fare_3,3,ExtraCol1_1,1,ExtraCol4_1,1,ExtraCol7_2,2,ExtraCol10_5,5,ExtraCol13_5,5,Fare_5,227.525,ExtraCol1_1,0,0,1,0,0,4,691,142
382,2,2653,15.7417,B96 B98,C,43,D,low,NA,B,low,96,NA,unknown,81,X,high,277,Z,high,Parch_2,2,Fare_1,1,ExtraCol1_3,3,NA,NA,ExtraCol7_5,5,ExtraCol10_5,5,ExtraCol13_3,3,Fare_3,15.7417,ExtraCol1_2,43,0,0,0,1,2,691,155
383,0,STON/O 2. 3101293,7.925,B96 B98,S,94,B,medium,NA,A,medium,70,NA,high,NA,Y,high,361,Z,high,Parch_1,1,Fare_1,1,ExtraCol1_5,5,NA,NA,ExtraCol7_4,4,NA,NA,ExtraCol13_4,4,Fare_2,7.925,ExtraCol1_5,94,0,1,0,0,1,691,142
384,0,113789,52,B96 B98,S,43,A,high,NA,C,low,42,NA,NA,NA,Y,NA,251,Z,medium,Parch_1,1,Fare_1,1,ExtraCol1_3,3,NA,NA,ExtraCol7_3,3,NA,NA,ExtraCol13_3,3,Fare_5,52,ExtraCol1_2,43,1,0,0,0,2,691,441
385,0,349227,7.8958,B96 B98,S,3,A,unknown,NA,B,NA,13,NA,medium,72,X,medium,258,X,medium,Parch_1,1,Fare_1,1,ExtraCol1_1,1,NA,NA,ExtraCol7_1,1,ExtraCol10_4,4,ExtraCol13_3,3,Fare_2,7.8958,ExtraCol1_1,3,1,0,0,0,1,691,441
386,0,S.O.C. 14879,73.5,B96 B98,S,12,B,low,84,B,medium,97,B,NA,33,Z,low,18,Y,medium,Parch_1,1,Fare_1,1,ExtraCol1_1,1,ExtraCol4_5,5,ExtraCol7_5,5,ExtraCol10_2,2,ExtraCol13_1,1,Fare_5,73.5,ExtraCol1_1,12,0,1,0,0,5,691,142
387,2,CA 2144,46.9,B96 B98,S,6,B,unknown,10,C,high,NA,C,unknown,51,Y,low,144,Y,high,Parch_2,2,Fare_1,1,ExtraCol1_1,1,ExtraCol4_1,1,NA,NA,ExtraCol10_3,3,ExtraCol13_2,2,Fare_5,46.9,ExtraCol1_1,6,0,1,0,0,6,691,142
388,0,27849,13,B96 B98,S,83,A,medium,NA,A,unknown,NA,NA,low,14,Z,high,43,Z,medium,Parch_1,1,Fare_1,1,ExtraCol1_5,5,NA,NA,NA,NA,ExtraCol10_1,1,ExtraCol13_1,1,Fare_3,13,ExtraCol1_5,83,1,0,0,0,1,691,441
389,0,367655,7.7292,B96 B98,Q,89,B,high,61,NA,low,83,NA,NA,NA,X,low,216,Z,high,Parch_1,1,Fare_1,1,ExtraCol1_5,5,ExtraCol4_4,4,ExtraCol7_5,5,NA,NA,ExtraCol13_3,3,Fare_1,7.7292,ExtraCol1_5,89,0,1,0,0,1,691,142
390,0,SC 1748,12,B96 B98,C,15,A,high,2,D,unknown,60,D,high,NA,Z,medium,10,Z,high,Parch_1,1,Fare_1,1,ExtraCol1_1,1,ExtraCol4_1,1,ExtraCol7_4,4,NA,NA,ExtraCol13_1,1,Fare_3,12,ExtraCol1_1,15,1,0,0,0,1,691,441
391,2,113760,120,B96 B98,S,74,A,high,74,C,medium,NA,NA,unknown,72,X,high,401,Y,NA,Parch_2,2,Fare_2,2,ExtraCol1_4,4,ExtraCol4_4,4,NA,NA,ExtraCol10_4,4,ExtraCol13_5,5,Fare_5,120,ExtraCol1_4,74,1,0,0,0,4,691,441
392,0,350034,7.7958,B96 B98,S,17,A,unknown,NA,C,NA,23,A,unknown,60,X,medium,147,X,medium,Parch_1,1,Fare_1,1,ExtraCol1_1,1,NA,NA,ExtraCol7_2,2,ExtraCol10_4,4,ExtraCol13_2,2,Fare_1,7.7958,ExtraCol1_1,17,1,0,0,0,1,691,441
393,0,3101277,7.925,B96 B98,S,36,C,low,75,NA,NA,7,A,low,NA,Y,high,370,Z,medium,Parch_1,1,Fare_1,1,ExtraCol1_2,2,ExtraCol4_4,4,ExtraCol7_1,1,NA,NA,ExtraCol13_4,4,Fare_2,7.925,ExtraCol1_2,36,0,0,1,0,1,691,153
394,0,35273,113.275,D36,C,59,D,low,NA,C,unknown,NA,NA,NA,50,X,medium,26,X,high,Parch_1,1,Fare_2,2,ExtraCol1_3,3,NA,NA,NA,NA,ExtraCol10_3,3,ExtraCol13_1,1,Fare_5,113.275,ExtraCol1_4,59,0,0,0,1,3,2,155
395,2,PP 9549,16.7,G6,S,43,C,unknown,19,B,low,NA,C,NA,NA,X,high,16,X,low,Parch_2,2,Fare_1,1,ExtraCol1_3,3,ExtraCol4_1,1,NA,NA,NA,NA,ExtraCol13_1,1,Fare_3,16.7,ExtraCol1_2,43,0,0,1,0,2,4,153
396,0,350052,7.7958,B96 B98,S,87,A,high,NA,NA,NA,NA,NA,low,NA,Z,low,NA,X,low,Parch_1,1,Fare_1,1,ExtraCol1_5,5,NA,NA,NA,NA,NA,NA,NA,NA,Fare_1,7.7958,ExtraCol1_5,87,1,0,0,0,1,691,441
397,0,350407,7.8542,B96 B98,S,4,A,unknown,6,A,NA,16,A,NA,1,Y,medium,394,Y,low,Parch_1,1,Fare_1,1,ExtraCol1_1,1,ExtraCol4_1,1,ExtraCol7_1,1,ExtraCol10_1,1,ExtraCol13_4,4,Fare_1,7.8542,ExtraCol1_1,4,1,0,0,0,1,691,441
398,0,28403,26,B96 B98,S,19,B,medium,53,C,NA,57,C,NA,NA,Y,low,406,X,NA,Parch_1,1,Fare_1,1,ExtraCol1_1,1,ExtraCol4_3,3,ExtraCol7_3,3,NA,NA,ExtraCol13_5,5,Fare_4,26,ExtraCol1_1,19,0,1,0,0,2,691,142
399,0,244278,10.5,B96 B98,S,43,B,high,NA,C,high,12,A,low,NA,X,NA,272,NA,high,Parch_1,1,Fare_1,1,ExtraCol1_3,3,NA,NA,ExtraCol7_1,1,NA,NA,ExtraCol13_3,3,Fare_2,10.5,ExtraCol1_2,43,0,1,0,0,1,691,142
400,0,240929,12.65,B96 B98,S,31,A,low,NA,NA,medium,NA,A,NA,36,Z,high,306,X,high,Parch_1,1,Fare_1,1,ExtraCol1_2,2,NA,NA,NA,NA,ExtraCol10_2,2,ExtraCol13_4,4,Fare_3,12.65,ExtraCol1_2,31,1,0,0,0,1,691,441
401,0,STON/O 2. 3101289,7.925,B96 B98,S,99,D,medium,20,NA,medium,79,A,high,87,Z,medium,344,Z,medium,Parch_1,1,Fare_1,1,ExtraCol1_5,5,ExtraCol4_2,2,ExtraCol7_4,4,ExtraCol10_5,5,ExtraCol13_4,4,Fare_2,7.925,ExtraCol1_5,99,0,0,0,1,1,691,155
402,0,341826,8.05,B96 B98,S,77,A,low,76,D,NA,NA,C,unknown,64,Z,medium,336,Y,low,Parch_1,1,Fare_1,1,ExtraCol1_4,4,ExtraCol4_4,4,NA,NA,ExtraCol10_4,4,ExtraCol13_4,4,Fare_2,8.05,ExtraCol1_5,77,1,0,0,0,1,691,441
403,0,4137,9.825,B96 B98,S,43,C,unknown,69,NA,NA,94,B,low,60,Y,medium,370,X,medium,Parch_1,1,Fare_1,1,ExtraCol1_3,3,ExtraCol4_4,4,ExtraCol7_5,5,ExtraCol10_4,4,ExtraCol13_4,4,Fare_2,9.825,ExtraCol1_2,43,0,0,1,0,1,691,153
404,0,STON/O2. 3101279,15.85,B96 B98,S,97,A,high,NA,C,NA,31,B,NA,NA,Y,low,15,Z,high,Parch_1,1,Fare_1,1,ExtraCol1_5,5,NA,NA,ExtraCol7_2,2,NA,NA,ExtraCol13_1,1,Fare_3,15.85,ExtraCol1_5,97,1,0,0,0,2,691,441
405,0,315096,8.6625,B96 B98,S,43,D,unknown,NA,D,unknown,94,C,low,50,X,low,214,Y,low,Parch_1,1,Fare_1,1,ExtraCol1_3,3,NA,NA,ExtraCol7_5,5,ExtraCol10_3,3,ExtraCol13_3,3,Fare_2,8.6625,ExtraCol1_2,43,0,0,0,1,1,691,155
406,0,28664,21,B96 B98,S,43,A,low,6,NA,NA,78,A,high,70,X,NA,419,X,medium,Parch_1,1,Fare_1,1,ExtraCol1_3,3,ExtraCol4_1,1,ExtraCol7_4,4,ExtraCol10_4,4,ExtraCol13_5,5,Fare_3,21,ExtraCol1_2,43,1,0,0,0,1,691,441
407,0,347064,7.75,B96 B98,S,43,A,low,44,A,unknown,33,NA,unknown,NA,X,low,219,Y,medium,Parch_1,1,Fare_1,1,ExtraCol1_3,3,ExtraCol4_3,3,ExtraCol7_2,2,NA,NA,ExtraCol13_3,3,Fare_1,7.75,ExtraCol1_2,43,1,0,0,0,1,691,441
408,1,29106,18.75,B96 B98,S,14,B,high,NA,B,unknown,NA,NA,unknown,60,Y,medium,73,NA,NA,Parch_1,1,Fare_1,1,ExtraCol1_1,1,NA,NA,NA,NA,ExtraCol10_4,4,ExtraCol13_1,1,Fare_3,18.75,ExtraCol1_1,14,0,1,0,0,3,691,142
409,0,312992,7.775,B96 B98,S,43,A,high,11,D,medium,10,C,medium,17,Z,low,332,Z,medium,Parch_1,1,Fare_1,1,ExtraCol1_3,3,ExtraCol4_1,1,ExtraCol7_1,1,ExtraCol10_1,1,ExtraCol13_4,4,Fare_1,7.775,ExtraCol1_2,43,1,0,0,0,1,691,441
410,1,4133,25.4667,B96 B98,S,1,B,medium,55,B,high,NA,NA,medium,67,Z,high,151,Y,medium,Parch_1,1,Fare_1,1,ExtraCol1_1,1,ExtraCol4_3,3,NA,NA,ExtraCol10_4,4,ExtraCol13_2,2,Fare_4,25.4667,ExtraCol1_1,1,0,1,0,0,4,691,142
411,0,349222,7.8958,B96 B98,S,17,A,medium,NA,D,NA,20,C,NA,7,X,low,255,NA,high,Parch_1,1,Fare_1,1,ExtraCol1_1,1,NA,NA,ExtraCol7_2,2,ExtraCol10_1,1,ExtraCol13_3,3,Fare_2,7.8958,ExtraCol1_1,17,1,0,0,0,1,691,441
412,0,394140,6.8583,B96 B98,Q,22,A,high,NA,NA,NA,26,NA,unknown,31,X,medium,258,X,high,Parch_1,1,Fare_1,1,ExtraCol1_2,2,NA,NA,ExtraCol7_2,2,ExtraCol10_2,2,ExtraCol13_3,3,Fare_1,6.8583,ExtraCol1_1,22,1,0,0,0,1,691,441
413,0,19928,90,C78,Q,27,B,high,NA,NA,high,41,A,NA,91,X,high,348,Z,medium,Parch_1,1,Fare_1,1,ExtraCol1_2,2,NA,NA,ExtraCol7_3,3,ExtraCol10_5,5,ExtraCol13_4,4,Fare_5,90,ExtraCol1_1,27,0,1,0,0,2,2,142
414,0,239853,0,B96 B98,S,13,A,low,8,B,medium,NA,C,low,NA,X,medium,464,Z,high,Parch_1,1,Fare_1,1,ExtraCol1_1,1,ExtraCol4_1,1,NA,NA,NA,NA,ExtraCol13_5,5,Fare_1,0,ExtraCol1_1,13,1,0,0,0,3,691,441
415,0,STON/O 2. 3101269,7.925,B96 B98,S,1,A,high,67,C,high,80,A,unknown,90,Y,medium,346,Y,high,Parch_1,1,Fare_1,1,ExtraCol1_1,1,ExtraCol4_4,4,ExtraCol7_5,5,ExtraCol10_5,5,ExtraCol13_4,4,Fare_2,7.925,ExtraCol1_1,1,1,0,0,0,1,691,441
416,0,343095,8.05,B96 B98,S,67,A,low,33,NA,medium,69,B,NA,35,Z,NA,499,Y,medium,Parch_1,1,Fare_1,1,ExtraCol1_4,4,ExtraCol4_2,2,ExtraCol7_4,4,ExtraCol10_2,2,ExtraCol13_5,5,Fare_2,8.05,ExtraCol1_4,67,1,0,0,0,1,691,441
417,1,28220,32.5,B96 B98,S,96,A,low,NA,NA,high,15,NA,unknown,68,X,medium,9,Y,high,Parch_1,1,Fare_1,1,ExtraCol1_5,5,NA,NA,ExtraCol7_1,1,ExtraCol10_4,4,ExtraCol13_1,1,Fare_4,32.5,ExtraCol1_5,96,1,0,0,0,1,691,441
418,2,250652,13,B96 B98,S,12,B,high,19,C,medium,16,NA,low,70,Z,low,NA,X,medium,Parch_2,2,Fare_1,1,ExtraCol1_1,1,ExtraCol4_1,1,ExtraCol7_1,1,ExtraCol10_4,4,NA,NA,Fare_3,13,ExtraCol1_1,12,0,1,0,0,1,691,142
419,0,28228,13,B96 B98,S,43,A,medium,97,NA,medium,NA,C,NA,NA,Y,medium,208,Z,medium,Parch_1,1,Fare_1,1,ExtraCol1_3,3,ExtraCol4_5,5,NA,NA,NA,NA,ExtraCol13_3,3,Fare_3,13,ExtraCol1_2,43,1,0,0,0,1,691,441
420,2,345773,24.15,B96 B98,S,50,C,high,25,D,NA,94,D,medium,NA,Y,medium,364,Z,low,Parch_2,2,Fare_1,1,ExtraCol1_3,3,ExtraCol4_2,2,ExtraCol7_5,5,NA,NA,ExtraCol13_4,4,Fare_4,24.15,ExtraCol1_4,50,0,0,1,0,3,691,153
421,0,349254,7.8958,B96 B98,C,92,A,medium,68,D,NA,NA,C,high,96,Z,high,42,Z,high,Parch_1,1,Fare_1,1,ExtraCol1_5,5,ExtraCol4_4,4,NA,NA,ExtraCol10_5,5,ExtraCol13_1,1,Fare_2,7.8958,ExtraCol1_5,92,1,0,0,0,1,691,441
422,0,A/5. 13032,7.7333,B96 B98,Q,69,A,medium,NA,B,NA,NA,B,medium,11,Z,medium,263,X,low,Parch_1,1,Fare_1,1,ExtraCol1_4,4,NA,NA,NA,NA,ExtraCol10_1,1,ExtraCol13_3,3,Fare_1,7.7333,ExtraCol1_4,69,1,0,0,0,1,691,441
423,0,315082,7.875,B96 B98,S,43,D,medium,18,NA,low,14,A,medium,NA,NA,high,14,Z,high,Parch_1,1,Fare_1,1,ExtraCol1_3,3,ExtraCol4_1,1,ExtraCol7_1,1,NA,NA,ExtraCol13_1,1,Fare_2,7.875,ExtraCol1_2,43,0,0,0,1,1,691,155
424,1,347080,14.4,B96 B98,S,43,A,high,30,NA,low,23,C,medium,44,Y,low,332,NA,high,Parch_1,1,Fare_1,1,ExtraCol1_3,3,ExtraCol4_2,2,ExtraCol7_2,2,ExtraCol10_3,3,ExtraCol13_4,4,Fare_3,14.4,ExtraCol1_2,43,1,0,0,0,2,691,441
425,1,370129,20.2125,B96 B98,S,41,B,high,1,B,NA,NA,D,unknown,67,X,medium,108,Z,high,Parch_1,1,Fare_1,1,ExtraCol1_3,3,ExtraCol4_1,1,NA,NA,ExtraCol10_4,4,ExtraCol13_2,2,Fare_3,20.2125,ExtraCol1_2,41,0,1,0,0,2,691,142
426,0,A/4. 34244,7.25,B96 B98,S,43,A,low,NA,C,NA,20,B,NA,55,Z,medium,72,Z,low,Parch_1,1,Fare_1,1,ExtraCol1_3,3,NA,NA,ExtraCol7_2,2,ExtraCol10_3,3,ExtraCol13_1,1,Fare_1,7.25,ExtraCol1_2,43,1,0,0,0,1,691,441
427,0,2003,26,B96 B98,S,86,A,medium,33,NA,low,61,NA,NA,NA,Z,high,39,Z,medium,Parch_1,1,Fare_1,1,ExtraCol1_5,5,ExtraCol4_2,2,ExtraCol7_4,4,NA,NA,ExtraCol13_1,1,Fare_4,26,ExtraCol1_5,86,1,0,0,0,1,691,441
428,0,250655,26,B96 B98,S,80,A,low,49,A,unknown,92,NA,low,9,Z,medium,134,Z,high,Parch_1,1,Fare_1,1,ExtraCol1_5,5,ExtraCol4_3,3,ExtraCol7_5,5,ExtraCol10_1,1,ExtraCol13_2,2,Fare_4,26,ExtraCol1_5,80,1,0,0,0,2,691,441
429,0,364851,7.75,B96 B98,Q,2,A,medium,15,B,NA,NA,C,high,51,Y,high,NA,X,medium,Parch_1,1,Fare_1,1,ExtraCol1_1,1,ExtraCol4_1,1,NA,NA,ExtraCol10_3,3,NA,NA,Fare_1,7.75,ExtraCol1_1,2,1,0,0,0,1,691,441
430,0,SOTON/O.Q. 392078,8.05,E10,S,71,A,high,82,NA,high,60,C,high,83,X,low,492,X,medium,Parch_1,1,Fare_1,1,ExtraCol1_4,4,ExtraCol4_5,5,ExtraCol7_4,4,ExtraCol10_5,5,ExtraCol13_5,5,Fare_2,8.05,ExtraCol1_4,71,1,0,0,0,1,1,441
431,0,110564,26.55,C52,S,8,B,medium,21,B,low,NA,A,high,NA,NA,high,40,X,medium,Parch_1,1,Fare_1,1,ExtraCol1_1,1,ExtraCol4_2,2,NA,NA,NA,NA,ExtraCol13_1,1,Fare_4,26.55,ExtraCol1_1,8,0,1,0,0,1,2,142
432,0,376564,16.1,B96 B98,S,73,C,low,NA,NA,unknown,NA,A,low,27,Y,high,489,Y,low,Parch_1,1,Fare_1,1,ExtraCol1_4,4,NA,NA,NA,NA,ExtraCol10_2,2,ExtraCol13_5,5,Fare_3,16.1,ExtraCol1_4,73,0,0,1,0,2,691,153
433,0,SC/AH 3085,26,B96 B98,S,82,B,high,87,C,high,0,NA,unknown,86,Y,medium,293,Z,medium,Parch_1,1,Fare_1,1,ExtraCol1_5,5,ExtraCol4_5,5,ExtraCol7_1,1,ExtraCol10_5,5,ExtraCol13_3,3,Fare_4,26,ExtraCol1_5,82,0,1,0,0,1,691,142
434,0,STON/O 2. 3101274,7.125,B96 B98,S,13,A,low,71,NA,NA,11,B,unknown,35,X,low,161,NA,high,Parch_1,1,Fare_1,1,ExtraCol1_1,1,ExtraCol4_4,4,ExtraCol7_1,1,ExtraCol10_2,2,ExtraCol13_2,2,Fare_1,7.125,ExtraCol1_1,13,1,0,0,0,1,691,441
435,0,13507,55.9,E44,S,43,A,low,60,B,NA,NA,NA,unknown,56,Z,medium,471,Y,low,Parch_1,1,Fare_1,1,ExtraCol1_3,3,ExtraCol4_4,4,NA,NA,ExtraCol10_3,3,ExtraCol13_5,5,Fare_5,55.9,ExtraCol1_2,43,1,0,0,0,2,2,441
436,2,113760,120,B96 B98,S,12,D,high,NA,A,medium,NA,B,unknown,NA,Y,high,120,Z,low,Parch_2,2,Fare_2,2,ExtraCol1_1,1,NA,NA,NA,NA,NA,NA,ExtraCol13_2,2,Fare_5,120,ExtraCol1_1,12,0,0,0,1,4,691,155
437,2,W./C. 6608,34.375,B96 B98,S,56,A,unknown,NA,D,NA,32,NA,medium,52,X,medium,90,X,NA,Parch_2,2,Fare_1,1,ExtraCol1_3,3,NA,NA,ExtraCol7_2,2,ExtraCol10_3,3,ExtraCol13_1,1,Fare_4,34.375,ExtraCol1_4,56,1,0,0,0,4,691,441
438,3,29106,18.75,B96 B98,S,92,C,unknown,96,D,unknown,52,C,NA,NA,Y,low,114,NA,medium,Parch_3,3,Fare_1,1,ExtraCol1_5,5,ExtraCol4_5,5,ExtraCol7_3,3,NA,NA,ExtraCol13_2,2,Fare_3,18.75,ExtraCol1_5,92,0,0,1,0,3,691,153
439,4,19950,263,C23 C25 C27,S,43,D,high,NA,D,NA,57,A,medium,NA,Z,medium,72,Y,low,Parch_4,4,Fare_3,3,ExtraCol1_3,3,NA,NA,ExtraCol7_3,3,NA,NA,ExtraCol13_1,1,Fare_5,263,ExtraCol1_2,43,0,0,0,1,4,4,155
440,0,C.A. 18723,10.5,B96 B98,S,39,A,high,40,A,high,66,NA,NA,47,Y,high,242,X,medium,Parch_1,1,Fare_1,1,ExtraCol1_2,2,ExtraCol4_3,3,ExtraCol7_4,4,ExtraCol10_3,3,ExtraCol13_3,3,Fare_2,10.5,ExtraCol1_2,39,1,0,0,0,1,691,441
441,1,F.C.C. 13529,26.25,B96 B98,S,97,D,high,25,C,high,NA,NA,medium,NA,NA,low,70,Y,high,Parch_1,1,Fare_1,1,ExtraCol1_5,5,ExtraCol4_2,2,NA,NA,NA,NA,ExtraCol13_1,1,Fare_4,26.25,ExtraCol1_5,97,0,0,0,1,3,691,155
442,0,345769,9.5,B96 B98,S,43,A,high,NA,NA,unknown,37,NA,high,65,Z,medium,111,Z,low,Parch_1,1,Fare_1,1,ExtraCol1_3,3,NA,NA,ExtraCol7_2,2,ExtraCol10_4,4,ExtraCol13_2,2,Fare_2,9.5,ExtraCol1_2,43,1,0,0,0,1,691,441
443,0,347076,7.775,B96 B98,S,43,B,high,97,D,medium,88,A,unknown,41,Y,medium,185,Z,low,Parch_1,1,Fare_1,1,ExtraCol1_3,3,ExtraCol4_5,5,ExtraCol7_5,5,ExtraCol10_3,3,ExtraCol13_2,2,Fare_1,7.775,ExtraCol1_2,43,0,1,0,0,1,691,142
444,0,230434,13,B96 B98,S,48,A,unknown,69,NA,low,5,A,high,52,Y,high,NA,NA,low,Parch_1,1,Fare_1,1,ExtraCol1_3,3,ExtraCol4_4,4,ExtraCol7_1,1,ExtraCol10_3,3,NA,NA,Fare_3,13,ExtraCol1_4,48,1,0,0,0,1,691,441
445,0,65306,8.1125,B96 B98,S,50,C,high,3,C,NA,NA,C,unknown,NA,X,medium,429,Z,NA,Parch_1,1,Fare_1,1,ExtraCol1_3,3,ExtraCol4_1,1,NA,NA,NA,NA,ExtraCol13_5,5,Fare_2,8.1125,ExtraCol1_4,50,0,0,1,0,1,691,153
446,2,33638,81.8583,A34,S,66,A,low,46,A,high,95,NA,unknown,86,Z,medium,37,Y,high,Parch_2,2,Fare_1,1,ExtraCol1_4,4,ExtraCol4_3,3,ExtraCol7_5,5,ExtraCol10_5,5,ExtraCol13_1,1,Fare_5,81.8583,ExtraCol1_4,66,1,0,0,0,1,1,441
447,1,250644,19.5,B96 B98,S,43,A,medium,NA,C,NA,17,A,low,12,Z,medium,315,X,NA,Parch_1,1,Fare_1,1,ExtraCol1_3,3,NA,NA,ExtraCol7_1,1,ExtraCol10_1,1,ExtraCol13_4,4,Fare_3,19.5,ExtraCol1_2,43,1,0,0,0,2,691,441
448,0,113794,26.55,B96 B98,S,43,C,unknown,NA,D,medium,99,NA,unknown,87,Y,medium,51,Z,low,Parch_1,1,Fare_1,1,ExtraCol1_3,3,NA,NA,ExtraCol7_5,5,ExtraCol10_5,5,ExtraCol13_1,1,Fare_4,26.55,ExtraCol1_2,43,0,0,1,0,1,691,153
449,1,2666,19.2583,B96 B98,C,52,D,medium,77,A,high,28,A,unknown,NA,X,medium,495,Y,low,Parch_1,1,Fare_1,1,ExtraCol1_3,3,ExtraCol4_4,4,ExtraCol7_2,2,NA,NA,ExtraCol13_5,5,Fare_3,19.2583,ExtraCol1_4,52,0,0,0,1,4,691,155
450,0,113786,30.5,C104,S,28,B,low,70,NA,NA,36,A,NA,NA,Y,low,138,Y,high,Parch_1,1,Fare_1,1,ExtraCol1_2,2,ExtraCol4_4,4,ExtraCol7_2,2,NA,NA,ExtraCol13_2,2,Fare_4,30.5,ExtraCol1_1,28,0,1,0,0,1,1,142
451,2,C.A. 34651,27.75,B96 B98,S,43,A,unknown,6,NA,NA,NA,C,NA,2,Z,low,428,X,low,Parch_2,2,Fare_1,1,ExtraCol1_3,3,ExtraCol4_1,1,NA,NA,ExtraCol10_1,1,ExtraCol13_5,5,Fare_4,27.75,ExtraCol1_2,43,1,0,0,0,3,691,441
452,0,65303,19.9667,B96 B98,S,43,B,high,55,A,unknown,94,A,NA,NA,X,high,388,NA,medium,Parch_1,1,Fare_1,1,ExtraCol1_3,3,ExtraCol4_3,3,ExtraCol7_5,5,NA,NA,ExtraCol13_4,4,Fare_3,19.9667,ExtraCol1_2,43,0,1,0,0,1,691,142
453,0,113051,27.75,C111,C,43,D,high,NA,NA,NA,NA,A,unknown,5,Y,medium,162,Z,medium,Parch_1,1,Fare_1,1,ExtraCol1_3,3,NA,NA,NA,NA,ExtraCol10_1,1,ExtraCol13_2,2,Fare_4,27.75,ExtraCol1_2,43,0,0,0,1,1,1,155
454,0,17453,89.1042,C92,C,2,D,medium,48,NA,high,16,D,NA,NA,Y,medium,161,Z,low,Parch_1,1,Fare_1,1,ExtraCol1_1,1,ExtraCol4_3,3,ExtraCol7_1,1,NA,NA,ExtraCol13_2,2,Fare_5,89.1042,ExtraCol1_1,2,0,0,0,1,2,2,155
455,0,A/5 2817,8.05,B96 B98,S,59,A,low,NA,B,NA,48,A,low,NA,Y,NA,158,X,medium,Parch_1,1,Fare_1,1,ExtraCol1_3,3,NA,NA,ExtraCol7_3,3,NA,NA,ExtraCol13_2,2,Fare_2,8.05,ExtraCol1_4,59,1,0,0,0,1,691,441
456,0,349240,7.8958,B96 B98,C,43,C,medium,NA,D,medium,15,C,low,76,Y,high,235,Z,low,Parch_1,1,Fare_1,1,ExtraCol1_3,3,NA,NA,ExtraCol7_1,1,ExtraCol10_4,4,ExtraCol13_3,3,Fare_2,7.8958,ExtraCol1_2,43,0,0,1,0,1,691,153
457,0,13509,26.55,E38,S,43,D,medium,86,D,high,78,D,low,70,Z,high,221,Y,medium,Parch_1,1,Fare_1,1,ExtraCol1_3,3,ExtraCol4_5,5,ExtraCol7_4,4,ExtraCol10_4,4,ExtraCol13_3,3,Fare_4,26.55,ExtraCol1_2,43,0,0,0,1,1,1,155
458,0,17464,51.8625,D21,S,63,B,unknown,46,B,low,NA,D,NA,84,X,medium,328,X,low,Parch_1,1,Fare_1,1,ExtraCol1_4,4,ExtraCol4_3,3,NA,NA,ExtraCol10_5,5,ExtraCol13_4,4,Fare_5,51.8625,ExtraCol1_4,63,0,1,0,0,1,1,142
459,0,F.C.C. 13531,10.5,B96 B98,S,84,A,high,53,A,NA,49,D,unknown,0,Y,low,232,Y,high,Parch_1,1,Fare_1,1,ExtraCol1_5,5,ExtraCol4_3,3,ExtraCol7_3,3,ExtraCol10_1,1,ExtraCol13_3,3,Fare_2,10.5,ExtraCol1_5,84,1,0,0,0,1,691,441
460,0,371060,7.75,B96 B98,Q,10,A,low,62,NA,high,39,B,high,78,Z,high,NA,Y,high,Parch_1,1,Fare_1,1,ExtraCol1_1,1,ExtraCol4_4,4,ExtraCol7_2,2,ExtraCol10_4,4,NA,NA,Fare_1,7.75,ExtraCol1_1,10,1,0,0,0,1,691,441
461,0,19952,26.55,E12,S,72,A,high,65,A,high,3,D,low,31,Z,low,233,Y,low,Parch_1,1,Fare_1,1,ExtraCol1_4,4,ExtraCol4_4,4,ExtraCol7_1,1,ExtraCol10_2,2,ExtraCol13_3,3,Fare_4,26.55,ExtraCol1_4,72,1,0,0,0,1,1,441
462,0,364506,8.05,B96 B98,S,43,A,unknown,63,D,medium,5,NA,NA,NA,Y,low,153,X,medium,Parch_1,1,Fare_1,1,ExtraCol1_3,3,ExtraCol4_4,4,ExtraCol7_1,1,NA,NA,ExtraCol13_2,2,Fare_2,8.05,ExtraCol1_2,43,1,0,0,0,1,691,441
463,0,111320,38.5,E63,S,43,A,medium,78,C,high,51,NA,medium,76,Z,NA,163,Y,medium,Parch_1,1,Fare_1,1,ExtraCol1_3,3,ExtraCol4_4,4,ExtraCol7_3,3,ExtraCol10_4,4,ExtraCol13_2,2,Fare_4,38.5,ExtraCol1_2,43,1,0,0,0,1,1,441
464,0,234360,13,B96 B98,S,43,A,medium,98,C,low,39,A,NA,68,X,medium,365,Z,low,Parch_1,1,Fare_1,1,ExtraCol1_3,3,ExtraCol4_5,5,ExtraCol7_2,2,ExtraCol10_4,4,ExtraCol13_4,4,Fare_3,13,ExtraCol1_2,43,1,0,0,0,1,691,441
465,0,A/S 2816,8.05,B96 B98,S,0,A,high,82,A,high,12,C,NA,41,Y,medium,70,Z,high,Parch_1,1,Fare_1,1,ExtraCol1_1,1,ExtraCol4_5,5,ExtraCol7_1,1,ExtraCol10_3,3,ExtraCol13_1,1,Fare_2,8.05,ExtraCol1_1,0,1,0,0,0,1,691,441
466,0,SOTON/O.Q. 3101306,7.05,B96 B98,S,96,B,high,13,NA,unknown,13,D,medium,61,Z,low,143,Z,medium,Parch_1,1,Fare_1,1,ExtraCol1_5,5,ExtraCol4_1,1,ExtraCol7_1,1,ExtraCol10_4,4,ExtraCol13_2,2,Fare_1,7.05,ExtraCol1_5,96,0,1,0,0,1,691,142
467,0,239853,0,B96 B98,S,16,B,medium,NA,C,unknown,NA,NA,NA,46,Y,low,155,Y,low,Parch_1,1,Fare_1,1,ExtraCol1_1,1,NA,NA,NA,NA,ExtraCol10_3,3,ExtraCol13_2,2,Fare_1,0,ExtraCol1_1,16,0,1,0,0,3,691,142
468,0,113792,26.55,B96 B98,S,59,B,unknown,NA,NA,unknown,NA,D,NA,62,Y,low,322,Z,medium,Parch_1,1,Fare_1,1,ExtraCol1_3,3,NA,NA,NA,NA,ExtraCol10_4,4,ExtraCol13_4,4,Fare_4,26.55,ExtraCol1_4,59,0,1,0,0,1,691,142
469,0,36209,7.725,B96 B98,Q,18,B,high,50,B,NA,60,NA,medium,45,Y,medium,64,X,high,Parch_1,1,Fare_1,1,ExtraCol1_1,1,ExtraCol4_3,3,ExtraCol7_4,4,ExtraCol10_3,3,ExtraCol13_1,1,Fare_1,7.725,ExtraCol1_1,18,0,1,0,0,1,691,142
470,1,2666,19.2583,B96 B98,C,93,B,low,52,NA,low,83,D,high,39,Y,low,NA,Z,medium,Parch_1,1,Fare_1,1,ExtraCol1_5,5,ExtraCol4_3,3,ExtraCol7_5,5,ExtraCol10_2,2,NA,NA,Fare_3,19.2583,ExtraCol1_5,93,0,1,0,0,4,691,142
471,0,323592,7.25,B96 B98,S,43,C,high,71,NA,high,6,C,NA,20,Z,medium,337,Y,high,Parch_1,1,Fare_1,1,ExtraCol1_3,3,ExtraCol4_4,4,ExtraCol7_1,1,ExtraCol10_2,2,ExtraCol13_4,4,Fare_1,7.25,ExtraCol1_2,43,0,0,1,0,1,691,153
472,0,315089,8.6625,B96 B98,S,43,D,unknown,NA,B,low,NA,B,NA,38,Y,medium,463,Y,low,Parch_1,1,Fare_1,1,ExtraCol1_3,3,NA,NA,NA,NA,ExtraCol10_2,2,ExtraCol13_5,5,Fare_2,8.6625,ExtraCol1_2,43,0,0,0,1,1,691,155
473,2,C.A. 34651,27.75,B96 B98,S,43,C,medium,26,C,medium,NA,A,NA,NA,X,high,218,Y,high,Parch_2,2,Fare_1,1,ExtraCol1_3,3,ExtraCol4_2,2,NA,NA,NA,NA,ExtraCol13_3,3,Fare_4,27.75,ExtraCol1_2,43,0,0,1,0,3,691,153
474,0,SC/AH Basle 541,13.7917,D,C,46,C,high,45,B,high,20,NA,unknown,87,X,high,491,NA,low,Parch_1,1,Fare_1,1,ExtraCol1_3,3,ExtraCol4_3,3,ExtraCol7_2,2,ExtraCol10_5,5,ExtraCol13_5,5,Fare_3,13.7917,ExtraCol1_4,46,0,0,1,0,1,3,153
475,0,7553,9.8375,B96 B98,S,43,D,high,NA,NA,high,53,NA,NA,NA,Z,medium,303,X,medium,Parch_1,1,Fare_1,1,ExtraCol1_3,3,NA,NA,ExtraCol7_3,3,NA,NA,ExtraCol13_4,4,Fare_2,9.8375,ExtraCol1_2,43,0,0,0,1,1,691,155
476,0,110465,52,A14,S,78,D,high,31,C,high,NA,B,medium,18,Y,medium,387,Y,medium,Parch_1,1,Fare_1,1,ExtraCol1_4,4,ExtraCol4_2,2,NA,NA,ExtraCol10_1,1,ExtraCol13_4,4,Fare_5,52,ExtraCol1_5,78,0,0,0,1,2,1,155
477,0,31027,21,B96 B98,S,84,A,unknown,2,NA,unknown,NA,C,low,50,X,low,121,Z,low,Parch_1,1,Fare_1,1,ExtraCol1_5,5,ExtraCol4_1,1,NA,NA,ExtraCol10_3,3,ExtraCol13_2,2,Fare_3,21,ExtraCol1_5,84,1,0,0,0,2,691,441
478,0,3460,7.0458,B96 B98,S,1,C,low,97,NA,low,NA,NA,NA,NA,X,medium,457,Y,high,Parch_1,1,Fare_1,1,ExtraCol1_1,1,ExtraCol4_5,5,NA,NA,NA,NA,ExtraCol13_5,5,Fare_1,7.0458,ExtraCol1_1,1,0,0,1,0,1,691,153
479,0,350060,7.5208,B96 B98,S,43,A,high,NA,B,unknown,66,B,high,NA,X,medium,129,X,medium,Parch_1,1,Fare_1,1,ExtraCol1_3,3,NA,NA,ExtraCol7_4,4,NA,NA,ExtraCol13_2,2,Fare_1,7.5208,ExtraCol1_2,43,1,0,0,0,1,691,441
480,1,3101298,12.2875,B96 B98,S,43,A,high,60,NA,NA,75,A,NA,32,X,low,68,Y,medium,Parch_1,1,Fare_1,1,ExtraCol1_3,3,ExtraCol4_4,4,ExtraCol7_4,4,ExtraCol10_2,2,ExtraCol13_1,1,Fare_3,12.2875,ExtraCol1_2,43,1,0,0,0,1,691,441
481,2,CA 2144,46.9,B96 B98,S,43,D,low,NA,A,medium,0,B,NA,4,Z,high,39,Z,medium,Parch_2,2,Fare_1,1,ExtraCol1_3,3,NA,NA,ExtraCol7_1,1,ExtraCol10_1,1,ExtraCol13_1,1,Fare_5,46.9,ExtraCol1_2,43,0,0,0,1,6,691,155
482,0,239854,0,B96 B98,S,82,A,high,27,NA,medium,NA,A,NA,5,Y,low,327,Z,low,Parch_1,1,Fare_1,1,ExtraCol1_5,5,ExtraCol4_2,2,NA,NA,ExtraCol10_1,1,ExtraCol13_4,4,Fare_1,0,ExtraCol1_5,82,1,0,0,0,1,691,441
483,0,A/5 3594,8.05,B96 B98,S,25,D,high,34,NA,high,50,A,low,NA,Y,low,314,X,medium,Parch_1,1,Fare_1,1,ExtraCol1_2,2,ExtraCol4_2,2,ExtraCol7_3,3,NA,NA,ExtraCol13_4,4,Fare_2,8.05,ExtraCol1_1,25,0,0,0,1,1,691,155
484,0,4134,9.5875,B96 B98,S,79,A,medium,28,B,high,36,NA,high,72,X,high,99,Y,low,Parch_1,1,Fare_1,1,ExtraCol1_4,4,ExtraCol4_2,2,ExtraCol7_2,2,ExtraCol10_4,4,ExtraCol13_1,1,Fare_2,9.5875,ExtraCol1_5,79,1,0,0,0,1,691,441
485,0,11967,91.0792,B49,C,43,D,high,NA,NA,medium,NA,NA,unknown,86,Z,high,439,Z,high,Parch_1,1,Fare_1,1,ExtraCol1_3,3,NA,NA,NA,NA,ExtraCol10_5,5,ExtraCol13_5,5,Fare_5,91.0792,ExtraCol1_2,43,0,0,0,1,2,2,155
486,1,4133,25.4667,B96 B98,S,23,C,low,15,B,low,NA,C,medium,49,Z,medium,138,X,high,Parch_1,1,Fare_1,1,ExtraCol1_2,2,ExtraCol4_1,1,NA,NA,ExtraCol10_3,3,ExtraCol13_2,2,Fare_4,25.4667,ExtraCol1_1,23,0,0,1,0,4,691,153
487,0,19943,90,C93,S,33,D,high,NA,D,low,75,C,unknown,NA,Z,medium,304,X,high,Parch_1,1,Fare_1,1,ExtraCol1_2,2,NA,NA,ExtraCol7_4,4,NA,NA,ExtraCol13_4,4,Fare_5,90,ExtraCol1_2,33,0,0,0,1,2,2,155
488,0,11771,29.7,B37,C,53,A,high,45,NA,medium,82,C,low,92,Y,high,261,X,low,Parch_1,1,Fare_1,1,ExtraCol1_3,3,ExtraCol4_3,3,ExtraCol7_5,5,ExtraCol10_5,5,ExtraCol13_3,3,Fare_4,29.7,ExtraCol1_4,53,1,0,0,0,1,1,441
489,0,A.5. 18509,8.05,B96 B98,S,76,D,high,53,B,NA,41,NA,NA,27,Y,low,296,Y,medium,Parch_1,1,Fare_1,1,ExtraCol1_4,4,ExtraCol4_3,3,ExtraCol7_3,3,ExtraCol10_2,2,ExtraCol13_3,3,Fare_2,8.05,ExtraCol1_5,76,0,0,0,1,1,691,155
490,1,C.A. 37671,15.9,B96 B98,S,43,A,high,1,NA,high,93,A,unknown,15,X,medium,370,Y,medium,Parch_1,1,Fare_1,1,ExtraCol1_3,3,ExtraCol4_1,1,ExtraCol7_5,5,ExtraCol10_1,1,ExtraCol13_4,4,Fare_3,15.9,ExtraCol1_2,43,1,0,0,0,2,691,441
491,0,65304,19.9667,B96 B98,S,93,B,high,84,C,unknown,92,C,high,13,Z,NA,463,X,high,Parch_1,1,Fare_1,1,ExtraCol1_5,5,ExtraCol4_5,5,ExtraCol7_5,5,ExtraCol10_1,1,ExtraCol13_5,5,Fare_3,19.9667,ExtraCol1_5,93,0,1,0,0,1,691,142
492,0,SOTON/OQ 3101317,7.25,B96 B98,S,43,A,low,67,NA,low,66,D,high,35,Z,medium,360,X,medium,Parch_1,1,Fare_1,1,ExtraCol1_3,3,ExtraCol4_4,4,ExtraCol7_4,4,ExtraCol10_2,2,ExtraCol13_4,4,Fare_1,7.25,ExtraCol1_2,43,1,0,0,0,1,691,441
493,0,113787,30.5,C30,S,75,B,medium,7,B,medium,58,A,unknown,73,X,high,453,Y,high,Parch_1,1,Fare_1,1,ExtraCol1_4,4,ExtraCol4_1,1,ExtraCol7_3,3,ExtraCol10_4,4,ExtraCol13_5,5,Fare_4,30.5,ExtraCol1_5,75,0,1,0,0,1,1,142
494,0,PC 17609,49.5042,B96 B98,C,43,A,high,84,C,low,NA,NA,medium,NA,Y,medium,434,Z,low,Parch_1,1,Fare_1,1,ExtraCol1_3,3,ExtraCol4_5,5,NA,NA,NA,NA,ExtraCol13_5,5,Fare_5,49.5042,ExtraCol1_2,43,1,0,0,0,1,691,441
495,0,A/4 45380,8.05,B96 B98,S,43,B,unknown,3,C,NA,60,C,NA,NA,X,high,179,X,high,Parch_1,1,Fare_1,1,ExtraCol1_3,3,ExtraCol4_1,1,ExtraCol7_4,4,NA,NA,ExtraCol13_2,2,Fare_2,8.05,ExtraCol1_2,43,0,1,0,0,1,691,142
496,0,2627,14.4583,B96 B98,C,41,A,unknown,NA,A,NA,NA,D,NA,34,Y,medium,279,Y,medium,Parch_1,1,Fare_1,1,ExtraCol1_3,3,NA,NA,NA,NA,ExtraCol10_2,2,ExtraCol13_3,3,Fare_3,14.4583,ExtraCol1_2,41,1,0,0,0,2,691,441
497,0,36947,78.2667,D20,C,43,C,high,46,D,low,97,B,low,NA,X,high,99,Z,high,Parch_1,1,Fare_1,1,ExtraCol1_3,3,ExtraCol4_3,3,ExtraCol7_5,5,NA,NA,ExtraCol13_1,1,Fare_5,78.2667,ExtraCol1_2,43,0,0,1,0,2,2,153
498,0,C.A. 6212,15.1,B96 B98,S,37,C,low,NA,C,NA,19,D,high,68,Z,low,NA,NA,low,Parch_1,1,Fare_1,1,ExtraCol1_2,2,NA,NA,ExtraCol7_1,1,ExtraCol10_4,4,NA,NA,Fare_3,15.1,ExtraCol1_2,37,0,0,1,0,1,691,153
499,2,113781,151.55,C22 C26,S,92,D,high,95,A,high,66,A,medium,66,Z,low,483,Y,low,Parch_2,2,Fare_2,2,ExtraCol1_5,5,ExtraCol4_5,5,ExtraCol7_4,4,ExtraCol10_4,4,ExtraCol13_5,5,Fare_5,151.55,ExtraCol1_5,92,0,0,0,1,4,3,155
500,0,350035,7.7958,B96 B98,S,43,A,low,NA,C,unknown,73,NA,unknown,43,Z,low,443,X,medium,Parch_1,1,Fare_1,1,ExtraCol1_3,3,NA,NA,ExtraCol7_4,4,ExtraCol10_3,3,ExtraCol13_5,5,Fare_1,7.7958,ExtraCol1_2,43,1,0,0,0,1,691,441
501,0,315086,8.6625,B96 B98,S,11,B,low,NA,C,NA,NA,D,unknown,NA,X,high,371,Z,medium,Parch_1,1,Fare_1,1,ExtraCol1_1,1,NA,NA,NA,NA,NA,NA,ExtraCol13_4,4,Fare_2,8.6625,ExtraCol1_1,11,0,1,0,0,1,691,142
502,0,364846,7.75,B96 B98,Q,65,D,high,57,D,medium,34,B,medium,NA,X,medium,424,Z,low,Parch_1,1,Fare_1,1,ExtraCol1_4,4,ExtraCol4_3,3,ExtraCol7_2,2,NA,NA,ExtraCol13_5,5,Fare_1,7.75,ExtraCol1_4,65,0,0,0,1,1,691,155
503,0,330909,7.6292,B96 B98,Q,96,A,high,NA,NA,high,86,C,high,65,Z,low,397,Z,medium,Parch_1,1,Fare_1,1,ExtraCol1_5,5,NA,NA,ExtraCol7_5,5,ExtraCol10_4,4,ExtraCol13_4,4,Fare_1,7.6292,ExtraCol1_5,96,1,0,0,0,1,691,441
504,0,4135,9.5875,B96 B98,S,86,A,low,72,B,high,48,A,NA,81,X,low,114,Z,medium,Parch_1,1,Fare_1,1,ExtraCol1_5,5,ExtraCol4_4,4,ExtraCol7_3,3,ExtraCol10_5,5,ExtraCol13_2,2,Fare_2,9.5875,ExtraCol1_5,86,1,0,0,0,1,691,441
505,0,110152,86.5,B79,S,27,B,low,88,A,high,38,C,medium,NA,Y,medium,131,Y,low,Parch_1,1,Fare_1,1,ExtraCol1_2,2,ExtraCol4_5,5,ExtraCol7_2,2,NA,NA,ExtraCol13_2,2,Fare_5,86.5,ExtraCol1_1,27,0,1,0,0,3,1,142
506,0,PC 17758,108.9,C65,C,43,A,high,NA,C,low,15,C,unknown,85,Z,low,265,Y,medium,Parch_1,1,Fare_2,2,ExtraCol1_3,3,NA,NA,ExtraCol7_1,1,ExtraCol10_5,5,ExtraCol13_3,3,Fare_5,108.9,ExtraCol1_2,43,1,0,0,0,2,2,441
507,2,26360,26,B96 B98,S,43,A,medium,NA,NA,NA,32,NA,medium,NA,Y,NA,NA,Z,high,Parch_2,2,Fare_1,1,ExtraCol1_3,3,NA,NA,ExtraCol7_2,2,NA,NA,NA,NA,Fare_4,26,ExtraCol1_2,43,1,0,0,0,2,691,441
508,0,111427,26.55,B96 B98,S,43,A,high,51,B,NA,97,A,NA,NA,X,high,368,NA,low,Parch_1,1,Fare_1,1,ExtraCol1_3,3,ExtraCol4_3,3,ExtraCol7_5,5,NA,NA,ExtraCol13_4,4,Fare_4,26.55,ExtraCol1_2,43,1,0,0,0,1,691,441
509,0,C 4001,22.525,B96 B98,S,26,A,medium,NA,NA,unknown,NA,NA,high,95,Z,high,368,X,high,Parch_1,1,Fare_1,1,ExtraCol1_2,2,NA,NA,NA,NA,ExtraCol10_5,5,ExtraCol13_4,4,Fare_4,22.525,ExtraCol1_1,26,1,0,0,0,1,691,441
510,0,1601,56.4958,B96 B98,S,23,C,high,NA,C,unknown,NA,NA,unknown,56,Z,low,488,X,medium,Parch_1,1,Fare_1,1,ExtraCol1_2,2,NA,NA,NA,NA,ExtraCol10_3,3,ExtraCol13_5,5,Fare_5,56.4958,ExtraCol1_1,23,0,0,1,0,7,691,153
511,0,382651,7.75,B96 B98,Q,99,A,high,NA,B,high,NA,D,high,27,X,medium,394,Y,low,Parch_1,1,Fare_1,1,ExtraCol1_5,5,NA,NA,NA,NA,ExtraCol10_2,2,ExtraCol13_4,4,Fare_1,7.75,ExtraCol1_5,99,1,0,0,0,1,691,441
512,0,SOTON/OQ 3101316,8.05,B96 B98,S,74,C,high,70,NA,high,NA,A,unknown,60,Y,medium,NA,X,high,Parch_1,1,Fare_1,1,ExtraCol1_4,4,ExtraCol4_4,4,NA,NA,ExtraCol10_4,4,NA,NA,Fare_2,8.05,ExtraCol1_4,74,0,0,1,0,1,691,153
513,0,PC 17473,26.2875,E25,S,84,A,medium,51,B,NA,66,C,medium,62,Y,medium,170,Y,high,Parch_1,1,Fare_1,1,ExtraCol1_5,5,ExtraCol4_3,3,ExtraCol7_4,4,ExtraCol10_4,4,ExtraCol13_2,2,Fare_4,26.2875,ExtraCol1_5,84,1,0,0,0,1,2,441
514,0,PC 17603,59.4,B96 B98,C,81,A,high,NA,NA,unknown,37,D,medium,NA,Y,medium,163,Y,high,Parch_1,1,Fare_1,1,ExtraCol1_5,5,NA,NA,ExtraCol7_2,2,NA,NA,ExtraCol13_2,2,Fare_5,59.4,ExtraCol1_5,81,1,0,0,0,1,691,441
515,0,349209,7.4958,B96 B98,S,95,B,high,42,B,medium,84,C,medium,20,Z,low,316,NA,high,Parch_1,1,Fare_1,1,ExtraCol1_5,5,ExtraCol4_3,3,ExtraCol7_5,5,ExtraCol10_2,2,ExtraCol13_4,4,Fare_1,7.4958,ExtraCol1_5,95,0,1,0,0,1,691,142
516,0,36967,34.0208,D46,S,10,A,high,49,D,medium,42,B,low,NA,Z,low,171,Y,low,Parch_1,1,Fare_1,1,ExtraCol1_1,1,ExtraCol4_3,3,ExtraCol7_3,3,NA,NA,ExtraCol13_2,2,Fare_4,34.0208,ExtraCol1_1,10,1,0,0,0,1,1,441
517,0,C.A. 34260,10.5,F33,S,43,A,high,NA,C,high,85,A,NA,54,X,medium,489,X,low,Parch_1,1,Fare_1,1,ExtraCol1_3,3,NA,NA,ExtraCol7_5,5,ExtraCol10_3,3,ExtraCol13_5,5,Fare_2,10.5,ExtraCol1_2,43,1,0,0,0,1,3,441
518,0,371110,24.15,B96 B98,Q,43,A,low,55,C,NA,74,B,medium,14,Z,low,144,Z,NA,Parch_1,1,Fare_1,1,ExtraCol1_3,3,ExtraCol4_3,3,ExtraCol7_4,4,ExtraCol10_1,1,ExtraCol13_2,2,Fare_4,24.15,ExtraCol1_2,43,1,0,0,0,3,691,441
519,0,226875,26,B96 B98,S,47,C,high,79,NA,NA,77,A,unknown,77,Z,low,NA,Y,high,Parch_1,1,Fare_1,1,ExtraCol1_3,3,ExtraCol4_4,4,ExtraCol7_4,4,ExtraCol10_4,4,NA,NA,Fare_4,26,ExtraCol1_4,47,0,0,1,0,1,691,153
520,0,349242,7.8958,B96 B98,S,59,C,high,2,C,high,92,A,unknown,NA,X,medium,408,X,low,Parch_1,1,Fare_1,1,ExtraCol1_3,3,ExtraCol4_1,1,ExtraCol7_5,5,NA,NA,ExtraCol13_5,5,Fare_2,7.8958,ExtraCol1_4,59,0,0,1,0,1,691,153
521,0,12749,93.5,B73,S,35,A,high,75,A,high,79,B,NA,93,X,high,183,Y,low,Parch_1,1,Fare_1,1,ExtraCol1_2,2,ExtraCol4_4,4,ExtraCol7_4,4,ExtraCol10_5,5,ExtraCol13_2,2,Fare_5,93.5,ExtraCol1_2,35,1,0,0,0,2,1,441
522,0,349252,7.8958,B96 B98,S,43,C,high,50,NA,medium,NA,NA,medium,67,Y,medium,22,X,high,Parch_1,1,Fare_1,1,ExtraCol1_3,3,ExtraCol4_3,3,NA,NA,ExtraCol10_4,4,ExtraCol13_1,1,Fare_2,7.8958,ExtraCol1_2,43,0,0,1,0,1,691,153
523,0,2624,7.225,B96 B98,C,19,A,high,NA,B,high,52,A,high,33,Z,low,166,Y,NA,Parch_1,1,Fare_1,1,ExtraCol1_1,1,NA,NA,ExtraCol7_3,3,ExtraCol10_2,2,ExtraCol13_2,2,Fare_1,7.225,ExtraCol1_1,19,1,0,0,0,1,691,441
524,1,111361,57.9792,B18,C,43,A,high,47,C,NA,NA,NA,unknown,37,Z,high,179,Z,medium,Parch_1,1,Fare_1,1,ExtraCol1_3,3,ExtraCol4_3,3,NA,NA,ExtraCol10_2,2,ExtraCol13_2,2,Fare_5,57.9792,ExtraCol1_2,43,1,0,0,0,2,2,441
525,0,2700,7.2292,B96 B98,C,43,D,high,47,C,medium,6,NA,low,69,Y,high,306,X,low,Parch_1,1,Fare_1,1,ExtraCol1_3,3,ExtraCol4_3,3,ExtraCol7_1,1,ExtraCol10_4,4,ExtraCol13_4,4,Fare_1,7.2292,ExtraCol1_2,43,0,0,0,1,1,691,155
526,0,367232,7.75,B96 B98,Q,43,D,high,12,B,NA,59,NA,unknown,8,X,NA,355,Z,low,Parch_1,1,Fare_1,1,ExtraCol1_3,3,ExtraCol4_1,1,ExtraCol7_3,3,ExtraCol10_1,1,ExtraCol13_4,4,Fare_1,7.75,ExtraCol1_2,43,0,0,0,1,1,691,155
527,0,W./C. 14258,10.5,B96 B98,S,43,B,high,NA,B,NA,NA,NA,unknown,71,X,low,274,Y,medium,Parch_1,1,Fare_1,1,ExtraCol1_3,3,NA,NA,NA,NA,ExtraCol10_4,4,ExtraCol13_3,3,Fare_2,10.5,ExtraCol1_2,43,0,1,0,0,1,691,142
528,0,PC 17483,221.7792,C95,S,14,D,medium,70,C,unknown,NA,D,unknown,55,Z,high,203,Z,high,Parch_1,1,Fare_3,3,ExtraCol1_1,1,ExtraCol4_4,4,NA,NA,ExtraCol10_3,3,ExtraCol13_3,3,Fare_5,221.7792,ExtraCol1_1,14,0,0,0,1,1,1,155
529,0,3101296,7.925,B96 B98,S,91,D,high,NA,NA,high,10,C,low,22,Y,medium,251,Z,low,Parch_1,1,Fare_1,1,ExtraCol1_5,5,NA,NA,ExtraCol7_1,1,ExtraCol10_2,2,ExtraCol13_3,3,Fare_2,7.925,ExtraCol1_5,91,0,0,0,1,1,691,155
530,1,29104,11.5,B96 B98,S,92,A,high,9,A,unknown,50,A,unknown,89,Y,low,72,Z,low,Parch_1,1,Fare_1,1,ExtraCol1_5,5,ExtraCol4_1,1,ExtraCol7_3,3,ExtraCol10_5,5,ExtraCol13_1,1,Fare_3,11.5,ExtraCol1_5,92,1,0,0,0,1,691,441
531,1,26360,26,B96 B98,S,59,A,unknown,21,B,NA,57,A,high,62,Z,low,90,X,medium,Parch_1,1,Fare_1,1,ExtraCol1_3,3,ExtraCol4_2,2,ExtraCol7_3,3,ExtraCol10_4,4,ExtraCol13_1,1,Fare_4,26,ExtraCol1_4,59,1,0,0,0,2,691,441
532,0,2641,7.2292,B96 B98,C,16,A,high,87,NA,unknown,10,C,high,16,X,low,305,Z,NA,Parch_1,1,Fare_1,1,ExtraCol1_1,1,ExtraCol4_5,5,ExtraCol7_1,1,ExtraCol10_1,1,ExtraCol13_4,4,Fare_1,7.2292,ExtraCol1_1,16,1,0,0,0,1,691,441
533,1,2690,7.2292,B96 B98,C,15,C,high,NA,D,high,63,NA,low,65,X,medium,432,Y,NA,Parch_1,1,Fare_1,1,ExtraCol1_1,1,NA,NA,ExtraCol7_4,4,ExtraCol10_4,4,ExtraCol13_5,5,Fare_1,7.2292,ExtraCol1_1,15,0,0,1,0,1,691,153
534,2,2668,22.3583,B96 B98,C,43,A,low,50,NA,unknown,16,NA,medium,41,Z,medium,261,Z,medium,Parch_2,2,Fare_1,1,ExtraCol1_3,3,ExtraCol4_3,3,ExtraCol7_1,1,ExtraCol10_3,3,ExtraCol13_3,3,Fare_4,22.3583,ExtraCol1_2,43,1,0,0,0,2,691,441
535,0,315084,8.6625,B96 B98,S,57,A,high,NA,D,unknown,14,D,medium,76,X,NA,30,Z,high,Parch_1,1,Fare_1,1,ExtraCol1_3,3,NA,NA,ExtraCol7_1,1,ExtraCol10_4,4,ExtraCol13_1,1,Fare_2,8.6625,ExtraCol1_4,57,1,0,0,0,1,691,441
536,2,F.C.C. 13529,26.25,B96 B98,S,15,B,unknown,NA,C,unknown,40,D,unknown,49,Z,low,490,Y,medium,Parch_2,2,Fare_1,1,ExtraCol1_1,1,NA,NA,ExtraCol7_3,3,ExtraCol10_3,3,ExtraCol13_5,5,Fare_4,26.25,ExtraCol1_1,15,0,1,0,0,3,691,142
537,0,113050,26.55,B38,S,45,A,high,85,B,NA,NA,C,NA,99,Z,medium,162,NA,high,Parch_1,1,Fare_1,1,ExtraCol1_3,3,ExtraCol4_5,5,NA,NA,ExtraCol10_5,5,ExtraCol13_2,2,Fare_4,26.55,ExtraCol1_4,45,1,0,0,0,1,1,441
538,0,PC 17761,106.425,B96 B98,C,11,D,high,89,NA,high,91,C,NA,92,X,medium,374,NA,high,Parch_1,1,Fare_2,2,ExtraCol1_1,1,ExtraCol4_5,5,ExtraCol7_5,5,ExtraCol10_5,5,ExtraCol13_4,4,Fare_5,106.425,ExtraCol1_1,11,0,0,0,1,2,691,155
539,0,364498,14.5,B96 B98,S,43,A,low,28,D,unknown,NA,D,NA,4,Y,high,NA,X,medium,Parch_1,1,Fare_1,1,ExtraCol1_3,3,ExtraCol4_2,2,NA,NA,ExtraCol10_1,1,NA,NA,Fare_3,14.5,ExtraCol1_2,43,1,0,0,0,1,691,441
540,2,13568,49.5,B39,C,2,A,unknown,58,A,medium,NA,A,low,NA,Z,high,493,Z,low,Parch_2,2,Fare_1,1,ExtraCol1_1,1,ExtraCol4_3,3,NA,NA,NA,NA,ExtraCol13_5,5,Fare_5,49.5,ExtraCol1_1,2,1,0,0,0,1,1,441
541,2,WE/P 5735,71,B22,S,70,D,high,NA,A,low,73,C,unknown,NA,Y,low,58,Y,medium,Parch_2,2,Fare_1,1,ExtraCol1_4,4,NA,NA,ExtraCol7_4,4,NA,NA,ExtraCol13_1,1,Fare_5,71,ExtraCol1_4,70,0,0,0,1,2,2,155
542,2,347082,31.275,B96 B98,S,43,A,high,NA,B,unknown,NA,NA,unknown,NA,X,NA,93,X,medium,Parch_2,2,Fare_1,1,ExtraCol1_3,3,NA,NA,NA,NA,NA,NA,ExtraCol13_1,1,Fare_4,31.275,ExtraCol1_2,43,1,0,0,0,7,691,441
543,2,347082,31.275,B96 B98,S,19,A,high,0,A,high,98,A,medium,14,X,medium,322,X,NA,Parch_2,2,Fare_1,1,ExtraCol1_1,1,ExtraCol4_1,1,ExtraCol7_5,5,ExtraCol10_1,1,ExtraCol13_4,4,Fare_4,31.275,ExtraCol1_1,19,1,0,0,0,7,691,441
544,0,2908,26,B96 B98,S,17,A,medium,97,D,NA,74,A,high,53,X,medium,380,Z,medium,Parch_1,1,Fare_1,1,ExtraCol1_1,1,ExtraCol4_5,5,ExtraCol7_4,4,ExtraCol10_3,3,ExtraCol13_4,4,Fare_4,26,ExtraCol1_1,17,1,0,0,0,2,691,441
545,0,PC 17761,106.425,C86,C,83,A,high,35,D,high,NA,B,unknown,15,X,NA,NA,Z,medium,Parch_1,1,Fare_2,2,ExtraCol1_5,5,ExtraCol4_2,2,NA,NA,ExtraCol10_1,1,NA,NA,Fare_5,106.425,ExtraCol1_5,83,1,0,0,0,2,1,441
546,0,693,26,B96 B98,S,5,A,high,NA,C,low,94,B,high,NA,X,medium,275,Z,low,Parch_1,1,Fare_1,1,ExtraCol1_1,1,NA,NA,ExtraCol7_5,5,NA,NA,ExtraCol13_3,3,Fare_4,26,ExtraCol1_1,5,1,0,0,0,1,691,441
547,0,2908,26,B96 B98,S,42,B,low,61,NA,medium,10,D,high,45,X,low,79,NA,medium,Parch_1,1,Fare_1,1,ExtraCol1_3,3,ExtraCol4_4,4,ExtraCol7_1,1,ExtraCol10_3,3,ExtraCol13_1,1,Fare_4,26,ExtraCol1_2,42,0,1,0,0,2,691,142
548,0,SC/PARIS 2146,13.8625,B96 B98,C,43,C,high,78,A,medium,45,B,low,99,Z,medium,356,X,NA,Parch_1,1,Fare_1,1,ExtraCol1_3,3,ExtraCol4_4,4,ExtraCol7_3,3,ExtraCol10_5,5,ExtraCol13_4,4,Fare_3,13.8625,ExtraCol1_2,43,0,0,1,0,1,691,153
549,1,363291,20.525,B96 B98,S,51,B,high,NA,C,NA,NA,C,NA,87,Y,high,334,Y,high,Parch_1,1,Fare_1,1,ExtraCol1_3,3,NA,NA,NA,NA,ExtraCol10_5,5,ExtraCol13_4,4,Fare_3,20.525,ExtraCol1_4,51,0,1,0,0,3,691,142
550,1,C.A. 33112,36.75,B96 B98,S,68,D,unknown,NA,B,unknown,0,NA,NA,NA,X,low,233,X,high,Parch_1,1,Fare_1,1,ExtraCol1_4,4,NA,NA,ExtraCol7_1,1,NA,NA,ExtraCol13_3,3,Fare_4,36.75,ExtraCol1_4,68,0,0,0,1,2,691,155
551,2,17421,110.8833,C70,C,80,D,low,89,B,high,45,D,high,NA,X,high,318,X,high,Parch_2,2,Fare_2,2,ExtraCol1_5,5,ExtraCol4_5,5,ExtraCol7_3,3,NA,NA,ExtraCol13_4,4,Fare_5,110.8833,ExtraCol1_5,80,0,0,0,1,4,1,155
552,0,244358,26,B96 B98,S,43,A,unknown,93,B,low,68,C,unknown,NA,X,low,106,X,NA,Parch_1,1,Fare_1,1,ExtraCol1_3,3,ExtraCol4_5,5,ExtraCol7_4,4,NA,NA,ExtraCol13_2,2,Fare_4,26,ExtraCol1_2,43,1,0,0,0,1,691,441
553,0,330979,7.8292,B96 B98,Q,82,D,high,15,NA,medium,79,D,NA,66,X,high,405,Y,low,Parch_1,1,Fare_1,1,ExtraCol1_5,5,ExtraCol4_1,1,ExtraCol7_4,4,ExtraCol10_4,4,ExtraCol13_5,5,Fare_1,7.8292,ExtraCol1_5,82,0,0,0,1,1,691,155
554,0,2620,7.225,B96 B98,C,43,C,high,90,C,low,41,C,high,13,Z,medium,22,X,high,Parch_1,1,Fare_1,1,ExtraCol1_3,3,ExtraCol4_5,5,ExtraCol7_3,3,ExtraCol10_1,1,ExtraCol13_1,1,Fare_1,7.225,ExtraCol1_2,43,0,0,1,0,1,691,153
555,0,347085,7.775,B96 B98,S,43,B,unknown,90,A,unknown,86,A,NA,NA,X,medium,419,X,low,Parch_1,1,Fare_1,1,ExtraCol1_3,3,ExtraCol4_5,5,ExtraCol7_5,5,NA,NA,ExtraCol13_5,5,Fare_1,7.775,ExtraCol1_2,43,0,1,0,0,1,691,142
556,0,113807,26.55,B96 B98,S,50,C,low,NA,C,medium,67,C,NA,99,Y,low,419,X,low,Parch_1,1,Fare_1,1,ExtraCol1_3,3,NA,NA,ExtraCol7_4,4,ExtraCol10_5,5,ExtraCol13_5,5,Fare_4,26.55,ExtraCol1_4,50,0,0,1,0,1,691,153
557,0,11755,39.6,A16,C,43,D,low,21,D,NA,4,B,low,NA,Y,high,343,Z,low,Parch_1,1,Fare_1,1,ExtraCol1_3,3,ExtraCol4_2,2,ExtraCol7_1,1,NA,NA,ExtraCol13_4,4,Fare_4,39.6,ExtraCol1_2,43,0,0,0,1,1,1,155
558,0,PC 17757,227.525,B96 B98,C,43,A,unknown,NA,A,medium,27,B,high,1,X,medium,407,Y,medium,Parch_1,1,Fare_3,3,ExtraCol1_3,3,NA,NA,ExtraCol7_2,2,ExtraCol10_1,1,ExtraCol13_5,5,Fare_5,227.525,ExtraCol1_2,43,1,0,0,0,4,691,441
559,1,110413,79.65,E67,S,79,A,low,99,D,low,93,C,medium,NA,X,medium,456,Y,low,Parch_1,1,Fare_1,1,ExtraCol1_4,4,ExtraCol4_5,5,ExtraCol7_5,5,NA,NA,ExtraCol13_5,5,Fare_5,79.65,ExtraCol1_5,79,1,0,0,0,3,2,441
560,0,345572,17.4,B96 B98,S,85,A,high,NA,C,unknown,0,B,unknown,NA,X,medium,81,Y,medium,Parch_1,1,Fare_1,1,ExtraCol1_5,5,NA,NA,ExtraCol7_1,1,NA,NA,ExtraCol13_1,1,Fare_3,17.4,ExtraCol1_5,85,1,0,0,0,1,691,441
561,0,372622,7.75,B96 B98,Q,53,A,high,NA,B,high,10,A,unknown,NA,X,medium,272,Y,low,Parch_1,1,Fare_1,1,ExtraCol1_3,3,NA,NA,ExtraCol7_1,1,NA,NA,ExtraCol13_3,3,Fare_1,7.75,ExtraCol1_4,53,1,0,0,0,1,691,441
562,0,349251,7.8958,B96 B98,S,4,A,unknown,19,C,medium,34,NA,unknown,63,Z,medium,322,Y,low,Parch_1,1,Fare_1,1,ExtraCol1_1,1,ExtraCol4_1,1,ExtraCol7_2,2,ExtraCol10_4,4,ExtraCol13_4,4,Fare_2,7.8958,ExtraCol1_1,4,1,0,0,0,1,691,441
563,0,218629,13.5,B96 B98,S,49,C,high,8,NA,NA,99,C,unknown,35,Z,NA,471,Z,medium,Parch_1,1,Fare_1,1,ExtraCol1_3,3,ExtraCol4_1,1,ExtraCol7_5,5,ExtraCol10_2,2,ExtraCol13_5,5,Fare_3,13.5,ExtraCol1_4,49,0,0,1,0,1,691,153
564,0,SOTON/OQ 392082,8.05,B96 B98,S,18,A,high,25,D,high,NA,NA,medium,35,Y,low,368,Z,medium,Parch_1,1,Fare_1,1,ExtraCol1_1,1,ExtraCol4_2,2,NA,NA,ExtraCol10_2,2,ExtraCol13_4,4,Fare_2,8.05,ExtraCol1_1,18,1,0,0,0,1,691,441
565,0,SOTON/O.Q. 392087,8.05,B96 B98,S,88,D,low,6,A,low,NA,NA,NA,NA,Z,low,297,X,medium,Parch_1,1,Fare_1,1,ExtraCol1_5,5,ExtraCol4_1,1,NA,NA,NA,NA,ExtraCol13_3,3,Fare_2,8.05,ExtraCol1_5,88,0,0,0,1,1,691,155
566,0,A/4 48871,24.15,B96 B98,S,23,D,high,19,A,NA,39,C,high,85,Z,high,278,NA,medium,Parch_1,1,Fare_1,1,ExtraCol1_2,2,ExtraCol4_1,1,ExtraCol7_2,2,ExtraCol10_5,5,ExtraCol13_3,3,Fare_4,24.15,ExtraCol1_1,23,0,0,0,1,2,691,155
567,0,349205,7.8958,B96 B98,S,22,A,high,7,C,NA,93,C,NA,49,Z,high,71,X,medium,Parch_1,1,Fare_1,1,ExtraCol1_2,2,ExtraCol4_1,1,ExtraCol7_5,5,ExtraCol10_3,3,ExtraCol13_1,1,Fare_2,7.8958,ExtraCol1_1,22,1,0,0,0,1,691,441
568,4,349909,21.075,B96 B98,S,24,A,low,76,B,low,21,D,medium,31,X,medium,158,X,low,Parch_4,4,Fare_1,1,ExtraCol1_2,2,ExtraCol4_4,4,ExtraCol7_2,2,ExtraCol10_2,2,ExtraCol13_2,2,Fare_3,21.075,ExtraCol1_1,24,1,0,0,0,4,691,441
569,0,2686,7.2292,B96 B98,C,64,A,high,58,A,high,57,B,high,NA,Z,medium,216,Y,medium,Parch_1,1,Fare_1,1,ExtraCol1_4,4,ExtraCol4_3,3,ExtraCol7_3,3,NA,NA,ExtraCol13_3,3,Fare_1,7.2292,ExtraCol1_4,64,1,0,0,0,1,691,441
570,0,350417,7.8542,B96 B98,S,43,D,low,51,B,unknown,46,NA,NA,1,NA,low,440,Y,high,Parch_1,1,Fare_1,1,ExtraCol1_3,3,ExtraCol4_3,3,ExtraCol7_3,3,ExtraCol10_1,1,ExtraCol13_5,5,Fare_1,7.8542,ExtraCol1_2,43,0,0,0,1,1,691,155
571,0,S.W./PP 752,10.5,B96 B98,S,94,A,medium,80,C,NA,NA,NA,unknown,48,Y,low,430,Z,low,Parch_1,1,Fare_1,1,ExtraCol1_5,5,ExtraCol4_5,5,NA,NA,ExtraCol10_3,3,ExtraCol13_5,5,Fare_2,10.5,ExtraCol1_5,94,1,0,0,0,1,691,441
572,0,11769,51.4792,C101,S,41,C,high,41,NA,high,75,NA,low,55,Z,high,321,Z,low,Parch_1,1,Fare_1,1,ExtraCol1_3,3,ExtraCol4_3,3,ExtraCol7_4,4,ExtraCol10_3,3,ExtraCol13_4,4,Fare_5,51.4792,ExtraCol1_2,41,0,0,1,0,1,1,153
573,0,PC 17474,26.3875,E25,S,43,D,high,40,D,NA,83,NA,medium,67,Y,medium,52,NA,high,Parch_1,1,Fare_1,1,ExtraCol1_3,3,ExtraCol4_3,3,ExtraCol7_5,5,ExtraCol10_4,4,ExtraCol13_1,1,Fare_4,26.3875,ExtraCol1_2,43,0,0,0,1,1,2,155
574,0,14312,7.75,B96 B98,Q,4,D,high,20,B,unknown,11,D,NA,80,X,low,NA,Y,medium,Parch_1,1,Fare_1,1,ExtraCol1_1,1,ExtraCol4_2,2,ExtraCol7_1,1,ExtraCol10_5,5,NA,NA,Fare_1,7.75,ExtraCol1_1,4,0,0,0,1,1,691,155
575,0,A/4. 20589,8.05,B96 B98,S,0,A,low,NA,A,high,NA,D,NA,36,X,high,229,Z,low,Parch_1,1,Fare_1,1,ExtraCol1_1,1,NA,NA,NA,NA,ExtraCol10_2,2,ExtraCol13_3,3,Fare_2,8.05,ExtraCol1_1,0,1,0,0,0,1,691,441
576,0,358585,14.5,B96 B98,S,37,A,unknown,NA,NA,high,NA,D,high,NA,X,medium,326,Z,high,Parch_1,1,Fare_1,1,ExtraCol1_2,2,NA,NA,NA,NA,NA,NA,ExtraCol13_4,4,Fare_3,14.5,ExtraCol1_2,37,1,0,0,0,2,691,441
577,0,243880,13,B96 B98,S,92,B,high,58,D,unknown,NA,NA,low,NA,X,NA,216,Y,low,Parch_1,1,Fare_1,1,ExtraCol1_5,5,ExtraCol4_3,3,NA,NA,NA,NA,ExtraCol13_3,3,Fare_3,13,ExtraCol1_5,92,0,1,0,0,1,691,142
578,0,13507,55.9,E44,S,52,A,high,NA,A,unknown,66,D,medium,76,Y,high,360,Y,medium,Parch_1,1,Fare_1,1,ExtraCol1_3,3,NA,NA,ExtraCol7_4,4,ExtraCol10_4,4,ExtraCol13_4,4,Fare_5,55.9,ExtraCol1_4,52,1,0,0,0,2,2,441
579,0,2689,14.4583,B96 B98,C,89,C,high,53,B,NA,63,NA,unknown,NA,NA,high,108,NA,medium,Parch_1,1,Fare_1,1,ExtraCol1_5,5,ExtraCol4_3,3,ExtraCol7_4,4,NA,NA,ExtraCol13_2,2,Fare_3,14.4583,ExtraCol1_5,89,0,0,1,0,1,691,153
580,0,STON/O 2. 3101286,7.925,B96 B98,S,10,A,high,29,NA,high,37,D,medium,3,Y,low,72,X,low,Parch_1,1,Fare_1,1,ExtraCol1_1,1,ExtraCol4_2,2,ExtraCol7_2,2,ExtraCol10_1,1,ExtraCol13_1,1,Fare_2,7.925,ExtraCol1_1,10,1,0,0,0,1,691,441
581,1,237789,30,B96 B98,S,9,B,high,NA,C,low,NA,B,medium,NA,Y,medium,109,Y,high,Parch_1,1,Fare_1,1,ExtraCol1_1,1,NA,NA,NA,NA,NA,NA,ExtraCol13_2,2,Fare_4,30,ExtraCol1_1,9,0,1,0,0,1,691,142
582,1,17421,110.8833,C68,C,83,A,high,82,B,unknown,NA,NA,low,NA,X,low,461,Z,medium,Parch_1,1,Fare_2,2,ExtraCol1_5,5,ExtraCol4_5,5,NA,NA,NA,NA,ExtraCol13_5,5,Fare_5,110.8833,ExtraCol1_5,83,1,0,0,0,4,2,441
583,0,28403,26,B96 B98,S,10,A,high,NA,NA,unknown,82,B,NA,NA,Y,high,NA,X,low,Parch_1,1,Fare_1,1,ExtraCol1_1,1,NA,NA,ExtraCol7_5,5,NA,NA,NA,NA,Fare_4,26,ExtraCol1_1,10,1,0,0,0,2,691,441
584,0,13049,40.125,A10,C,5,A,medium,25,NA,medium,89,A,low,50,Z,high,142,Z,high,Parch_1,1,Fare_1,1,ExtraCol1_1,1,ExtraCol4_2,2,ExtraCol7_5,5,ExtraCol10_3,3,ExtraCol13_2,2,Fare_5,40.125,ExtraCol1_1,5,1,0,0,0,1,1,441
585,0,3411,8.7125,B96 B98,C,40,A,unknown,71,NA,high,29,C,medium,46,X,medium,171,X,medium,Parch_1,1,Fare_1,1,ExtraCol1_3,3,ExtraCol4_4,4,ExtraCol7_2,2,ExtraCol10_3,3,ExtraCol13_2,2,Fare_2,8.7125,ExtraCol1_2,40,1,0,0,0,1,691,441
586,2,110413,79.65,E68,S,92,C,high,NA,A,NA,NA,A,high,37,NA,low,418,X,high,Parch_2,2,Fare_1,1,ExtraCol1_5,5,NA,NA,NA,NA,ExtraCol10_2,2,ExtraCol13_5,5,Fare_5,79.65,ExtraCol1_5,92,0,0,1,0,3,1,153
587,0,237565,15,B96 B98,S,68,B,high,NA,NA,NA,32,A,NA,41,Z,high,179,Z,high,Parch_1,1,Fare_1,1,ExtraCol1_4,4,NA,NA,ExtraCol7_2,2,ExtraCol10_3,3,ExtraCol13_2,2,Fare_3,15,ExtraCol1_4,68,0,1,0,0,1,691,142
588,1,13567,79.2,B41,C,9,B,medium,31,C,NA,3,NA,NA,1,Y,medium,446,Y,low,Parch_1,1,Fare_1,1,ExtraCol1_1,1,ExtraCol4_2,2,ExtraCol7_1,1,ExtraCol10_1,1,ExtraCol13_5,5,Fare_5,79.2,ExtraCol1_1,9,0,1,0,0,1,1,142
589,0,14973,8.05,B96 B98,S,83,B,unknown,35,A,unknown,16,NA,medium,10,NA,low,494,Y,high,Parch_1,1,Fare_1,1,ExtraCol1_5,5,ExtraCol4_2,2,ExtraCol7_1,1,ExtraCol10_1,1,ExtraCol13_5,5,Fare_2,8.05,ExtraCol1_5,83,0,1,0,0,1,691,142
590,0,A./5. 3235,8.05,B96 B98,S,84,C,medium,NA,B,unknown,30,A,low,75,X,medium,325,NA,low,Parch_1,1,Fare_1,1,ExtraCol1_5,5,NA,NA,ExtraCol7_2,2,ExtraCol10_4,4,ExtraCol13_4,4,Fare_2,8.05,ExtraCol1_5,84,0,0,1,0,1,691,153
591,0,STON/O 2. 3101273,7.125,B96 B98,S,80,D,low,1,A,low,98,D,medium,36,Z,medium,171,Y,NA,Parch_1,1,Fare_1,1,ExtraCol1_5,5,ExtraCol4_1,1,ExtraCol7_5,5,ExtraCol10_2,2,ExtraCol13_2,2,Fare_1,7.125,ExtraCol1_5,80,0,0,0,1,1,691,155
592,0,36947,78.2667,D20,C,90,A,high,NA,D,unknown,20,D,NA,NA,Y,low,299,Y,medium,Parch_1,1,Fare_1,1,ExtraCol1_5,5,NA,NA,ExtraCol7_2,2,NA,NA,ExtraCol13_3,3,Fare_5,78.2667,ExtraCol1_5,90,1,0,0,0,2,2,441
593,0,A/5 3902,7.25,B96 B98,S,23,C,unknown,12,NA,NA,50,D,medium,39,NA,high,334,Z,medium,Parch_1,1,Fare_1,1,ExtraCol1_2,2,ExtraCol4_1,1,ExtraCol7_3,3,ExtraCol10_2,2,ExtraCol13_4,4,Fare_1,7.25,ExtraCol1_1,23,0,0,1,0,1,691,153
594,2,364848,7.75,B96 B98,Q,43,A,low,NA,D,low,NA,B,medium,99,Y,high,54,Y,low,Parch_2,2,Fare_1,1,ExtraCol1_3,3,NA,NA,NA,NA,ExtraCol10_5,5,ExtraCol13_1,1,Fare_1,7.75,ExtraCol1_2,43,1,0,0,0,1,691,441
595,0,SC/AH 29037,26,B96 B98,S,43,C,medium,55,NA,NA,35,A,medium,NA,Z,low,416,X,low,Parch_1,1,Fare_1,1,ExtraCol1_3,3,ExtraCol4_3,3,ExtraCol7_2,2,NA,NA,ExtraCol13_5,5,Fare_4,26,ExtraCol1_2,43,0,0,1,0,1,691,153
596,1,345773,24.15,B96 B98,S,80,A,medium,NA,NA,high,91,NA,NA,18,NA,high,218,X,high,Parch_1,1,Fare_1,1,ExtraCol1_5,5,NA,NA,ExtraCol7_5,5,ExtraCol10_1,1,ExtraCol13_3,3,Fare_4,24.15,ExtraCol1_5,80,1,0,0,0,3,691,441
597,0,248727,33,B96 B98,S,57,A,low,34,B,unknown,9,C,high,58,NA,medium,422,Y,high,Parch_1,1,Fare_1,1,ExtraCol1_3,3,ExtraCol4_2,2,ExtraCol7_1,1,ExtraCol10_3,3,ExtraCol13_5,5,Fare_4,33,ExtraCol1_4,57,1,0,0,0,3,691,441
598,0,LINE,0,B96 B98,S,77,A,high,77,NA,low,87,A,high,NA,Y,NA,305,Y,high,Parch_1,1,Fare_1,1,ExtraCol1_4,4,ExtraCol4_4,4,ExtraCol7_5,5,NA,NA,ExtraCol13_4,4,Fare_1,0,ExtraCol1_5,77,1,0,0,0,4,691,441
599,0,2664,7.225,B96 B98,C,43,B,medium,NA,NA,NA,74,D,unknown,14,Z,high,430,NA,medium,Parch_1,1,Fare_1,1,ExtraCol1_3,3,NA,NA,ExtraCol7_4,4,ExtraCol10_1,1,ExtraCol13_5,5,Fare_1,7.225,ExtraCol1_2,43,0,1,0,0,1,691,142
600,0,PC 17485,56.9292,A20,C,64,A,low,1,A,NA,NA,B,high,NA,Z,medium,40,X,high,Parch_1,1,Fare_1,1,ExtraCol1_4,4,ExtraCol4_1,1,NA,NA,NA,NA,ExtraCol13_1,1,Fare_5,56.9292,ExtraCol1_4,64,1,0,0,0,2,1,441
601,1,243847,27,B96 B98,S,43,A,medium,NA,D,medium,76,NA,high,NA,Y,high,21,X,low,Parch_1,1,Fare_1,1,ExtraCol1_3,3,NA,NA,ExtraCol7_4,4,NA,NA,ExtraCol13_1,1,Fare_4,27,ExtraCol1_2,43,1,0,0,0,2,691,441
602,0,349214,7.8958,B96 B98,S,77,A,unknown,2,NA,NA,42,A,high,73,X,high,55,X,high,Parch_1,1,Fare_1,1,ExtraCol1_4,4,ExtraCol4_1,1,ExtraCol7_3,3,ExtraCol10_4,4,ExtraCol13_1,1,Fare_2,7.8958,ExtraCol1_5,77,1,0,0,0,1,691,441
603,0,113796,42.4,B96 B98,S,73,A,unknown,52,D,unknown,97,B,high,56,Z,high,437,Z,low,Parch_1,1,Fare_1,1,ExtraCol1_4,4,ExtraCol4_3,3,ExtraCol7_5,5,ExtraCol10_3,3,ExtraCol13_5,5,Fare_5,42.4,ExtraCol1_4,73,1,0,0,0,1,691,441
604,0,364511,8.05,B96 B98,S,43,A,high,87,A,unknown,3,NA,low,65,Y,medium,496,Y,medium,Parch_1,1,Fare_1,1,ExtraCol1_3,3,ExtraCol4_5,5,ExtraCol7_1,1,ExtraCol10_4,4,ExtraCol13_5,5,Fare_2,8.05,ExtraCol1_2,43,1,0,0,0,1,691,441
605,0,111426,26.55,B96 B98,C,82,A,medium,NA,D,medium,2,NA,medium,26,Y,NA,499,Z,medium,Parch_1,1,Fare_1,1,ExtraCol1_5,5,NA,NA,ExtraCol7_1,1,ExtraCol10_2,2,ExtraCol13_5,5,Fare_4,26.55,ExtraCol1_5,82,1,0,0,0,1,691,441
606,0,349910,15.55,B96 B98,S,43,A,unknown,NA,NA,NA,NA,C,NA,28,Z,high,166,Y,high,Parch_1,1,Fare_1,1,ExtraCol1_3,3,NA,NA,NA,NA,ExtraCol10_2,2,ExtraCol13_2,2,Fare_3,15.55,ExtraCol1_2,43,1,0,0,0,1,691,441
607,0,349246,7.8958,B96 B98,S,43,C,low,NA,B,high,93,D,low,63,Y,high,132,X,low,Parch_1,1,Fare_1,1,ExtraCol1_3,3,NA,NA,ExtraCol7_5,5,ExtraCol10_4,4,ExtraCol13_2,2,Fare_2,7.8958,ExtraCol1_2,43,0,0,1,0,1,691,153
608,0,113804,30.5,B96 B98,S,43,A,high,78,A,low,6,C,unknown,35,Y,low,174,Y,medium,Parch_1,1,Fare_1,1,ExtraCol1_3,3,ExtraCol4_4,4,ExtraCol7_1,1,ExtraCol10_2,2,ExtraCol13_2,2,Fare_4,30.5,ExtraCol1_2,43,1,0,0,0,1,691,441
609,2,SC/Paris 2123,41.5792,B96 B98,C,43,D,high,NA,NA,high,77,NA,NA,NA,X,medium,408,Z,low,Parch_2,2,Fare_1,1,ExtraCol1_3,3,NA,NA,ExtraCol7_4,4,NA,NA,ExtraCol13_5,5,Fare_5,41.5792,ExtraCol1_2,43,0,0,0,1,3,691,155
610,0,PC 17582,153.4625,C125,S,85,D,high,28,NA,unknown,93,C,NA,15,Z,medium,125,Y,low,Parch_1,1,Fare_2,2,ExtraCol1_5,5,ExtraCol4_2,2,ExtraCol7_5,5,ExtraCol10_1,1,ExtraCol13_2,2,Fare_5,153.4625,ExtraCol1_5,85,0,0,0,1,3,2,155
611,5,347082,31.275,B96 B98,S,83,A,low,0,NA,NA,NA,NA,low,30,Y,medium,273,X,medium,Parch_5,5,Fare_1,1,ExtraCol1_5,5,ExtraCol4_1,1,NA,NA,ExtraCol10_2,2,ExtraCol13_3,3,Fare_4,31.275,ExtraCol1_5,83,1,0,0,0,7,691,441
612,0,SOTON/O.Q. 3101305,7.05,B96 B98,S,43,A,high,44,B,low,86,NA,unknown,10,Z,medium,323,X,high,Parch_1,1,Fare_1,1,ExtraCol1_3,3,ExtraCol4_3,3,ExtraCol7_5,5,ExtraCol10_1,1,ExtraCol13_4,4,Fare_1,7.05,ExtraCol1_2,43,1,0,0,0,1,691,441
613,0,367230,15.5,B96 B98,Q,78,B,high,61,NA,low,75,D,low,8,X,high,180,Z,low,Parch_1,1,Fare_1,1,ExtraCol1_4,4,ExtraCol4_4,4,ExtraCol7_4,4,ExtraCol10_1,1,ExtraCol13_2,2,Fare_3,15.5,ExtraCol1_5,78,0,1,0,0,2,691,142
614,0,370377,7.75,B96 B98,Q,38,A,unknown,NA,C,high,NA,C,NA,NA,Z,medium,236,X,NA,Parch_1,1,Fare_1,1,ExtraCol1_2,2,NA,NA,NA,NA,NA,NA,ExtraCol13_3,3,Fare_1,7.75,ExtraCol1_2,38,1,0,0,0,1,691,441
615,0,364512,8.05,B96 B98,S,68,A,low,93,A,low,85,B,low,48,Y,high,332,Z,medium,Parch_1,1,Fare_1,1,ExtraCol1_4,4,ExtraCol4_5,5,ExtraCol7_5,5,ExtraCol10_3,3,ExtraCol13_4,4,Fare_2,8.05,ExtraCol1_4,68,1,0,0,0,1,691,441
616,2,220845,65,B96 B98,S,63,A,high,NA,NA,unknown,69,B,unknown,14,X,high,395,Z,high,Parch_2,2,Fare_1,1,ExtraCol1_4,4,NA,NA,ExtraCol7_4,4,ExtraCol10_1,1,ExtraCol13_4,4,Fare_5,65,ExtraCol1_4,63,1,0,0,0,2,691,441
617,1,347080,14.4,B96 B98,S,43,A,unknown,78,B,low,1,NA,low,9,X,low,94,X,low,Parch_1,1,Fare_1,1,ExtraCol1_3,3,ExtraCol4_4,4,ExtraCol7_1,1,ExtraCol10_1,1,ExtraCol13_1,1,Fare_3,14.4,ExtraCol1_2,43,1,0,0,0,2,691,441
618,0,A/5. 3336,16.1,B96 B98,S,26,B,high,2,NA,low,NA,NA,unknown,87,X,medium,256,Y,low,Parch_1,1,Fare_1,1,ExtraCol1_2,2,ExtraCol4_1,1,NA,NA,ExtraCol10_5,5,ExtraCol13_3,3,Fare_3,16.1,ExtraCol1_1,26,0,1,0,0,2,691,142
619,1,230136,39,F4,S,6,B,high,85,NA,medium,NA,A,high,51,X,medium,77,Y,high,Parch_1,1,Fare_1,1,ExtraCol1_1,1,ExtraCol4_5,5,NA,NA,ExtraCol10_3,3,ExtraCol13_1,1,Fare_4,39,ExtraCol1_1,6,0,1,0,0,2,2,142
620,0,31028,10.5,B96 B98,S,13,A,low,75,A,unknown,NA,NA,low,71,Y,high,7,Z,low,Parch_1,1,Fare_1,1,ExtraCol1_1,1,ExtraCol4_4,4,NA,NA,ExtraCol10_4,4,ExtraCol13_1,1,Fare_2,10.5,ExtraCol1_1,13,1,0,0,0,1,691,441
621,0,2659,14.4542,B96 B98,C,43,B,high,NA,C,NA,NA,NA,NA,72,Z,medium,322,Z,NA,Parch_1,1,Fare_1,1,ExtraCol1_3,3,NA,NA,NA,NA,ExtraCol10_4,4,ExtraCol13_4,4,Fare_3,14.4542,ExtraCol1_2,43,0,1,0,0,2,691,142
622,0,11753,52.5542,D19,S,47,A,high,58,D,medium,NA,B,unknown,10,Z,medium,241,X,high,Parch_1,1,Fare_1,1,ExtraCol1_3,3,ExtraCol4_3,3,NA,NA,ExtraCol10_1,1,ExtraCol13_3,3,Fare_5,52.5542,ExtraCol1_4,47,1,0,0,0,1,1,441
623,1,2653,15.7417,B96 B98,C,43,D,high,NA,D,high,29,NA,low,NA,Z,high,129,X,high,Parch_1,1,Fare_1,1,ExtraCol1_3,3,NA,NA,ExtraCol7_2,2,NA,NA,ExtraCol13_2,2,Fare_3,15.7417,ExtraCol1_2,43,0,0,0,1,2,691,155
624,0,350029,7.8542,B96 B98,S,41,A,low,90,NA,NA,19,D,unknown,NA,Y,low,27,Z,low,Parch_1,1,Fare_1,1,ExtraCol1_3,3,ExtraCol4_5,5,ExtraCol7_1,1,NA,NA,ExtraCol13_1,1,Fare_1,7.8542,ExtraCol1_2,41,1,0,0,0,1,691,441
625,0,54636,16.1,B96 B98,S,60,D,high,55,A,unknown,8,D,NA,44,Y,medium,472,Y,high,Parch_1,1,Fare_1,1,ExtraCol1_4,4,ExtraCol4_3,3,ExtraCol7_1,1,ExtraCol10_3,3,ExtraCol13_5,5,Fare_3,16.1,ExtraCol1_4,60,0,0,0,1,2,691,155
626,0,36963,32.3208,D50,S,23,A,high,NA,NA,low,63,NA,NA,86,X,NA,413,X,NA,Parch_1,1,Fare_1,1,ExtraCol1_2,2,NA,NA,ExtraCol7_4,4,ExtraCol10_5,5,ExtraCol13_5,5,Fare_4,32.3208,ExtraCol1_1,23,1,0,0,0,1,1,441
627,0,219533,12.35,B96 B98,Q,33,D,medium,61,D,unknown,95,D,medium,NA,X,high,NA,Y,low,Parch_1,1,Fare_1,1,ExtraCol1_2,2,ExtraCol4_4,4,ExtraCol7_5,5,NA,NA,NA,NA,Fare_3,12.35,ExtraCol1_2,33,0,0,0,1,1,691,155
628,0,13502,77.9583,D9,S,36,C,high,68,C,unknown,NA,D,NA,NA,Y,low,56,X,medium,Parch_1,1,Fare_1,1,ExtraCol1_2,2,ExtraCol4_4,4,NA,NA,NA,NA,ExtraCol13_1,1,Fare_5,77.9583,ExtraCol1_2,36,0,0,1,0,3,1,153
629,0,349224,7.8958,B96 B98,S,50,B,unknown,NA,C,NA,NA,D,medium,10,Z,high,7,X,low,Parch_1,1,Fare_1,1,ExtraCol1_3,3,NA,NA,NA,NA,ExtraCol10_1,1,ExtraCol13_1,1,Fare_2,7.8958,ExtraCol1_4,50,0,1,0,0,1,691,142
630,0,334912,7.7333,B96 B98,Q,36,C,high,81,B,NA,NA,NA,unknown,61,X,low,108,Z,low,Parch_1,1,Fare_1,1,ExtraCol1_2,2,ExtraCol4_5,5,NA,NA,ExtraCol10_4,4,ExtraCol13_2,2,Fare_1,7.7333,ExtraCol1_2,36,0,0,1,0,1,691,153
631,0,27042,30,A23,S,73,B,high,20,C,medium,17,B,NA,88,X,low,50,X,low,Parch_1,1,Fare_1,1,ExtraCol1_4,4,ExtraCol4_2,2,ExtraCol7_1,1,ExtraCol10_5,5,ExtraCol13_1,1,Fare_4,30,ExtraCol1_4,73,0,1,0,0,1,1,142
632,0,347743,7.0542,B96 B98,S,32,A,high,89,A,unknown,21,NA,NA,57,X,high,229,Z,low,Parch_1,1,Fare_1,1,ExtraCol1_2,2,ExtraCol4_5,5,ExtraCol7_2,2,ExtraCol10_3,3,ExtraCol13_3,3,Fare_1,7.0542,ExtraCol1_2,32,1,0,0,0,1,691,441
633,0,13214,30.5,B50,C,43,B,low,55,NA,unknown,28,D,unknown,80,X,medium,322,X,medium,Parch_1,1,Fare_1,1,ExtraCol1_3,3,ExtraCol4_3,3,ExtraCol7_2,2,ExtraCol10_5,5,ExtraCol13_4,4,Fare_4,30.5,ExtraCol1_2,43,0,1,0,0,1,1,142
634,0,112052,0,B96 B98,S,37,A,high,32,NA,high,68,NA,medium,53,X,medium,97,X,high,Parch_1,1,Fare_1,1,ExtraCol1_2,2,ExtraCol4_2,2,ExtraCol7_4,4,ExtraCol10_3,3,ExtraCol13_1,1,Fare_1,0,ExtraCol1_2,37,1,0,0,0,1,691,441
635,2,347088,27.9,B96 B98,S,43,A,high,NA,NA,NA,29,D,low,41,X,medium,198,Z,medium,Parch_2,2,Fare_1,1,ExtraCol1_3,3,NA,NA,ExtraCol7_2,2,ExtraCol10_3,3,ExtraCol13_2,2,Fare_4,27.9,ExtraCol1_2,43,1,0,0,0,6,691,441
636,0,237668,13,B96 B98,S,68,A,unknown,1,A,NA,82,NA,unknown,NA,X,high,269,X,low,Parch_1,1,Fare_1,1,ExtraCol1_4,4,ExtraCol4_1,1,ExtraCol7_5,5,NA,NA,ExtraCol13_3,3,Fare_3,13,ExtraCol1_4,68,1,0,0,0,1,691,441
637,0,STON/O 2. 3101292,7.925,B96 B98,S,23,A,unknown,74,A,high,36,C,NA,15,Y,low,158,Y,medium,Parch_1,1,Fare_1,1,ExtraCol1_2,2,ExtraCol4_4,4,ExtraCol7_2,2,ExtraCol10_1,1,ExtraCol13_2,2,Fare_2,7.925,ExtraCol1_1,23,1,0,0,0,1,691,441
638,1,C.A. 31921,26.25,B96 B98,S,29,C,high,37,NA,NA,10,A,NA,NA,Z,low,230,Y,high,Parch_1,1,Fare_1,1,ExtraCol1_2,2,ExtraCol4_2,2,ExtraCol7_1,1,NA,NA,ExtraCol13_3,3,Fare_4,26.25,ExtraCol1_2,29,0,0,1,0,3,691,153
639,5,3101295,39.6875,B96 B98,S,79,A,high,84,D,unknown,9,B,NA,NA,X,medium,295,NA,high,Parch_5,5,Fare_1,1,ExtraCol1_4,4,ExtraCol4_5,5,ExtraCol7_1,1,NA,NA,ExtraCol13_3,3,Fare_4,39.6875,ExtraCol1_5,79,1,0,0,0,6,691,441
640,0,376564,16.1,B96 B98,S,94,A,medium,23,C,high,40,C,unknown,NA,X,high,476,Y,high,Parch_1,1,Fare_1,1,ExtraCol1_5,5,ExtraCol4_2,2,ExtraCol7_3,3,NA,NA,ExtraCol13_5,5,Fare_3,16.1,ExtraCol1_5,94,1,0,0,0,2,691,441
641,0,350050,7.8542,B96 B98,S,67,A,high,92,NA,high,40,A,unknown,NA,Z,medium,155,NA,medium,Parch_1,1,Fare_1,1,ExtraCol1_4,4,ExtraCol4_5,5,ExtraCol7_3,3,NA,NA,ExtraCol13_2,2,Fare_1,7.8542,ExtraCol1_4,67,1,0,0,0,1,691,441
642,0,PC 17477,69.3,B35,C,91,A,high,94,B,low,NA,A,high,99,X,high,44,X,medium,Parch_1,1,Fare_1,1,ExtraCol1_5,5,ExtraCol4_5,5,NA,NA,ExtraCol10_5,5,ExtraCol13_1,1,Fare_5,69.3,ExtraCol1_5,91,1,0,0,0,2,2,441
643,2,347088,27.9,B96 B98,S,85,D,unknown,10,C,NA,47,C,NA,23,Z,high,434,X,low,Parch_2,2,Fare_1,1,ExtraCol1_5,5,ExtraCol4_1,1,ExtraCol7_3,3,ExtraCol10_2,2,ExtraCol13_5,5,Fare_4,27.9,ExtraCol1_5,85,0,0,0,1,6,691,155
644,0,1601,56.4958,B96 B98,S,48,C,high,64,D,NA,16,A,medium,72,Y,high,288,X,medium,Parch_1,1,Fare_1,1,ExtraCol1_3,3,ExtraCol4_4,4,ExtraCol7_1,1,ExtraCol10_4,4,ExtraCol13_3,3,Fare_5,56.4958,ExtraCol1_4,48,0,0,1,0,7,691,153
645,1,2666,19.2583,B96 B98,C,43,A,high,93,B,NA,21,NA,high,87,Z,medium,236,Y,medium,Parch_1,1,Fare_1,1,ExtraCol1_3,3,ExtraCol4_5,5,ExtraCol7_2,2,ExtraCol10_5,5,ExtraCol13_3,3,Fare_3,19.2583,ExtraCol1_2,43,1,0,0,0,4,691,441
646,0,PC 17572,76.7292,D33,C,32,B,high,32,C,high,56,B,unknown,83,X,medium,360,Y,low,Parch_1,1,Fare_1,1,ExtraCol1_2,2,ExtraCol4_2,2,ExtraCol7_3,3,ExtraCol10_5,5,ExtraCol13_4,4,Fare_5,76.7292,ExtraCol1_2,32,0,1,0,0,3,2,142
647,0,349231,7.8958,B96 B98,S,43,A,unknown,NA,C,medium,33,NA,low,NA,NA,low,490,X,low,Parch_1,1,Fare_1,1,ExtraCol1_3,3,NA,NA,ExtraCol7_2,2,NA,NA,ExtraCol13_5,5,Fare_2,7.8958,ExtraCol1_2,43,1,0,0,0,1,691,441
648,0,13213,35.5,A26,C,43,A,high,NA,D,unknown,67,NA,NA,17,Y,low,63,X,high,Parch_1,1,Fare_1,1,ExtraCol1_3,3,NA,NA,ExtraCol7_4,4,ExtraCol10_1,1,ExtraCol13_1,1,Fare_4,35.5,ExtraCol1_2,43,1,0,0,0,1,1,441
649,0,S.O./P.P. 751,7.55,B96 B98,S,96,A,low,47,D,NA,92,NA,high,46,X,NA,430,Z,low,Parch_1,1,Fare_1,1,ExtraCol1_5,5,ExtraCol4_3,3,ExtraCol7_5,5,ExtraCol10_3,3,ExtraCol13_5,5,Fare_1,7.55,ExtraCol1_5,96,1,0,0,0,1,691,441
650,0,CA. 2314,7.55,B96 B98,S,84,D,low,2,C,low,35,C,high,77,X,high,318,X,NA,Parch_1,1,Fare_1,1,ExtraCol1_5,5,ExtraCol4_1,1,ExtraCol7_2,2,ExtraCol10_4,4,ExtraCol13_4,4,Fare_1,7.55,ExtraCol1_5,84,0,0,0,1,1,691,155
651,0,349221,7.8958,B96 B98,S,43,C,unknown,84,C,NA,55,C,unknown,61,Z,high,292,Y,medium,Parch_1,1,Fare_1,1,ExtraCol1_3,3,ExtraCol4_5,5,ExtraCol7_3,3,ExtraCol10_4,4,ExtraCol13_3,3,Fare_2,7.8958,ExtraCol1_2,43,0,0,1,0,1,691,153
652,1,231919,23,B96 B98,S,65,B,unknown,NA,D,medium,NA,B,NA,NA,X,medium,432,Z,low,Parch_1,1,Fare_1,1,ExtraCol1_4,4,NA,NA,NA,NA,NA,NA,ExtraCol13_5,5,Fare_4,23,ExtraCol1_4,65,0,1,0,0,2,691,142
653,0,8475,8.4333,B96 B98,S,20,D,unknown,NA,NA,low,21,NA,low,21,Y,medium,152,Z,high,Parch_1,1,Fare_1,1,ExtraCol1_2,2,NA,NA,ExtraCol7_2,2,ExtraCol10_2,2,ExtraCol13_2,2,Fare_2,8.4333,ExtraCol1_1,20,0,0,0,1,1,691,155
654,0,330919,7.8292,B96 B98,Q,43,A,low,25,NA,NA,51,D,low,65,Z,high,393,Z,high,Parch_1,1,Fare_1,1,ExtraCol1_3,3,ExtraCol4_2,2,ExtraCol7_3,3,ExtraCol10_4,4,ExtraCol13_4,4,Fare_1,7.8292,ExtraCol1_2,43,1,0,0,0,1,691,441
655,0,365226,6.75,B96 B98,Q,43,A,high,1,C,high,30,D,unknown,42,X,low,285,Y,high,Parch_1,1,Fare_1,1,ExtraCol1_3,3,ExtraCol4_1,1,ExtraCol7_2,2,ExtraCol10_3,3,ExtraCol13_3,3,Fare_1,6.75,ExtraCol1_2,43,1,0,0,0,1,691,441
656,0,S.O.C. 14879,73.5,B96 B98,S,53,B,unknown,NA,C,NA,62,D,NA,NA,X,low,467,Y,low,Parch_1,1,Fare_1,1,ExtraCol1_3,3,NA,NA,ExtraCol7_4,4,NA,NA,ExtraCol13_5,5,Fare_5,73.5,ExtraCol1_4,53,0,1,0,0,5,691,142
657,0,349223,7.8958,B96 B98,S,76,D,high,2,A,low,74,NA,high,93,Y,high,233,Z,NA,Parch_1,1,Fare_1,1,ExtraCol1_4,4,ExtraCol4_1,1,ExtraCol7_4,4,ExtraCol10_5,5,ExtraCol13_3,3,Fare_2,7.8958,ExtraCol1_5,76,0,0,0,1,1,691,155
658,1,364849,15.5,B96 B98,Q,63,C,high,79,C,unknown,14,C,medium,0,X,medium,360,Z,low,Parch_1,1,Fare_1,1,ExtraCol1_4,4,ExtraCol4_4,4,ExtraCol7_1,1,ExtraCol10_1,1,ExtraCol13_4,4,Fare_3,15.5,ExtraCol1_4,63,0,0,1,0,2,691,153
659,0,29751,13,B96 B98,S,43,D,high,51,NA,unknown,18,A,medium,23,Z,low,248,X,low,Parch_1,1,Fare_1,1,ExtraCol1_3,3,ExtraCol4_3,3,ExtraCol7_1,1,ExtraCol10_2,2,ExtraCol13_3,3,Fare_3,13,ExtraCol1_2,43,0,0,0,1,1,691,155
660,2,35273,113.275,D48,C,28,A,low,NA,NA,high,2,D,unknown,91,X,low,196,Z,NA,Parch_2,2,Fare_2,2,ExtraCol1_2,2,NA,NA,ExtraCol7_1,1,ExtraCol10_5,5,ExtraCol13_2,2,Fare_5,113.275,ExtraCol1_1,28,1,0,0,0,3,1,441
661,0,PC 17611,133.65,B96 B98,S,43,A,medium,81,C,low,1,A,NA,NA,X,NA,187,Z,high,Parch_1,1,Fare_2,2,ExtraCol1_3,3,ExtraCol4_5,5,ExtraCol7_1,1,NA,NA,ExtraCol13_2,2,Fare_5,133.65,ExtraCol1_2,43,1,0,0,0,2,691,441
662,0,2623,7.225,B96 B98,C,73,A,high,89,NA,NA,NA,NA,NA,30,X,low,460,Z,low,Parch_1,1,Fare_1,1,ExtraCol1_4,4,ExtraCol4_5,5,NA,NA,ExtraCol10_2,2,ExtraCol13_5,5,Fare_1,7.225,ExtraCol1_4,73,1,0,0,0,1,691,441
663,0,5727,25.5875,E58,S,3,A,low,12,D,high,70,D,unknown,NA,X,medium,418,X,high,Parch_1,1,Fare_1,1,ExtraCol1_1,1,ExtraCol4_1,1,ExtraCol7_4,4,NA,NA,ExtraCol13_5,5,Fare_4,25.5875,ExtraCol1_1,3,1,0,0,0,1,1,441
664,0,349210,7.4958,B96 B98,S,43,C,low,NA,C,high,NA,NA,unknown,NA,X,high,112,Y,low,Parch_1,1,Fare_1,1,ExtraCol1_3,3,NA,NA,NA,NA,NA,NA,ExtraCol13_2,2,Fare_1,7.4958,ExtraCol1_2,43,0,0,1,0,1,691,153
665,0,STON/O 2. 3101285,7.925,B96 B98,S,43,A,high,12,B,NA,40,D,high,NA,Y,high,432,X,high,Parch_1,1,Fare_1,1,ExtraCol1_3,3,ExtraCol4_1,1,ExtraCol7_3,3,NA,NA,ExtraCol13_5,5,Fare_2,7.925,ExtraCol1_2,43,1,0,0,0,1,691,441
666,0,S.O.C. 14879,73.5,B96 B98,S,69,D,unknown,68,D,unknown,NA,B,low,30,Y,high,291,X,medium,Parch_1,1,Fare_1,1,ExtraCol1_4,4,ExtraCol4_4,4,NA,NA,ExtraCol10_2,2,ExtraCol13_3,3,Fare_5,73.5,ExtraCol1_4,69,0,0,0,1,5,691,155
667,0,234686,13,B96 B98,S,50,D,high,56,B,unknown,72,NA,high,53,Y,high,NA,Y,low,Parch_1,1,Fare_1,1,ExtraCol1_3,3,ExtraCol4_3,3,ExtraCol7_4,4,ExtraCol10_3,3,NA,NA,Fare_3,13,ExtraCol1_4,50,0,0,0,1,1,691,155
668,0,312993,7.775,B96 B98,S,86,C,high,8,B,high,80,A,high,NA,X,low,382,X,high,Parch_1,1,Fare_1,1,ExtraCol1_5,5,ExtraCol4_1,1,ExtraCol7_5,5,NA,NA,ExtraCol13_4,4,Fare_1,7.775,ExtraCol1_5,86,0,0,1,0,1,691,153
669,0,A/5 3536,8.05,B96 B98,S,91,B,high,23,NA,NA,73,NA,high,NA,X,low,81,X,high,Parch_1,1,Fare_1,1,ExtraCol1_5,5,ExtraCol4_2,2,ExtraCol7_4,4,NA,NA,ExtraCol13_1,1,Fare_2,8.05,ExtraCol1_5,91,0,1,0,0,1,691,142
670,0,19996,52,C126,S,43,A,low,53,D,high,NA,NA,low,79,X,low,436,X,high,Parch_1,1,Fare_1,1,ExtraCol1_3,3,ExtraCol4_3,3,NA,NA,ExtraCol10_4,4,ExtraCol13_5,5,Fare_5,52,ExtraCol1_2,43,1,0,0,0,2,2,441
671,1,29750,39,B96 B98,S,43,C,medium,NA,C,low,52,B,NA,62,X,high,227,NA,medium,Parch_1,1,Fare_1,1,ExtraCol1_3,3,NA,NA,ExtraCol7_3,3,ExtraCol10_4,4,ExtraCol13_3,3,Fare_4,39,ExtraCol1_2,43,0,0,1,0,2,691,153
672,0,F.C. 12750,52,B71,S,61,C,high,34,NA,NA,52,A,unknown,NA,Z,medium,458,X,high,Parch_1,1,Fare_1,1,ExtraCol1_4,4,ExtraCol4_2,2,ExtraCol7_3,3,NA,NA,ExtraCol13_5,5,Fare_5,52,ExtraCol1_4,61,0,0,1,0,1,1,153
673,0,C.A. 24580,10.5,B96 B98,S,43,D,unknown,NA,D,NA,64,A,medium,98,X,high,241,Z,high,Parch_1,1,Fare_1,1,ExtraCol1_3,3,NA,NA,ExtraCol7_4,4,ExtraCol10_5,5,ExtraCol13_3,3,Fare_2,10.5,ExtraCol1_2,43,0,0,0,1,1,691,155
674,0,244270,13,B96 B98,S,9,C,high,99,A,low,79,B,medium,NA,X,NA,42,Z,high,Parch_1,1,Fare_1,1,ExtraCol1_1,1,ExtraCol4_5,5,ExtraCol7_4,4,NA,NA,ExtraCol13_1,1,Fare_3,13,ExtraCol1_1,9,0,0,1,0,1,691,153
675,0,239856,0,B96 B98,S,62,A,high,76,NA,high,NA,NA,low,89,Y,high,383,Z,medium,Parch_1,1,Fare_1,1,ExtraCol1_4,4,ExtraCol4_4,4,NA,NA,ExtraCol10_5,5,ExtraCol13_4,4,Fare_1,0,ExtraCol1_4,62,1,0,0,0,1,691,441
676,0,349912,7.775,B96 B98,S,43,A,medium,NA,C,high,67,C,unknown,NA,X,medium,363,Z,low,Parch_1,1,Fare_1,1,ExtraCol1_3,3,NA,NA,ExtraCol7_4,4,NA,NA,ExtraCol13_4,4,Fare_1,7.775,ExtraCol1_2,43,1,0,0,0,1,691,441
677,0,342826,8.05,B96 B98,S,58,A,medium,NA,D,NA,83,A,low,92,Y,high,151,Y,medium,Parch_1,1,Fare_1,1,ExtraCol1_3,3,NA,NA,ExtraCol7_5,5,ExtraCol10_5,5,ExtraCol13_2,2,Fare_2,8.05,ExtraCol1_4,58,1,0,0,0,1,691,441
678,0,4138,9.8417,B96 B98,S,43,A,unknown,NA,B,high,NA,NA,medium,78,Y,low,102,Y,medium,Parch_1,1,Fare_1,1,ExtraCol1_3,3,NA,NA,NA,NA,ExtraCol10_4,4,ExtraCol13_2,2,Fare_2,9.8417,ExtraCol1_2,43,1,0,0,0,1,691,441
679,6,CA 2144,46.9,B96 B98,S,52,D,medium,51,D,unknown,41,C,medium,21,NA,high,431,NA,low,Parch_5,5,Fare_1,1,ExtraCol1_3,3,ExtraCol4_3,3,ExtraCol7_3,3,ExtraCol10_2,2,ExtraCol13_5,5,Fare_5,46.9,ExtraCol1_4,52,0,0,0,1,6,691,155
680,1,PC 17755,512.3292,B51 B53 B55,C,93,A,unknown,44,A,unknown,NA,B,NA,20,X,medium,389,Y,low,Parch_1,1,Fare_5,5,ExtraCol1_5,5,ExtraCol4_3,3,NA,NA,ExtraCol10_2,2,ExtraCol13_4,4,Fare_5,512.3292,ExtraCol1_5,93,1,0,0,0,3,2,441
681,0,330935,8.1375,B96 B98,Q,72,A,high,83,D,medium,2,NA,NA,54,NA,low,148,Y,NA,Parch_1,1,Fare_1,1,ExtraCol1_4,4,ExtraCol4_5,5,ExtraCol7_1,1,ExtraCol10_3,3,ExtraCol13_2,2,Fare_2,8.1375,ExtraCol1_4,72,1,0,0,0,1,691,441
682,0,PC 17572,76.7292,D49,C,13,D,high,NA,A,NA,NA,D,unknown,50,Z,low,350,Y,NA,Parch_1,1,Fare_1,1,ExtraCol1_1,1,NA,NA,NA,NA,ExtraCol10_3,3,ExtraCol13_4,4,Fare_5,76.7292,ExtraCol1_1,13,0,0,0,1,3,1,155
683,0,6563,9.225,B96 B98,S,95,A,high,NA,NA,NA,80,B,unknown,23,Y,NA,120,X,NA,Parch_1,1,Fare_1,1,ExtraCol1_5,5,NA,NA,ExtraCol7_5,5,ExtraCol10_2,2,ExtraCol13_2,2,Fare_2,9.225,ExtraCol1_5,95,1,0,0,0,1,691,441
684,2,CA 2144,46.9,B96 B98,S,95,A,medium,NA,NA,high,17,NA,high,26,X,low,90,Z,high,Parch_2,2,Fare_1,1,ExtraCol1_5,5,NA,NA,ExtraCol7_1,1,ExtraCol10_2,2,ExtraCol13_1,1,Fare_5,46.9,ExtraCol1_5,95,1,0,0,0,6,691,441
685,1,29750,39,B96 B98,S,16,D,high,6,D,low,NA,B,low,89,Y,high,NA,NA,high,Parch_1,1,Fare_1,1,ExtraCol1_1,1,ExtraCol4_1,1,NA,NA,ExtraCol10_5,5,NA,NA,Fare_4,39,ExtraCol1_1,16,0,0,0,1,2,691,155
686,2,SC/Paris 2123,41.5792,B96 B98,C,80,A,high,69,D,NA,90,NA,unknown,NA,Y,low,416,Z,low,Parch_2,2,Fare_1,1,ExtraCol1_5,5,ExtraCol4_4,4,ExtraCol7_5,5,NA,NA,ExtraCol13_5,5,Fare_5,41.5792,ExtraCol1_5,80,1,0,0,0,3,691,441
687,1,3101295,39.6875,B96 B98,S,43,C,high,65,NA,high,49,NA,medium,NA,Z,medium,459,X,low,Parch_1,1,Fare_1,1,ExtraCol1_3,3,ExtraCol4_4,4,ExtraCol7_3,3,NA,NA,ExtraCol13_5,5,Fare_4,39.6875,ExtraCol1_2,43,0,0,1,0,6,691,153
688,0,349228,10.1708,B96 B98,S,59,D,unknown,58,D,medium,48,B,NA,NA,Z,medium,230,Z,high,Parch_1,1,Fare_1,1,ExtraCol1_3,3,ExtraCol4_3,3,ExtraCol7_3,3,NA,NA,ExtraCol13_3,3,Fare_2,10.1708,ExtraCol1_4,59,0,0,0,1,1,691,155
689,0,350036,7.7958,B96 B98,S,44,C,low,5,B,high,42,A,medium,15,Y,medium,71,X,high,Parch_1,1,Fare_1,1,ExtraCol1_3,3,ExtraCol4_1,1,ExtraCol7_3,3,ExtraCol10_1,1,ExtraCol13_1,1,Fare_1,7.7958,ExtraCol1_3,44,0,0,1,0,1,691,153
690,1,24160,211.3375,B5,S,78,A,low,49,C,low,37,NA,NA,NA,X,medium,271,X,medium,Parch_1,1,Fare_3,3,ExtraCol1_4,4,ExtraCol4_3,3,ExtraCol7_2,2,NA,NA,ExtraCol13_3,3,Fare_5,211.3375,ExtraCol1_5,78,1,0,0,0,3,2,441
691,0,17474,57,B20,S,99,D,high,89,A,medium,38,A,NA,NA,NA,high,340,NA,high,Parch_1,1,Fare_1,1,ExtraCol1_5,5,ExtraCol4_5,5,ExtraCol7_2,2,NA,NA,ExtraCol13_4,4,Fare_5,57,ExtraCol1_5,99,0,0,0,1,2,2,155
692,1,349256,13.4167,B96 B98,C,79,A,medium,23,A,high,55,C,NA,64,X,high,485,X,low,Parch_1,1,Fare_1,1,ExtraCol1_4,4,ExtraCol4_2,2,ExtraCol7_3,3,ExtraCol10_4,4,ExtraCol13_5,5,Fare_3,13.4167,ExtraCol1_5,79,1,0,0,0,1,691,441
693,0,1601,56.4958,B96 B98,S,43,C,high,69,A,high,NA,A,NA,NA,Z,high,56,X,medium,Parch_1,1,Fare_1,1,ExtraCol1_3,3,ExtraCol4_4,4,NA,NA,NA,NA,ExtraCol13_1,1,Fare_5,56.4958,ExtraCol1_2,43,0,0,1,0,7,691,153
694,0,2672,7.225,B96 B98,C,94,A,low,85,C,unknown,NA,A,NA,23,Y,NA,328,Z,medium,Parch_1,1,Fare_1,1,ExtraCol1_5,5,ExtraCol4_5,5,NA,NA,ExtraCol10_2,2,ExtraCol13_4,4,Fare_1,7.225,ExtraCol1_5,94,1,0,0,0,1,691,441
695,0,113800,26.55,B96 B98,S,9,A,high,NA,NA,unknown,86,D,medium,18,Y,high,256,X,low,Parch_1,1,Fare_1,1,ExtraCol1_1,1,NA,NA,ExtraCol7_5,5,ExtraCol10_1,1,ExtraCol13_3,3,Fare_4,26.55,ExtraCol1_1,9,1,0,0,0,1,691,441
696,0,248731,13.5,B96 B98,S,25,A,medium,51,D,NA,11,A,unknown,NA,NA,NA,294,Z,high,Parch_1,1,Fare_1,1,ExtraCol1_2,2,ExtraCol4_3,3,ExtraCol7_1,1,NA,NA,ExtraCol13_3,3,Fare_3,13.5,ExtraCol1_1,25,1,0,0,0,1,691,441
697,0,363592,8.05,B96 B98,S,72,A,medium,NA,NA,low,30,B,NA,7,Y,high,46,X,medium,Parch_1,1,Fare_1,1,ExtraCol1_4,4,NA,NA,ExtraCol7_2,2,ExtraCol10_1,1,ExtraCol13_1,1,Fare_2,8.05,ExtraCol1_4,72,1,0,0,0,1,691,441
698,0,35852,7.7333,B96 B98,Q,59,D,high,69,C,NA,75,C,unknown,NA,Y,low,8,Y,low,Parch_1,1,Fare_1,1,ExtraCol1_3,3,ExtraCol4_4,4,ExtraCol7_4,4,NA,NA,ExtraCol13_1,1,Fare_1,7.7333,ExtraCol1_4,59,0,0,0,1,1,691,155
699,1,17421,110.8833,C68,C,5,A,high,NA,NA,low,54,B,medium,86,X,low,303,Y,low,Parch_1,1,Fare_2,2,ExtraCol1_1,1,NA,NA,ExtraCol7_3,3,ExtraCol10_5,5,ExtraCol13_4,4,Fare_5,110.8833,ExtraCol1_1,5,1,0,0,0,4,2,441
700,0,348121,7.65,F G63,S,9,A,medium,NA,B,NA,33,B,medium,30,Y,high,99,Z,NA,Parch_1,1,Fare_1,1,ExtraCol1_1,1,NA,NA,ExtraCol7_2,2,ExtraCol10_2,2,ExtraCol13_1,1,Fare_1,7.65,ExtraCol1_1,9,1,0,0,0,1,1,441
701,0,PC 17757,227.525,C62 C64,C,52,A,low,NA,A,low,31,NA,low,NA,X,high,306,Z,NA,Parch_1,1,Fare_3,3,ExtraCol1_3,3,NA,NA,ExtraCol7_2,2,NA,NA,ExtraCol13_4,4,Fare_5,227.525,ExtraCol1_4,52,1,0,0,0,4,1,441
702,0,PC 17475,26.2875,E24,S,61,C,high,71,NA,NA,11,NA,NA,NA,X,low,13,Z,high,Parch_1,1,Fare_1,1,ExtraCol1_4,4,ExtraCol4_4,4,ExtraCol7_1,1,NA,NA,ExtraCol13_1,1,Fare_4,26.2875,ExtraCol1_4,61,0,0,1,0,1,2,153
703,1,2691,14.4542,B96 B98,C,16,C,low,24,C,low,NA,D,low,25,X,high,400,Z,low,Parch_1,1,Fare_1,1,ExtraCol1_1,1,ExtraCol4_2,2,NA,NA,ExtraCol10_2,2,ExtraCol13_5,5,Fare_3,14.4542,ExtraCol1_1,16,0,0,1,0,2,691,153
704,0,36864,7.7417,B96 B98,Q,17,C,medium,75,NA,high,NA,C,medium,6,Y,low,166,X,medium,Parch_1,1,Fare_1,1,ExtraCol1_1,1,ExtraCol4_4,4,NA,NA,ExtraCol10_1,1,ExtraCol13_2,2,Fare_1,7.7417,ExtraCol1_1,17,0,0,1,0,1,691,153
705,0,350025,7.8542,B96 B98,S,43,C,high,54,C,NA,41,D,unknown,NA,Z,low,NA,X,medium,Parch_1,1,Fare_1,1,ExtraCol1_3,3,ExtraCol4_3,3,ExtraCol7_3,3,NA,NA,NA,NA,Fare_1,7.8542,ExtraCol1_2,43,0,0,1,0,1,691,153
706,0,250655,26,B96 B98,S,56,D,low,93,D,high,NA,C,high,2,X,high,172,Y,medium,Parch_1,1,Fare_1,1,ExtraCol1_3,3,ExtraCol4_5,5,NA,NA,ExtraCol10_1,1,ExtraCol13_2,2,Fare_4,26,ExtraCol1_4,56,0,0,0,1,2,691,155
707,0,223596,13.5,B96 B98,S,43,A,medium,65,C,high,27,NA,high,42,X,low,209,X,NA,Parch_1,1,Fare_1,1,ExtraCol1_3,3,ExtraCol4_4,4,ExtraCol7_2,2,ExtraCol10_3,3,ExtraCol13_3,3,Fare_3,13.5,ExtraCol1_2,43,1,0,0,0,1,691,441
708,0,PC 17476,26.2875,E24,S,43,D,high,NA,A,low,NA,NA,unknown,3,Y,low,265,Y,high,Parch_1,1,Fare_1,1,ExtraCol1_3,3,NA,NA,NA,NA,ExtraCol10_1,1,ExtraCol13_3,3,Fare_4,26.2875,ExtraCol1_2,43,0,0,0,1,1,2,155
709,0,113781,151.55,B96 B98,S,47,D,unknown,97,B,NA,NA,C,unknown,NA,X,high,322,Y,high,Parch_1,1,Fare_2,2,ExtraCol1_3,3,ExtraCol4_5,5,NA,NA,NA,NA,ExtraCol13_4,4,Fare_5,151.55,ExtraCol1_4,47,0,0,0,1,4,691,155
710,1,2661,15.2458,B96 B98,C,43,D,unknown,99,D,unknown,40,C,unknown,NA,X,medium,344,X,medium,Parch_1,1,Fare_1,1,ExtraCol1_3,3,ExtraCol4_5,5,ExtraCol7_3,3,NA,NA,ExtraCol13_4,4,Fare_3,15.2458,ExtraCol1_2,43,0,0,0,1,2,691,155
711,0,PC 17482,49.5042,C90,C,43,A,low,74,A,high,25,D,NA,32,Y,medium,495,X,high,Parch_1,1,Fare_1,1,ExtraCol1_3,3,ExtraCol4_4,4,ExtraCol7_2,2,ExtraCol10_2,2,ExtraCol13_5,5,Fare_5,49.5042,ExtraCol1_2,43,1,0,0,0,1,1,441
712,0,113028,26.55,C124,S,43,D,high,59,A,medium,63,NA,NA,NA,Y,high,89,Z,low,Parch_1,1,Fare_1,1,ExtraCol1_3,3,ExtraCol4_3,3,ExtraCol7_4,4,NA,NA,ExtraCol13_1,1,Fare_4,26.55,ExtraCol1_2,43,0,0,0,1,1,2,155
713,0,19996,52,C126,S,72,A,high,11,D,unknown,54,B,NA,NA,X,low,435,Y,low,Parch_1,1,Fare_1,1,ExtraCol1_4,4,ExtraCol4_1,1,ExtraCol7_3,3,NA,NA,ExtraCol13_5,5,Fare_5,52,ExtraCol1_4,72,1,0,0,0,2,2,441
714,0,7545,9.4833,B96 B98,S,76,D,medium,NA,NA,NA,57,A,NA,NA,X,high,300,Z,low,Parch_1,1,Fare_1,1,ExtraCol1_4,4,NA,NA,ExtraCol7_3,3,NA,NA,ExtraCol13_4,4,Fare_2,9.4833,ExtraCol1_5,76,0,0,0,1,1,691,155
715,0,250647,13,B96 B98,S,43,C,medium,47,D,NA,NA,NA,high,NA,X,low,154,NA,low,Parch_1,1,Fare_1,1,ExtraCol1_3,3,ExtraCol4_3,3,NA,NA,NA,NA,ExtraCol13_2,2,Fare_3,13,ExtraCol1_2,43,0,0,1,0,2,691,153
716,0,348124,7.65,F G73,S,79,A,high,78,NA,low,72,NA,medium,36,Z,medium,458,Y,high,Parch_1,1,Fare_1,1,ExtraCol1_4,4,ExtraCol4_4,4,ExtraCol7_4,4,ExtraCol10_2,2,ExtraCol13_5,5,Fare_1,7.65,ExtraCol1_5,79,1,0,0,0,1,2,441
717,0,PC 17757,227.525,C45,C,51,C,medium,58,C,NA,NA,D,NA,NA,Y,low,353,Z,low,Parch_1,1,Fare_3,3,ExtraCol1_3,3,ExtraCol4_3,3,NA,NA,NA,NA,ExtraCol13_4,4,Fare_5,227.525,ExtraCol1_4,51,0,0,1,0,4,1,153
718,0,34218,10.5,E101,S,43,B,low,43,C,NA,83,C,low,25,NA,low,92,X,NA,Parch_1,1,Fare_1,1,ExtraCol1_3,3,ExtraCol4_3,3,ExtraCol7_5,5,ExtraCol10_2,2,ExtraCol13_1,1,Fare_2,10.5,ExtraCol1_2,43,0,1,0,0,1,3,142
719,0,36568,15.5,B96 B98,Q,43,A,high,NA,A,low,42,A,NA,NA,X,low,87,X,medium,Parch_1,1,Fare_1,1,ExtraCol1_3,3,NA,NA,ExtraCol7_3,3,NA,NA,ExtraCol13_1,1,Fare_3,15.5,ExtraCol1_2,43,1,0,0,0,1,691,441
720,0,347062,7.775,B96 B98,S,59,D,medium,NA,NA,NA,40,C,medium,73,Z,medium,329,Z,high,Parch_1,1,Fare_1,1,ExtraCol1_3,3,NA,NA,ExtraCol7_3,3,ExtraCol10_4,4,ExtraCol13_4,4,Fare_1,7.775,ExtraCol1_4,59,0,0,0,1,1,691,155
721,1,248727,33,B96 B98,S,13,A,high,NA,NA,NA,38,B,low,75,NA,high,364,Z,low,Parch_1,1,Fare_1,1,ExtraCol1_1,1,NA,NA,ExtraCol7_2,2,ExtraCol10_4,4,ExtraCol13_4,4,Fare_4,33,ExtraCol1_1,13,1,0,0,0,3,691,441
722,0,350048,7.0542,B96 B98,S,93,B,low,NA,D,medium,42,NA,unknown,51,Z,low,22,X,high,Parch_1,1,Fare_1,1,ExtraCol1_5,5,NA,NA,ExtraCol7_3,3,ExtraCol10_3,3,ExtraCol13_1,1,Fare_1,7.0542,ExtraCol1_5,93,0,1,0,0,1,691,142
723,0,12233,13,B96 B98,S,84,A,low,NA,NA,low,66,B,medium,75,Z,medium,314,Y,medium,Parch_1,1,Fare_1,1,ExtraCol1_5,5,NA,NA,ExtraCol7_4,4,ExtraCol10_4,4,ExtraCol13_4,4,Fare_3,13,ExtraCol1_5,84,1,0,0,0,1,691,441
724,0,250643,13,B96 B98,S,43,A,unknown,87,D,low,49,C,medium,59,Y,high,265,Y,low,Parch_1,1,Fare_1,1,ExtraCol1_3,3,ExtraCol4_5,5,ExtraCol7_3,3,ExtraCol10_3,3,ExtraCol13_3,3,Fare_3,13,ExtraCol1_2,43,1,0,0,0,1,691,441
725,0,113806,53.1,E8,S,78,D,low,11,D,unknown,12,A,medium,NA,Z,high,NA,Z,low,Parch_1,1,Fare_1,1,ExtraCol1_4,4,ExtraCol4_1,1,ExtraCol7_1,1,NA,NA,NA,NA,Fare_5,53.1,ExtraCol1_5,78,0,0,0,1,2,2,155
726,0,315094,8.6625,B96 B98,S,11,A,high,40,A,unknown,56,C,medium,35,Z,high,370,Y,high,Parch_1,1,Fare_1,1,ExtraCol1_1,1,ExtraCol4_3,3,ExtraCol7_3,3,ExtraCol10_2,2,ExtraCol13_4,4,Fare_2,8.6625,ExtraCol1_1,11,1,0,0,0,1,691,441
727,0,31027,21,B96 B98,S,43,C,high,51,NA,NA,NA,D,unknown,51,Z,low,454,X,high,Parch_1,1,Fare_1,1,ExtraCol1_3,3,ExtraCol4_3,3,NA,NA,ExtraCol10_3,3,ExtraCol13_5,5,Fare_3,21,ExtraCol1_2,43,0,0,1,0,2,691,153
728,0,36866,7.7375,B96 B98,Q,8,D,high,NA,C,low,10,NA,high,NA,X,medium,17,Z,high,Parch_1,1,Fare_1,1,ExtraCol1_1,1,NA,NA,ExtraCol7_1,1,NA,NA,ExtraCol13_1,1,Fare_1,7.7375,ExtraCol1_1,8,0,0,0,1,1,691,155
729,0,236853,26,B96 B98,S,48,D,unknown,16,C,NA,NA,A,low,76,X,medium,382,Z,medium,Parch_1,1,Fare_1,1,ExtraCol1_3,3,ExtraCol4_1,1,NA,NA,ExtraCol10_4,4,ExtraCol13_4,4,Fare_4,26,ExtraCol1_4,48,0,0,0,1,1,691,155
730,0,STON/O2. 3101271,7.925,B96 B98,S,65,A,high,NA,D,NA,31,A,low,NA,Z,medium,166,Y,high,Parch_1,1,Fare_1,1,ExtraCol1_4,4,NA,NA,ExtraCol7_2,2,NA,NA,ExtraCol13_2,2,Fare_2,7.925,ExtraCol1_4,65,1,0,0,0,1,691,441
731,0,24160,211.3375,B5,S,72,A,high,59,NA,medium,NA,NA,NA,5,Z,low,276,Z,low,Parch_1,1,Fare_3,3,ExtraCol1_4,4,ExtraCol4_3,3,NA,NA,ExtraCol10_1,1,ExtraCol13_3,3,Fare_5,211.3375,ExtraCol1_4,72,1,0,0,0,3,2,441
732,0,2699,18.7875,B96 B98,C,41,A,low,NA,NA,medium,17,D,NA,49,Y,low,438,X,low,Parch_1,1,Fare_1,1,ExtraCol1_3,3,NA,NA,ExtraCol7_1,1,ExtraCol10_3,3,ExtraCol13_5,5,Fare_3,18.7875,ExtraCol1_2,41,1,0,0,0,2,691,441
733,0,239855,0,B96 B98,S,43,A,high,16,B,high,NA,D,NA,7,X,high,434,X,high,Parch_1,1,Fare_1,1,ExtraCol1_3,3,ExtraCol4_1,1,NA,NA,ExtraCol10_1,1,ExtraCol13_5,5,Fare_1,0,ExtraCol1_2,43,1,0,0,0,1,691,441
734,0,28425,13,B96 B98,S,43,B,high,42,D,NA,NA,NA,unknown,19,Y,low,112,Z,low,Parch_1,1,Fare_1,1,ExtraCol1_3,3,ExtraCol4_3,3,NA,NA,ExtraCol10_1,1,ExtraCol13_2,2,Fare_3,13,ExtraCol1_2,43,0,1,0,0,1,691,142
735,0,233639,13,B96 B98,S,20,A,unknown,72,D,NA,13,B,medium,37,Y,high,120,Y,medium,Parch_1,1,Fare_1,1,ExtraCol1_2,2,ExtraCol4_4,4,ExtraCol7_1,1,ExtraCol10_2,2,ExtraCol13_2,2,Fare_3,13,ExtraCol1_1,20,1,0,0,0,1,691,441
736,0,54636,16.1,B96 B98,S,43,A,medium,73,NA,unknown,NA,A,NA,0,Y,low,361,X,medium,Parch_1,1,Fare_1,1,ExtraCol1_3,3,ExtraCol4_4,4,NA,NA,ExtraCol10_1,1,ExtraCol13_4,4,Fare_3,16.1,ExtraCol1_2,43,1,0,0,0,2,691,441
737,3,W./C. 6608,34.375,B96 B98,S,43,B,high,19,C,unknown,31,B,low,22,Y,medium,NA,Z,low,Parch_3,3,Fare_1,1,ExtraCol1_3,3,ExtraCol4_1,1,ExtraCol7_2,2,ExtraCol10_2,2,NA,NA,Fare_4,34.375,ExtraCol1_2,43,0,1,0,0,4,691,142
738,0,PC 17755,512.3292,B101,C,43,A,unknown,NA,NA,medium,58,B,medium,54,NA,medium,306,X,high,Parch_1,1,Fare_5,5,ExtraCol1_3,3,NA,NA,ExtraCol7_3,3,ExtraCol10_3,3,ExtraCol13_4,4,Fare_5,512.3292,ExtraCol1_2,43,1,0,0,0,3,1,441
739,0,349201,7.8958,B96 B98,S,43,A,high,89,NA,NA,56,C,medium,37,Y,high,27,X,low,Parch_1,1,Fare_1,1,ExtraCol1_3,3,ExtraCol4_5,5,ExtraCol7_3,3,ExtraCol10_2,2,ExtraCol13_1,1,Fare_2,7.8958,ExtraCol1_2,43,1,0,0,0,1,691,441
740,0,349218,7.8958,B96 B98,S,89,A,unknown,22,A,NA,NA,D,NA,89,Z,high,81,Y,high,Parch_1,1,Fare_1,1,ExtraCol1_5,5,ExtraCol4_2,2,NA,NA,ExtraCol10_5,5,ExtraCol13_1,1,Fare_2,7.8958,ExtraCol1_5,89,1,0,0,0,1,691,441
741,0,16988,30,D45,S,81,A,high,2,C,medium,58,D,NA,9,X,low,374,Y,low,Parch_1,1,Fare_1,1,ExtraCol1_5,5,ExtraCol4_1,1,ExtraCol7_3,3,ExtraCol10_1,1,ExtraCol13_4,4,Fare_4,30,ExtraCol1_5,81,1,0,0,0,1,1,441
742,0,19877,78.85,C46,S,76,C,medium,95,NA,unknown,56,NA,low,NA,Z,high,370,Z,NA,Parch_1,1,Fare_1,1,ExtraCol1_4,4,ExtraCol4_5,5,ExtraCol7_3,3,NA,NA,ExtraCol13_4,4,Fare_5,78.85,ExtraCol1_5,76,0,0,1,0,2,1,153
743,2,PC 17608,262.375,B57 B59 B63 B66,C,43,B,high,52,A,NA,8,A,high,59,Z,low,448,Y,low,Parch_2,2,Fare_3,3,ExtraCol1_3,3,ExtraCol4_3,3,ExtraCol7_1,1,ExtraCol10_3,3,ExtraCol13_5,5,Fare_5,262.375,ExtraCol1_2,43,0,1,0,0,2,2,142
744,0,376566,16.1,B96 B98,S,27,A,high,77,NA,NA,NA,NA,medium,64,Y,high,266,X,medium,Parch_1,1,Fare_1,1,ExtraCol1_2,2,ExtraCol4_4,4,NA,NA,ExtraCol10_4,4,ExtraCol13_3,3,Fare_3,16.1,ExtraCol1_1,27,1,0,0,0,1,691,441
745,0,STON/O 2. 3101288,7.925,B96 B98,S,79,D,low,32,NA,NA,11,B,medium,67,Y,high,213,Z,low,Parch_1,1,Fare_1,1,ExtraCol1_4,4,ExtraCol4_2,2,ExtraCol7_1,1,ExtraCol10_4,4,ExtraCol13_3,3,Fare_2,7.925,ExtraCol1_5,79,0,0,0,1,1,691,155
746,1,WE/P 5735,71,B22,S,36,A,unknown,NA,A,NA,43,B,low,5,Y,low,56,Y,low,Parch_1,1,Fare_1,1,ExtraCol1_2,2,NA,NA,ExtraCol7_3,3,ExtraCol10_1,1,ExtraCol13_1,1,Fare_5,71,ExtraCol1_2,36,1,0,0,0,2,2,441
747,1,C.A. 2673,20.25,B96 B98,S,53,B,low,NA,D,medium,36,C,low,79,Y,medium,390,NA,medium,Parch_1,1,Fare_1,1,ExtraCol1_3,3,NA,NA,ExtraCol7_2,2,ExtraCol10_4,4,ExtraCol13_4,4,Fare_3,20.25,ExtraCol1_4,53,0,1,0,0,2,691,142
748,0,250648,13,B96 B98,S,31,C,medium,NA,A,NA,NA,C,medium,33,Z,high,474,NA,high,Parch_1,1,Fare_1,1,ExtraCol1_2,2,NA,NA,NA,NA,ExtraCol10_2,2,ExtraCol13_5,5,Fare_3,13,ExtraCol1_2,31,0,0,1,0,1,691,153
749,0,113773,53.1,D30,S,31,D,high,47,C,unknown,NA,D,medium,65,NA,high,22,Y,high,Parch_1,1,Fare_1,1,ExtraCol1_2,2,ExtraCol4_3,3,NA,NA,ExtraCol10_4,4,ExtraCol13_1,1,Fare_5,53.1,ExtraCol1_2,31,0,0,0,1,1,1,155
750,0,335097,7.75,B96 B98,Q,43,C,high,NA,NA,unknown,NA,C,NA,NA,Y,medium,245,Y,high,Parch_1,1,Fare_1,1,ExtraCol1_3,3,NA,NA,NA,NA,NA,NA,ExtraCol13_3,3,Fare_1,7.75,ExtraCol1_2,43,0,0,1,0,1,691,153
751,1,29103,23,B96 B98,S,43,B,high,NA,B,low,41,NA,unknown,39,NA,low,177,X,high,Parch_1,1,Fare_1,1,ExtraCol1_3,3,NA,NA,ExtraCol7_3,3,ExtraCol10_2,2,ExtraCol13_2,2,Fare_4,23,ExtraCol1_2,43,0,1,0,0,1,691,142
752,1,392096,12.475,E121,S,14,A,unknown,NA,A,unknown,6,A,NA,70,Y,medium,372,Y,high,Parch_1,1,Fare_1,1,ExtraCol1_1,1,NA,NA,ExtraCol7_1,1,ExtraCol10_4,4,ExtraCol13_4,4,Fare_3,12.475,ExtraCol1_1,14,1,0,0,0,2,2,441
753,0,345780,9.5,B96 B98,S,43,D,high,91,NA,NA,0,NA,medium,93,Y,high,381,Y,high,Parch_1,1,Fare_1,1,ExtraCol1_3,3,ExtraCol4_5,5,ExtraCol7_1,1,ExtraCol10_5,5,ExtraCol13_4,4,Fare_2,9.5,ExtraCol1_2,43,0,0,0,1,1,691,155
754,0,349204,7.8958,B96 B98,S,93,B,high,NA,A,NA,54,D,NA,87,Y,medium,108,Z,medium,Parch_1,1,Fare_1,1,ExtraCol1_5,5,NA,NA,ExtraCol7_3,3,ExtraCol10_5,5,ExtraCol13_2,2,Fare_2,7.8958,ExtraCol1_5,93,0,1,0,0,1,691,142
755,2,220845,65,B96 B98,S,55,D,high,NA,NA,medium,NA,D,high,NA,Y,low,476,Z,high,Parch_2,2,Fare_1,1,ExtraCol1_3,3,NA,NA,NA,NA,NA,NA,ExtraCol13_5,5,Fare_5,65,ExtraCol1_4,55,0,0,0,1,2,691,155
756,1,250649,14.5,B96 B98,S,43,D,unknown,51,D,medium,54,B,medium,53,Y,low,68,Z,high,Parch_1,1,Fare_1,1,ExtraCol1_3,3,ExtraCol4_3,3,ExtraCol7_3,3,ExtraCol10_3,3,ExtraCol13_1,1,Fare_3,14.5,ExtraCol1_2,43,0,0,0,1,2,691,155
757,0,350042,7.7958,B96 B98,S,73,A,medium,NA,D,NA,72,NA,NA,52,Z,low,390,Y,medium,Parch_1,1,Fare_1,1,ExtraCol1_4,4,NA,NA,ExtraCol7_4,4,ExtraCol10_3,3,ExtraCol13_4,4,Fare_1,7.7958,ExtraCol1_4,73,1,0,0,0,1,691,441
758,0,29108,11.5,B96 B98,S,38,A,high,82,NA,unknown,75,A,NA,96,Z,medium,NA,Y,low,Parch_1,1,Fare_1,1,ExtraCol1_2,2,ExtraCol4_5,5,ExtraCol7_4,4,ExtraCol10_5,5,NA,NA,Fare_3,11.5,ExtraCol1_2,38,1,0,0,0,1,691,441
759,0,363294,8.05,B96 B98,S,43,D,unknown,72,D,NA,87,A,medium,20,Z,NA,81,Y,low,Parch_1,1,Fare_1,1,ExtraCol1_3,3,ExtraCol4_4,4,ExtraCol7_5,5,ExtraCol10_2,2,ExtraCol13_1,1,Fare_2,8.05,ExtraCol1_2,43,0,0,0,1,1,691,155
760,0,110152,86.5,B77,S,43,A,high,14,NA,NA,NA,C,NA,95,Y,medium,336,X,medium,Parch_1,1,Fare_1,1,ExtraCol1_3,3,ExtraCol4_1,1,NA,NA,ExtraCol10_5,5,ExtraCol13_4,4,Fare_5,86.5,ExtraCol1_2,43,1,0,0,0,3,2,441
761,0,358585,14.5,B96 B98,S,17,B,low,58,D,medium,88,C,low,64,Z,high,135,X,medium,Parch_1,1,Fare_1,1,ExtraCol1_1,1,ExtraCol4_3,3,ExtraCol7_5,5,ExtraCol10_4,4,ExtraCol13_2,2,Fare_3,14.5,ExtraCol1_1,17,0,1,0,0,2,691,142
762,0,SOTON/O2 3101272,7.125,B96 B98,S,55,A,unknown,53,NA,low,79,C,unknown,NA,Z,medium,137,Z,medium,Parch_1,1,Fare_1,1,ExtraCol1_3,3,ExtraCol4_3,3,ExtraCol7_4,4,NA,NA,ExtraCol13_2,2,Fare_1,7.125,ExtraCol1_4,55,1,0,0,0,1,691,441
763,0,2663,7.2292,B96 B98,C,43,C,high,NA,NA,low,43,NA,NA,NA,X,medium,43,X,high,Parch_1,1,Fare_1,1,ExtraCol1_3,3,NA,NA,ExtraCol7_3,3,NA,NA,ExtraCol13_1,1,Fare_1,7.2292,ExtraCol1_2,43,0,0,1,0,1,691,153
764,2,113760,120,B96 B98,S,93,B,high,NA,B,medium,50,B,medium,81,Z,medium,373,Z,NA,Parch_2,2,Fare_2,2,ExtraCol1_5,5,NA,NA,ExtraCol7_3,3,ExtraCol10_5,5,ExtraCol13_4,4,Fare_5,120,ExtraCol1_5,93,0,1,0,0,4,691,142
765,0,347074,7.775,B96 B98,S,36,C,unknown,NA,B,NA,61,A,high,NA,Z,medium,403,Z,medium,Parch_1,1,Fare_1,1,ExtraCol1_2,2,NA,NA,ExtraCol7_4,4,NA,NA,ExtraCol13_5,5,Fare_1,7.775,ExtraCol1_2,36,0,0,1,0,1,691,153
766,0,13502,77.9583,D11,S,78,A,medium,NA,NA,NA,NA,NA,NA,NA,Y,high,252,Z,high,Parch_1,1,Fare_1,1,ExtraCol1_4,4,NA,NA,NA,NA,NA,NA,ExtraCol13_3,3,Fare_5,77.9583,ExtraCol1_5,78,1,0,0,0,3,1,441
767,0,112379,39.6,B96 B98,C,61,D,high,51,B,unknown,67,C,NA,NA,Z,low,387,X,high,Parch_1,1,Fare_1,1,ExtraCol1_4,4,ExtraCol4_3,3,ExtraCol7_4,4,NA,NA,ExtraCol13_4,4,Fare_4,39.6,ExtraCol1_4,61,0,0,0,1,1,691,155
768,0,364850,7.75,B96 B98,Q,47,A,high,NA,NA,unknown,58,B,medium,72,X,medium,174,Y,medium,Parch_1,1,Fare_1,1,ExtraCol1_3,3,NA,NA,ExtraCol7_3,3,ExtraCol10_4,4,ExtraCol13_2,2,Fare_1,7.75,ExtraCol1_4,47,1,0,0,0,1,691,441
769,0,371110,24.15,B96 B98,Q,43,A,low,NA,A,high,52,C,unknown,91,Z,low,282,Z,medium,Parch_1,1,Fare_1,1,ExtraCol1_3,3,NA,NA,ExtraCol7_3,3,ExtraCol10_5,5,ExtraCol13_3,3,Fare_4,24.15,ExtraCol1_2,43,1,0,0,0,3,691,441
770,0,8471,8.3625,B96 B98,S,37,B,low,4,B,NA,NA,B,low,NA,Y,low,393,Y,low,Parch_1,1,Fare_1,1,ExtraCol1_2,2,ExtraCol4_1,1,NA,NA,NA,NA,ExtraCol13_4,4,Fare_2,8.3625,ExtraCol1_2,37,0,1,0,0,1,691,142
771,0,345781,9.5,B96 B98,S,65,A,high,35,NA,unknown,68,C,unknown,NA,Z,low,215,Y,medium,Parch_1,1,Fare_1,1,ExtraCol1_4,4,ExtraCol4_2,2,ExtraCol7_4,4,NA,NA,ExtraCol13_3,3,Fare_2,9.5,ExtraCol1_4,65,1,0,0,0,1,691,441
772,0,350047,7.8542,B96 B98,S,98,D,high,NA,D,medium,93,B,high,4,Y,medium,308,Z,low,Parch_1,1,Fare_1,1,ExtraCol1_5,5,NA,NA,ExtraCol7_5,5,ExtraCol10_1,1,ExtraCol13_4,4,Fare_1,7.8542,ExtraCol1_5,98,0,0,0,1,1,691,155
773,0,S.O./P.P. 3,10.5,E77,S,0,A,high,NA,A,medium,97,B,low,63,Y,high,72,Z,medium,Parch_1,1,Fare_1,1,ExtraCol1_1,1,NA,NA,ExtraCol7_5,5,ExtraCol10_4,4,ExtraCol13_1,1,Fare_2,10.5,ExtraCol1_1,0,1,0,0,0,2,1,441
774,0,2674,7.225,B96 B98,C,43,B,medium,NA,C,low,82,A,low,NA,Y,high,253,X,medium,Parch_1,1,Fare_1,1,ExtraCol1_3,3,NA,NA,ExtraCol7_5,5,NA,NA,ExtraCol13_3,3,Fare_1,7.225,ExtraCol1_2,43,0,1,0,0,1,691,142
775,3,29105,23,B96 B98,S,43,A,low,NA,D,high,29,C,high,96,Y,low,425,NA,low,Parch_3,3,Fare_1,1,ExtraCol1_3,3,NA,NA,ExtraCol7_2,2,ExtraCol10_5,5,ExtraCol13_5,5,Fare_4,23,ExtraCol1_2,43,1,0,0,0,1,691,441
776,0,347078,7.75,B96 B98,S,43,A,high,44,D,low,NA,D,NA,NA,Z,high,386,Y,high,Parch_1,1,Fare_1,1,ExtraCol1_3,3,ExtraCol4_3,3,NA,NA,NA,NA,ExtraCol13_4,4,Fare_1,7.75,ExtraCol1_2,43,1,0,0,0,1,691,441
777,0,383121,7.75,F38,Q,42,B,unknown,75,D,high,29,C,low,91,Z,low,150,Y,low,Parch_1,1,Fare_1,1,ExtraCol1_3,3,ExtraCol4_4,4,ExtraCol7_2,2,ExtraCol10_5,5,ExtraCol13_2,2,Fare_1,7.75,ExtraCol1_2,42,0,1,0,0,1,1,142
778,0,364516,12.475,B96 B98,S,11,A,medium,33,A,NA,NA,NA,high,NA,X,low,272,Z,medium,Parch_1,1,Fare_1,1,ExtraCol1_1,1,ExtraCol4_2,2,NA,NA,NA,NA,ExtraCol13_3,3,Fare_3,12.475,ExtraCol1_1,11,1,0,0,0,2,691,441
779,0,36865,7.7375,B96 B98,Q,43,A,low,15,B,low,NA,NA,unknown,0,Y,medium,309,X,medium,Parch_1,1,Fare_1,1,ExtraCol1_3,3,ExtraCol4_1,1,NA,NA,ExtraCol10_1,1,ExtraCol13_4,4,Fare_1,7.7375,ExtraCol1_2,43,1,0,0,0,1,691,441
780,1,24160,211.3375,B3,S,85,B,high,84,D,high,88,A,high,NA,X,high,469,X,NA,Parch_1,1,Fare_3,3,ExtraCol1_5,5,ExtraCol4_5,5,ExtraCol7_5,5,NA,NA,ExtraCol13_5,5,Fare_5,211.3375,ExtraCol1_5,85,0,1,0,0,3,1,142
781,0,2687,7.2292,B96 B98,C,87,B,high,77,D,medium,68,D,high,63,X,medium,414,Z,medium,Parch_1,1,Fare_1,1,ExtraCol1_5,5,ExtraCol4_4,4,ExtraCol7_4,4,ExtraCol10_4,4,ExtraCol13_5,5,Fare_1,7.2292,ExtraCol1_5,87,0,1,0,0,1,691,142
782,0,17474,57,B20,S,63,D,high,NA,C,medium,68,A,low,NA,Z,low,409,Y,low,Parch_1,1,Fare_1,1,ExtraCol1_4,4,NA,NA,ExtraCol7_4,4,NA,NA,ExtraCol13_5,5,Fare_5,57,ExtraCol1_4,63,0,0,0,1,2,2,155
783,0,113501,30,D6,S,12,D,medium,NA,D,high,95,C,high,17,Z,medium,376,Z,low,Parch_1,1,Fare_1,1,ExtraCol1_1,1,NA,NA,ExtraCol7_5,5,ExtraCol10_1,1,ExtraCol13_4,4,Fare_4,30,ExtraCol1_1,12,0,0,0,1,1,1,155
784,2,W./C. 6607,23.45,B96 B98,S,43,D,medium,77,C,NA,68,D,high,91,Z,low,179,X,high,Parch_2,2,Fare_1,1,ExtraCol1_3,3,ExtraCol4_4,4,ExtraCol7_4,4,ExtraCol10_5,5,ExtraCol13_2,2,Fare_4,23.45,ExtraCol1_2,43,0,0,0,1,2,691,155
785,0,SOTON/O.Q. 3101312,7.05,B96 B98,S,43,A,low,74,A,unknown,14,D,low,NA,Y,NA,188,Y,low,Parch_1,1,Fare_1,1,ExtraCol1_3,3,ExtraCol4_4,4,ExtraCol7_1,1,NA,NA,ExtraCol13_2,2,Fare_1,7.05,ExtraCol1_2,43,1,0,0,0,1,691,441
786,0,374887,7.25,B96 B98,S,58,A,medium,NA,D,medium,NA,B,medium,41,Y,low,232,Y,medium,Parch_1,1,Fare_1,1,ExtraCol1_3,3,NA,NA,NA,NA,ExtraCol10_3,3,ExtraCol13_3,3,Fare_1,7.25,ExtraCol1_4,58,1,0,0,0,1,691,441
787,0,3101265,7.4958,B96 B98,S,43,B,unknown,NA,A,medium,35,D,NA,29,Z,medium,213,Z,low,Parch_1,1,Fare_1,1,ExtraCol1_3,3,NA,NA,ExtraCol7_2,2,ExtraCol10_2,2,ExtraCol13_3,3,Fare_1,7.4958,ExtraCol1_2,43,0,1,0,0,1,691,142
788,1,382652,29.125,B96 B98,Q,68,B,medium,59,B,unknown,63,NA,unknown,NA,X,low,478,X,medium,Parch_1,1,Fare_1,1,ExtraCol1_4,4,ExtraCol4_3,3,ExtraCol7_4,4,NA,NA,ExtraCol13_5,5,Fare_4,29.125,ExtraCol1_4,68,0,1,0,0,5,691,142
789,2,C.A. 2315,20.575,B96 B98,S,43,A,high,NA,A,low,63,A,low,NA,NA,high,437,X,medium,Parch_2,2,Fare_1,1,ExtraCol1_3,3,NA,NA,ExtraCol7_4,4,NA,NA,ExtraCol13_5,5,Fare_3,20.575,ExtraCol1_2,43,1,0,0,0,2,691,441
790,0,PC 17593,79.2,B82 B84,C,43,D,low,77,C,NA,29,NA,high,11,NA,low,447,Y,medium,Parch_1,1,Fare_1,1,ExtraCol1_3,3,ExtraCol4_4,4,ExtraCol7_2,2,ExtraCol10_1,1,ExtraCol13_5,5,Fare_5,79.2,ExtraCol1_2,43,0,0,0,1,2,1,155
791,0,12460,7.75,B96 B98,Q,43,A,low,46,A,unknown,NA,D,high,NA,Y,low,303,Y,high,Parch_1,1,Fare_1,1,ExtraCol1_3,3,ExtraCol4_3,3,NA,NA,NA,NA,ExtraCol13_4,4,Fare_1,7.75,ExtraCol1_2,43,1,0,0,0,1,691,441
792,0,239865,26,B96 B98,S,45,B,high,90,NA,medium,8,D,high,98,Y,high,95,Z,low,Parch_1,1,Fare_1,1,ExtraCol1_3,3,ExtraCol4_5,5,ExtraCol7_1,1,ExtraCol10_5,5,ExtraCol13_1,1,Fare_4,26,ExtraCol1_4,45,0,1,0,0,2,691,142
793,2,CA. 2343,69.55,B96 B98,S,43,C,low,NA,D,low,29,D,high,23,X,high,71,Z,medium,Parch_2,2,Fare_1,1,ExtraCol1_3,3,NA,NA,ExtraCol7_2,2,ExtraCol10_2,2,ExtraCol13_1,1,Fare_5,69.55,ExtraCol1_2,43,0,0,1,0,7,691,153
794,0,PC 17600,30.6958,B96 B98,C,43,C,medium,NA,NA,medium,82,B,unknown,77,Y,NA,137,X,low,Parch_1,1,Fare_1,1,ExtraCol1_3,3,NA,NA,ExtraCol7_5,5,ExtraCol10_4,4,ExtraCol13_2,2,Fare_4,30.6958,ExtraCol1_2,43,0,0,1,0,1,691,153
795,0,349203,7.8958,B96 B98,S,43,B,medium,91,NA,unknown,65,B,NA,2,Z,low,325,X,medium,Parch_1,1,Fare_1,1,ExtraCol1_3,3,ExtraCol4_5,5,ExtraCol7_4,4,ExtraCol10_1,1,ExtraCol13_4,4,Fare_2,7.8958,ExtraCol1_2,43,0,1,0,0,1,691,142
796,0,28213,13,B96 B98,S,29,C,low,47,D,unknown,94,NA,high,89,X,low,182,Y,low,Parch_1,1,Fare_1,1,ExtraCol1_2,2,ExtraCol4_3,3,ExtraCol7_5,5,ExtraCol10_5,5,ExtraCol13_2,2,Fare_3,13,ExtraCol1_2,29,0,0,1,0,1,691,153
797,0,17465,25.9292,D17,S,96,A,high,NA,B,unknown,NA,A,high,65,Y,high,327,Z,low,Parch_1,1,Fare_1,1,ExtraCol1_5,5,NA,NA,NA,NA,ExtraCol10_4,4,ExtraCol13_4,4,Fare_4,25.9292,ExtraCol1_5,96,1,0,0,0,1,2,441
798,0,349244,8.6833,B96 B98,S,43,A,unknown,NA,C,NA,85,NA,high,22,X,high,439,Y,high,Parch_1,1,Fare_1,1,ExtraCol1_3,3,NA,NA,ExtraCol7_5,5,ExtraCol10_2,2,ExtraCol13_5,5,Fare_2,8.6833,ExtraCol1_2,43,1,0,0,0,1,691,441
799,0,2685,7.2292,B96 B98,C,31,A,low,87,NA,NA,17,C,unknown,88,X,high,167,Z,NA,Parch_1,1,Fare_1,1,ExtraCol1_2,2,ExtraCol4_5,5,ExtraCol7_1,1,ExtraCol10_5,5,ExtraCol13_2,2,Fare_1,7.2292,ExtraCol1_2,31,1,0,0,0,1,691,441
800,1,345773,24.15,B96 B98,S,43,C,unknown,75,A,medium,NA,C,low,NA,Y,high,463,X,low,Parch_1,1,Fare_1,1,ExtraCol1_3,3,ExtraCol4_4,4,NA,NA,NA,NA,ExtraCol13_5,5,Fare_4,24.15,ExtraCol1_2,43,0,0,1,0,3,691,153
801,0,250647,13,B96 B98,S,1,A,high,16,A,NA,5,B,unknown,99,Y,low,255,Z,low,Parch_1,1,Fare_1,1,ExtraCol1_1,1,ExtraCol4_1,1,ExtraCol7_1,1,ExtraCol10_5,5,ExtraCol13_3,3,Fare_3,13,ExtraCol1_1,1,1,0,0,0,2,691,441
802,1,C.A. 31921,26.25,B96 B98,S,43,A,high,49,A,unknown,9,D,high,59,Y,high,401,X,low,Parch_1,1,Fare_1,1,ExtraCol1_3,3,ExtraCol4_3,3,ExtraCol7_1,1,ExtraCol10_3,3,ExtraCol13_5,5,Fare_4,26.25,ExtraCol1_2,43,1,0,0,0,3,691,441
803,2,113760,120,B96 B98,S,51,A,low,37,D,NA,23,C,unknown,44,X,medium,NA,Z,low,Parch_2,2,Fare_2,2,ExtraCol1_3,3,ExtraCol4_2,2,ExtraCol7_2,2,ExtraCol10_3,3,NA,NA,Fare_5,120,ExtraCol1_4,51,1,0,0,0,4,691,441
804,1,2625,8.5167,B96 B98,C,91,C,unknown,64,D,unknown,28,A,medium,5,Y,high,137,Z,high,Parch_1,1,Fare_1,1,ExtraCol1_5,5,ExtraCol4_4,4,ExtraCol7_2,2,ExtraCol10_1,1,ExtraCol13_2,2,Fare_2,8.5167,ExtraCol1_5,91,0,0,1,0,1,691,153
805,0,347089,6.975,B96 B98,S,43,C,low,NA,NA,NA,1,NA,NA,26,X,medium,465,X,medium,Parch_1,1,Fare_1,1,ExtraCol1_3,3,NA,NA,ExtraCol7_1,1,ExtraCol10_2,2,ExtraCol13_5,5,Fare_1,6.975,ExtraCol1_2,43,0,0,1,0,1,691,153
806,0,347063,7.775,B96 B98,S,43,A,high,71,NA,NA,NA,D,NA,5,Y,high,443,X,medium,Parch_1,1,Fare_1,1,ExtraCol1_3,3,ExtraCol4_4,4,NA,NA,ExtraCol10_1,1,ExtraCol13_5,5,Fare_1,7.775,ExtraCol1_2,43,1,0,0,0,1,691,441
807,0,112050,0,A36,S,43,D,high,74,NA,unknown,52,A,NA,85,Z,NA,285,Y,medium,Parch_1,1,Fare_1,1,ExtraCol1_3,3,ExtraCol4_4,4,ExtraCol7_3,3,ExtraCol10_5,5,ExtraCol13_3,3,Fare_1,0,ExtraCol1_2,43,0,0,0,1,1,1,155
808,0,347087,7.775,B96 B98,S,11,D,medium,NA,D,low,65,C,unknown,NA,Y,high,16,Z,medium,Parch_1,1,Fare_1,1,ExtraCol1_1,1,NA,NA,ExtraCol7_4,4,NA,NA,ExtraCol13_1,1,Fare_1,7.775,ExtraCol1_1,11,0,0,0,1,1,691,155
809,0,248723,13,B96 B98,S,43,A,low,15,NA,NA,65,A,NA,11,Z,medium,29,X,medium,Parch_1,1,Fare_1,1,ExtraCol1_3,3,ExtraCol4_1,1,ExtraCol7_4,4,ExtraCol10_1,1,ExtraCol13_1,1,Fare_3,13,ExtraCol1_2,43,1,0,0,0,1,691,441
810,0,113806,53.1,E8,S,99,D,high,62,NA,NA,96,NA,low,NA,Y,low,211,X,medium,Parch_1,1,Fare_1,1,ExtraCol1_5,5,ExtraCol4_4,4,ExtraCol7_5,5,NA,NA,ExtraCol13_3,3,Fare_5,53.1,ExtraCol1_5,99,0,0,0,1,2,2,155
811,0,3474,7.8875,B96 B98,S,4,A,low,NA,NA,NA,NA,NA,high,97,Z,medium,449,Z,high,Parch_1,1,Fare_1,1,ExtraCol1_1,1,NA,NA,NA,NA,ExtraCol10_5,5,ExtraCol13_5,5,Fare_2,7.8875,ExtraCol1_1,4,1,0,0,0,1,691,441
812,0,A/4 48871,24.15,B96 B98,S,87,A,high,94,NA,low,34,B,high,97,Z,medium,188,Z,low,Parch_1,1,Fare_1,1,ExtraCol1_5,5,ExtraCol4_5,5,ExtraCol7_2,2,ExtraCol10_5,5,ExtraCol13_2,2,Fare_4,24.15,ExtraCol1_5,87,1,0,0,0,2,691,441
813,0,28206,10.5,B96 B98,S,68,A,unknown,77,B,NA,NA,NA,high,71,Z,low,442,X,medium,Parch_1,1,Fare_1,1,ExtraCol1_4,4,ExtraCol4_4,4,NA,NA,ExtraCol10_4,4,ExtraCol13_5,5,Fare_2,10.5,ExtraCol1_4,68,1,0,0,0,1,691,441
814,2,347082,31.275,B96 B98,S,28,B,medium,95,NA,unknown,55,A,low,7,Y,high,267,Z,low,Parch_2,2,Fare_1,1,ExtraCol1_2,2,ExtraCol4_5,5,ExtraCol7_3,3,ExtraCol10_1,1,ExtraCol13_3,3,Fare_4,31.275,ExtraCol1_1,28,0,1,0,0,7,691,142
815,0,364499,8.05,B96 B98,S,43,A,high,53,B,medium,52,C,NA,50,X,low,67,Z,medium,Parch_1,1,Fare_1,1,ExtraCol1_3,3,ExtraCol4_3,3,ExtraCol7_3,3,ExtraCol10_3,3,ExtraCol13_1,1,Fare_2,8.05,ExtraCol1_2,43,1,0,0,0,1,691,441
816,0,112058,0,B102,S,83,B,low,93,NA,medium,79,D,medium,94,Y,medium,280,NA,high,Parch_1,1,Fare_1,1,ExtraCol1_5,5,ExtraCol4_5,5,ExtraCol7_4,4,ExtraCol10_5,5,ExtraCol13_3,3,Fare_1,0,ExtraCol1_5,83,0,1,0,0,1,1,142
817,0,STON/O2. 3101290,7.925,B96 B98,S,4,C,high,1,NA,medium,56,B,high,9,Z,NA,182,X,high,Parch_1,1,Fare_1,1,ExtraCol1_1,1,ExtraCol4_1,1,ExtraCol7_3,3,ExtraCol10_1,1,ExtraCol13_2,2,Fare_2,7.925,ExtraCol1_1,4,0,0,1,0,1,691,153
818,1,S.C./PARIS 2079,37.0042,B96 B98,C,10,A,low,28,NA,NA,23,D,unknown,79,Y,high,112,Z,medium,Parch_1,1,Fare_1,1,ExtraCol1_1,1,ExtraCol4_2,2,ExtraCol7_2,2,ExtraCol10_4,4,ExtraCol13_2,2,Fare_4,37.0042,ExtraCol1_1,10,1,0,0,0,2,691,441
819,0,C 7075,6.45,B96 B98,S,66,C,low,0,B,high,NA,B,high,1,Z,medium,337,X,NA,Parch_1,1,Fare_1,1,ExtraCol1_4,4,ExtraCol4_1,1,NA,NA,ExtraCol10_1,1,ExtraCol13_4,4,Fare_1,6.45,ExtraCol1_4,66,0,0,1,0,1,691,153
820,2,347088,27.9,B96 B98,S,99,B,high,67,NA,high,96,A,NA,NA,Z,high,102,X,high,Parch_2,2,Fare_1,1,ExtraCol1_5,5,ExtraCol4_4,4,ExtraCol7_5,5,NA,NA,ExtraCol13_2,2,Fare_4,27.9,ExtraCol1_5,99,0,1,0,0,6,691,142
821,1,12749,93.5,B69,S,43,C,high,51,A,NA,NA,C,unknown,NA,Z,high,452,X,medium,Parch_1,1,Fare_1,1,ExtraCol1_3,3,ExtraCol4_3,3,NA,NA,NA,NA,ExtraCol13_5,5,Fare_5,93.5,ExtraCol1_2,43,0,0,1,0,2,1,153
822,0,315098,8.6625,B96 B98,S,66,D,high,28,NA,medium,59,D,NA,NA,NA,low,401,Y,high,Parch_1,1,Fare_1,1,ExtraCol1_4,4,ExtraCol4_2,2,ExtraCol7_3,3,NA,NA,ExtraCol13_5,5,Fare_2,8.6625,ExtraCol1_4,66,0,0,0,1,1,691,155
823,0,19972,0,B96 B98,S,13,A,high,30,C,unknown,17,B,unknown,41,X,high,391,NA,NA,Parch_1,1,Fare_1,1,ExtraCol1_1,1,ExtraCol4_2,2,ExtraCol7_1,1,ExtraCol10_3,3,ExtraCol13_4,4,Fare_1,0,ExtraCol1_1,13,1,0,0,0,1,691,441
824,1,392096,12.475,E121,S,65,A,high,NA,NA,unknown,0,D,NA,NA,Y,medium,38,NA,low,Parch_1,1,Fare_1,1,ExtraCol1_4,4,NA,NA,ExtraCol7_1,1,NA,NA,ExtraCol13_1,1,Fare_3,12.475,ExtraCol1_4,65,1,0,0,0,2,2,441
825,1,3101295,39.6875,B96 B98,S,62,B,high,18,B,high,NA,C,unknown,84,Y,NA,480,X,high,Parch_1,1,Fare_1,1,ExtraCol1_4,4,ExtraCol4_1,1,NA,NA,ExtraCol10_5,5,ExtraCol13_5,5,Fare_4,39.6875,ExtraCol1_4,62,0,1,0,0,6,691,142
826,0,368323,6.95,B96 B98,Q,9,A,high,51,A,NA,2,NA,NA,32,Z,low,246,X,NA,Parch_1,1,Fare_1,1,ExtraCol1_1,1,ExtraCol4_3,3,ExtraCol7_1,1,ExtraCol10_2,2,ExtraCol13_3,3,Fare_1,6.95,ExtraCol1_1,9,1,0,0,0,1,691,441
827,0,1601,56.4958,B96 B98,S,68,B,unknown,61,NA,medium,45,NA,NA,64,NA,medium,366,X,high,Parch_1,1,Fare_1,1,ExtraCol1_4,4,ExtraCol4_4,4,ExtraCol7_3,3,ExtraCol10_4,4,ExtraCol13_4,4,Fare_5,56.4958,ExtraCol1_4,68,0,1,0,0,7,691,142
828,2,S.C./PARIS 2079,37.0042,B96 B98,C,89,A,high,23,NA,high,88,B,NA,46,X,high,95,Z,low,Parch_2,2,Fare_1,1,ExtraCol1_5,5,ExtraCol4_2,2,ExtraCol7_5,5,ExtraCol10_3,3,ExtraCol13_1,1,Fare_4,37.0042,ExtraCol1_5,89,1,0,0,0,2,691,441
829,0,367228,7.75,B96 B98,Q,43,C,high,22,C,medium,NA,A,low,43,X,high,384,X,medium,Parch_1,1,Fare_1,1,ExtraCol1_3,3,ExtraCol4_2,2,NA,NA,ExtraCol10_3,3,ExtraCol13_4,4,Fare_1,7.75,ExtraCol1_2,43,0,0,1,0,1,691,153
830,0,113572,80,B28,S,2,B,medium,NA,NA,NA,NA,NA,NA,79,Y,high,NA,X,NA,Parch_1,1,Fare_1,1,ExtraCol1_1,1,NA,NA,NA,NA,ExtraCol10_4,4,NA,NA,Fare_5,80,ExtraCol1_1,2,0,1,0,0,2,2,142
831,0,2659,14.4542,B96 B98,C,43,A,high,NA,NA,NA,85,NA,low,22,X,high,353,X,low,Parch_1,1,Fare_1,1,ExtraCol1_3,3,NA,NA,ExtraCol7_5,5,ExtraCol10_2,2,ExtraCol13_4,4,Fare_3,14.4542,ExtraCol1_2,43,1,0,0,0,2,691,441
832,1,29106,18.75,B96 B98,S,43,A,high,25,D,low,NA,C,medium,NA,Y,medium,138,X,high,Parch_1,1,Fare_1,1,ExtraCol1_3,3,ExtraCol4_2,2,NA,NA,NA,NA,ExtraCol13_2,2,Fare_3,18.75,ExtraCol1_2,43,1,0,0,0,3,691,441
833,0,2671,7.2292,B96 B98,C,45,A,unknown,37,NA,NA,65,C,unknown,48,X,high,466,Z,low,Parch_1,1,Fare_1,1,ExtraCol1_3,3,ExtraCol4_2,2,ExtraCol7_4,4,ExtraCol10_3,3,ExtraCol13_5,5,Fare_1,7.2292,ExtraCol1_4,45,1,0,0,0,1,691,441
834,0,347468,7.8542,B96 B98,S,14,D,unknown,54,C,NA,78,A,NA,NA,Z,low,354,X,low,Parch_1,1,Fare_1,1,ExtraCol1_1,1,ExtraCol4_3,3,ExtraCol7_4,4,NA,NA,ExtraCol13_4,4,Fare_1,7.8542,ExtraCol1_1,14,0,0,0,1,1,691,155
835,0,2223,8.3,B96 B98,S,85,A,medium,18,B,low,NA,NA,low,NA,Y,high,226,Y,low,Parch_1,1,Fare_1,1,ExtraCol1_5,5,ExtraCol4_1,1,NA,NA,NA,NA,ExtraCol13_3,3,Fare_2,8.3,ExtraCol1_5,85,1,0,0,0,1,691,441
836,1,PC 17756,83.1583,E49,C,77,A,high,56,D,unknown,42,B,medium,34,Z,low,228,Y,high,Parch_1,1,Fare_1,1,ExtraCol1_4,4,ExtraCol4_3,3,ExtraCol7_3,3,ExtraCol10_2,2,ExtraCol13_3,3,Fare_5,83.1583,ExtraCol1_5,77,1,0,0,0,1,1,441
837,0,315097,8.6625,B96 B98,S,80,B,low,13,NA,NA,39,C,NA,66,Y,medium,0,X,low,Parch_1,1,Fare_1,1,ExtraCol1_5,5,ExtraCol4_1,1,ExtraCol7_2,2,ExtraCol10_4,4,ExtraCol13_1,1,Fare_2,8.6625,ExtraCol1_5,80,0,1,0,0,1,691,142
838,0,392092,8.05,B96 B98,S,19,D,unknown,14,B,unknown,NA,B,NA,47,X,high,149,Y,medium,Parch_1,1,Fare_1,1,ExtraCol1_1,1,ExtraCol4_1,1,NA,NA,ExtraCol10_3,3,ExtraCol13_2,2,Fare_2,8.05,ExtraCol1_1,19,0,0,0,1,1,691,155
839,0,1601,56.4958,B96 B98,S,1,C,low,23,C,medium,40,D,NA,NA,X,NA,394,X,low,Parch_1,1,Fare_1,1,ExtraCol1_1,1,ExtraCol4_2,2,ExtraCol7_3,3,NA,NA,ExtraCol13_4,4,Fare_5,56.4958,ExtraCol1_1,1,0,0,1,0,7,691,153
840,0,11774,29.7,C47,C,91,A,high,28,NA,unknown,NA,A,high,52,Z,high,415,Y,medium,Parch_1,1,Fare_1,1,ExtraCol1_5,5,ExtraCol4_2,2,NA,NA,ExtraCol10_3,3,ExtraCol13_5,5,Fare_4,29.7,ExtraCol1_5,91,1,0,0,0,1,1,441
841,0,SOTON/O2 3101287,7.925,B96 B98,S,28,A,medium,2,D,NA,18,A,NA,NA,Y,high,499,X,medium,Parch_1,1,Fare_1,1,ExtraCol1_2,2,ExtraCol4_1,1,ExtraCol7_1,1,NA,NA,ExtraCol13_5,5,Fare_2,7.925,ExtraCol1_1,28,1,0,0,0,1,691,441
842,0,S.O./P.P. 3,10.5,B96 B98,S,65,B,unknown,96,B,NA,17,B,low,NA,Z,medium,42,Y,low,Parch_1,1,Fare_1,1,ExtraCol1_4,4,ExtraCol4_5,5,ExtraCol7_1,1,NA,NA,ExtraCol13_1,1,Fare_2,10.5,ExtraCol1_4,65,0,1,0,0,2,691,142
843,0,113798,31,B96 B98,C,90,D,high,NA,D,low,71,A,unknown,44,Z,low,125,Y,low,Parch_1,1,Fare_1,1,ExtraCol1_5,5,NA,NA,ExtraCol7_4,4,ExtraCol10_3,3,ExtraCol13_2,2,Fare_4,31,ExtraCol1_5,90,0,0,0,1,2,691,155
844,0,2683,6.4375,B96 B98,C,3,A,medium,NA,NA,NA,76,A,NA,43,Y,high,383,Y,medium,Parch_1,1,Fare_1,1,ExtraCol1_1,1,NA,NA,ExtraCol7_4,4,ExtraCol10_3,3,ExtraCol13_4,4,Fare_1,6.4375,ExtraCol1_1,3,1,0,0,0,1,691,441
845,0,315090,8.6625,B96 B98,S,0,D,high,NA,NA,medium,67,C,medium,27,Y,medium,180,X,NA,Parch_1,1,Fare_1,1,ExtraCol1_1,1,NA,NA,ExtraCol7_4,4,ExtraCol10_2,2,ExtraCol13_2,2,Fare_2,8.6625,ExtraCol1_1,0,0,0,0,1,1,691,155
846,0,C.A. 5547,7.55,B96 B98,S,0,C,low,80,B,NA,NA,D,NA,NA,X,high,124,Z,medium,Parch_1,1,Fare_1,1,ExtraCol1_1,1,ExtraCol4_5,5,NA,NA,NA,NA,ExtraCol13_2,2,Fare_1,7.55,ExtraCol1_1,0,0,0,1,0,1,691,153
847,2,CA. 2343,69.55,B96 B98,S,15,A,high,83,D,low,0,C,NA,NA,X,medium,140,X,medium,Parch_2,2,Fare_1,1,ExtraCol1_1,1,ExtraCol4_5,5,ExtraCol7_1,1,NA,NA,ExtraCol13_2,2,Fare_5,69.55,ExtraCol1_1,15,1,0,0,0,7,691,441
848,0,349213,7.8958,B96 B98,C,5,A,low,10,C,unknown,NA,NA,medium,NA,X,high,459,X,low,Parch_1,1,Fare_1,1,ExtraCol1_1,1,ExtraCol4_1,1,NA,NA,NA,NA,ExtraCol13_5,5,Fare_2,7.8958,ExtraCol1_1,5,1,0,0,0,1,691,441
849,1,248727,33,B96 B98,S,81,A,high,37,NA,high,46,NA,NA,69,X,medium,428,X,low,Parch_1,1,Fare_1,1,ExtraCol1_5,5,ExtraCol4_2,2,ExtraCol7_3,3,ExtraCol10_4,4,ExtraCol13_5,5,Fare_4,33,ExtraCol1_5,81,1,0,0,0,3,691,441
850,0,17453,89.1042,C92,C,60,D,medium,NA,D,unknown,NA,B,NA,41,Y,low,2,Z,medium,Parch_1,1,Fare_1,1,ExtraCol1_4,4,NA,NA,NA,NA,ExtraCol10_3,3,ExtraCol13_1,1,Fare_5,89.1042,ExtraCol1_4,60,0,0,0,1,2,2,155
851,2,347082,31.275,B96 B98,S,43,A,high,57,NA,high,92,A,unknown,70,Z,low,420,X,high,Parch_2,2,Fare_1,1,ExtraCol1_3,3,ExtraCol4_3,3,ExtraCol7_5,5,ExtraCol10_4,4,ExtraCol13_5,5,Fare_4,31.275,ExtraCol1_2,43,1,0,0,0,7,691,441
852,0,347060,7.775,B96 B98,S,43,B,medium,0,D,low,86,D,medium,71,Y,high,278,Y,low,Parch_1,1,Fare_1,1,ExtraCol1_3,3,ExtraCol4_1,1,ExtraCol7_5,5,ExtraCol10_4,4,ExtraCol13_3,3,Fare_1,7.775,ExtraCol1_2,43,0,1,0,0,1,691,142
853,1,2678,15.2458,B96 B98,C,96,A,high,NA,D,medium,77,NA,low,52,Y,high,422,Z,medium,Parch_1,1,Fare_1,1,ExtraCol1_5,5,NA,NA,ExtraCol7_4,4,ExtraCol10_3,3,ExtraCol13_5,5,Fare_3,15.2458,ExtraCol1_5,96,1,0,0,0,2,691,441
854,1,PC 17592,39.4,D28,S,23,A,low,NA,NA,medium,2,B,NA,NA,Z,low,311,X,high,Parch_1,1,Fare_1,1,ExtraCol1_2,2,NA,NA,ExtraCol7_1,1,NA,NA,ExtraCol13_4,4,Fare_4,39.4,ExtraCol1_1,23,1,0,0,0,1,1,441
855,0,244252,26,B96 B98,S,43,A,high,NA,NA,low,NA,NA,unknown,NA,Z,high,344,X,medium,Parch_1,1,Fare_1,1,ExtraCol1_3,3,NA,NA,NA,NA,NA,NA,ExtraCol13_4,4,Fare_4,26,ExtraCol1_2,43,1,0,0,0,2,691,441
856,1,392091,9.35,B96 B98,S,84,A,high,38,NA,unknown,43,C,high,15,NA,NA,288,NA,low,Parch_1,1,Fare_1,1,ExtraCol1_5,5,ExtraCol4_2,2,ExtraCol7_3,3,ExtraCol10_1,1,ExtraCol13_3,3,Fare_2,9.35,ExtraCol1_5,84,1,0,0,0,1,691,441
857,1,36928,164.8667,B96 B98,S,24,A,high,NA,B,unknown,NA,A,NA,NA,X,medium,367,Z,high,Parch_1,1,Fare_2,2,ExtraCol1_2,2,NA,NA,NA,NA,NA,NA,ExtraCol13_4,4,Fare_5,164.8667,ExtraCol1_1,24,1,0,0,0,2,691,441
858,0,113055,26.55,E17,S,43,A,high,30,A,NA,NA,A,unknown,95,Y,high,407,Z,medium,Parch_1,1,Fare_1,1,ExtraCol1_3,3,ExtraCol4_2,2,NA,NA,ExtraCol10_5,5,ExtraCol13_5,5,Fare_4,26.55,ExtraCol1_2,43,1,0,0,0,1,1,441
859,3,2666,19.2583,B96 B98,C,66,A,high,29,B,high,29,C,NA,40,X,low,254,Y,medium,Parch_3,3,Fare_1,1,ExtraCol1_4,4,ExtraCol4_2,2,ExtraCol7_2,2,ExtraCol10_3,3,ExtraCol13_3,3,Fare_3,19.2583,ExtraCol1_4,66,1,0,0,0,4,691,441
860,0,2629,7.2292,B96 B98,C,80,A,unknown,34,A,high,11,NA,high,31,X,medium,56,Z,high,Parch_1,1,Fare_1,1,ExtraCol1_5,5,ExtraCol4_2,2,ExtraCol7_1,1,ExtraCol10_2,2,ExtraCol13_1,1,Fare_1,7.2292,ExtraCol1_5,80,1,0,0,0,1,691,441
861,0,350026,14.1083,B96 B98,S,96,D,high,30,C,high,32,C,medium,79,Y,NA,46,Z,NA,Parch_1,1,Fare_1,1,ExtraCol1_5,5,ExtraCol4_2,2,ExtraCol7_2,2,ExtraCol10_4,4,ExtraCol13_1,1,Fare_3,14.1083,ExtraCol1_5,96,0,0,0,1,1,691,155
862,0,28134,11.5,B96 B98,S,92,A,high,NA,C,low,79,B,high,60,Y,medium,207,X,high,Parch_1,1,Fare_1,1,ExtraCol1_5,5,NA,NA,ExtraCol7_4,4,ExtraCol10_4,4,ExtraCol13_3,3,Fare_3,11.5,ExtraCol1_5,92,1,0,0,0,1,691,441
863,0,17466,25.9292,D17,S,43,A,medium,4,C,high,NA,A,unknown,NA,NA,low,236,X,medium,Parch_1,1,Fare_1,1,ExtraCol1_3,3,ExtraCol4_1,1,NA,NA,NA,NA,ExtraCol13_3,3,Fare_4,25.9292,ExtraCol1_2,43,1,0,0,0,1,2,441
864,2,CA. 2343,69.55,B96 B98,S,77,A,high,27,C,unknown,NA,NA,low,9,X,NA,431,X,high,Parch_2,2,Fare_1,1,ExtraCol1_4,4,ExtraCol4_2,2,NA,NA,ExtraCol10_1,1,ExtraCol13_5,5,Fare_5,69.55,ExtraCol1_5,77,1,0,0,0,7,691,441
865,0,233866,13,B96 B98,S,84,A,high,31,B,NA,59,B,NA,80,Z,medium,16,Z,high,Parch_1,1,Fare_1,1,ExtraCol1_5,5,ExtraCol4_2,2,ExtraCol7_3,3,ExtraCol10_5,5,ExtraCol13_1,1,Fare_3,13,ExtraCol1_5,84,1,0,0,0,1,691,441
866,0,236852,13,B96 B98,S,69,C,high,NA,C,high,9,NA,unknown,NA,Y,low,444,NA,high,Parch_1,1,Fare_1,1,ExtraCol1_4,4,NA,NA,ExtraCol7_1,1,NA,NA,ExtraCol13_5,5,Fare_3,13,ExtraCol1_4,69,0,0,1,0,1,691,153
867,0,SC/PARIS 2149,13.8583,B96 B98,C,81,D,high,87,D,NA,NA,NA,NA,NA,Y,medium,27,Z,low,Parch_1,1,Fare_1,1,ExtraCol1_5,5,ExtraCol4_5,5,NA,NA,NA,NA,ExtraCol13_1,1,Fare_3,13.8583,ExtraCol1_5,81,0,0,0,1,1,691,155
868,0,PC 17590,50.4958,A24,S,43,C,high,67,A,high,15,NA,NA,NA,NA,medium,249,Y,low,Parch_1,1,Fare_1,1,ExtraCol1_3,3,ExtraCol4_4,4,ExtraCol7_1,1,NA,NA,ExtraCol13_3,3,Fare_5,50.4958,ExtraCol1_2,43,0,0,1,0,1,1,153
869,0,345777,9.5,B96 B98,S,43,C,high,NA,B,NA,26,NA,NA,NA,X,high,211,Z,high,Parch_1,1,Fare_1,1,ExtraCol1_3,3,NA,NA,ExtraCol7_2,2,NA,NA,ExtraCol13_3,3,Fare_2,9.5,ExtraCol1_2,43,0,0,1,0,1,691,153
870,1,347742,11.1333,B96 B98,S,4,A,high,NA,D,medium,97,NA,medium,NA,Y,medium,278,NA,medium,Parch_1,1,Fare_1,1,ExtraCol1_1,1,NA,NA,ExtraCol7_5,5,NA,NA,ExtraCol13_3,3,Fare_3,11.1333,ExtraCol1_1,4,1,0,0,0,3,691,441
871,0,349248,7.8958,B96 B98,S,45,D,medium,NA,NA,NA,50,A,low,NA,X,medium,21,Z,high,Parch_1,1,Fare_1,1,ExtraCol1_3,3,NA,NA,ExtraCol7_3,3,NA,NA,ExtraCol13_1,1,Fare_2,7.8958,ExtraCol1_4,45,0,0,0,1,1,691,155
872,1,11751,52.5542,D35,S,43,A,low,90,D,unknown,19,NA,low,63,X,medium,381,Z,high,Parch_1,1,Fare_1,1,ExtraCol1_3,3,ExtraCol4_5,5,ExtraCol7_1,1,ExtraCol10_4,4,ExtraCol13_4,4,Fare_5,52.5542,ExtraCol1_2,43,1,0,0,0,2,2,441
873,0,695,5,B51 B53 B55,S,11,C,low,45,NA,low,50,A,low,84,Z,medium,67,X,medium,Parch_1,1,Fare_1,1,ExtraCol1_1,1,ExtraCol4_3,3,ExtraCol7_3,3,ExtraCol10_5,5,ExtraCol13_1,1,Fare_1,5,ExtraCol1_1,11,0,0,1,0,1,2,153
874,0,345765,9,B96 B98,S,12,B,high,68,B,medium,7,B,NA,61,Z,low,389,Z,NA,Parch_1,1,Fare_1,1,ExtraCol1_1,1,ExtraCol4_4,4,ExtraCol7_1,1,ExtraCol10_4,4,ExtraCol13_4,4,Fare_2,9,ExtraCol1_1,12,0,1,0,0,1,691,142
875,0,P/PP 3381,24,B96 B98,C,69,D,medium,38,A,NA,31,A,unknown,77,Y,high,283,Z,low,Parch_1,1,Fare_1,1,ExtraCol1_4,4,ExtraCol4_2,2,ExtraCol7_2,2,ExtraCol10_4,4,ExtraCol13_3,3,Fare_4,24,ExtraCol1_4,69,0,0,0,1,2,691,155
876,0,2667,7.225,B96 B98,C,50,B,high,49,D,NA,NA,D,NA,34,X,medium,444,X,high,Parch_1,1,Fare_1,1,ExtraCol1_3,3,ExtraCol4_3,3,NA,NA,ExtraCol10_2,2,ExtraCol13_5,5,Fare_1,7.225,ExtraCol1_4,50,0,1,0,0,1,691,142
877,0,7534,9.8458,B96 B98,S,43,A,high,48,NA,medium,NA,A,unknown,28,X,medium,489,Z,low,Parch_1,1,Fare_1,1,ExtraCol1_3,3,ExtraCol4_3,3,NA,NA,ExtraCol10_2,2,ExtraCol13_5,5,Fare_2,9.8458,ExtraCol1_2,43,1,0,0,0,2,691,441
878,0,349212,7.8958,B96 B98,S,74,A,high,NA,A,high,89,NA,NA,26,Y,low,421,Y,low,Parch_1,1,Fare_1,1,ExtraCol1_4,4,NA,NA,ExtraCol7_5,5,ExtraCol10_2,2,ExtraCol13_5,5,Fare_2,7.8958,ExtraCol1_4,74,1,0,0,0,1,691,441
879,0,349217,7.8958,B96 B98,S,54,C,medium,NA,A,low,NA,A,medium,11,NA,high,226,X,low,Parch_1,1,Fare_1,1,ExtraCol1_3,3,NA,NA,NA,NA,ExtraCol10_1,1,ExtraCol13_3,3,Fare_2,7.8958,ExtraCol1_4,54,0,0,1,0,1,691,153
880,1,11767,83.1583,C50,C,63,D,high,73,C,medium,65,A,medium,27,Y,medium,207,Z,high,Parch_1,1,Fare_1,1,ExtraCol1_4,4,ExtraCol4_4,4,ExtraCol7_4,4,ExtraCol10_2,2,ExtraCol13_3,3,Fare_5,83.1583,ExtraCol1_4,63,0,0,0,1,2,1,155
881,1,230433,26,B96 B98,S,8,C,high,2,D,unknown,70,C,high,24,Y,low,NA,NA,medium,Parch_1,1,Fare_1,1,ExtraCol1_1,1,ExtraCol4_1,1,ExtraCol7_4,4,ExtraCol10_2,2,NA,NA,Fare_4,26,ExtraCol1_1,8,0,0,1,0,2,691,153
882,0,349257,7.8958,B96 B98,S,85,A,high,13,D,high,55,D,NA,75,X,low,324,Y,high,Parch_1,1,Fare_1,1,ExtraCol1_5,5,ExtraCol4_1,1,ExtraCol7_3,3,ExtraCol10_4,4,ExtraCol13_4,4,Fare_2,7.8958,ExtraCol1_5,85,1,0,0,0,1,691,441
883,0,7552,10.5167,B96 B98,S,43,B,low,84,D,unknown,3,A,NA,NA,X,medium,395,Z,medium,Parch_1,1,Fare_1,1,ExtraCol1_3,3,ExtraCol4_5,5,ExtraCol7_1,1,NA,NA,ExtraCol13_4,4,Fare_3,10.5167,ExtraCol1_2,43,0,1,0,0,1,691,142
884,0,C.A./SOTON 34068,10.5,B96 B98,S,43,C,medium,56,NA,low,91,A,unknown,NA,X,high,241,X,medium,Parch_1,1,Fare_1,1,ExtraCol1_3,3,ExtraCol4_3,3,ExtraCol7_5,5,NA,NA,ExtraCol13_3,3,Fare_2,10.5,ExtraCol1_2,43,0,0,1,0,1,691,153
885,0,SOTON/OQ 392076,7.05,B96 B98,S,81,B,high,NA,D,medium,NA,B,medium,73,Y,low,231,X,low,Parch_1,1,Fare_1,1,ExtraCol1_5,5,NA,NA,NA,NA,ExtraCol10_4,4,ExtraCol13_3,3,Fare_1,7.05,ExtraCol1_5,81,0,1,0,0,1,691,142
886,5,382652,29.125,B96 B98,Q,73,A,high,60,D,unknown,65,D,NA,NA,X,low,58,NA,medium,Parch_5,5,Fare_1,1,ExtraCol1_4,4,ExtraCol4_4,4,ExtraCol7_4,4,NA,NA,ExtraCol13_1,1,Fare_4,29.125,ExtraCol1_4,73,1,0,0,0,5,691,441
887,0,211536,13,B96 B98,S,5,B,high,NA,NA,NA,55,A,low,NA,X,medium,84,Z,medium,Parch_1,1,Fare_1,1,ExtraCol1_1,1,NA,NA,ExtraCol7_3,3,NA,NA,ExtraCol13_1,1,Fare_3,13,ExtraCol1_1,5,0,1,0,0,1,691,142
888,0,112053,30,B42,S,19,A,low,89,B,NA,65,A,unknown,NA,Y,medium,NA,Y,high,Parch_1,1,Fare_1,1,ExtraCol1_1,1,ExtraCol4_5,5,ExtraCol7_4,4,NA,NA,NA,NA,Fare_4,30,ExtraCol1_1,19,1,0,0,0,1,1,441
889,2,W./C. 6607,23.45,B96 B98,S,1,A,high,66,D,medium,35,B,high,21,Y,high,494,Y,high,Parch_2,2,Fare_1,1,ExtraCol1_1,1,ExtraCol4_4,4,ExtraCol7_2,2,ExtraCol10_2,2,ExtraCol13_5,5,Fare_4,23.45,ExtraCol1_1,1,1,0,0,0,2,691,441
890,0,111369,30,C148,C,27,B,high,NA,D,unknown,84,B,unknown,78,Z,high,300,Z,high,Parch_1,1,Fare_1,1,ExtraCol1_2,2,NA,NA,ExtraCol7_5,5,ExtraCol10_4,4,ExtraCol13_4,4,Fare_4,30,ExtraCol1_1,27,0,1,0,0,1,1,142
891,0,370376,7.75,B96 B98,Q,43,D,unknown,NA,A,medium,22,A,high,3,Y,medium,172,Z,high,Parch_1,1,Fare_1,1,ExtraCol1_3,3,NA,NA,ExtraCol7_2,2,ExtraCol10_1,1,ExtraCol13_2,2,Fare_1,7.75,ExtraCol1_2,43,0,0,0,1,1,691,155
