id,ExtraCol19,ExtraCol20,ExtraCol21,ExtraCol22,ExtraCol23,ExtraCol24,ExtraCol25,ExtraCol26,ExtraCol27,ExtraCol28,ExtraCol29,ExtraCol30,ExtraCol31,ExtraCol32,ExtraCol33,ExtraCol34,ExtraCol35,ExtraCol36,ExtraCol37,storage_class,region,access_tier,other_details,event_date,login_time,logout_time,last_activity_ts,Headline_cnn,Description_cnn,Title_sc,Speaker (Party)(or nominated by)_sc,Speaker and title_sc,Statements_sc
1,286.0,Z,medium,193.0,Z,low,78.0,Y,medium,321.0,Z,low,330.0,Y,,379.0,X,low,420.0,NEARLINE,europe,OCCASIONAL_ACCESS,Europe West12 Sku_Id,12-06-2024,11:31:00,13:44:00,12-06-2024 13:39,Amid Inflation,Beating Forecasts Covid,Chairman,R,Senator Chuck Grassley (IA),Chairman Grassley Appreciate
2,451.0,Y,high,451.0,Z,low,110.0,Y,medium,14.0,Y,low,50.0,Y,low,40.0,Y,medium,98.0,STANDARD,europe,FREQUENT_ACCESS,Europe West12 Sku_Id,29-12-2024,08:55:00,12:54:00,29-12-2024 12:53,Bob Baffert Suspended,Beating Forecasts Covid,Senator,D,Senator Kamala Harris (CA),Chairman Ask Question
3,337.0,Z,high,293.0,Y,high,43.0,X,medium,319.0,X,high,491.0,Z,low,271.0,Y,medium,336.0,STANDARD,north_america,FREQUENT_ACCESS,Original_Region West2 Sku_Id,29-12-2024,12:38:00,15:59:00,29-12-2024 15:58,Scammers Cnn Epik,Beating Forecasts Covid,Chairman,R,Senator Chuck Grassley (IA),Chairman Grassley Appreciate
4,2.0,Y,medium,382.0,Y,medium,229.0,Z,low,245.0,Y,medium,,X,medium,355.0,Y,medium,338.0,STANDARD,europe,FREQUENT_ACCESS,Europe West12 Sku_Id,19-05-2024,07:20:00,09:00:00,19-05-2024 08:50,Companies Pulling Russia,Beating Forecasts Covid,Senator,D,Senator Kamala Harris (CA),Chairman Ask Question
5,244.0,Z,high,174.0,X,medium,322.0,Y,high,227.0,X,medium,331.0,Y,low,301.0,Y,high,405.0,STANDARD,asia,FREQUENT_ACCESS,Original_Region West2 Sku_Id,15-12-2024,12:21:00,12:44:00,15-12-2024 12:36,Companies Pulling Russia,Help Russia,Chairman,R,Senator Chuck Grassley (IA),Chairman Grassley Appreciate
6,422.0,X,,465.0,Z,low,337.0,X,low,303.0,X,,35.0,X,high,122.0,Y,low,404.0,STANDARD,asia,FREQUENT_ACCESS,Europe West12 Sku_Id,29-10-2024,10:26:00,13:48:00,29-10-2024 13:40,Companies Pulling Russia,Help Russia,Senator,D,Senator Kamala Harris (CA),Chairman Ask Question
7,436.0,Y,medium,357.0,Y,medium,454.0,Z,high,447.0,X,medium,259.0,,,80.0,Z,high,492.0,STANDARD,north_america,FREQUENT_ACCESS,Original_Region West2 Sku_Id,22-08-2024,15:17:00,18:40:00,22-08-2024 18:31,Bob Baffert Suspended,Actor Bob Odenkirk,Senator,R,Senator Orrin Hatch (UT),Kozinski Phone Senator
8,,Z,high,257.0,X,medium,146.0,X,low,63.0,Y,low,460.0,Z,medium,145.0,Z,low,43.0,STANDARD,asia,FREQUENT_ACCESS,Original_Region West2 Sku_Id,02-11-2024,09:46:00,13:15:00,02-11-2024 13:14,Companies Pulling Russia,Help Russia,Senator,D,Senator Kamala Harris (CA),Chairman Ask Question
9,238.0,X,,289.0,Z,medium,327.0,Y,medium,67.0,X,medium,118.0,Z,low,176.0,Z,medium,182.0,NEARLINE,asia,OCCASIONAL_ACCESS,Europe West12 Sku_Id,07-10-2024,18:26:00,19:25:00,07-10-2024 19:17,Amid Inflation,Beating Forecasts Covid,Senator,R,Senator John Cornyn (TX),Chairman Ask Question
10,53.0,Y,low,311.0,Z,low,442.0,Y,high,348.0,Z,medium,270.0,X,high,460.0,Y,low,181.0,STANDARD,asia,FREQUENT_ACCESS,Original_Region West2 Sku_Id,23-12-2024,10:27:00,11:19:00,23-12-2024 11:15,Companies Pulling Russia,Help Russia,Senator,D,Senator Kamala Harris (CA),Analyze Senator
11,106.0,Y,,80.0,X,high,14.0,X,medium,25.0,Z,low,282.0,Y,high,310.0,X,medium,188.0,ARCHIVE,asia,ARCHIVE,Storage Johannesburg Original_Region,21-05-2024,16:12:00,17:38:00,21-05-2024 17:33,Companies Pulling Russia,Help Russia,Chairman,R,Senator Chuck Grassley (IA),Chairman Grassley Appreciate
12,423.0,Z,low,125.0,Y,medium,390.0,Z,low,214.0,Z,medium,348.0,X,high,417.0,X,high,,STANDARD,europe,FREQUENT_ACCESS,Original_Region West2 Sku_Id,29-01-2024,18:35:00,20:58:00,29-01-2024 20:50,Amid Inflation,Help Russia,Senator,D,Senator Kamala Harris (CA),Analyze Senator
13,170.0,Z,low,343.0,Z,low,44.0,X,medium,247.0,Z,high,459.0,Y,high,13.0,Y,medium,116.0,ARCHIVE,north_america,ARCHIVE,Storage Johannesburg Original_Region,15-06-2024,19:08:00,19:55:00,15-06-2024 19:54,Companies Pulling Russia,Help Russia,Chairman,R,Senator Chuck Grassley (IA),Chairman Grassley Appreciate
14,381.0,X,low,220.0,Z,low,275.0,Z,medium,195.0,Z,medium,65.0,X,high,391.0,Y,medium,482.0,STANDARD,north_america,FREQUENT_ACCESS,Original_Region West2 Sku_Id,26-04-2024,18:15:00,18:47:00,26-04-2024 18:46,Assassination Question,International Women,Senator,D,Senator Kamala Harris (CA),Chairman Ask Question
15,18.0,X,low,391.0,X,low,415.0,Z,high,266.0,Z,medium,31.0,Z,high,94.0,Y,low,449.0,STANDARD,europe,FREQUENT_ACCESS,Original_Region West2 Sku_Id,27-06-2024,12:06:00,14:55:00,27-06-2024 14:48,Companies Pulling Russia,Help Russia,Chairman,R,Senator Chuck Grassley (IA),Proud Judge Kavanaugh
16,245.0,Z,medium,262.0,X,low,229.0,X,medium,56.0,Z,high,44.0,Y,,282.0,X,high,341.0,STANDARD,europe,FREQUENT_ACCESS,Original_Region West2 Sku_Id,02-12-2024,20:26:00,23:15:00,02-12-2024 23:05,Companies Pulling Russia,Help Russia,Senator,D,Senator Kamala Harris (CA),Analyze Senator
17,475.0,X,medium,32.0,Z,high,279.0,Y,high,133.0,X,medium,133.0,X,medium,193.0,Z,low,277.0,STANDARD,europe,FREQUENT_ACCESS,Original_Region West2 Sku_Id,19-12-2024,09:59:00,11:39:00,19-12-2024 11:35,Companies Pulling Russia,Help Russia,Chairman,R,Senator Chuck Grassley (IA),Chairman Grassley Appreciate
18,,Y,medium,332.0,Z,high,309.0,X,medium,2.0,Y,,176.0,Z,high,431.0,X,low,237.0,STANDARD,europe,FREQUENT_ACCESS,Europe West12 Sku_Id,04-09-2024,12:21:00,14:14:00,04-09-2024 14:06,Amid Inflation,Niger State Television,Senator,D,Senator Kamala Harris (CA),Analyze Senator
19,15.0,Z,medium,304.0,Z,high,288.0,Y,low,480.0,X,low,439.0,,low,337.0,Y,high,341.0,NEARLINE,north_america,OCCASIONAL_ACCESS,Europe West12 Sku_Id,20-08-2024,21:43:00,22:33:00,20-08-2024 22:24,Amid Inflation,Turned Movie Different,Chairman,R,Senator Chuck Grassley (IA),Chairman Grassley Appreciate
20,144.0,Z,low,182.0,Y,low,365.0,Y,medium,415.0,Z,high,260.0,Y,high,230.0,Y,high,431.0,STANDARD,oceania,FREQUENT_ACCESS,Original_Region West2 Sku_Id,14-04-2024,14:20:00,15:00:00,14-04-2024 14:55,Amid Inflation,Beating Forecasts Covid,Senator,D,Senator Amy Klobuchar (MN),Klobuchar Mr Chairman
21,31.0,Z,medium,395.0,Z,medium,429.0,Y,,126.0,X,high,372.0,Y,medium,254.0,Y,low,213.0,STANDARD,north_america,FREQUENT_ACCESS,Europe West12 Sku_Id,06-01-2024,14:43:00,16:53:00,06-01-2024 16:46,New Covid Lockdowns,Coronavirus Pandemic Late,Chairman,R,Senator Chuck Grassley (IA),Chairman Grassley Appreciate
22,306.0,X,high,175.0,Y,low,67.0,Z,low,18.0,Y,high,287.0,X,low,353.0,X,medium,,ARCHIVE,europe,ARCHIVE,Storage Johannesburg Original_Region,22-05-2024,06:00:00,06:31:00,22-05-2024 06:23,New Covid Lockdowns,Beating Forecasts Covid,Senator,D,Senator Amy Klobuchar (MN),Klobuchar Mr Chairman
23,95.0,X,low,57.0,Z,low,,Y,medium,135.0,Y,high,476.0,Y,,359.0,Y,low,456.0,STANDARD,north_america,FREQUENT_ACCESS,Original_Region West2 Sku_Id,15-06-2024,21:11:00,23:39:00,15-06-2024 23:29,Amid Inflation,Beating Forecasts Covid,Chairman,R,Senator Chuck Grassley (IA),Proud Judge Kavanaugh
24,123.0,X,low,60.0,X,medium,426.0,Z,low,478.0,,medium,164.0,Z,low,286.0,X,high,455.0,NEARLINE,north_america,OCCASIONAL_ACCESS,Europe West12 Sku_Id,25-03-2024,19:38:00,21:50:00,25-03-2024 21:42,Amid Inflation,2020 Presidential Election,Senator,D,Senator Amy Klobuchar (MN),Klobuchar Mr Chairman
25,293.0,Z,medium,450.0,X,medium,190.0,,,405.0,X,medium,334.0,Z,high,363.0,Z,medium,114.0,STANDARD,asia,FREQUENT_ACCESS,Original_Region West2 Sku_Id,17-10-2024,17:26:00,20:32:00,17-10-2024 20:24,Scammers Cnn Epik,Pennsylvania Investigation Abuse,Chairman,R,Senator Chuck Grassley (IA),Chairman Grassley Appreciate
26,162.0,X,,188.0,X,high,244.0,Y,medium,,Z,,136.0,Z,high,394.0,Z,low,119.0,STANDARD,asia,FREQUENT_ACCESS,Original_Region West2 Sku_Id,02-03-2024,07:31:00,11:18:00,02-03-2024 11:12,Amid Inflation,Point Tally Nba,Senator,D,Senator Amy Klobuchar (MN),Klobuchar Mr Chairman
27,325.0,Y,medium,207.0,X,low,371.0,X,,461.0,Y,medium,116.0,X,low,15.0,Z,low,102.0,STANDARD,oceania,FREQUENT_ACCESS,Europe West12 Sku_Id,24-06-2024,11:49:00,13:46:00,24-06-2024 13:38,Amid Inflation,Beating Forecasts Covid,Chairman,R,Senator Chuck Grassley (IA),Chairman Grassley Appreciate
28,465.0,,high,152.0,X,high,467.0,X,high,88.0,Z,high,490.0,Z,high,183.0,Z,low,13.0,STANDARD,north_america,FREQUENT_ACCESS,Europe West12 Sku_Id,26-02-2024,18:32:00,19:44:00,26-02-2024 19:35,Scammers Cnn Epik,Beating Forecasts Covid,Senator,D,Senator Richard Blumenthal (D-CT),Senator Blumenthal Chair
29,465.0,Y,low,368.0,,low,125.0,Y,high,268.0,Y,medium,12.0,X,low,,Z,low,347.0,STANDARD,north_america,FREQUENT_ACCESS,Europe West12 Sku_Id,07-05-2024,12:02:00,14:34:00,07-05-2024 14:26,Companies Pulling Russia,Lomachenko,Chairman,R,Senator Chuck Grassley (IA),Chairman Grassley Appreciate
30,364.0,Z,low,302.0,X,,477.0,Y,medium,396.0,Y,high,136.0,X,high,160.0,X,low,214.0,NEARLINE,south_america,OCCASIONAL_ACCESS,Europe West12 Sku_Id,22-12-2024,19:44:00,21:15:00,22-12-2024 21:08,Scammers Cnn Epik,Point Tally Nba,Senator,D,Senator Richard Blumenthal (D-CT),Senator Blumenthal Chair
31,484.0,Y,medium,449.0,Y,low,354.0,Y,high,9.0,X,medium,193.0,,high,412.0,Z,medium,15.0,STANDARD,europe,FREQUENT_ACCESS,Original_Region West2 Sku_Id,01-09-2024,07:49:00,08:29:00,01-09-2024 08:28,Amid Inflation,Beating Forecasts Covid,Chairman,R,Senator Chuck Grassley (IA),Chairman Grassley Appreciate
32,368.0,Y,low,447.0,Y,low,15.0,Z,medium,217.0,X,medium,68.0,Y,medium,274.0,Y,high,102.0,STANDARD,europe,FREQUENT_ACCESS,Europe West12 Sku_Id,04-06-2024,09:53:00,13:35:00,04-06-2024 13:27,Amid Inflation,Beating Forecasts Covid,Senator,D,Senator Richard Blumenthal (D-CT),Senator Blumenthal Chair
33,33.0,Z,low,494.0,X,medium,430.0,,high,177.0,Y,low,385.0,X,medium,135.0,X,high,266.0,ARCHIVE,europe,ARCHIVE,Storage Johannesburg Original_Region,21-03-2024,07:01:00,09:39:00,21-03-2024 09:36,New Covid Lockdowns,Coronavirus Pandemic Late,Chairman,R,Senator Chuck Grassley (IA),Proud Judge Kavanaugh
34,477.0,Y,low,,Y,low,192.0,Y,high,88.0,X,high,179.0,,high,175.0,Z,medium,417.0,NEARLINE,north_america,OCCASIONAL_ACCESS,Europe West12 Sku_Id,24-01-2024,17:07:00,19:15:00,24-01-2024 19:06,Amid Inflation,Beating Forecasts Covid,Senator,D,Senator Richard Blumenthal (D-CT),Senator Blumenthal Chair
35,283.0,X,low,291.0,Z,low,141.0,Z,low,111.0,,high,229.0,X,high,,Z,high,331.0,COLDLINE,north_america,RARE_ACCESS,Europe West12 Sku_Id,18-11-2024,18:21:00,18:42:00,18-11-2024 18:37,Amid Inflation,Beating Forecasts Covid,Senator,R,Senator John Cornyn (TX),Chairman Ask Question
36,2.0,Y,high,173.0,Y,medium,263.0,Y,high,484.0,X,,151.0,Y,,62.0,X,medium,266.0,ARCHIVE,asia,ARCHIVE,Storage Johannesburg Original_Region,28-06-2024,17:54:00,21:49:00,28-06-2024 21:45,Companies Pulling Russia,Help Russia,Senator,D,Senator Richard Blumenthal (D-CT),Senator Blumenthal Chair
37,310.0,Z,high,352.0,X,low,288.0,X,high,255.0,X,low,445.0,Z,low,154.0,Z,low,93.0,COLDLINE,asia,RARE_ACCESS,Europe West12 Sku_Id,16-08-2024,20:42:00,20:57:00,16-08-2024 20:51,Companies Pulling Russia,Help Russia,Chairman,R,Senator Chuck Grassley (IA),Chairman Grassley Appreciate
38,122.0,Z,medium,374.0,Z,high,269.0,Y,high,,X,high,210.0,Z,medium,340.0,Z,medium,144.0,STANDARD,north_america,FREQUENT_ACCESS,Original_Region West2 Sku_Id,15-04-2024,17:44:00,20:58:00,15-04-2024 20:57,Amid Inflation,Beating Forecasts Covid,Senator,D,Senator Richard Blumenthal (D-CT),Senator Blumenthal Chair
39,267.0,X,,125.0,Y,low,27.0,X,low,341.0,Z,,393.0,X,low,453.0,Y,low,390.0,STANDARD,north_america,FREQUENT_ACCESS,Europe West12 Sku_Id,21-01-2024,08:37:00,10:27:00,21-01-2024 10:19,Amid Inflation,Help Russia,Chairman,R,Senator Chuck Grassley (IA),Chairman Grassley Appreciate
40,328.0,,high,429.0,Y,high,411.0,X,medium,295.0,Y,medium,311.0,X,low,475.0,X,low,386.0,ARCHIVE,oceania,ARCHIVE,Storage Johannesburg Original_Region,18-03-2024,20:32:00,20:48:00,18-03-2024 20:46,Amid Inflation,Warming Caused Humans,Senator,D,Senator Richard Blumenthal (D-CT),Senator Blumenthal Chair
41,13.0,Y,low,145.0,X,medium,170.0,Z,low,196.0,X,low,477.0,Y,low,191.0,Z,high,434.0,STANDARD,south_america,FREQUENT_ACCESS,Europe West12 Sku_Id,20-02-2024,09:42:00,11:55:00,20-02-2024 11:50,Scammers Cnn Epik,Beating Forecasts Covid,Chairman,R,Senator Chuck Grassley (IA),Chairman Grassley Appreciate
42,219.0,Z,medium,491.0,X,high,70.0,Y,high,198.0,X,high,301.0,Z,medium,397.0,Z,high,263.0,STANDARD,asia,FREQUENT_ACCESS,Original_Region West2 Sku_Id,16-03-2024,17:22:00,18:32:00,16-03-2024 18:27,Scammers Cnn Epik,Beating Forecasts Covid,Senator,D,Senator Richard Blumenthal (D-CT),Senator Blumenthal Chair
43,27.0,Y,high,425.0,X,low,282.0,Z,high,268.0,Z,low,492.0,X,high,198.0,X,medium,136.0,NEARLINE,asia,OCCASIONAL_ACCESS,Europe West12 Sku_Id,22-02-2024,08:58:00,12:07:00,22-02-2024 12:05,New Covid Lockdowns,Coronavirus Pandemic Late,Chairman,R,Senator Chuck Grassley (IA),Chairman Grassley Appreciate
44,,Y,medium,9.0,Z,low,311.0,Z,medium,464.0,Z,medium,349.0,Y,,403.0,X,medium,251.0,STANDARD,asia,FREQUENT_ACCESS,Europe West12 Sku_Id,30-07-2024,08:52:00,10:43:00,30-07-2024 10:33,New Covid Lockdowns,Coronavirus Pandemic Late,Senator,D,Senator Cory Booker (NJ),Analyze Senator
45,105.0,Z,medium,199.0,X,low,51.0,X,low,379.0,X,medium,,X,,455.0,X,high,,STANDARD,europe,FREQUENT_ACCESS,Original_Region West2 Sku_Id,11-02-2024,10:16:00,10:47:00,11-02-2024 10:45,New Covid Lockdowns,Coronavirus Pandemic Late,Chairman,R,Senator Chuck Grassley (IA),Chairman Grassley Appreciate
46,390.0,Y,,194.0,Y,low,471.0,Z,medium,200.0,Y,medium,78.0,Y,low,222.0,X,high,90.0,NEARLINE,asia,OCCASIONAL_ACCESS,Europe West12 Sku_Id,04-08-2024,10:17:00,13:16:00,04-08-2024 13:09,New Covid Lockdowns,Coronavirus Pandemic Late,Senator,D,Senator Cory Booker (NJ),Analyze Senator
47,206.0,Z,medium,411.0,Z,medium,300.0,Z,medium,123.0,X,,394.0,,low,300.0,Y,low,423.0,STANDARD,europe,FREQUENT_ACCESS,Original_Region West2 Sku_Id,27-07-2024,20:38:00,23:25:00,27-07-2024 23:16,New Covid Lockdowns,Coronavirus Pandemic Late,Senator,R,Senator John Cornyn (TX),Chairman Ask Question
48,23.0,Y,medium,,Y,medium,498.0,X,high,54.0,Z,medium,22.0,X,medium,433.0,Z,medium,497.0,ARCHIVE,north_america,ARCHIVE,Storage Johannesburg Original_Region,21-11-2024,19:12:00,22:52:00,21-11-2024 22:50,Making Racism,Turned Movie Different,Senator,D,Senator Cory Booker (NJ),Analyze Senator
49,373.0,Z,high,25.0,X,high,335.0,X,low,97.0,Z,medium,95.0,Z,high,68.0,Z,low,,NEARLINE,oceania,OCCASIONAL_ACCESS,Europe West12 Sku_Id,25-06-2024,15:15:00,17:24:00,25-06-2024 17:19,Scammers Cnn Epik,Rwigara Mother Adeline,Senator,R,Senator John Cornyn (TX),Chairman Ask Question
50,271.0,X,high,420.0,Z,high,5.0,Z,medium,68.0,Y,low,395.0,Z,low,123.0,Z,medium,329.0,STANDARD,europe,FREQUENT_ACCESS,Original_Region West2 Sku_Id,10-02-2024,08:27:00,12:01:00,10-02-2024 11:51,Smitten Aussie Tennis,Said Alicia Keys,Senator,D,Senator Cory Booker (NJ),Analyze Senator
51,70.0,Z,medium,,X,high,104.0,Z,medium,402.0,Z,,177.0,Y,high,313.0,X,low,204.0,STANDARD,europe,FREQUENT_ACCESS,Original_Region West2 Sku_Id,27-04-2024,11:40:00,13:58:00,27-04-2024 13:49,Bob Baffert Suspended,Turned Movie Different,Chairman,R,Senator Chuck Grassley (IA),Chairman Grassley Appreciate
52,281.0,Z,medium,184.0,Z,medium,486.0,X,high,287.0,X,,108.0,Z,high,89.0,X,,427.0,STANDARD,north_america,FREQUENT_ACCESS,Original_Region West2 Sku_Id,30-06-2024,09:23:00,10:52:00,30-06-2024 10:48,Reunion Netflix Cnn,Niger State Television,Senator,D,Senator Cory Booker (NJ),Analyze Senator
53,124.0,,low,85.0,Z,medium,279.0,Y,low,18.0,Z,medium,98.0,X,low,397.0,X,high,80.0,STANDARD,asia,FREQUENT_ACCESS,Europe West12 Sku_Id,21-04-2024,17:14:00,19:55:00,21-04-2024 19:53,Voice Cnn Masai,Actor Bob Odenkirk,Chairman,R,Senator Chuck Grassley (IA),Chairman Grassley Appreciate
54,317.0,X,low,78.0,Y,high,61.0,Z,,463.0,X,high,157.0,Z,,133.0,Z,low,379.0,COLDLINE,north_america,RARE_ACCESS,Europe West12 Sku_Id,16-04-2024,16:06:00,16:57:00,16-04-2024 16:55,Reunion Netflix Cnn,Said Alicia Keys,Senator,D,Senator Cory Booker (NJ),Analyze Senator
55,473.0,Z,high,263.0,X,,37.0,Z,high,75.0,Z,medium,418.0,Y,high,168.0,X,high,200.0,STANDARD,europe,FREQUENT_ACCESS,Original_Region West2 Sku_Id,02-04-2024,10:13:00,14:05:00,02-04-2024 13:58,Smitten Aussie Tennis,Coronavirus Pandemic Late,Senator,D,Senator Sheldon Whitehouse (RI),Chairman Ask Question
56,,X,low,42.0,Y,medium,268.0,,medium,322.0,Z,,227.0,Y,high,405.0,Z,medium,251.0,ARCHIVE,north_america,ARCHIVE,Storage Johannesburg Original_Region,26-06-2024,09:39:00,13:02:00,26-06-2024 12:55,Bob Baffert Suspended,Actor Bob Odenkirk,Senator,D,Senator Mazie Hirono (HI),Chairman Ask Question
57,372.0,Y,high,40.0,X,high,297.0,Y,low,6.0,,high,476.0,,low,263.0,Y,low,231.0,STANDARD,asia,FREQUENT_ACCESS,Europe West12 Sku_Id,25-11-2024,16:28:00,17:31:00,25-11-2024 17:30,Voice Cnn Masai,Said Alicia Keys,Chairman,R,Senator Chuck Grassley (IA),Chairman Grassley Appreciate
58,11.0,X,low,392.0,Z,low,123.0,X,low,294.0,X,high,,Y,low,395.0,Y,low,4.0,ARCHIVE,north_america,ARCHIVE,Storage Johannesburg Original_Region,13-12-2024,07:50:00,11:17:00,13-12-2024 11:10,Reunion Netflix Cnn,Turned Movie Different,Senator,D,Senator Mazie Hirono (HI),Chairman Ask Question
59,203.0,Y,,171.0,Z,high,97.0,Y,low,,Z,high,134.0,Y,medium,313.0,Z,high,,STANDARD,asia,FREQUENT_ACCESS,Original_Region West2 Sku_Id,17-09-2024,18:20:00,19:20:00,17-09-2024 19:15,Reunion Netflix Cnn,Turned Movie Different,Chairman,R,Senator Chuck Grassley (IA),Analyze Senator
60,444.0,Z,,324.0,Z,high,,Z,high,454.0,Z,low,81.0,Z,high,257.0,X,high,333.0,NEARLINE,europe,OCCASIONAL_ACCESS,Europe West12 Sku_Id,05-12-2024,13:49:00,16:44:00,05-12-2024 16:40,Abortion Travel,Said Alicia Keys,Senator,D,Senator Mazie Hirono (HI),Executive Privilege Limit
61,37.0,Y,high,493.0,Z,medium,217.0,Z,high,300.0,Z,high,471.0,X,high,255.0,,high,300.0,COLDLINE,asia,RARE_ACCESS,Europe West12 Sku_Id,30-12-2024,18:16:00,19:40:00,30-12-2024 19:37,Bob Baffert Suspended,Said Alicia Keys,Chairman,R,Senator Chuck Grassley (IA),Chairman Grassley Appreciate
62,464.0,X,medium,25.0,X,medium,18.0,Y,low,,X,medium,451.0,Z,medium,401.0,X,low,50.0,ARCHIVE,europe,ARCHIVE,Storage Johannesburg Original_Region,05-10-2024,18:24:00,21:29:00,05-10-2024 21:19,Making Racism,Turned Movie Different,Senator,D,Senator Mazie Hirono (HI),Chairman Ask Question
63,46.0,Y,high,397.0,X,low,28.0,X,high,265.0,X,high,61.0,X,medium,499.0,X,high,389.0,ARCHIVE,north_america,ARCHIVE,Storage Johannesburg Original_Region,11-11-2024,14:37:00,17:50:00,11-11-2024 17:41,Reunion Netflix Cnn,Turned Movie Different,Chairman,R,Senator Chuck Grassley (IA),Chairman Grassley Appreciate
64,240.0,X,medium,54.0,Y,medium,119.0,Y,medium,316.0,Y,high,160.0,X,,12.0,Z,low,480.0,ARCHIVE,north_america,ARCHIVE,Storage Johannesburg Original_Region,13-10-2024,19:00:00,19:42:00,13-10-2024 19:37,Bob Baffert Suspended,Actor Bob Odenkirk,Senator,D,Senator Mazie Hirono (HI),Chairman Ask Question
65,90.0,Y,high,380.0,Y,low,,X,,207.0,Y,high,371.0,Y,medium,253.0,Y,medium,407.0,STANDARD,south_america,FREQUENT_ACCESS,Original_Region West2 Sku_Id,18-06-2024,15:54:00,16:52:00,18-06-2024 16:48,Reunion Netflix Cnn,Turned Movie Different,Chairman,R,Senator Chuck Grassley (IA),Chairman Grassley Appreciate
66,10.0,X,low,153.0,Z,high,150.0,,low,,X,low,491.0,Y,medium,391.0,X,low,124.0,COLDLINE,europe,RARE_ACCESS,Europe West12 Sku_Id,11-04-2024,06:57:00,08:46:00,11-04-2024 08:44,Abortion Travel,Said Alicia Keys,Senator,D,Senator Mazie Hirono (HI),Analyze Senator
67,,Y,,67.0,Y,low,,Y,low,264.0,X,medium,451.0,Y,low,321.0,X,low,90.0,ARCHIVE,north_america,ARCHIVE,Storage Johannesburg Original_Region,10-12-2024,07:58:00,11:57:00,10-12-2024 11:47,Reunion Netflix Cnn,Turned Movie Different,Chairman,R,Senator Chuck Grassley (IA),Chairman Grassley Appreciate
68,290.0,X,,,Z,low,457.0,Y,high,484.0,,high,142.0,,medium,241.0,,low,183.0,ARCHIVE,asia,ARCHIVE,Storage Johannesburg Original_Region,08-07-2024,15:14:00,18:03:00,08-07-2024 17:55,Assassination Question,Said Alicia Keys,Senator,D,Senator Mazie Hirono (HI),Chairman Ask Question
69,361.0,X,high,182.0,Y,medium,,Y,medium,,Z,medium,448.0,Z,medium,396.0,Z,high,11.0,ARCHIVE,europe,ARCHIVE,Storage Johannesburg Original_Region,11-02-2024,20:39:00,21:50:00,11-02-2024 21:45,Abortion Travel,Said Alicia Keys,Chairman,R,Senator Chuck Grassley (IA),Chairman Grassley Appreciate
70,157.0,X,high,364.0,X,high,291.0,Y,high,364.0,X,high,362.0,Y,,234.0,X,,275.0,COLDLINE,europe,RARE_ACCESS,Europe West12 Sku_Id,21-10-2024,18:44:00,20:31:00,21-10-2024 20:26,Voice Cnn Masai,International Women,Senator,D,Senator Mazie Hirono (HI),Chairman Ask Question
71,246.0,Z,medium,340.0,X,high,122.0,,,413.0,X,high,231.0,Y,high,68.0,Z,low,229.0,STANDARD,asia,FREQUENT_ACCESS,Original_Region West2 Sku_Id,24-01-2024,20:17:00,22:52:00,24-01-2024 22:51,Basketball Legend Says,Point Tally Nba,Chairman,R,Senator Chuck Grassley (IA),Analyze Senator
72,91.0,Z,medium,364.0,Y,medium,354.0,Z,low,359.0,Z,low,188.0,,high,136.0,X,low,251.0,COLDLINE,oceania,RARE_ACCESS,Europe West12 Sku_Id,07-10-2024,13:44:00,16:56:00,07-10-2024 16:46,Reunion Netflix Cnn,Turned Movie Different,Senator,R,Senator Orrin Hatch (UT),Kozinski Phone Senator
73,364.0,Z,medium,10.0,X,low,473.0,Y,medium,490.0,X,low,406.0,Z,high,21.0,Y,low,494.0,COLDLINE,asia,RARE_ACCESS,Europe West12 Sku_Id,13-04-2024,19:18:00,20:18:00,13-04-2024 20:16,Basketball Legend Says,Point Tally Nba,Chairman,R,Senator Chuck Grassley (IA),Chairman Grassley Appreciate
74,,Z,high,487.0,Y,high,338.0,Y,high,217.0,X,medium,418.0,Y,high,351.0,Y,medium,327.0,STANDARD,north_america,FREQUENT_ACCESS,Original_Region West2 Sku_Id,28-07-2024,21:38:00,00:28:00,29-07-2024 00:19,Reunion Netflix Cnn,Turned Movie Different,Senator,D,Senator Sheldon Whitehouse (RI),Executive Privilege Limit
75,430.0,Y,low,216.0,Y,medium,147.0,Y,low,270.0,Z,medium,457.0,Y,medium,486.0,X,low,208.0,COLDLINE,europe,RARE_ACCESS,Europe West12 Sku_Id,17-08-2024,17:22:00,19:06:00,17-08-2024 19:00,Reunion Netflix Cnn,Turned Movie Different,Senator,D,Senator Patrick Leahy (VT),Executive Privilege Limit
76,89.0,X,low,55.0,X,medium,196.0,X,high,76.0,X,medium,231.0,X,low,189.0,Y,low,391.0,COLDLINE,europe,RARE_ACCESS,Europe West12 Sku_Id,07-11-2024,17:28:00,18:59:00,07-11-2024 18:50,Reunion Netflix Cnn,Turned Movie Different,Chairman,R,Senator Chuck Grassley (IA),Kavanaugh Dissents President
77,332.0,Z,medium,464.0,Y,high,464.0,Y,low,187.0,X,high,133.0,Y,medium,366.0,X,medium,184.0,STANDARD,europe,FREQUENT_ACCESS,Original_Region West2 Sku_Id,15-12-2024,21:42:00,01:31:00,16-12-2024 01:28,Golf Black Professional,Point Tally Nba,Nominee,R,Brett M. Kavanaugh,Proud Judge Kavanaugh
78,165.0,Z,low,396.0,Z,medium,,Y,low,79.0,X,low,435.0,,high,491.0,X,high,378.0,ARCHIVE,europe,ARCHIVE,Storage Johannesburg Original_Region,07-11-2024,14:26:00,15:23:00,07-11-2024 15:17,Basketball Legend Says,Point Tally Nba,Chairman,R,Senator Chuck Grassley (IA),Chairman Grassley Appreciate
79,,Y,low,41.0,X,medium,110.0,,medium,395.0,Y,medium,151.0,Y,high,196.0,X,low,466.0,STANDARD,north_america,FREQUENT_ACCESS,Europe West12 Sku_Id,18-06-2024,18:02:00,19:21:00,18-06-2024 19:12,Basketball Legend Says,Point Tally Nba,Nominee,R,Brett M. Kavanaugh,Proud Judge Kavanaugh
80,140.0,X,medium,218.0,Y,,53.0,Y,low,391.0,Z,low,376.0,Y,,441.0,X,medium,454.0,STANDARD,europe,FREQUENT_ACCESS,Europe West12 Sku_Id,15-05-2024,08:42:00,09:47:00,15-05-2024 09:40,Bob Baffert Suspended,Lomachenko,Chairman,R,Senator Chuck Grassley (IA),Analyze Senator
81,474.0,Y,low,453.0,Z,low,320.0,Y,medium,96.0,Z,low,254.0,X,medium,8.0,Z,medium,259.0,NEARLINE,europe,OCCASIONAL_ACCESS,Europe West12 Sku_Id,25-06-2024,15:05:00,19:05:00,25-06-2024 19:00,Assassination Question,Actor Bob Odenkirk,Senator,D,Senator Kamala Harris (CA),Senator Blumenthal Chair
82,418.0,Y,low,341.0,X,high,229.0,X,medium,401.0,Y,medium,293.0,Y,low,338.0,X,high,234.0,ARCHIVE,europe,ARCHIVE,Storage Johannesburg Original_Region,16-06-2024,11:27:00,12:17:00,16-06-2024 12:12,Mbappe Neymar Prove,Hold Fastest Marathon,Chairman,R,Senator Chuck Grassley (IA),Chairman Grassley Appreciate
83,233.0,Z,medium,97.0,Z,high,66.0,Y,low,160.0,Z,medium,104.0,Z,low,83.0,Y,high,198.0,COLDLINE,asia,RARE_ACCESS,Europe West12 Sku_Id,04-05-2024,15:17:00,18:47:00,04-05-2024 18:42,Bob Baffert Suspended,Lomachenko,Senator,D,Senator Richard Blumenthal (D-CT),Senator Blumenthal Chair
84,247.0,X,high,350.0,Y,medium,470.0,Z,high,364.0,Y,medium,124.0,Y,low,390.0,X,high,267.0,STANDARD,europe,FREQUENT_ACCESS,Original_Region West2 Sku_Id,20-04-2024,15:57:00,18:10:00,20-04-2024 18:08,Golf Black Professional,Point Tally Nba,Senator,D,Senator Chris Coons (DE),Executive Privilege Limit
85,176.0,Y,medium,94.0,X,medium,275.0,Y,low,469.0,Z,low,326.0,Y,low,4.0,X,medium,468.0,STANDARD,europe,FREQUENT_ACCESS,Original_Region West2 Sku_Id,06-05-2024,13:21:00,13:37:00,06-05-2024 13:35,Companies Pulling Russia,Help Russia,Senator,D,Senator Amy Klobuchar (MN),Executive Privilege Limit
86,213.0,Z,high,175.0,Z,low,124.0,Y,medium,414.0,Y,high,129.0,Y,medium,416.0,,low,437.0,STANDARD,north_america,FREQUENT_ACCESS,Original_Region West2 Sku_Id,23-10-2024,10:39:00,13:05:00,23-10-2024 13:00,Companies Pulling Russia,Help Russia,Senator,D,Senator Cory Booker (NJ),Chairman Ask Question
87,232.0,Z,low,97.0,Y,low,472.0,X,low,93.0,X,medium,334.0,Y,low,198.0,,high,303.0,NEARLINE,north_america,OCCASIONAL_ACCESS,Europe West12 Sku_Id,22-04-2024,18:01:00,21:35:00,22-04-2024 21:27,Companies Pulling Russia,Lomachenko,Senator,D,Senator Richard Blumenthal (D-CT),Executive Privilege Limit
88,72.0,X,low,346.0,Z,high,349.0,Y,,90.0,Z,medium,495.0,X,low,118.0,Z,medium,141.0,STANDARD,north_america,FREQUENT_ACCESS,Europe West12 Sku_Id,29-06-2024,17:10:00,19:01:00,29-06-2024 18:59,Mbappe Neymar Prove,Lomachenko,Senator,D,Senator Cory Booker (NJ),Analyze Senator
89,161.0,Y,,465.0,Y,medium,64.0,Z,low,56.0,Z,medium,,,high,277.0,Y,high,188.0,NEARLINE,north_america,OCCASIONAL_ACCESS,Europe West12 Sku_Id,02-03-2024,21:52:00,01:13:00,03-03-2024 01:09,Bob Baffert Suspended,Point Tally Nba,Senator,D,Senator Sheldon Whitehouse (RI),Executive Privilege Limit
90,437.0,Y,high,22.0,Z,high,413.0,Y,low,420.0,X,medium,462.0,X,high,494.0,X,high,122.0,COLDLINE,north_america,RARE_ACCESS,Europe West12 Sku_Id,25-07-2024,06:59:00,09:00:00,25-07-2024 08:55,Golf Black Professional,Said Alicia Keys,Senator,D,Senator Dick Durbin (IL),Kavanaugh Dissents President
91,489.0,Y,low,301.0,Z,low,29.0,Z,medium,273.0,X,,85.0,Z,high,80.0,X,high,93.0,STANDARD,north_america,FREQUENT_ACCESS,Original_Region West2 Sku_Id,08-12-2024,20:32:00,21:05:00,08-12-2024 20:55,Golf Black Professional,Point Tally Nba,Chairman,R,Senator Chuck Grassley (IA),Chairman Grassley Appreciate
92,27.0,X,low,124.0,,,,Y,medium,77.0,Z,low,69.0,,medium,155.0,X,medium,4.0,ARCHIVE,europe,ARCHIVE,Storage Johannesburg Original_Region,25-06-2024,10:08:00,14:02:00,25-06-2024 13:56,Smitten Aussie Tennis,Hold Fastest Marathon,Senator,R,Senator John Cornyn (TX),Analyze Senator
93,366.0,X,low,375.0,Y,high,196.0,Z,low,293.0,,medium,417.0,X,medium,319.0,X,medium,386.0,ARCHIVE,north_america,ARCHIVE,Storage Johannesburg Original_Region,28-05-2024,09:42:00,11:02:00,28-05-2024 10:53,Bob Baffert Suspended,Said Alicia Keys,Chairman,R,Senator Chuck Grassley (IA),Chairman Grassley Appreciate
94,119.0,X,high,69.0,Z,medium,146.0,Y,low,264.0,Z,medium,102.0,Y,high,46.0,Y,high,369.0,NEARLINE,europe,OCCASIONAL_ACCESS,Europe West12 Sku_Id,02-04-2024,07:32:00,09:26:00,02-04-2024 09:22,Golf Black Professional,Hold Fastest Marathon,Senator,D,Senator Cory Booker (NJ),Chairman Ask Question
95,326.0,Z,medium,183.0,X,low,26.0,Z,low,298.0,Z,low,323.0,Z,medium,477.0,Y,high,,STANDARD,asia,FREQUENT_ACCESS,Original_Region West2 Sku_Id,15-04-2024,08:58:00,12:51:00,15-04-2024 12:47,Golf Black Professional,Point Tally Nba,Senator,D,Senator Richard Blumenthal (D-CT),Senator Blumenthal Chair
96,310.0,Y,medium,102.0,Y,,465.0,Y,medium,317.0,X,high,53.0,Z,low,261.0,Z,low,343.0,NEARLINE,north_america,OCCASIONAL_ACCESS,Europe West12 Sku_Id,25-12-2024,10:59:00,12:28:00,25-12-2024 12:27,Mbappe Neymar Prove,Lomachenko,Senator,D,Senator Cory Booker (NJ),Analyze Senator
97,439.0,X,low,436.0,Y,,279.0,Y,high,82.0,Z,medium,43.0,X,high,495.0,X,medium,82.0,NEARLINE,europe,OCCASIONAL_ACCESS,Europe West12 Sku_Id,21-02-2024,19:33:00,21:07:00,21-02-2024 21:01,Mbappe Neymar Prove,Lomachenko,Chairman,R,Senator Chuck Grassley (IA),Analyze Senator
98,351.0,Z,high,41.0,X,low,303.0,Y,low,193.0,X,low,100.0,X,medium,207.0,Z,medium,138.0,COLDLINE,north_america,RARE_ACCESS,Europe West12 Sku_Id,20-07-2024,15:15:00,15:59:00,20-07-2024 15:50,Mbappe Neymar Prove,Actor Bob Odenkirk,Senator,D,Senator Cory Booker (NJ),Executive Privilege Limit
99,411.0,Y,low,290.0,Z,low,,Y,low,360.0,X,low,,,medium,416.0,X,low,129.0,NEARLINE,europe,OCCASIONAL_ACCESS,Europe West12 Sku_Id,19-06-2024,20:45:00,00:07:00,20-06-2024 00:04,Smitten Aussie Tennis,Lomachenko,Senator,D,Senator Richard Blumenthal (D-CT),Senator Blumenthal Chair
100,400.0,Y,low,60.0,Z,low,254.0,,high,454.0,Y,low,145.0,Y,low,165.0,Z,medium,64.0,COLDLINE,north_america,RARE_ACCESS,Europe West12 Sku_Id,20-12-2024,14:37:00,17:26:00,20-12-2024 17:24,Reunion Netflix Cnn,Niger State Television,Chairman,R,Senator Chuck Grassley (IA),Chairman Grassley Appreciate
101,323.0,X,high,299.0,Z,high,144.0,X,high,,,medium,111.0,Z,medium,221.0,Z,high,364.0,NEARLINE,europe,OCCASIONAL_ACCESS,Europe West12 Sku_Id,10-06-2024,18:38:00,19:02:00,10-06-2024 18:57,Golf Black Professional,Hold Fastest Marathon,Senator,D,Senator Richard Blumenthal (D-CT),Senator Blumenthal Chair
102,205.0,Y,high,383.0,Y,medium,389.0,Z,,285.0,X,,418.0,Z,medium,173.0,X,low,21.0,NEARLINE,asia,OCCASIONAL_ACCESS,Europe West12 Sku_Id,23-03-2024,10:11:00,13:12:00,23-03-2024 13:05,Basketball Legend Says,Point Tally Nba,Chairman,R,Senator Chuck Grassley (IA),Chairman Grassley Appreciate
103,168.0,Y,medium,376.0,Y,low,265.0,Z,low,474.0,X,medium,87.0,X,high,273.0,X,medium,202.0,COLDLINE,north_america,RARE_ACCESS,Europe West12 Sku_Id,23-06-2024,19:59:00,20:33:00,23-06-2024 20:25,Basketball Legend Says,Point Tally Nba,Senator,D,Senator Richard Blumenthal (D-CT),Senator Blumenthal Chair
104,173.0,,high,16.0,Y,high,,Z,high,300.0,X,medium,47.0,X,medium,111.0,X,medium,243.0,NEARLINE,europe,OCCASIONAL_ACCESS,Europe West12 Sku_Id,25-11-2024,21:23:00,00:40:00,26-11-2024 00:30,Basketball Legend Says,Point Tally Nba,Chairman,R,Senator Chuck Grassley (IA),Kavanaugh Dissents President
105,179.0,Y,medium,386.0,Z,high,422.0,Y,medium,113.0,Z,low,55.0,Y,medium,,Z,high,288.0,COLDLINE,europe,RARE_ACCESS,Europe West12 Sku_Id,31-03-2024,11:46:00,13:20:00,31-03-2024 13:16,Bob Baffert Suspended,Lomachenko,Senator,D,Senator Cory Booker (NJ),Analyze Senator
106,144.0,Y,medium,148.0,Z,high,406.0,Z,low,291.0,Y,low,441.0,,high,419.0,X,low,96.0,NEARLINE,north_america,OCCASIONAL_ACCESS,Europe West12 Sku_Id,28-04-2024,13:52:00,14:44:00,28-04-2024 14:36,Bob Baffert Suspended,Lomachenko,Chairman,R,Senator Chuck Grassley (IA),Chairman Grassley Appreciate
107,155.0,Z,medium,340.0,X,low,123.0,X,,8.0,X,high,237.0,Y,low,77.0,,medium,,COLDLINE,north_america,RARE_ACCESS,Europe West12 Sku_Id,28-08-2024,17:55:00,20:13:00,28-08-2024 20:05,Bob Baffert Suspended,Lomachenko,Senator,D,Senator Cory Booker (NJ),Analyze Senator
108,284.0,Z,,481.0,Y,low,324.0,,medium,244.0,X,low,,,high,396.0,X,,396.0,NEARLINE,asia,OCCASIONAL_ACCESS,Europe West12 Sku_Id,30-04-2024,13:39:00,16:47:00,30-04-2024 16:40,Winter Olympics Don,Qualifying Winter Olympics,Chairman,R,Senator Chuck Grassley (IA),Chairman Grassley Appreciate
109,135.0,Y,high,59.0,X,high,460.0,Z,high,283.0,Z,medium,403.0,Z,low,427.0,X,medium,187.0,COLDLINE,europe,RARE_ACCESS,Europe West12 Sku_Id,02-01-2024,10:32:00,11:55:00,02-01-2024 11:47,Winter Olympics Don,Qualifying Winter Olympics,Senator,D,Senator Sheldon Whitehouse (RI),Executive Privilege Limit
110,174.0,,medium,181.0,Z,high,399.0,Z,high,28.0,Z,medium,140.0,Y,low,17.0,Z,high,475.0,NEARLINE,asia,OCCASIONAL_ACCESS,Europe West12 Sku_Id,18-09-2024,06:54:00,08:56:00,18-09-2024 08:54,Smitten Aussie Tennis,Point Tally Nba,Senator,D,Senator Amy Klobuchar (MN),Klobuchar Mr Chairman
111,354.0,X,low,433.0,Y,high,99.0,Y,medium,101.0,Z,low,395.0,Z,medium,337.0,,high,214.0,STANDARD,asia,FREQUENT_ACCESS,Europe West12 Sku_Id,27-08-2024,08:43:00,11:48:00,27-08-2024 11:40,Bob Baffert Suspended,Said Alicia Keys,Senator,D,Senator Patrick Leahy (VT),Judge Senator Leahy
112,164.0,X,medium,70.0,Y,medium,427.0,Y,medium,494.0,Y,high,228.0,Z,low,242.0,Y,medium,388.0,COLDLINE,asia,RARE_ACCESS,Europe West12 Sku_Id,02-10-2024,15:13:00,15:40:00,02-10-2024 15:32,Bob Baffert Suspended,Lomachenko,Senator,D,Senator Dianne Feinstein (CA),Chairman Senator Feinstein
113,53.0,X,medium,,X,medium,28.0,Z,high,314.0,Z,medium,,Y,low,318.0,Y,medium,57.0,NEARLINE,asia,OCCASIONAL_ACCESS,Europe West12 Sku_Id,12-11-2024,18:21:00,19:00:00,12-11-2024 18:55,Golf Black Professional,Hold Fastest Marathon,Chairman,R,Senator Chuck Grassley (IA),Chairman Grassley Appreciate
114,8.0,Y,medium,274.0,X,low,308.0,Z,low,,Y,medium,264.0,Z,medium,147.0,Z,high,425.0,NEARLINE,europe,OCCASIONAL_ACCESS,Europe West12 Sku_Id,20-12-2024,15:51:00,19:06:00,20-12-2024 19:00,Voice Cnn Masai,Hold Fastest Marathon,Senator,D,Senator Dianne Feinstein (CA),Chairman Senator Feinstein
115,382.0,X,medium,498.0,Z,low,255.0,Z,medium,114.0,Y,low,,Z,high,110.0,Z,medium,239.0,COLDLINE,north_america,RARE_ACCESS,Europe West12 Sku_Id,16-01-2024,21:50:00,00:03:00,17-01-2024 00:01,Voice Cnn Masai,Said Alicia Keys,Chairman,R,Senator Chuck Grassley (IA),Chairman Grassley Appreciate
116,474.0,X,medium,147.0,Z,low,18.0,Y,low,62.0,Y,high,102.0,X,low,143.0,Z,low,495.0,NEARLINE,europe,OCCASIONAL_ACCESS,Europe West12 Sku_Id,15-12-2024,08:09:00,10:48:00,15-12-2024 10:42,Winter Olympics Don,Said Alicia Keys,Senator,D,Senator Dianne Feinstein (CA),Chairman Senator Feinstein
117,341.0,Z,high,,Y,medium,363.0,Z,high,214.0,Y,low,29.0,X,low,76.0,Y,high,350.0,ARCHIVE,asia,ARCHIVE,Storage Johannesburg Original_Region,04-10-2024,15:24:00,19:11:00,04-10-2024 19:09,Reunion Netflix Cnn,Point Tally Nba,Chairman,R,Senator Chuck Grassley (IA),Chairman Grassley Appreciate
118,30.0,X,high,397.0,Z,medium,148.0,Y,medium,272.0,Y,low,365.0,X,high,202.0,Z,high,370.0,COLDLINE,europe,RARE_ACCESS,Europe West12 Sku_Id,06-12-2024,16:15:00,17:19:00,06-12-2024 17:12,Bob Baffert Suspended,Hold Fastest Marathon,Senator,D,Senator Dianne Feinstein (CA),Chairman Senator Feinstein
119,281.0,Z,high,59.0,,medium,426.0,Y,high,89.0,Y,high,476.0,Y,high,436.0,,medium,74.0,NEARLINE,europe,OCCASIONAL_ACCESS,Europe West12 Sku_Id,09-05-2024,18:51:00,20:48:00,09-05-2024 20:39,Smitten Aussie Tennis,Point Tally Nba,Chairman,R,Senator Chuck Grassley (IA),Chairman Grassley Appreciate
120,135.0,X,,163.0,Y,medium,439.0,Z,,400.0,Y,medium,289.0,Z,medium,389.0,Y,low,283.0,NEARLINE,north_america,OCCASIONAL_ACCESS,Europe West12 Sku_Id,21-08-2024,06:39:00,07:46:00,21-08-2024 07:41,Smitten Aussie Tennis,Point Tally Nba,Senator,D,Senator Amy Klobuchar (MN),Klobuchar Mr Chairman
121,,Y,low,158.0,X,medium,295.0,Y,high,214.0,Z,high,58.0,,medium,89.0,Z,low,369.0,ARCHIVE,asia,ARCHIVE,Storage Johannesburg Original_Region,20-12-2024,13:34:00,16:16:00,20-12-2024 16:09,Smitten Aussie Tennis,Said Alicia Keys,Senator,D,Senator Richard Blumenthal (D-CT),Senator Blumenthal Chair
122,460.0,X,low,200.0,Y,high,313.0,X,,27.0,Z,low,56.0,Y,high,279.0,Z,low,,STANDARD,africa,FREQUENT_ACCESS,Original_Region West2 Sku_Id,26-05-2024,16:23:00,18:24:00,26-05-2024 18:17,Smitten Aussie Tennis,Said Alicia Keys,Chairman,R,Senator Chuck Grassley (IA),Chairman Grassley Appreciate
123,412.0,Y,high,286.0,X,medium,26.0,Z,medium,68.0,Y,high,272.0,Z,low,36.0,X,high,188.0,NEARLINE,north_america,OCCASIONAL_ACCESS,Europe West12 Sku_Id,13-12-2024,13:00:00,14:21:00,13-12-2024 14:16,Smitten Aussie Tennis,Actor Bob Odenkirk,Senator,D,Senator Richard Blumenthal (D-CT),Senator Blumenthal Chair
124,367.0,X,high,110.0,X,high,445.0,Y,high,430.0,Y,high,447.0,X,high,29.0,Y,low,281.0,NEARLINE,north_america,OCCASIONAL_ACCESS,Europe West12 Sku_Id,21-02-2024,16:46:00,18:48:00,21-02-2024 18:42,Voice Cnn Masai,Actor Bob Odenkirk,Chairman,R,Senator Chuck Grassley (IA),Chairman Grassley Appreciate
125,250.0,X,low,195.0,Y,high,340.0,X,medium,168.0,Z,medium,,Y,medium,,Z,low,86.0,NEARLINE,asia,OCCASIONAL_ACCESS,Europe West12 Sku_Id,11-04-2024,09:27:00,13:08:00,11-04-2024 13:03,Winter Olympics Don,Hold Fastest Marathon,Senator,D,Senator Richard Blumenthal (D-CT),Senator Blumenthal Chair
126,289.0,Z,low,458.0,X,medium,192.0,Y,high,186.0,Y,low,151.0,Y,medium,151.0,X,high,,COLDLINE,north_america,RARE_ACCESS,Europe West12 Sku_Id,21-05-2024,09:41:00,13:20:00,21-05-2024 13:15,Making Racism,Lomachenko,Senator,D,Senator Dianne Feinstein (CA),Chairman Senator Feinstein
127,457.0,Z,high,414.0,Z,high,42.0,X,low,99.0,X,,310.0,Z,medium,352.0,,medium,237.0,COLDLINE,europe,RARE_ACCESS,Europe West12 Sku_Id,16-12-2024,15:14:00,17:49:00,16-12-2024 17:40,Assassination Question,Ravaged Nicaragua Category,Chairman,R,Senator Chuck Grassley (IA),Chairman Grassley Appreciate
128,330.0,Y,low,478.0,X,low,252.0,Z,high,403.0,Z,low,78.0,Z,,77.0,Y,medium,16.0,ARCHIVE,north_america,ARCHIVE,Storage Johannesburg Original_Region,25-04-2024,16:20:00,19:01:00,25-04-2024 18:53,Reunion Netflix Cnn,Beating Forecasts Covid,Senator,D,Senator Dianne Feinstein (CA),Kavanaugh Dissents President
129,289.0,Z,low,341.0,Z,medium,450.0,Z,low,408.0,Z,high,239.0,Y,high,59.0,X,low,458.0,ARCHIVE,europe,ARCHIVE,Storage Johannesburg Original_Region,25-08-2024,18:54:00,22:17:00,25-08-2024 22:08,Companies Pulling Russia,International Women,Senator,D,Senator Richard Blumenthal (D-CT),Senator Blumenthal Chair
130,48.0,Z,high,291.0,X,low,431.0,X,high,121.0,Y,low,,Y,high,357.0,Z,low,321.0,STANDARD,north_america,FREQUENT_ACCESS,Europe West12 Sku_Id,11-08-2024,17:57:00,21:12:00,11-08-2024 21:11,Amid Inflation,Beating Forecasts Covid,Senator,D,Senator Sheldon Whitehouse (RI),Chairman Ask Question
131,,Z,low,106.0,Z,low,49.0,Z,medium,364.0,Z,low,314.0,Z,,103.0,Y,low,91.0,ARCHIVE,north_america,ARCHIVE,Storage Johannesburg Original_Region,16-03-2024,08:05:00,09:02:00,16-03-2024 09:00,New Covid Lockdowns,Coronavirus Pandemic Late,Senator,D,Senator Richard Blumenthal (D-CT),Senator Blumenthal Chair
132,404.0,Z,low,79.0,Y,low,381.0,Z,low,226.0,X,low,51.0,Y,low,29.0,Z,medium,448.0,NEARLINE,asia,OCCASIONAL_ACCESS,Europe West12 Sku_Id,23-07-2024,12:56:00,14:49:00,23-07-2024 14:46,Cnn Montana Nonprofit,Ravaged Nicaragua Category,Chairman,R,Senator Chuck Grassley (IA),Chairman Grassley Appreciate
133,182.0,X,high,,Z,low,40.0,Z,high,83.0,Z,low,,X,low,394.0,Y,high,345.0,ARCHIVE,asia,ARCHIVE,Storage Johannesburg Original_Region,19-07-2024,11:09:00,14:26:00,19-07-2024 14:17,Scammers Cnn Epik,Niger State Television,Senator,D,Senator Richard Blumenthal (D-CT),Senator Blumenthal Chair
134,125.0,X,low,202.0,Y,medium,188.0,,low,397.0,X,high,29.0,Y,high,352.0,Y,high,346.0,NEARLINE,north_america,OCCASIONAL_ACCESS,Europe West12 Sku_Id,10-02-2024,10:43:00,13:47:00,10-02-2024 13:42,Abortion Travel,Niger State Television,Chairman,R,Senator Chuck Grassley (IA),Analyze Senator
135,483.0,Y,high,393.0,,high,223.0,X,medium,41.0,Z,medium,200.0,Y,low,464.0,,low,466.0,ARCHIVE,asia,ARCHIVE,Storage Johannesburg Original_Region,11-04-2024,14:03:00,15:51:00,11-04-2024 15:48,Amid Inflation,Help Russia,Senator,D,Senator Richard Blumenthal (D-CT),Senator Blumenthal Chair
136,478.0,Y,medium,4.0,X,,11.0,Z,high,437.0,Y,low,118.0,Y,medium,,,high,202.0,ARCHIVE,europe,ARCHIVE,Storage Johannesburg Original_Region,24-06-2024,06:51:00,09:39:00,24-06-2024 09:32,Companies Pulling Russia,Help Russia,Chairman,R,Senator Chuck Grassley (IA),Senator Blumenthal Chair
137,210.0,Z,medium,445.0,Y,,68.0,X,,,,medium,489.0,Z,medium,238.0,Y,high,177.0,COLDLINE,north_america,RARE_ACCESS,Europe West12 Sku_Id,07-09-2024,08:18:00,11:21:00,07-09-2024 11:20,Making Racism,Help Russia,Senator,D,Senator Richard Blumenthal (D-CT),Senator Blumenthal Chair
138,115.0,X,high,85.0,Y,low,440.0,Y,medium,161.0,Z,high,159.0,Y,high,335.0,Y,low,,NEARLINE,europe,OCCASIONAL_ACCESS,Europe West12 Sku_Id,02-11-2024,08:57:00,11:32:00,02-11-2024 11:27,Making Racism,International Women,Chairman,R,Senator Chuck Grassley (IA),Chairman Grassley Appreciate
139,398.0,X,,197.0,Z,medium,314.0,Z,medium,113.0,X,medium,17.0,X,medium,396.0,Z,medium,444.0,COLDLINE,asia,RARE_ACCESS,Europe West12 Sku_Id,22-08-2024,15:12:00,17:51:00,22-08-2024 17:44,Companies Pulling Russia,Help Russia,Senator,D,Senator Amy Klobuchar (MN),Klobuchar Mr Chairman
140,312.0,X,low,178.0,X,medium,,Y,high,117.0,Z,high,216.0,,high,314.0,Z,medium,406.0,COLDLINE,europe,RARE_ACCESS,Europe West12 Sku_Id,28-08-2024,13:23:00,13:54:00,28-08-2024 13:53,New Covid Lockdowns,Coronavirus Pandemic Late,Senator,D,Senator Richard Blumenthal (D-CT),Senator Blumenthal Chair
141,450.0,Z,low,462.0,X,low,285.0,X,,240.0,X,low,368.0,Y,medium,159.0,Z,low,393.0,ARCHIVE,asia,ARCHIVE,Storage Johannesburg Original_Region,28-02-2024,14:02:00,15:18:00,28-02-2024 15:16,Assassination Question,Niger State Television,Chairman,R,Senator Chuck Grassley (IA),Chairman Grassley Appreciate
142,272.0,Z,medium,360.0,X,low,,Z,low,375.0,Z,medium,342.0,X,high,444.0,X,high,382.0,COLDLINE,north_america,RARE_ACCESS,Europe West12 Sku_Id,23-01-2024,10:32:00,14:22:00,23-01-2024 14:18,Assassination Question,Ravaged Nicaragua Category,Senator,D,Senator Cory Booker (NJ),Senator Blumenthal Chair
143,275.0,Z,high,17.0,X,medium,9.0,Y,low,199.0,Z,high,488.0,Z,low,351.0,X,high,17.0,COLDLINE,europe,RARE_ACCESS,Europe West12 Sku_Id,03-12-2024,06:58:00,10:52:00,03-12-2024 10:43,Mbappe Neymar Prove,Lomachenko,Chairman,R,Senator Chuck Grassley (IA),Chairman Grassley Appreciate
144,,Z,low,426.0,Z,high,273.0,,low,257.0,X,high,182.0,X,high,438.0,X,medium,245.0,COLDLINE,north_america,RARE_ACCESS,Europe West12 Sku_Id,31-01-2024,17:31:00,20:24:00,31-01-2024 20:19,Basketball Legend Says,Actor Bob Odenkirk,Senator,D,Senator Richard Blumenthal (D-CT),Senator Blumenthal Chair
145,301.0,Z,medium,338.0,X,medium,385.0,Y,high,485.0,Z,low,261.0,Y,,278.0,Y,low,177.0,ARCHIVE,north_america,ARCHIVE,Storage Johannesburg Original_Region,27-12-2024,14:17:00,16:14:00,27-12-2024 16:04,Making Racism,Niger State Television,Chairman,R,Senator Chuck Grassley (IA),Chairman Grassley Appreciate
146,181.0,Y,medium,34.0,Z,medium,102.0,Y,high,248.0,Z,medium,279.0,Z,high,224.0,X,medium,180.0,COLDLINE,north_america,RARE_ACCESS,Europe West12 Sku_Id,02-03-2024,14:18:00,15:00:00,02-03-2024 14:57,Amid Inflation,Beating Forecasts Covid,Senator,D,Senator Cory Booker (NJ),Analyze Senator
147,102.0,,low,390.0,X,high,245.0,Z,medium,396.0,Y,high,12.0,X,medium,421.0,Z,medium,427.0,NEARLINE,south_america,OCCASIONAL_ACCESS,Europe West12 Sku_Id,21-06-2024,06:04:00,07:25:00,21-06-2024 07:18,Climate Action Opinion,Warming Caused Humans,Senator,R,Senator John Neely Kennedy (LA),Chairman Ask Question
148,390.0,X,,16.0,Z,medium,206.0,X,high,192.0,Y,low,2.0,Y,low,305.0,Z,high,198.0,COLDLINE,asia,RARE_ACCESS,Europe West12 Sku_Id,29-10-2024,21:03:00,23:33:00,29-10-2024 23:25,Voice Cnn Masai,Point Tally Nba,Chairman,R,Senator Chuck Grassley (IA),Chairman Grassley Appreciate
149,172.0,Y,low,212.0,,high,435.0,Y,high,39.0,X,medium,397.0,X,,387.0,X,,418.0,NEARLINE,europe,OCCASIONAL_ACCESS,Europe West12 Sku_Id,15-05-2024,13:41:00,17:11:00,15-05-2024 17:09,Golf Black Professional,Niger State Television,Senator,R,Senator John Neely Kennedy (LA),Analyze Senator
150,106.0,X,low,81.0,X,high,81.0,X,high,127.0,Z,medium,192.0,Y,high,444.0,Z,high,453.0,NEARLINE,asia,OCCASIONAL_ACCESS,Europe West12 Sku_Id,27-12-2024,09:12:00,10:51:00,27-12-2024 10:46,Voice Cnn Masai,Turned Movie Different,Chairman,R,Senator Chuck Grassley (IA),Analyze Senator
151,480.0,Z,medium,5.0,Y,low,52.0,X,low,79.0,Z,low,344.0,X,low,142.0,Y,high,,NEARLINE,asia,OCCASIONAL_ACCESS,Europe West12 Sku_Id,28-01-2024,16:25:00,19:29:00,28-01-2024 19:25,Smitten Aussie Tennis,Niger State Television,Senator,D,Senator Kamala Harris (CA),Chairman Ask Question
152,481.0,Y,high,279.0,Z,medium,105.0,X,low,453.0,Z,high,472.0,Z,medium,96.0,X,high,84.0,NEARLINE,asia,OCCASIONAL_ACCESS,Europe West12 Sku_Id,30-05-2024,09:15:00,11:57:00,30-05-2024 11:52,Making Racism,Niger State Television,Chairman,R,Senator Chuck Grassley (IA),Chairman Ask Question
153,247.0,,medium,343.0,Z,medium,78.0,,high,13.0,,high,122.0,X,low,74.0,X,low,349.0,COLDLINE,europe,RARE_ACCESS,Europe West12 Sku_Id,17-08-2024,14:36:00,15:21:00,17-08-2024 15:15,Amid Inflation,Warming Caused Humans,Senator,R,Senator John Neely Kennedy (LA),Chairman Ask Question
154,147.0,Y,medium,239.0,X,low,423.0,Y,medium,411.0,Y,medium,387.0,Y,high,299.0,X,low,431.0,COLDLINE,europe,RARE_ACCESS,Europe West12 Sku_Id,27-12-2024,13:35:00,16:48:00,27-12-2024 16:44,Companies Pulling Russia,Help Russia,Chairman,R,Senator Chuck Grassley (IA),Analyze Senator
155,80.0,Z,high,171.0,Y,low,130.0,X,low,69.0,Z,medium,106.0,X,medium,403.0,Y,high,203.0,NEARLINE,north_america,OCCASIONAL_ACCESS,Europe West12 Sku_Id,21-07-2024,08:15:00,12:11:00,21-07-2024 12:10,Abortion Travel,Niger State Television,Senator,R,Senator John Neely Kennedy (LA),Chairman Ask Question
156,313.0,Z,high,256.0,Y,medium,181.0,X,medium,75.0,Z,low,370.0,Y,high,488.0,X,medium,97.0,STANDARD,europe,FREQUENT_ACCESS,Original_Region West2 Sku_Id,08-11-2024,13:24:00,14:27:00,08-11-2024 14:19,Cnn Montana Nonprofit,Warming Caused Humans,Chairman,R,Senator Chuck Grassley (IA),Chairman Grassley Appreciate
157,305.0,Y,high,75.0,Y,medium,128.0,Z,medium,264.0,Z,high,79.0,Z,low,16.0,X,high,260.0,NEARLINE,asia,OCCASIONAL_ACCESS,Europe West12 Sku_Id,14-02-2024,12:07:00,13:20:00,14-02-2024 13:14,Winter Olympics Don,Beating Forecasts Covid,Senator,R,Senator John Neely Kennedy (LA),Chairman Ask Question
158,309.0,Z,high,24.0,Z,,407.0,X,high,40.0,Y,high,152.0,Z,low,0.0,Z,high,490.0,COLDLINE,north_america,RARE_ACCESS,Europe West12 Sku_Id,27-02-2024,21:56:00,23:29:00,27-02-2024 23:27,Climate Action Opinion,Pennsylvania Investigation Abuse,Chairman,R,Senator Chuck Grassley (IA),Chairman Grassley Appreciate
159,,Z,high,78.0,Y,high,332.0,Y,medium,38.0,Z,high,235.0,X,high,339.0,Y,medium,258.0,ARCHIVE,europe,ARCHIVE,Storage Johannesburg Original_Region,19-04-2024,11:53:00,12:13:00,19-04-2024 12:04,Companies Pulling Russia,Help Russia,Senator,R,Senator John Neely Kennedy (LA),Chairman Ask Question
160,235.0,Z,high,27.0,,high,236.0,X,low,387.0,Y,medium,244.0,Z,medium,134.0,,medium,224.0,ARCHIVE,asia,ARCHIVE,Storage Johannesburg Original_Region,30-09-2024,20:07:00,22:43:00,30-09-2024 22:33,Companies Pulling Russia,Help Russia,Senator,D,Senator Mazie Hirono (HI),Chairman Ask Question
161,341.0,,high,384.0,Y,low,399.0,Y,high,,Z,low,,,low,237.0,X,medium,219.0,COLDLINE,north_america,RARE_ACCESS,Europe West12 Sku_Id,15-03-2024,07:49:00,10:18:00,15-03-2024 10:15,New Covid Lockdowns,Coronavirus Pandemic Late,Chairman,R,Senator Chuck Grassley (IA),Chairman Grassley Appreciate
162,327.0,X,high,304.0,Z,low,35.0,Z,medium,298.0,Y,low,,Y,,39.0,Y,high,366.0,COLDLINE,europe,RARE_ACCESS,Europe West12 Sku_Id,09-08-2024,09:56:00,11:32:00,09-08-2024 11:30,Winter Olympics Don,Qualifying Winter Olympics,Senator,D,Senator Mazie Hirono (HI),Executive Privilege Limit
163,397.0,Y,,93.0,Z,medium,339.0,Y,low,59.0,Z,low,3.0,Z,medium,37.0,,medium,170.0,ARCHIVE,asia,ARCHIVE,Storage Johannesburg Original_Region,23-10-2024,08:51:00,12:02:00,23-10-2024 11:58,New Covid Lockdowns,Coronavirus Pandemic Late,Chairman,R,Senator Chuck Grassley (IA),Chairman Grassley Appreciate
164,371.0,X,low,,Z,medium,180.0,Y,low,42.0,X,low,440.0,X,high,264.0,X,medium,364.0,ARCHIVE,asia,ARCHIVE,Storage Johannesburg Original_Region,21-07-2024,09:47:00,11:30:00,21-07-2024 11:25,Cnnpolitics Polls Underestimating,Actor Bob Odenkirk,Senator,D,Senator Mazie Hirono (HI),Analyze Senator
165,17.0,X,medium,242.0,X,high,189.0,X,medium,334.0,X,low,103.0,X,medium,344.0,,medium,493.0,ARCHIVE,europe,ARCHIVE,Storage Johannesburg Original_Region,24-11-2024,19:54:00,21:44:00,24-11-2024 21:35,Assassination Question,2020 Presidential Election,Senator,D,Senator Amy Klobuchar (MN),Klobuchar Mr Chairman
166,309.0,Y,high,55.0,X,high,79.0,X,high,196.0,X,medium,355.0,Z,high,443.0,X,low,386.0,ARCHIVE,europe,ARCHIVE,Storage Johannesburg Original_Region,29-08-2024,17:57:00,21:54:00,29-08-2024 21:52,Assassination Question,2020 Presidential Election,Chairman,R,Senator Chuck Grassley (IA),Analyze Senator
167,487.0,,high,485.0,X,high,48.0,X,high,9.0,Z,low,355.0,Z,medium,241.0,Z,medium,464.0,NEARLINE,europe,OCCASIONAL_ACCESS,Europe West12 Sku_Id,20-01-2024,21:38:00,00:46:00,21-01-2024 00:44,Cnnpolitics Polls Underestimating,2020 Presidential Election,Senator,D,Senator Kamala Harris (CA),Chairman Ask Question
168,279.0,X,medium,468.0,X,low,346.0,Y,low,340.0,Z,low,228.0,Z,medium,322.0,Z,medium,394.0,ARCHIVE,asia,ARCHIVE,Storage Johannesburg Original_Region,25-12-2024,06:50:00,10:42:00,25-12-2024 10:40,Cnnpolitics Polls Underestimating,2020 Presidential Election,Chairman,R,Senator Chuck Grassley (IA),Chairman Grassley Appreciate
169,264.0,Z,,379.0,Z,medium,425.0,Z,medium,484.0,X,high,268.0,X,,430.0,Z,low,421.0,COLDLINE,europe,RARE_ACCESS,Europe West12 Sku_Id,22-09-2024,14:18:00,14:46:00,22-09-2024 14:36,Cnnpolitics Polls Underestimating,2020 Presidential Election,Senator,D,Senator Dick Durbin (IL),Senator Durbin White
170,303.0,X,low,404.0,Z,low,455.0,X,high,280.0,Y,medium,36.0,X,low,215.0,Y,high,19.0,ARCHIVE,asia,ARCHIVE,Storage Johannesburg Original_Region,10-03-2024,10:01:00,12:23:00,10-03-2024 12:15,Cnnpolitics Polls Underestimating,2020 Presidential Election,Chairman,R,Senator Chuck Grassley (IA),Chairman Grassley Appreciate
171,279.0,Y,medium,273.0,X,medium,121.0,,medium,190.0,Y,high,450.0,Y,high,104.0,Z,high,176.0,ARCHIVE,north_america,ARCHIVE,Storage Johannesburg Original_Region,18-10-2024,06:00:00,07:46:00,18-10-2024 07:36,Cnnpolitics Polls Underestimating,2020 Presidential Election,Senator,R,Senator Thom Tillis (NC),Analyze Senator
172,200.0,Z,medium,401.0,Y,low,381.0,Z,low,421.0,Z,low,59.0,X,medium,412.0,X,low,136.0,COLDLINE,africa,RARE_ACCESS,Europe West12 Sku_Id,11-12-2024,09:18:00,13:17:00,11-12-2024 13:08,Cnnpolitics Polls Underestimating,2020 Presidential Election,Senator,D,Senator Kamala Harris (CA),Analyze Senator
173,496.0,X,medium,264.0,X,high,55.0,Y,high,168.0,X,medium,329.0,Z,low,1.0,Z,low,431.0,ARCHIVE,north_america,ARCHIVE,Storage Johannesburg Original_Region,18-10-2024,09:04:00,12:22:00,18-10-2024 12:12,Cnnpolitics Polls Underestimating,Actor Bob Odenkirk,Senator,D,Senator Dick Durbin (IL),Senator Durbin White
174,35.0,Y,low,83.0,X,medium,389.0,,,306.0,Y,,0.0,Z,medium,137.0,X,medium,114.0,NEARLINE,north_america,OCCASIONAL_ACCESS,Europe West12 Sku_Id,04-05-2024,10:07:00,12:53:00,04-05-2024 12:47,Cnnpolitics Polls Underestimating,2020 Presidential Election,Chairman,R,Senator Chuck Grassley (IA),Chairman Grassley Appreciate
175,407.0,Z,low,83.0,Y,high,283.0,Y,medium,237.0,X,high,372.0,Z,medium,65.0,X,low,483.0,NEARLINE,europe,OCCASIONAL_ACCESS,Europe West12 Sku_Id,27-11-2024,12:43:00,13:53:00,27-11-2024 13:48,Amid Inflation,Beating Forecasts Covid,Senator,D,Senator Dick Durbin (IL),Executive Privilege Limit
176,79.0,Z,medium,427.0,X,low,430.0,Y,high,363.0,,medium,179.0,Z,high,321.0,X,low,349.0,COLDLINE,asia,RARE_ACCESS,Europe West12 Sku_Id,10-10-2024,20:23:00,22:44:00,10-10-2024 22:43,Cnnpolitics Polls Underestimating,Hold Fastest Marathon,Senator,D,Senator Kamala Harris (CA),Chairman Ask Question
177,103.0,Z,medium,223.0,Z,high,33.0,Z,medium,258.0,Z,high,,X,medium,134.0,,medium,61.0,COLDLINE,asia,RARE_ACCESS,Europe West12 Sku_Id,03-08-2024,06:57:00,08:32:00,03-08-2024 08:28,Cnnpolitics Polls Underestimating,2020 Presidential Election,Senator,D,Senator Richard Blumenthal (D-CT),Senator Blumenthal Chair
178,303.0,Y,high,364.0,Z,medium,388.0,Y,low,240.0,Z,high,11.0,,medium,172.0,X,high,,ARCHIVE,europe,ARCHIVE,Storage Johannesburg Original_Region,12-04-2024,12:33:00,14:02:00,12-04-2024 13:58,Cnnpolitics Polls Underestimating,2020 Presidential Election,Senator,D,Senator Kamala Harris (CA),Analyze Senator
179,318.0,Z,low,72.0,Y,low,233.0,Z,high,210.0,Z,low,109.0,X,low,326.0,X,low,171.0,COLDLINE,oceania,RARE_ACCESS,Europe West12 Sku_Id,07-03-2024,12:58:00,13:39:00,07-03-2024 13:29,Cnnpolitics Polls Underestimating,2020 Presidential Election,Senator,D,Senator Richard Blumenthal (D-CT),Senator Blumenthal Chair
180,463.0,Y,medium,223.0,X,,284.0,Z,low,147.0,Z,low,217.0,X,medium,148.0,X,medium,148.0,COLDLINE,asia,RARE_ACCESS,Europe West12 Sku_Id,31-03-2024,17:11:00,18:28:00,31-03-2024 18:25,Cnnpolitics Polls Underestimating,Actor Bob Odenkirk,Chairman,R,Senator Chuck Grassley (IA),Chairman Grassley Appreciate
181,147.0,Y,high,41.0,Y,low,269.0,X,low,243.0,Z,low,358.0,X,low,181.0,X,medium,497.0,ARCHIVE,europe,ARCHIVE,Storage Johannesburg Original_Region,22-02-2024,06:08:00,08:36:00,22-02-2024 08:35,Cnnpolitics Polls Underestimating,2020 Presidential Election,Senator,D,Senator Richard Blumenthal (D-CT),Senator Blumenthal Chair
182,12.0,Z,low,110.0,Z,low,357.0,X,medium,30.0,Y,high,298.0,Z,medium,249.0,Z,low,,NEARLINE,oceania,OCCASIONAL_ACCESS,Europe West12 Sku_Id,23-01-2024,14:37:00,17:13:00,23-01-2024 17:05,Cnnpolitics Polls Underestimating,2020 Presidential Election,Senator,D,Senator Sheldon Whitehouse (RI),Chairman Ask Question
183,127.0,Z,low,,X,low,299.0,,,169.0,X,high,130.0,Z,high,59.0,X,,381.0,STANDARD,europe,FREQUENT_ACCESS,Europe West12 Sku_Id,15-08-2024,20:32:00,21:07:00,15-08-2024 20:58,Cnnpolitics Polls Underestimating,2020 Presidential Election,Chairman,R,Senator Chuck Grassley (IA),Executive Privilege Limit
184,272.0,Y,low,104.0,Z,high,207.0,Y,medium,38.0,Z,medium,297.0,Y,high,467.0,X,medium,155.0,COLDLINE,europe,RARE_ACCESS,Europe West12 Sku_Id,05-09-2024,15:01:00,16:25:00,05-09-2024 16:21,Cnnpolitics Polls Underestimating,2020 Presidential Election,Senator,D,Senator Patrick Leahy (VT),Judge Senator Leahy
185,178.0,Z,medium,303.0,X,high,217.0,Y,medium,161.0,,high,111.0,X,low,490.0,X,low,331.0,COLDLINE,asia,RARE_ACCESS,Europe West12 Sku_Id,19-05-2024,15:50:00,18:25:00,19-05-2024 18:18,Cnnpolitics Polls Underestimating,2020 Presidential Election,Chairman,R,Senator Chuck Grassley (IA),Chairman Grassley Appreciate
186,126.0,Y,high,2.0,X,medium,35.0,Y,high,175.0,,high,277.0,,medium,,Y,high,171.0,NEARLINE,north_america,OCCASIONAL_ACCESS,Europe West12 Sku_Id,13-05-2024,19:24:00,21:46:00,13-05-2024 21:43,Cnnpolitics Polls Underestimating,2020 Presidential Election,Senator,D,Senator Patrick Leahy (VT),Judge Senator Leahy
187,457.0,X,medium,96.0,Y,high,362.0,Z,low,13.0,Z,low,270.0,Y,high,54.0,Z,low,301.0,ARCHIVE,south_america,ARCHIVE,Storage Johannesburg Original_Region,31-01-2024,15:17:00,16:34:00,31-01-2024 16:26,Cnnpolitics Polls Underestimating,2020 Presidential Election,Chairman,R,Senator Chuck Grassley (IA),Chairman Grassley Appreciate
188,280.0,Y,medium,345.0,Y,low,352.0,Z,medium,148.0,Z,high,113.0,,,236.0,Y,medium,199.0,ARCHIVE,europe,ARCHIVE,Storage Johannesburg Original_Region,06-06-2024,09:24:00,12:43:00,06-06-2024 12:35,Cnnpolitics Polls Underestimating,2020 Presidential Election,Senator,D,Senator Patrick Leahy (VT),Kavanaugh Dissents President
189,336.0,Z,high,74.0,X,low,283.0,Z,,335.0,Z,medium,100.0,Y,medium,177.0,X,low,304.0,NEARLINE,africa,OCCASIONAL_ACCESS,Europe West12 Sku_Id,29-06-2024,09:20:00,13:17:00,29-06-2024 13:14,Cnnpolitics Polls Underestimating,2020 Presidential Election,Senator,D,Senator Mazie Hirono (HI),Chairman Ask Question
190,374.0,Y,medium,277.0,Z,low,360.0,X,low,484.0,Y,medium,259.0,X,medium,83.0,X,medium,372.0,ARCHIVE,north_america,ARCHIVE,Storage Johannesburg Original_Region,28-12-2024,15:40:00,19:38:00,28-12-2024 19:30,Cnn Montana Nonprofit,2020 Presidential Election,Senator,D,Senator Patrick Leahy (VT),Judge Senator Leahy
191,204.0,Y,medium,433.0,Z,high,134.0,,,308.0,Z,low,293.0,Y,low,438.0,Z,medium,157.0,ARCHIVE,europe,ARCHIVE,Storage Johannesburg Original_Region,05-01-2024,15:25:00,18:17:00,05-01-2024 18:16,Cnnpolitics Polls Underestimating,2020 Presidential Election,Senator,D,Senator Amy Klobuchar (MN),Klobuchar Mr Chairman
192,367.0,Z,high,390.0,Y,high,111.0,Z,high,355.0,X,high,489.0,Z,medium,207.0,Y,low,5.0,COLDLINE,asia,RARE_ACCESS,Europe West12 Sku_Id,25-04-2024,16:05:00,18:16:00,25-04-2024 18:07,Cnnpolitics Polls Underestimating,2020 Presidential Election,Chairman,R,Senator Chuck Grassley (IA),Kavanaugh Dissents President
193,481.0,Z,low,61.0,Y,high,462.0,Z,high,334.0,X,medium,247.0,Y,low,326.0,Y,low,48.0,ARCHIVE,north_america,ARCHIVE,Storage Johannesburg Original_Region,02-12-2024,08:46:00,11:34:00,02-12-2024 11:29,Cnnpolitics Polls Underestimating,Actor Bob Odenkirk,Senator,D,Senator Amy Klobuchar (MN),Klobuchar Mr Chairman
194,362.0,Y,high,73.0,X,high,,Y,low,472.0,Y,low,222.0,X,low,345.0,Z,high,453.0,NEARLINE,north_america,OCCASIONAL_ACCESS,Europe West12 Sku_Id,28-10-2024,13:43:00,14:05:00,28-10-2024 14:00,Cnnpolitics Polls Underestimating,2020 Presidential Election,Senator,D,Senator Patrick Leahy (VT),Kavanaugh Dissents President
195,148.0,Z,low,352.0,Y,low,426.0,Y,high,470.0,X,medium,237.0,Y,low,159.0,Z,high,479.0,NEARLINE,europe,OCCASIONAL_ACCESS,Europe West12 Sku_Id,25-07-2024,19:29:00,23:00:00,25-07-2024 22:50,Cnnpolitics Polls Underestimating,2020 Presidential Election,Senator,D,Senator Amy Klobuchar (MN),Klobuchar Mr Chairman
196,389.0,Y,medium,173.0,X,,26.0,Y,medium,57.0,Y,low,437.0,Y,high,174.0,X,low,,ARCHIVE,europe,ARCHIVE,Storage Johannesburg Original_Region,21-07-2024,13:44:00,15:07:00,21-07-2024 15:06,Cnnpolitics Polls Underestimating,2020 Presidential Election,Chairman,R,Senator Chuck Grassley (IA),Klobuchar Mr Chairman
197,,Y,low,,X,medium,274.0,Y,low,236.0,Y,low,153.0,Y,high,485.0,Z,,53.0,ARCHIVE,africa,ARCHIVE,Storage Johannesburg Original_Region,29-06-2024,21:35:00,23:23:00,29-06-2024 23:18,Cnnpolitics Polls Underestimating,2020 Presidential Election,Senator,D,Senator Amy Klobuchar (MN),Executive Privilege Limit
198,36.0,Z,medium,238.0,Z,high,367.0,X,high,453.0,X,medium,190.0,Y,low,412.0,Z,high,293.0,COLDLINE,north_america,RARE_ACCESS,Europe West12 Sku_Id,15-02-2024,07:34:00,08:04:00,15-02-2024 07:54,Cnnpolitics Polls Underestimating,2020 Presidential Election,Chairman,R,Senator Chuck Grassley (IA),Chairman Grassley Appreciate
199,222.0,X,medium,289.0,Y,high,18.0,Y,medium,440.0,Z,high,184.0,Y,low,250.0,Z,medium,216.0,COLDLINE,south_america,RARE_ACCESS,Europe West12 Sku_Id,31-05-2024,11:48:00,13:44:00,31-05-2024 13:43,Cnnpolitics Polls Underestimating,2020 Presidential Election,Senator,D,Senator Amy Klobuchar (MN),Klobuchar Mr Chairman
200,,X,low,224.0,Z,medium,484.0,X,high,267.0,Y,low,311.0,X,medium,266.0,X,low,118.0,NEARLINE,europe,OCCASIONAL_ACCESS,Europe West12 Sku_Id,31-03-2024,11:16:00,14:16:00,31-03-2024 14:09,Cnnpolitics Polls Underestimating,2020 Presidential Election,Senator,D,Senator Richard Blumenthal (D-CT),Senator Blumenthal Chair
201,234.0,X,high,11.0,X,low,393.0,Z,low,221.0,Z,medium,349.0,Y,low,,Z,low,189.0,COLDLINE,asia,RARE_ACCESS,Europe West12 Sku_Id,09-01-2024,20:28:00,21:38:00,09-01-2024 21:34,Cnnpolitics Polls Underestimating,2020 Presidential Election,Senator,R,Senator John Cornyn (TX),Chairman Ask Question
202,130.0,Z,high,47.0,Y,high,,Z,low,29.0,X,low,240.0,X,medium,102.0,X,high,,ARCHIVE,south_america,ARCHIVE,Storage Johannesburg Original_Region,07-02-2024,15:09:00,15:48:00,07-02-2024 15:38,Cnnpolitics Polls Underestimating,2020 Presidential Election,Chairman,R,Senator Chuck Grassley (IA),Chairman Grassley Appreciate
203,136.0,X,low,,X,high,253.0,X,high,238.0,Z,high,131.0,Y,medium,3.0,Y,low,498.0,COLDLINE,europe,RARE_ACCESS,Europe West12 Sku_Id,18-02-2024,20:12:00,21:53:00,18-02-2024 21:49,Cnnpolitics Polls Underestimating,2020 Presidential Election,Senator,R,Senator John Cornyn (TX),Analyze Senator
204,460.0,Z,medium,132.0,X,high,456.0,X,low,253.0,Z,high,344.0,Y,medium,402.0,X,high,436.0,ARCHIVE,north_america,ARCHIVE,Storage Johannesburg Original_Region,28-03-2024,11:05:00,11:31:00,28-03-2024 11:23,Cnnpolitics Polls Underestimating,2020 Presidential Election,Chairman,R,Senator Chuck Grassley (IA),Chairman Grassley Appreciate
205,145.0,Z,high,408.0,,low,426.0,Y,medium,316.0,X,medium,137.0,Y,medium,470.0,Y,low,,ARCHIVE,asia,ARCHIVE,Storage Johannesburg Original_Region,21-11-2024,15:25:00,18:27:00,21-11-2024 18:18,Cnnpolitics Polls Underestimating,2020 Presidential Election,Senator,R,Senator John Cornyn (TX),Analyze Senator
206,391.0,Z,high,485.0,,low,413.0,Z,medium,,Y,high,448.0,Y,medium,81.0,Z,high,250.0,NEARLINE,europe,OCCASIONAL_ACCESS,Europe West12 Sku_Id,16-11-2024,20:25:00,20:51:00,16-11-2024 20:49,Cnnpolitics Polls Underestimating,2020 Presidential Election,Senator,D,Senator Dick Durbin (IL),Senator Durbin White
207,,Z,low,237.0,Y,high,491.0,X,,,,,312.0,Z,low,140.0,Y,low,264.0,NEARLINE,asia,OCCASIONAL_ACCESS,Europe West12 Sku_Id,30-08-2024,17:09:00,17:51:00,30-08-2024 17:43,Cnnpolitics Polls Underestimating,2020 Presidential Election,Senator,D,Senator Richard Blumenthal (D-CT),Analyze Senator
208,53.0,Z,low,13.0,Z,high,372.0,Y,medium,484.0,X,medium,220.0,,high,176.0,Y,,146.0,COLDLINE,europe,RARE_ACCESS,Europe West12 Sku_Id,23-10-2024,06:43:00,10:18:00,23-10-2024 10:14,Cnnpolitics Polls Underestimating,2020 Presidential Election,Senator,D,Senator Dick Durbin (IL),Senator Durbin White
209,31.0,X,medium,35.0,Z,high,467.0,X,high,108.0,Z,low,116.0,Y,high,406.0,X,high,217.0,ARCHIVE,oceania,ARCHIVE,Storage Johannesburg Original_Region,30-06-2024,10:51:00,12:55:00,30-06-2024 12:45,Cnnpolitics Polls Underestimating,2020 Presidential Election,Chairman,R,Senator Chuck Grassley (IA),Chairman Grassley Appreciate
210,121.0,Z,medium,407.0,X,medium,476.0,Z,high,191.0,Z,high,378.0,Y,low,203.0,Z,high,190.0,COLDLINE,asia,RARE_ACCESS,Europe West12 Sku_Id,30-07-2024,06:58:00,08:18:00,30-07-2024 08:17,Cnnpolitics Polls Underestimating,2020 Presidential Election,Senator,D,Senator Dick Durbin (IL),Executive Privilege Limit
211,420.0,X,,171.0,Y,high,9.0,Z,high,254.0,Z,low,304.0,Y,medium,21.0,Z,low,34.0,ARCHIVE,europe,ARCHIVE,Storage Johannesburg Original_Region,25-01-2024,16:13:00,18:51:00,25-01-2024 18:42,Cnnpolitics Polls Underestimating,2020 Presidential Election,Senator,R,Senator John Neely Kennedy (LA),Chairman Ask Question
212,227.0,Y,medium,440.0,Z,low,327.0,X,medium,146.0,Y,high,441.0,Y,low,292.0,X,medium,208.0,COLDLINE,europe,RARE_ACCESS,Europe West12 Sku_Id,08-04-2024,19:08:00,21:02:00,08-04-2024 20:56,New Covid Lockdowns,Help Russia,Chairman,R,Senator Chuck Grassley (IA),Chairman Grassley Appreciate
213,347.0,Z,medium,253.0,X,high,166.0,X,low,,Z,high,353.0,X,medium,73.0,X,low,,NEARLINE,north_america,OCCASIONAL_ACCESS,Europe West12 Sku_Id,30-04-2024,11:42:00,15:21:00,30-04-2024 15:17,Scammers Cnn Epik,Turned Movie Different,Senator,R,Senator John Neely Kennedy (LA),Chairman Ask Question
214,481.0,X,medium,439.0,Z,medium,247.0,X,low,305.0,Z,high,394.0,X,high,322.0,Y,low,152.0,COLDLINE,south_america,RARE_ACCESS,Europe West12 Sku_Id,27-08-2024,07:23:00,09:11:00,27-08-2024 09:09,Amid Inflation,Beating Forecasts Covid,Chairman,R,Senator Chuck Grassley (IA),Chairman Grassley Appreciate
215,24.0,X,medium,,Y,low,83.0,Z,medium,118.0,Z,medium,46.0,X,medium,428.0,Y,high,306.0,,,,,14-05-2024,17:22:00,19:10:00,14-05-2024 19:03,Scammers Cnn Epik,Point Tally Nba,Senator,R,Senator John Neely Kennedy (LA),Executive Privilege Limit
216,54.0,Z,high,429.0,X,high,337.0,Z,medium,439.0,Y,medium,12.0,X,high,33.0,X,high,356.0,,,,,24-08-2024,18:50:00,19:09:00,24-08-2024 19:06,Amid Inflation,Beating Forecasts Covid,Chairman,R,Senator Chuck Grassley (IA),Executive Privilege Limit
217,460.0,,high,273.0,Z,medium,417.0,Y,low,396.0,Z,low,329.0,Z,medium,497.0,X,,23.0,,,,,13-11-2024,19:28:00,20:25:00,13-11-2024 20:24,Amid Inflation,Beating Forecasts Covid,Senator,R,Senator John Neely Kennedy (LA),Chairman Ask Question
218,283.0,X,high,218.0,Z,low,205.0,X,high,214.0,X,low,,X,low,331.0,X,high,171.0,,,,,08-08-2024,12:01:00,12:53:00,08-08-2024 12:47,Amid Inflation,Beating Forecasts Covid,Chairman,R,Senator Chuck Grassley (IA),Chairman Grassley Appreciate
219,308.0,X,low,264.0,X,high,349.0,Y,medium,231.0,Y,high,445.0,Z,high,25.0,Z,medium,15.0,,,,,31-08-2024,13:32:00,15:48:00,31-08-2024 15:44,Amid Inflation,Beating Forecasts Covid,Senator,R,Senator John Neely Kennedy (LA),Chairman Ask Question
220,170.0,X,medium,163.0,Z,,162.0,Z,high,474.0,X,low,441.0,Z,low,110.0,Y,medium,410.0,,,,,04-01-2024,06:55:00,10:34:00,04-01-2024 10:31,Amid Inflation,Help Russia,Chairman,R,Senator Chuck Grassley (IA),Chairman Grassley Appreciate
221,413.0,Y,low,301.0,Z,low,374.0,Z,medium,13.0,Y,high,292.0,X,medium,83.0,X,medium,463.0,,,,,24-03-2024,10:26:00,10:54:00,24-03-2024 10:48,Companies Pulling Russia,Help Russia,Senator,R,Senator John Neely Kennedy (LA),Analyze Senator
222,323.0,,high,385.0,Y,high,41.0,Y,medium,189.0,Z,high,364.0,,high,,X,high,231.0,,,,,18-04-2024,06:29:00,08:32:00,18-04-2024 08:31,Amid Inflation,Beating Forecasts Covid,Chairman,R,Senator Chuck Grassley (IA),Chairman Grassley Appreciate
223,128.0,Y,medium,405.0,Y,high,440.0,Z,low,30.0,X,low,210.0,Y,high,361.0,Z,low,472.0,,,,,18-03-2024,18:37:00,20:51:00,18-03-2024 20:46,Abortion Travel,Niger State Television,Senator,R,Senator John Neely Kennedy (LA),Chairman Ask Question
224,324.0,X,low,489.0,X,low,189.0,Z,low,69.0,,high,479.0,Y,low,186.0,Y,high,314.0,,,,,13-06-2024,16:16:00,20:09:00,13-06-2024 20:07,Amid Inflation,Beating Forecasts Covid,Chairman,R,Senator Chuck Grassley (IA),Chairman Grassley Appreciate
225,1.0,Z,high,,Y,medium,252.0,Z,medium,,X,low,17.0,Y,high,264.0,Y,,434.0,,,,,17-07-2024,08:11:00,10:06:00,17-07-2024 09:58,Amid Inflation,Beating Forecasts Covid,Senator,D,Senator Chris Coons (DE),Chairman Ask Question
226,120.0,Y,medium,384.0,Z,high,401.0,,medium,50.0,Z,low,146.0,Y,high,174.0,Y,high,473.0,,,,,24-09-2024,08:51:00,10:26:00,24-09-2024 10:25,Amid Inflation,Beating Forecasts Covid,Chairman,R,Senator Chuck Grassley (IA),Analyze Senator
227,101.0,X,low,444.0,Z,low,14.0,X,high,478.0,Z,medium,348.0,Z,high,202.0,X,medium,293.0,,,,,01-05-2024,10:52:00,14:01:00,01-05-2024 13:58,Amid Inflation,Beating Forecasts Covid,Senator,D,Senator Chris Coons (DE),Chairman Ask Question
228,392.0,Y,low,8.0,Y,high,472.0,Y,medium,391.0,X,low,393.0,Y,,319.0,Z,medium,223.0,,,,,24-07-2024,20:26:00,21:23:00,24-07-2024 21:20,Amid Inflation,Beating Forecasts Covid,Chairman,R,Senator Chuck Grassley (IA),Chairman Grassley Appreciate
229,367.0,X,high,237.0,X,medium,307.0,Y,,320.0,X,low,121.0,X,,97.0,X,medium,370.0,,,,,21-08-2024,15:19:00,15:49:00,21-08-2024 15:40,Amid Inflation,Beating Forecasts Covid,Senator,D,Senator Chris Coons (DE),Chairman Ask Question
230,45.0,Y,low,350.0,Z,,487.0,Z,high,370.0,Z,medium,400.0,Y,low,379.0,Z,medium,85.0,,,,,11-05-2024,07:13:00,07:59:00,11-05-2024 07:56,Amid Inflation,2020 Presidential Election,Chairman,R,Senator Chuck Grassley (IA),Chairman Grassley Appreciate
231,453.0,Z,medium,228.0,Z,high,,Z,medium,92.0,Y,high,230.0,Z,medium,472.0,Y,low,148.0,,,,,18-08-2024,14:45:00,18:31:00,18-08-2024 18:26,Amid Inflation,Beating Forecasts Covid,Senator,D,Senator Chris Coons (DE),Executive Privilege Limit
232,,Y,high,50.0,X,medium,103.0,Z,high,58.0,Y,low,428.0,Z,low,487.0,X,high,274.0,,,,,22-10-2024,06:29:00,07:00:00,22-10-2024 06:54,Companies Pulling Russia,Beating Forecasts Covid,Chairman,R,Senator Chuck Grassley (IA),Executive Privilege Limit
233,217.0,Z,low,327.0,Z,medium,291.0,Z,high,,X,,133.0,X,low,86.0,Y,medium,100.0,,,,,18-04-2024,12:05:00,12:56:00,18-04-2024 12:51,Amid Inflation,International Women,Senator,D,Senator Kamala Harris (CA),Chairman Ask Question
234,105.0,Z,low,203.0,,medium,285.0,Y,high,382.0,Z,medium,346.0,Y,high,205.0,X,low,248.0,,,,,17-06-2024,18:30:00,22:19:00,17-06-2024 22:09,Amid Inflation,Beating Forecasts Covid,Chairman,R,Senator Chuck Grassley (IA),Chairman Grassley Appreciate
235,210.0,Y,low,308.0,Z,medium,460.0,Z,low,152.0,X,low,103.0,Z,high,132.0,Z,high,427.0,,,,,05-09-2024,07:09:00,10:38:00,05-09-2024 10:37,Amid Inflation,Beating Forecasts Covid,Senator,D,Senator Kamala Harris (CA),Executive Privilege Limit
236,294.0,,high,0.0,Z,high,287.0,Y,medium,87.0,X,low,69.0,X,low,317.0,Y,medium,,,,,,07-07-2024,08:52:00,10:13:00,07-07-2024 10:04,Amid Inflation,Beating Forecasts Covid,Chairman,R,Senator Chuck Grassley (IA),Chairman Grassley Appreciate
237,315.0,Z,medium,5.0,Y,medium,203.0,Z,low,392.0,Y,medium,352.0,X,medium,162.0,Z,low,445.0,,,,,07-03-2024,21:48:00,01:42:00,08-03-2024 01:35,Amid Inflation,Beating Forecasts Covid,Senator,D,Senator Richard Blumenthal (D-CT),Senator Blumenthal Chair
238,173.0,Y,low,301.0,,medium,,,high,,Z,high,340.0,X,medium,197.0,X,medium,430.0,,,,,02-09-2024,20:24:00,00:24:00,03-09-2024 00:23,Amid Inflation,Beating Forecasts Covid,Chairman,R,Senator Chuck Grassley (IA),Chairman Grassley Appreciate
239,50.0,Z,low,491.0,X,high,162.0,X,high,268.0,Y,low,146.0,X,low,69.0,Y,medium,166.0,,,,,26-04-2024,10:50:00,11:31:00,26-04-2024 11:26,Amid Inflation,Beating Forecasts Covid,Senator,D,Senator Richard Blumenthal (D-CT),Senator Blumenthal Chair
240,304.0,Y,high,319.0,X,high,290.0,,,,Z,medium,,Z,low,279.0,X,low,356.0,,,,,05-04-2024,14:09:00,16:01:00,05-04-2024 16:00,Amid Inflation,Beating Forecasts Covid,Chairman,R,Senator Chuck Grassley (IA),Chairman Grassley Appreciate
241,352.0,Z,low,471.0,X,medium,184.0,X,medium,389.0,Y,medium,470.0,X,medium,268.0,X,low,186.0,,,,,21-09-2024,12:31:00,14:30:00,21-09-2024 14:28,Amid Inflation,Beating Forecasts Covid,Senator,D,Senator Richard Blumenthal (D-CT),Executive Privilege Limit
242,133.0,X,low,423.0,Z,medium,181.0,,medium,367.0,X,high,166.0,X,,275.0,Y,medium,485.0,,,,,22-07-2024,15:49:00,16:46:00,22-07-2024 16:42,Amid Inflation,Beating Forecasts Covid,Chairman,R,Senator Chuck Grassley (IA),Chairman Grassley Appreciate
243,319.0,Y,medium,140.0,Y,medium,7.0,Z,medium,,X,,250.0,,high,170.0,X,high,88.0,,,,,05-02-2024,07:17:00,09:27:00,05-02-2024 09:19,Climate Action Opinion,Warming Caused Humans,Senator,D,Senator Mazie Hirono (HI),Executive Privilege Limit
244,284.0,X,medium,51.0,X,medium,471.0,X,medium,64.0,Z,high,104.0,,high,377.0,Y,high,134.0,,,,,24-01-2024,21:21:00,22:49:00,24-01-2024 22:41,Voice Cnn Masai,Actor Bob Odenkirk,Chairman,R,Senator Chuck Grassley (IA),Chairman Grassley Appreciate
245,250.0,X,medium,279.0,,medium,418.0,Y,high,434.0,Y,high,259.0,Z,low,303.0,X,low,470.0,,,,,29-09-2024,18:05:00,19:47:00,29-09-2024 19:38,Cnnpolitics Polls Underestimating,2020 Presidential Election,Senator,D,Senator Mazie Hirono (HI),Executive Privilege Limit
246,4.0,Y,high,310.0,Z,,127.0,Z,high,68.0,Y,medium,442.0,X,medium,88.0,Y,medium,119.0,,,,,30-03-2024,13:11:00,14:00:00,30-03-2024 13:57,Reunion Netflix Cnn,Turned Movie Different,Chairman,R,Senator Chuck Grassley (IA),Proud Judge Kavanaugh
247,153.0,X,low,385.0,Y,medium,68.0,Z,medium,214.0,Y,high,317.0,Y,medium,183.0,X,high,309.0,,,,,13-10-2024,21:35:00,23:53:00,13-10-2024 23:50,Amid Inflation,Beating Forecasts Covid,Senator,D,Senator Cory Booker (NJ),Chairman Ask Question
248,187.0,X,medium,260.0,Z,medium,417.0,Y,high,447.0,X,low,70.0,Y,low,,X,medium,145.0,,,,,03-09-2024,18:17:00,20:58:00,03-09-2024 20:56,Amid Inflation,2020 Presidential Election,Chairman,R,Senator Chuck Grassley (IA),Chairman Grassley Appreciate
249,416.0,Z,low,,X,low,418.0,Y,low,208.0,Y,high,370.0,X,high,58.0,Y,medium,142.0,,,,,03-08-2024,09:48:00,12:56:00,03-08-2024 12:49,Amid Inflation,Coronavirus Pandemic Late,Senator,D,Senator Cory Booker (NJ),Analyze Senator
250,413.0,X,medium,421.0,X,high,448.0,X,low,415.0,X,low,211.0,X,medium,176.0,X,high,335.0,,,,,18-12-2024,12:52:00,16:40:00,18-12-2024 16:36,Amid Inflation,Beating Forecasts Covid,Chairman,R,Senator Chuck Grassley (IA),Kavanaugh Dissents President
251,436.0,Z,low,292.0,Y,high,273.0,Z,low,244.0,Z,low,9.0,Z,high,436.0,Z,medium,397.0,,,,,19-07-2024,10:51:00,13:33:00,19-07-2024 13:24,New Covid Lockdowns,Warming Caused Humans,Senator,D,Senator Dianne Feinstein (CA),Guns Roe Wade
252,231.0,X,high,275.0,Y,low,367.0,X,,372.0,Z,medium,311.0,X,medium,220.0,X,high,,,,,,15-05-2024,07:39:00,10:35:00,15-05-2024 10:30,Amid Inflation,Coronavirus Pandemic Late,Chairman,R,Senator Chuck Grassley (IA),Chairman Grassley Appreciate
253,163.0,Y,high,9.0,Z,low,364.0,Z,,295.0,Z,medium,149.0,X,medium,,Y,medium,491.0,,,,,14-01-2024,06:14:00,09:13:00,14-01-2024 09:09,Amid Inflation,Beating Forecasts Covid,Senator,R,Senator Orrin Hatch (UT),Kavanaugh Dissents President
254,249.0,X,high,390.0,Z,medium,,Z,high,140.0,X,,485.0,Y,low,340.0,X,medium,44.0,,,,,19-07-2024,14:53:00,18:16:00,19-07-2024 18:12,Amid Inflation,Beating Forecasts Covid,Chairman,R,Senator Chuck Grassley (IA),Chairman Grassley Appreciate
255,395.0,X,low,340.0,X,high,261.0,X,high,447.0,X,high,497.0,X,medium,160.0,Z,medium,50.0,,,,,14-11-2024,10:50:00,14:04:00,14-11-2024 14:03,Amid Inflation,Beating Forecasts Covid,Senator,R,Senator Orrin Hatch (UT),Kavanaugh Dissents President
256,,Z,low,448.0,,medium,130.0,Y,high,233.0,,medium,335.0,X,high,413.0,Z,high,488.0,,,,,12-07-2024,06:46:00,08:41:00,12-07-2024 08:34,Amid Inflation,Beating Forecasts Covid,Chairman,R,Senator Chuck Grassley (IA),Chairman Grassley Appreciate
257,300.0,X,high,46.0,X,high,376.0,Z,high,228.0,Z,medium,315.0,X,medium,8.0,X,medium,,,,,,07-07-2024,07:10:00,08:45:00,07-07-2024 08:35,Amid Inflation,Coronavirus Pandemic Late,Senator,R,Senator Orrin Hatch (UT),Kozinski Phone Senator
258,217.0,Z,medium,73.0,Y,low,485.0,Y,medium,329.0,Z,high,152.0,,medium,236.0,X,low,157.0,,,,,09-05-2024,11:40:00,14:49:00,09-05-2024 14:39,Abortion Travel,Coronavirus Pandemic Late,Chairman,R,Senator Chuck Grassley (IA),Chairman Grassley Appreciate
259,348.0,Y,low,335.0,Z,medium,38.0,X,high,465.0,Z,medium,35.0,Y,low,298.0,,medium,60.0,,,,,11-12-2024,21:30:00,23:01:00,11-12-2024 22:57,Amid Inflation,Turned Movie Different,Senator,R,Senator Orrin Hatch (UT),Kavanaugh Dissents President
260,433.0,Y,medium,244.0,Z,high,37.0,X,high,435.0,Y,high,,,low,119.0,X,low,111.0,,,,,13-08-2024,21:01:00,22:02:00,13-08-2024 21:57,Scammers Cnn Epik,Actor Bob Odenkirk,Chairman,R,Senator Chuck Grassley (IA),Chairman Grassley Appreciate
261,333.0,Z,high,293.0,X,high,132.0,Y,high,196.0,X,high,231.0,,high,391.0,X,low,37.0,,,,,29-01-2024,20:13:00,23:38:00,29-01-2024 23:30,Bob Baffert Suspended,Said Alicia Keys,Senator,D,Senator Dianne Feinstein (CA),Chairman Senator Feinstein
262,201.0,,high,217.0,Y,low,58.0,X,high,115.0,Z,medium,158.0,X,,39.0,,high,179.0,,,,,03-08-2024,12:47:00,14:50:00,03-08-2024 14:45,Reunion Netflix Cnn,Said Alicia Keys,Chairman,R,Senator Chuck Grassley (IA),Chairman Grassley Appreciate
263,419.0,Y,low,320.0,Z,high,4.0,Z,high,162.0,Y,high,480.0,X,medium,325.0,Y,medium,147.0,,,,,26-05-2024,06:15:00,07:32:00,26-05-2024 07:26,Reunion Netflix Cnn,Turned Movie Different,Senator,D,Senator Patrick Leahy (VT),Kavanaugh Dissents President
264,471.0,Y,,329.0,,low,489.0,Z,medium,131.0,Y,high,146.0,X,medium,316.0,Y,low,79.0,,,,,11-03-2024,21:38:00,21:53:00,11-03-2024 21:50,Voice Cnn Masai,Niger State Television,Chairman,R,Senator Chuck Grassley (IA),Executive Privilege Limit
265,398.0,Y,,94.0,Z,low,291.0,X,high,147.0,X,high,107.0,Z,high,393.0,X,high,359.0,,,,,25-11-2024,14:14:00,16:46:00,25-11-2024 16:43,Voice Cnn Masai,Turned Movie Different,Senator,D,Senator Cory Booker (NJ),Chairman Ask Question
266,438.0,Z,medium,380.0,Y,high,388.0,X,medium,215.0,Y,,,Y,,103.0,X,high,17.0,,,,,06-02-2024,08:22:00,09:21:00,06-02-2024 09:20,Reunion Netflix Cnn,Lomachenko,Chairman,R,Senator Chuck Grassley (IA),Chairman Grassley Appreciate
267,132.0,Y,high,246.0,X,high,283.0,X,medium,10.0,Z,medium,417.0,,medium,77.0,Y,low,237.0,,,,,12-07-2024,06:57:00,10:07:00,12-07-2024 10:06,Reunion Netflix Cnn,Turned Movie Different,Senator,D,Senator Cory Booker (NJ),Executive Privilege Limit
268,210.0,X,high,287.0,X,low,,Y,,266.0,Z,low,188.0,X,low,290.0,Z,low,152.0,,,,,23-05-2024,09:12:00,12:12:00,23-05-2024 12:11,Reunion Netflix Cnn,Turned Movie Different,Chairman,R,Senator Chuck Grassley (IA),Chairman Grassley Appreciate
269,124.0,Z,medium,308.0,Z,high,343.0,Z,low,424.0,,medium,,X,low,485.0,Y,high,325.0,,,,,02-01-2024,09:54:00,12:01:00,02-01-2024 12:00,Reunion Netflix Cnn,Turned Movie Different,Senator,D,Senator Cory Booker (NJ),Analyze Senator
270,182.0,Y,medium,372.0,Y,high,80.0,X,high,215.0,X,,,,medium,392.0,Y,low,168.0,,,,,27-04-2024,20:32:00,23:21:00,27-04-2024 23:17,Reunion Netflix Cnn,Turned Movie Different,Chairman,R,Senator Chuck Grassley (IA),Chairman Grassley Appreciate
271,366.0,Z,medium,150.0,Z,low,75.0,Z,low,39.0,Z,medium,260.0,Z,high,105.0,X,high,236.0,,,,,19-02-2024,16:31:00,18:33:00,19-02-2024 18:23,Reunion Netflix Cnn,Turned Movie Different,Senator,D,Senator Cory Booker (NJ),Analyze Senator
272,338.0,Y,medium,3.0,Y,low,244.0,Z,medium,194.0,X,low,434.0,Y,low,203.0,Z,medium,405.0,,,,,04-07-2024,11:08:00,13:49:00,04-07-2024 13:45,Reunion Netflix Cnn,Turned Movie Different,Chairman,R,Senator Chuck Grassley (IA),Chairman Grassley Appreciate
273,1.0,X,low,90.0,Y,low,185.0,X,low,167.0,Y,medium,193.0,Z,medium,133.0,Z,medium,72.0,,,,,05-11-2024,07:18:00,09:51:00,05-11-2024 09:46,Reunion Netflix Cnn,Turned Movie Different,Senator,R,Senator John Cornyn (TX),Kavanaugh Dissents President
274,377.0,Z,high,482.0,Z,high,420.0,X,high,297.0,Y,medium,9.0,X,low,389.0,Z,medium,217.0,,,,,19-03-2024,14:48:00,17:52:00,19-03-2024 17:49,Basketball Legend Says,Hold Fastest Marathon,Chairman,R,Senator Chuck Grassley (IA),Chairman Grassley Appreciate
275,96.0,,medium,111.0,Z,medium,153.0,Z,,125.0,Y,low,187.0,Y,low,256.0,Z,low,281.0,,,,,16-03-2024,08:55:00,11:56:00,16-03-2024 11:50,Reunion Netflix Cnn,Turned Movie Different,Senator,R,Senator John Cornyn (TX),Kavanaugh Dissents President
276,92.0,X,low,124.0,X,medium,164.0,Y,low,150.0,Z,medium,1.0,Z,,218.0,Z,high,368.0,,,,,30-12-2024,13:40:00,15:59:00,30-12-2024 15:49,Reunion Netflix Cnn,Said Alicia Keys,Chairman,R,Senator Chuck Grassley (IA),Chairman Grassley Appreciate
277,271.0,Z,medium,429.0,Z,medium,264.0,Y,low,372.0,Z,high,211.0,X,high,2.0,X,medium,268.0,,,,,07-05-2024,09:16:00,12:09:00,07-05-2024 12:07,Reunion Netflix Cnn,Turned Movie Different,Senator,R,Senator John Cornyn (TX),Kavanaugh Dissents President
278,120.0,X,medium,117.0,X,medium,96.0,X,medium,87.0,Y,low,237.0,Y,medium,316.0,X,,,,,,,29-04-2024,13:22:00,13:42:00,29-04-2024 13:40,Reunion Netflix Cnn,Turned Movie Different,Chairman,R,Senator Chuck Grassley (IA),Chairman Grassley Appreciate
279,481.0,Z,high,232.0,Z,medium,429.0,Y,high,466.0,,medium,365.0,X,medium,221.0,X,high,397.0,,,,,26-03-2024,17:25:00,19:25:00,26-03-2024 19:23,Reunion Netflix Cnn,Turned Movie Different,Senator,D,Senator Dick Durbin (IL),Kavanaugh Dissents President
280,73.0,Y,high,185.0,X,low,5.0,,low,148.0,Z,,34.0,Z,low,19.0,,low,394.0,,,,,14-08-2024,21:06:00,23:50:00,14-08-2024 23:48,Reunion Netflix Cnn,Said Alicia Keys,Chairman,R,Senator Chuck Grassley (IA),Chairman Grassley Appreciate
281,75.0,Y,medium,,,medium,423.0,Z,high,,Z,medium,240.0,Z,medium,97.0,Y,medium,,,,,,09-09-2024,14:16:00,16:24:00,09-09-2024 16:23,Reunion Netflix Cnn,Turned Movie Different,Senator,R,Senator Mike Lee (UT),Kavanaugh Dissents President
282,380.0,X,high,297.0,X,low,311.0,Y,medium,41.0,Z,medium,88.0,Y,high,363.0,X,medium,459.0,,,,,29-05-2024,16:04:00,17:21:00,29-05-2024 17:17,Reunion Netflix Cnn,Turned Movie Different,Chairman,R,Senator Chuck Grassley (IA),Chairman Grassley Appreciate
283,143.0,X,low,257.0,Z,high,443.0,Y,medium,159.0,Y,high,233.0,Y,medium,374.0,Z,low,11.0,,,,,12-06-2024,07:12:00,08:16:00,12-06-2024 08:11,Reunion Netflix Cnn,Turned Movie Different,Senator,D,Senator Sheldon Whitehouse (RI),Kavanaugh Dissents President
284,357.0,Z,high,250.0,Z,low,146.0,X,medium,188.0,Y,high,492.0,Z,high,246.0,Y,low,249.0,,,,,24-01-2024,20:28:00,22:08:00,24-01-2024 22:04,Reunion Netflix Cnn,Turned Movie Different,Chairman,R,Senator Chuck Grassley (IA),Chairman Grassley Appreciate
285,340.0,Y,medium,417.0,,low,450.0,Z,low,227.0,X,high,370.0,Y,low,378.0,Y,low,401.0,,,,,10-12-2024,06:12:00,07:11:00,10-12-2024 07:08,Assassination Question,Said Alicia Keys,Senator,D,Senator Sheldon Whitehouse (RI),Executive Privilege Limit
286,94.0,,medium,290.0,Y,medium,,Z,medium,45.0,Y,low,422.0,Z,medium,369.0,Z,high,51.0,,,,,11-11-2024,09:58:00,12:10:00,11-11-2024 12:02,Assassination Question,Turned Movie Different,Chairman,R,Senator Chuck Grassley (IA),Chairman Grassley Appreciate
287,289.0,Y,,254.0,Z,medium,228.0,Z,low,123.0,Y,low,19.0,X,medium,307.0,Y,medium,409.0,,,,,03-03-2024,17:03:00,18:04:00,03-03-2024 17:57,Bob Baffert Suspended,Niger State Television,Senator,D,Senator Sheldon Whitehouse (RI),Chairman Ask Question
288,268.0,Z,low,443.0,X,medium,141.0,Z,medium,438.0,X,medium,382.0,Z,high,104.0,X,high,19.0,,,,,21-05-2024,15:04:00,16:26:00,21-05-2024 16:22,Voice Cnn Masai,Turned Movie Different,Senator,R,Senator Ted Cruz (TX),Kavanaugh Dissents President
289,47.0,X,high,46.0,Y,high,98.0,Z,low,461.0,,medium,432.0,Z,low,210.0,Z,low,,,,,,30-06-2024,13:05:00,13:55:00,30-06-2024 13:51,Reunion Netflix Cnn,Turned Movie Different,Chairman,R,Senator Chuck Grassley (IA),Kavanaugh Dissents President
290,382.0,Z,,416.0,Z,,75.0,Z,low,220.0,Y,low,335.0,Z,low,,Z,low,93.0,,,,,08-05-2024,18:00:00,21:25:00,08-05-2024 21:18,Voice Cnn Masai,Point Tally Nba,Senator,D,Senator Amy Klobuchar (MN),Klobuchar Mr Chairman
291,428.0,Z,high,98.0,Y,medium,291.0,Z,medium,59.0,,medium,391.0,,high,155.0,X,low,333.0,,,,,22-07-2024,09:51:00,11:30:00,22-07-2024 11:26,Voice Cnn Masai,Turned Movie Different,Chairman,R,Senator Chuck Grassley (IA),Chairman Grassley Appreciate
292,473.0,Y,low,165.0,X,high,480.0,Y,,137.0,X,low,23.0,,low,330.0,Y,low,414.0,,,,,09-01-2024,06:29:00,08:10:00,09-01-2024 08:08,Smitten Aussie Tennis,Actor Bob Odenkirk,Senator,D,Senator Amy Klobuchar (MN),Klobuchar Mr Chairman
293,43.0,X,low,6.0,Y,medium,282.0,X,low,475.0,X,low,369.0,Y,medium,413.0,Y,medium,407.0,,,,,09-09-2024,11:14:00,14:51:00,09-09-2024 14:42,Voice Cnn Masai,Turned Movie Different,Chairman,R,Senator Chuck Grassley (IA),Chairman Grassley Appreciate
294,89.0,Z,high,285.0,Y,low,482.0,X,high,459.0,Y,medium,417.0,Y,low,266.0,X,low,287.0,,,,,22-07-2024,12:32:00,15:53:00,22-07-2024 15:45,Mbappe Neymar Prove,Lomachenko,Senator,D,Senator Amy Klobuchar (MN),Executive Privilege Limit
295,412.0,Z,high,415.0,Z,low,377.0,Z,low,406.0,Z,,115.0,Z,medium,253.0,X,medium,454.0,,,,,02-02-2024,11:32:00,11:48:00,02-02-2024 11:45,Mbappe Neymar Prove,Lomachenko,Chairman,R,Senator Chuck Grassley (IA),Executive Privilege Limit
296,152.0,,low,190.0,Z,low,342.0,Z,low,431.0,X,low,235.0,Y,low,93.0,Z,high,70.0,,,,,16-12-2024,18:00:00,19:18:00,16-12-2024 19:17,Making Racism,Lomachenko,Senator,D,Senator Amy Klobuchar (MN),Klobuchar Mr Chairman
297,312.0,Y,low,331.0,Y,low,362.0,Y,high,355.0,Z,medium,211.0,X,low,248.0,Y,low,,,,,,23-01-2024,18:18:00,21:40:00,23-01-2024 21:35,Mbappe Neymar Prove,Lomachenko,Chairman,R,Senator Chuck Grassley (IA),Chairman Grassley Appreciate
298,174.0,Z,medium,196.0,Z,high,464.0,Z,low,311.0,Z,high,49.0,Z,medium,20.0,Y,,66.0,,,,,10-12-2024,17:00:00,19:03:00,10-12-2024 18:54,Mbappe Neymar Prove,Lomachenko,Senator,D,Senator Amy Klobuchar (MN),Kavanaugh Dissents President
299,108.0,X,low,379.0,X,medium,429.0,X,high,386.0,X,high,64.0,Y,low,56.0,Z,high,359.0,,,,,03-01-2024,09:25:00,10:24:00,03-01-2024 10:14,Mbappe Neymar Prove,Lomachenko,Chairman,R,Senator Chuck Grassley (IA),Chairman Grassley Appreciate
300,312.0,X,medium,499.0,X,medium,80.0,Y,low,323.0,Y,low,150.0,Z,low,,Y,medium,445.0,,,,,14-03-2024,13:11:00,14:55:00,14-03-2024 14:46,Mbappe Neymar Prove,Lomachenko,Senator,R,Senator Ben Sasse (NE),Proud Judge Kavanaugh
301,102.0,Y,low,357.0,Y,medium,292.0,Y,,169.0,X,high,54.0,Y,medium,109.0,Z,low,465.0,,,,,29-10-2024,11:57:00,13:36:00,29-10-2024 13:32,Basketball Legend Says,Point Tally Nba,Senator,D,Senator Amy Klobuchar (MN),Klobuchar Mr Chairman
302,68.0,Y,low,170.0,Z,low,230.0,X,low,320.0,Y,medium,250.0,Y,medium,173.0,Y,high,260.0,,,,,03-09-2024,20:01:00,21:28:00,03-09-2024 21:19,Mbappe Neymar Prove,Lomachenko,Senator,R,Senator John Cornyn (TX),Analyze Senator
303,265.0,Y,low,412.0,Z,high,439.0,Z,high,147.0,Z,medium,27.0,,medium,,Z,,66.0,,,,,16-06-2024,11:41:00,13:53:00,16-06-2024 13:48,Mbappe Neymar Prove,Lomachenko,Senator,D,Senator Amy Klobuchar (MN),Klobuchar Mr Chairman
304,96.0,Y,low,18.0,Y,low,102.0,Y,low,,Y,high,,Z,high,236.0,X,,85.0,,,,,23-10-2024,15:53:00,18:18:00,23-10-2024 18:16,Mbappe Neymar Prove,Lomachenko,Senator,R,Senator Ben Sasse (NE),Chairman Ask Question
305,96.0,Z,low,493.0,X,medium,409.0,X,low,190.0,Y,medium,314.0,Z,high,349.0,Z,low,313.0,,,,,04-02-2024,07:06:00,08:41:00,04-02-2024 08:37,New Covid Lockdowns,Lomachenko,Senator,D,Senator Amy Klobuchar (MN),Klobuchar Mr Chairman
306,390.0,Y,medium,419.0,Z,high,239.0,Z,high,243.0,X,high,126.0,Y,high,223.0,X,high,448.0,,,,,15-07-2024,08:31:00,10:27:00,15-07-2024 10:19,Basketball Legend Says,Qualifying Winter Olympics,Senator,R,Senator Ben Sasse (NE),Chairman Ask Question
307,264.0,Y,low,326.0,Y,high,466.0,Y,medium,90.0,Y,,189.0,Y,medium,422.0,Z,low,493.0,,,,,14-06-2024,13:24:00,15:16:00,14-06-2024 15:09,Bob Baffert Suspended,Hold Fastest Marathon,Senator,D,Senator Amy Klobuchar (MN),Klobuchar Mr Chairman
308,271.0,Z,low,310.0,X,medium,,Y,,478.0,Y,low,167.0,X,high,241.0,Y,medium,360.0,,,,,07-09-2024,11:18:00,13:19:00,07-09-2024 13:10,Voice Cnn Masai,Hold Fastest Marathon,Senator,R,Senator Ben Sasse (NE),Kavanaugh Dissents President
309,71.0,X,low,126.0,Y,high,172.0,Y,low,,Z,high,,X,high,496.0,Y,medium,440.0,,,,,07-09-2024,14:20:00,16:00:00,07-09-2024 15:58,Voice Cnn Masai,Said Alicia Keys,Chairman,R,Senator Chuck Grassley (IA),Chairman Ask Question
310,80.0,Z,high,215.0,Z,low,422.0,Y,,53.0,Z,low,231.0,Z,medium,499.0,Z,medium,,,,,,06-02-2024,06:10:00,09:16:00,06-02-2024 09:06,Golf Black Professional,Hold Fastest Marathon,Senator,D,Senator Chris Coons (DE),Kavanaugh Dissents President
311,195.0,Z,low,50.0,X,,93.0,Y,medium,237.0,X,high,66.0,Y,,213.0,Y,low,98.0,,,,,07-07-2024,07:15:00,10:35:00,07-07-2024 10:27,Golf Black Professional,Point Tally Nba,Chairman,R,Senator Chuck Grassley (IA),Executive Privilege Limit
312,,Y,high,169.0,Y,medium,2.0,Z,medium,227.0,Y,medium,0.0,Y,high,382.0,Z,low,232.0,,,,,21-04-2024,11:23:00,14:17:00,21-04-2024 14:08,Golf Black Professional,Point Tally Nba,Senator,R,Senator Jeff Flake (AZ),Kavanaugh Dissents President
313,225.0,Y,low,294.0,X,low,253.0,Z,,442.0,Y,high,221.0,Y,high,226.0,Z,high,49.0,,,,,21-10-2024,08:59:00,12:13:00,21-10-2024 12:05,Golf Black Professional,Niger State Television,Chairman,R,Senator Chuck Grassley (IA),Chairman Grassley Appreciate
314,67.0,Y,low,181.0,Z,low,,Y,low,377.0,Y,medium,282.0,X,medium,437.0,Z,medium,336.0,,,,,10-09-2024,20:57:00,21:13:00,10-09-2024 21:08,Golf Black Professional,Point Tally Nba,Senator,R,Senator Jeff Flake (AZ),Kavanaugh Dissents President
315,449.0,X,medium,385.0,X,high,62.0,,high,439.0,,medium,384.0,X,low,383.0,X,high,164.0,,,,,20-02-2024,18:21:00,22:01:00,20-02-2024 21:55,Smitten Aussie Tennis,Said Alicia Keys,Chairman,R,Senator Chuck Grassley (IA),Chairman Grassley Appreciate
316,181.0,Y,high,426.0,Z,high,497.0,X,high,233.0,Z,medium,,X,medium,169.0,Z,medium,169.0,,,,,22-06-2024,11:23:00,12:39:00,22-06-2024 12:32,Winter Olympics Don,Qualifying Winter Olympics,Senator,R,Senator Jeff Flake (AZ),Kavanaugh Dissents President
317,408.0,Z,low,280.0,Z,low,19.0,Z,low,77.0,X,low,41.0,Z,low,160.0,Y,low,1.0,,,,,18-07-2024,18:07:00,22:03:00,18-07-2024 21:53,Bob Baffert Suspended,Qualifying Winter Olympics,Chairman,R,Senator Chuck Grassley (IA),Chairman Grassley Appreciate
318,200.0,,low,170.0,Z,low,294.0,X,high,360.0,X,high,298.0,,low,440.0,X,medium,499.0,,,,,15-09-2024,16:19:00,19:20:00,15-09-2024 19:10,Smitten Aussie Tennis,Qualifying Winter Olympics,Senator,D,Senator Richard Blumenthal (D-CT),Analyze Senator
319,236.0,X,high,151.0,Y,,130.0,Z,low,109.0,X,medium,451.0,X,,,Z,high,213.0,,,,,12-12-2024,17:50:00,19:10:00,12-12-2024 19:00,Winter Olympics Don,Qualifying Winter Olympics,Chairman,R,Senator Chuck Grassley (IA),Chairman Grassley Appreciate
320,56.0,Y,low,273.0,Z,low,148.0,Y,low,318.0,Z,medium,119.0,Y,low,347.0,Z,low,392.0,,,,,12-06-2024,13:05:00,15:58:00,12-06-2024 15:54,Winter Olympics Don,Qualifying Winter Olympics,Senator,D,Senator Richard Blumenthal (D-CT),Senator Blumenthal Chair
321,338.0,X,low,359.0,X,low,105.0,Y,high,205.0,X,medium,42.0,X,,338.0,Z,medium,259.0,,,,,10-04-2024,15:13:00,15:36:00,10-04-2024 15:35,Winter Olympics Don,Qualifying Winter Olympics,Chairman,R,Senator Chuck Grassley (IA),Chairman Grassley Appreciate
322,29.0,Z,low,63.0,,high,194.0,X,low,174.0,X,high,201.0,Z,medium,82.0,Z,high,320.0,,,,,25-04-2024,16:28:00,17:01:00,25-04-2024 16:59,Winter Olympics Don,Qualifying Winter Olympics,Senator,D,Senator Richard Blumenthal (D-CT),Senator Blumenthal Chair
323,373.0,Y,high,223.0,X,high,333.0,Y,low,59.0,Y,medium,280.0,X,low,118.0,Y,high,233.0,,,,,06-06-2024,14:23:00,18:12:00,06-06-2024 18:02,Smitten Aussie Tennis,Qualifying Winter Olympics,Chairman,R,Senator Chuck Grassley (IA),Chairman Grassley Appreciate
324,440.0,,high,220.0,X,high,161.0,Z,medium,,Z,low,311.0,X,,450.0,Y,medium,343.0,,,,,28-08-2024,20:09:00,23:56:00,28-08-2024 23:54,Winter Olympics Don,Qualifying Winter Olympics,Senator,D,Senator Richard Blumenthal (D-CT),Senator Blumenthal Chair
325,180.0,Y,high,143.0,Y,low,360.0,X,low,344.0,Z,low,56.0,Z,,139.0,X,low,99.0,,,,,26-05-2024,16:51:00,19:51:00,26-05-2024 19:42,Smitten Aussie Tennis,Qualifying Winter Olympics,Chairman,R,Senator Chuck Grassley (IA),Chairman Grassley Appreciate
326,443.0,Y,medium,118.0,Y,high,223.0,Z,low,170.0,Z,high,328.0,Z,low,434.0,Y,medium,498.0,,,,,09-03-2024,12:03:00,13:28:00,09-03-2024 13:22,Winter Olympics Don,Qualifying Winter Olympics,Senator,D,Senator Richard Blumenthal (D-CT),Senator Blumenthal Chair
327,349.0,Y,low,420.0,Z,low,392.0,X,low,368.0,Z,low,171.0,Z,medium,178.0,X,medium,213.0,,,,,16-06-2024,13:59:00,14:23:00,16-06-2024 14:18,Winter Olympics Don,Qualifying Winter Olympics,Chairman,R,Senator Chuck Grassley (IA),Chairman Grassley Appreciate
328,1.0,Y,low,216.0,X,high,222.0,Y,low,493.0,Z,high,15.0,Y,low,423.0,Z,high,5.0,,,,,22-01-2024,17:41:00,18:14:00,22-01-2024 18:05,Winter Olympics Don,Qualifying Winter Olympics,Senator,D,Senator Richard Blumenthal (D-CT),Kavanaugh Dissents President
329,101.0,Z,high,288.0,Y,medium,182.0,Y,high,360.0,Z,medium,461.0,Y,medium,288.0,Z,low,,,,,,10-03-2024,07:44:00,08:23:00,10-03-2024 08:17,Winter Olympics Don,Qualifying Winter Olympics,Senator,R,Senator John Cornyn (TX),Chairman Ask Question
330,320.0,Z,high,19.0,Z,low,253.0,Z,high,474.0,X,low,267.0,X,high,49.0,Z,medium,11.0,,,,,30-04-2024,14:11:00,14:35:00,30-04-2024 14:27,Winter Olympics Don,Qualifying Winter Olympics,Senator,D,Senator Richard Blumenthal (D-CT),Senator Blumenthal Chair
331,350.0,X,low,141.0,X,high,343.0,X,high,235.0,Y,high,152.0,X,high,135.0,Y,low,236.0,,,,,22-08-2024,18:36:00,22:14:00,22-08-2024 22:05,Smitten Aussie Tennis,Qualifying Winter Olympics,Senator,R,Senator John Cornyn (TX),Chairman Ask Question
332,46.0,X,high,111.0,Z,medium,,,medium,188.0,Y,high,408.0,,low,,Z,high,392.0,,,,,20-12-2024,18:29:00,18:58:00,20-12-2024 18:52,Smitten Aussie Tennis,Qualifying Winter Olympics,Chairman,R,Senator Chuck Grassley (IA),Chairman Grassley Appreciate
333,342.0,Z,high,164.0,Y,low,453.0,Z,medium,421.0,Y,high,398.0,Z,medium,104.0,X,high,185.0,,,,,09-05-2024,21:54:00,01:47:00,10-05-2024 01:40,Winter Olympics Don,Qualifying Winter Olympics,Senator,R,Senator John Cornyn (TX),Chairman Ask Question
334,405.0,Y,high,420.0,Y,high,258.0,X,low,331.0,Z,medium,103.0,Z,medium,113.0,Y,high,104.0,,,,,25-07-2024,16:28:00,17:30:00,25-07-2024 17:28,Winter Olympics Don,Qualifying Winter Olympics,Senator,D,Senator Richard Blumenthal (D-CT),Senator Blumenthal Chair
335,45.0,X,high,,X,high,148.0,Y,high,302.0,Z,high,480.0,Z,medium,74.0,Z,low,120.0,,,,,17-11-2024,20:41:00,00:22:00,18-11-2024 00:17,Winter Olympics Don,Qualifying Winter Olympics,Senator,R,Senator John Cornyn (TX),Chairman Ask Question
336,439.0,Y,medium,451.0,X,medium,,,high,320.0,Y,low,265.0,Z,low,,Z,high,342.0,,,,,07-12-2024,07:05:00,10:08:00,07-12-2024 10:03,Winter Olympics Don,Qualifying Winter Olympics,Chairman,R,Senator Chuck Grassley (IA),Chairman Grassley Appreciate
337,266.0,X,low,211.0,Z,medium,196.0,X,medium,496.0,,low,131.0,Y,high,404.0,Z,medium,286.0,,,,,11-12-2024,13:39:00,14:45:00,11-12-2024 14:41,Smitten Aussie Tennis,Qualifying Winter Olympics,Senator,D,Senator Richard Blumenthal (D-CT),Senator Blumenthal Chair
338,308.0,X,,385.0,Z,,27.0,Y,low,343.0,Y,medium,223.0,Z,low,468.0,Y,medium,,,,,,10-04-2024,20:57:00,22:32:00,10-04-2024 22:22,Winter Olympics Don,Qualifying Winter Olympics,Chairman,R,Senator Chuck Grassley (IA),Analyze Senator
339,25.0,X,low,80.0,,medium,17.0,Y,high,407.0,X,high,93.0,Z,low,442.0,X,low,257.0,,,,,14-04-2024,14:43:00,18:17:00,14-04-2024 18:10,Winter Olympics Don,Qualifying Winter Olympics,Senator,D,Senator Richard Blumenthal (D-CT),Senator Blumenthal Chair
340,306.0,X,,407.0,Y,,185.0,X,low,17.0,Y,medium,424.0,X,high,441.0,Z,medium,159.0,,,,,14-06-2024,12:32:00,12:53:00,14-06-2024 12:48,Winter Olympics Don,Qualifying Winter Olympics,Chairman,R,Senator Chuck Grassley (IA),Chairman Grassley Appreciate
341,227.0,X,high,305.0,Y,medium,145.0,Z,low,361.0,X,medium,134.0,Z,medium,452.0,Y,high,467.0,,,,,20-03-2024,17:09:00,18:19:00,20-03-2024 18:09,Climate Action Opinion,Warming Caused Humans,Senator,D,Senator Richard Blumenthal (D-CT),Senator Blumenthal Chair
342,185.0,Z,low,19.0,Y,high,442.0,Z,high,158.0,X,high,219.0,,low,283.0,Y,low,115.0,,,,,21-03-2024,14:08:00,17:43:00,21-03-2024 17:37,Smitten Aussie Tennis,Qualifying Winter Olympics,Senator,R,Senator John Cornyn (TX),Chairman Ask Question
343,390.0,Y,high,344.0,Z,low,365.0,X,high,61.0,X,low,34.0,X,high,410.0,X,medium,418.0,,,,,05-12-2024,09:41:00,12:06:00,05-12-2024 12:02,Winter Olympics Don,Qualifying Winter Olympics,Senator,D,Senator Richard Blumenthal (D-CT),Kavanaugh Dissents President
344,,Y,high,239.0,Y,low,395.0,Y,medium,138.0,Y,medium,471.0,Y,low,317.0,Z,low,388.0,,,,,07-10-2024,14:28:00,17:08:00,07-10-2024 17:03,Winter Olympics Don,Qualifying Winter Olympics,Chairman,R,Senator Chuck Grassley (IA),Executive Privilege Limit
345,29.0,Z,medium,,X,low,272.0,Z,low,416.0,X,medium,,X,high,68.0,,low,3.0,,,,,29-06-2024,10:26:00,12:38:00,29-06-2024 12:34,Winter Olympics Don,Qualifying Winter Olympics,Senator,R,Senator John Neely Kennedy (LA),Chairman Ask Question
346,249.0,Z,low,423.0,X,low,55.0,X,medium,408.0,X,medium,326.0,,high,12.0,Z,medium,85.0,,,,,10-04-2024,07:48:00,10:36:00,10-04-2024 10:27,Winter Olympics Don,Qualifying Winter Olympics,Chairman,R,Senator Chuck Grassley (IA),Chairman Grassley Appreciate
347,371.0,Z,low,268.0,Z,high,425.0,X,high,152.0,X,low,176.0,Y,medium,48.0,Z,medium,276.0,,,,,28-03-2024,09:41:00,10:11:00,28-03-2024 10:06,Winter Olympics Don,Qualifying Winter Olympics,Senator,R,Senator John Neely Kennedy (LA),Kavanaugh Dissents President
348,66.0,X,high,303.0,Z,medium,247.0,Y,high,96.0,Y,high,280.0,Z,medium,172.0,X,low,79.0,,,,,13-01-2024,13:31:00,16:06:00,13-01-2024 15:59,Winter Olympics Don,Qualifying Winter Olympics,Chairman,R,Senator Chuck Grassley (IA),Chairman Grassley Appreciate
349,492.0,Z,low,,X,low,214.0,Z,low,,Y,high,280.0,Y,medium,249.0,Y,low,426.0,,,,,17-05-2024,08:53:00,12:35:00,17-05-2024 12:28,Winter Olympics Don,Qualifying Winter Olympics,Senator,D,Senator Mazie Hirono (HI),Executive Privilege Limit
350,336.0,Z,high,,X,medium,302.0,Z,medium,165.0,Y,high,145.0,X,medium,319.0,Z,high,,,,,,13-09-2024,08:15:00,09:37:00,13-09-2024 09:32,Winter Olympics Don,Qualifying Winter Olympics,Chairman,R,Senator Chuck Grassley (IA),Chairman Grassley Appreciate
351,467.0,X,low,166.0,X,,81.0,Y,low,231.0,Y,high,216.0,Z,high,260.0,Y,low,418.0,,,,,09-06-2024,14:55:00,16:15:00,09-06-2024 16:08,Winter Olympics Don,Qualifying Winter Olympics,Senator,R,Senator Mike Crapo (ID),Kavanaugh Dissents President
352,235.0,Z,medium,350.0,Y,high,240.0,Z,high,392.0,X,medium,298.0,X,medium,183.0,Z,medium,,,,,,19-05-2024,10:58:00,12:21:00,19-05-2024 12:13,Smitten Aussie Tennis,Qualifying Winter Olympics,Chairman,R,Senator Chuck Grassley (IA),Chairman Grassley Appreciate
353,61.0,Z,medium,169.0,Y,low,302.0,Y,high,165.0,Z,low,108.0,Y,low,366.0,Y,high,12.0,,,,,20-12-2024,13:00:00,13:47:00,20-12-2024 13:43,Winter Olympics Don,Qualifying Winter Olympics,Senator,D,Senator Cory Booker (NJ),Analyze Senator
354,88.0,Z,low,444.0,X,high,348.0,Z,medium,86.0,X,low,65.0,X,low,430.0,X,high,320.0,,,,,19-03-2024,08:11:00,11:29:00,19-03-2024 11:19,Winter Olympics Don,Said Alicia Keys,Chairman,R,Senator Chuck Grassley (IA),Analyze Senator
355,250.0,Y,high,158.0,X,medium,250.0,Y,low,54.0,X,medium,89.0,X,medium,111.0,,high,401.0,,,,,04-12-2024,12:20:00,16:19:00,04-12-2024 16:10,Winter Olympics Don,Actor Bob Odenkirk,Senator,D,Senator Cory Booker (NJ),Analyze Senator
356,294.0,X,high,,X,high,,Z,medium,342.0,Z,high,208.0,X,medium,130.0,X,low,495.0,,,,,30-05-2024,14:43:00,16:09:00,30-05-2024 16:01,Smitten Aussie Tennis,Said Alicia Keys,Chairman,R,Senator Chuck Grassley (IA),Executive Privilege Limit
357,367.0,Z,low,222.0,Y,medium,495.0,Y,low,,Y,medium,106.0,Y,medium,465.0,Y,high,393.0,,,,,12-05-2024,10:46:00,12:23:00,12-05-2024 12:16,Smitten Aussie Tennis,Said Alicia Keys,Senator,D,Senator Cory Booker (NJ),Analyze Senator
358,397.0,Y,high,9.0,X,high,48.0,,,,Y,high,142.0,Z,medium,,Z,high,373.0,,,,,13-06-2024,12:20:00,16:00:00,13-06-2024 15:57,Bob Baffert Suspended,Point Tally Nba,Chairman,R,Senator Chuck Grassley (IA),Chairman Grassley Appreciate
359,381.0,Z,high,405.0,Y,high,41.0,,high,401.0,Y,low,342.0,Z,medium,154.0,X,low,28.0,,,,,19-08-2024,06:27:00,09:26:00,19-08-2024 09:25,Bob Baffert Suspended,Pennsylvania Investigation Abuse,Senator,D,Senator Cory Booker (NJ),Executive Privilege Limit
360,294.0,,high,67.0,X,,257.0,Z,low,46.0,Y,low,335.0,Z,low,254.0,X,high,301.0,,,,,08-03-2024,16:31:00,16:51:00,08-03-2024 16:44,Scammers Cnn Epik,Niger State Television,Chairman,R,Senator Chuck Grassley (IA),Executive Privilege Limit
361,9.0,X,medium,234.0,Z,low,413.0,,high,326.0,Z,medium,471.0,X,low,288.0,Y,low,356.0,,,,,17-06-2024,06:17:00,07:18:00,17-06-2024 07:14,Reunion Netflix Cnn,Actor Bob Odenkirk,Senator,D,Senator Cory Booker (NJ),Analyze Senator
362,264.0,Z,medium,453.0,Z,high,256.0,Z,,5.0,Z,medium,381.0,X,low,317.0,X,medium,197.0,,,,,16-10-2024,21:13:00,22:53:00,16-10-2024 22:44,Reunion Netflix Cnn,Actor Bob Odenkirk,Chairman,R,Senator Chuck Grassley (IA),Chairman Grassley Appreciate
363,409.0,Y,medium,496.0,Y,low,108.0,X,high,471.0,X,high,212.0,Y,high,432.0,Y,high,499.0,,,,,14-02-2024,16:15:00,18:05:00,14-02-2024 18:02,Bob Baffert Suspended,Point Tally Nba,Senator,D,Senator Cory Booker (NJ),Analyze Senator
364,423.0,,,115.0,Z,high,281.0,Z,low,356.0,Y,medium,464.0,Z,medium,52.0,Y,medium,493.0,,,,,01-08-2024,09:27:00,12:33:00,01-08-2024 12:28,Climate Action Opinion,Actor Bob Odenkirk,Chairman,R,Senator Chuck Grassley (IA),Chairman Grassley Appreciate
365,417.0,Z,,188.0,Y,medium,471.0,X,low,410.0,Z,high,460.0,X,high,261.0,X,low,428.0,,,,,15-04-2024,16:43:00,19:38:00,15-04-2024 19:29,Bob Baffert Suspended,Lomachenko,Senator,D,Senator Cory Booker (NJ),Analyze Senator
366,5.0,Y,low,282.0,X,low,83.0,Z,medium,333.0,Y,low,111.0,Z,low,108.0,X,low,439.0,,,,,14-07-2024,09:35:00,12:43:00,14-07-2024 12:36,Bob Baffert Suspended,Lomachenko,Chairman,R,Senator Chuck Grassley (IA),Chairman Grassley Appreciate
367,217.0,X,,349.0,X,low,222.0,Y,low,201.0,Y,low,85.0,Z,low,376.0,X,high,284.0,,,,,13-04-2024,16:04:00,17:19:00,13-04-2024 17:13,Bob Baffert Suspended,Lomachenko,Senator,D,Senator Cory Booker (NJ),Analyze Senator
368,,Z,high,125.0,X,high,319.0,Y,high,497.0,Y,,442.0,X,low,298.0,Y,low,410.0,,,,,16-07-2024,09:44:00,10:03:00,16-07-2024 09:54,Bob Baffert Suspended,Lomachenko,Chairman,R,Senator Chuck Grassley (IA),Chairman Grassley Appreciate
369,,Z,medium,274.0,Z,medium,196.0,Z,medium,393.0,Y,,445.0,X,medium,374.0,X,medium,35.0,,,,,17-06-2024,07:00:00,09:14:00,17-06-2024 09:05,Bob Baffert Suspended,Lomachenko,Senator,D,Senator Cory Booker (NJ),Analyze Senator
370,204.0,Y,medium,417.0,,low,22.0,Y,,44.0,,,422.0,X,medium,452.0,Z,high,115.0,,,,,04-10-2024,07:42:00,09:03:00,04-10-2024 08:58,Bob Baffert Suspended,Lomachenko,Chairman,R,Senator Chuck Grassley (IA),Chairman Grassley Appreciate
371,48.0,Z,high,381.0,Y,high,334.0,X,low,288.0,Z,low,230.0,X,low,,X,high,331.0,,,,,14-08-2024,11:11:00,14:02:00,14-08-2024 14:00,Bob Baffert Suspended,Lomachenko,Senator,D,Senator Cory Booker (NJ),Analyze Senator
372,96.0,X,high,411.0,X,high,370.0,X,low,271.0,Y,medium,431.0,Z,medium,427.0,X,high,61.0,,,,,17-02-2024,20:27:00,22:16:00,17-02-2024 22:08,Bob Baffert Suspended,Lomachenko,Chairman,R,Senator Chuck Grassley (IA),Chairman Grassley Appreciate
373,2.0,,high,444.0,X,low,327.0,Z,high,143.0,Y,low,,Z,low,405.0,Y,,406.0,,,,,24-04-2024,14:25:00,16:46:00,24-04-2024 16:40,Bob Baffert Suspended,Hold Fastest Marathon,Senator,D,Senator Cory Booker (NJ),Analyze Senator
374,489.0,X,low,430.0,Y,low,,Y,medium,,X,high,370.0,Z,medium,312.0,Y,low,88.0,,,,,10-09-2024,11:10:00,12:24:00,10-09-2024 12:23,Golf Black Professional,Lomachenko,Chairman,R,Senator Chuck Grassley (IA),Chairman Grassley Appreciate
375,429.0,Y,low,255.0,X,high,328.0,Z,low,,,low,301.0,X,medium,196.0,Z,high,174.0,,,,,09-05-2024,12:25:00,15:29:00,09-05-2024 15:23,Bob Baffert Suspended,Lomachenko,Senator,D,Senator Cory Booker (NJ),Analyze Senator
376,201.0,Y,low,487.0,X,medium,165.0,X,high,43.0,Z,high,133.0,Z,low,168.0,X,medium,129.0,,,,,30-12-2024,09:06:00,10:32:00,30-12-2024 10:25,Voice Cnn Masai,Actor Bob Odenkirk,Chairman,R,Senator Chuck Grassley (IA),Chairman Grassley Appreciate
377,2.0,Y,low,247.0,X,low,8.0,X,low,464.0,Z,,,Z,low,181.0,Z,,270.0,,,,,27-08-2024,11:25:00,12:33:00,27-08-2024 12:23,Bob Baffert Suspended,Lomachenko,Senator,R,Senator Thom Tillis (NC),Analyze Senator
378,167.0,X,medium,354.0,Y,medium,494.0,Z,high,350.0,Y,medium,438.0,Z,high,303.0,Z,high,40.0,,,,,14-08-2024,21:12:00,22:25:00,14-08-2024 22:18,Bob Baffert Suspended,Said Alicia Keys,Chairman,R,Senator Chuck Grassley (IA),Chairman Grassley Appreciate
379,217.0,Z,high,471.0,X,high,102.0,X,medium,56.0,Y,medium,442.0,Y,high,401.0,Y,high,406.0,,,,,23-09-2024,21:32:00,22:00:00,23-09-2024 21:50,Bob Baffert Suspended,Hold Fastest Marathon,Senator,D,Senator Kamala Harris (CA),Senator Graham Citizens
380,84.0,Y,medium,21.0,Z,medium,,Z,medium,152.0,X,low,299.0,X,high,,,medium,444.0,,,,,16-12-2024,11:11:00,13:05:00,16-12-2024 12:57,Reunion Netflix Cnn,Said Alicia Keys,Chairman,R,Senator Chuck Grassley (IA),Chairman Grassley Appreciate
381,330.0,Y,high,466.0,Y,high,270.0,Y,low,419.0,X,medium,19.0,Z,,289.0,Y,low,373.0,,,,,19-09-2024,12:11:00,12:46:00,19-09-2024 12:38,Golf Black Professional,Hold Fastest Marathon,Senator,D,Senator Kamala Harris (CA),Analyze Senator
382,498.0,Z,medium,,X,,269.0,Y,low,351.0,Y,,370.0,X,medium,206.0,Z,low,92.0,,,,,08-04-2024,09:21:00,11:52:00,08-04-2024 11:43,Golf Black Professional,Hold Fastest Marathon,Chairman,R,Senator Chuck Grassley (IA),Chairman Grassley Appreciate
383,421.0,Y,high,498.0,X,high,10.0,X,,38.0,X,high,126.0,X,high,303.0,X,medium,145.0,,,,,19-06-2024,18:59:00,21:18:00,19-06-2024 21:17,Golf Black Professional,Hold Fastest Marathon,Senator,R,Senator Lindsey Graham (SC),Senator Graham Citizens
384,428.0,Z,low,386.0,Z,medium,495.0,X,medium,73.0,X,high,102.0,X,high,409.0,Z,low,113.0,,,,,12-02-2024,11:53:00,12:26:00,12-02-2024 12:19,Golf Black Professional,Hold Fastest Marathon,Chairman,R,Senator Chuck Grassley (IA),Chairman Grassley Appreciate
385,415.0,X,low,78.0,Y,high,264.0,Z,medium,464.0,,low,39.0,X,high,205.0,X,low,301.0,,,,,22-11-2024,13:39:00,17:17:00,22-11-2024 17:13,Golf Black Professional,Actor Bob Odenkirk,Senator,R,Senator Lindsey Graham (SC),Senator Graham Citizens
386,34.0,Z,high,150.0,Z,medium,415.0,Y,medium,78.0,Y,medium,78.0,Y,medium,198.0,Z,high,444.0,,,,,02-02-2024,18:31:00,19:05:00,02-02-2024 19:02,Golf Black Professional,Point Tally Nba,Chairman,R,Senator Chuck Grassley (IA),Chairman Grassley Appreciate
387,275.0,Z,medium,1.0,Z,high,388.0,Y,medium,312.0,Z,low,245.0,X,medium,100.0,X,low,439.0,,,,,02-03-2024,19:19:00,22:44:00,02-03-2024 22:39,Golf Black Professional,Hold Fastest Marathon,Senator,R,Senator Lindsey Graham (SC),Senator Graham Citizens
388,282.0,Z,medium,303.0,Z,low,68.0,,low,497.0,Z,medium,138.0,Z,low,249.0,Y,high,,,,,,10-08-2024,08:35:00,09:31:00,10-08-2024 09:27,Smitten Aussie Tennis,Lomachenko,Chairman,R,Senator Chuck Grassley (IA),Chairman Grassley Appreciate
389,50.0,Z,high,218.0,,low,,Y,medium,83.0,X,,,Z,low,228.0,Y,medium,344.0,,,,,25-05-2024,09:34:00,12:27:00,25-05-2024 12:19,Golf Black Professional,Hold Fastest Marathon,Senator,R,Senator Lindsey Graham (SC),Kavanaugh Dissents President
390,73.0,Z,high,237.0,Z,,295.0,Z,high,22.0,Z,medium,255.0,X,medium,80.0,Y,high,110.0,,,,,02-05-2024,19:29:00,23:05:00,02-05-2024 22:58,Golf Black Professional,Hold Fastest Marathon,Chairman,R,Senator Chuck Grassley (IA),Chairman Grassley Appreciate
391,282.0,Y,,366.0,Z,low,92.0,Z,high,408.0,Y,high,263.0,Z,high,,,low,199.0,,,,,21-12-2024,06:51:00,08:04:00,21-12-2024 07:55,Bob Baffert Suspended,Actor Bob Odenkirk,Senator,R,Senator Lindsey Graham (SC),Senator Graham Citizens
392,357.0,Z,medium,410.0,,high,290.0,Y,medium,474.0,Z,high,208.0,X,medium,,X,medium,,,,,,06-04-2024,12:10:00,12:52:00,06-04-2024 12:47,Golf Black Professional,Hold Fastest Marathon,Senator,R,Senator John Cornyn (TX),Chairman Ask Question
393,104.0,Z,medium,36.0,X,low,308.0,X,medium,257.0,X,low,226.0,X,medium,145.0,Z,high,31.0,,,,,10-03-2024,12:17:00,15:10:00,10-03-2024 15:09,Golf Black Professional,Point Tally Nba,Senator,R,Senator Lindsey Graham (SC),Chairman Senator Feinstein
394,242.0,Y,medium,458.0,Y,high,326.0,Y,medium,116.0,Y,,443.0,,high,472.0,Y,medium,400.0,,,,,04-11-2024,11:52:00,13:18:00,04-11-2024 13:10,Smitten Aussie Tennis,Hold Fastest Marathon,Chairman,R,Senator Chuck Grassley (IA),Analyze Senator
395,37.0,Z,high,186.0,Z,medium,160.0,Z,high,29.0,Y,medium,141.0,X,medium,136.0,Y,high,289.0,,,,,28-06-2024,18:55:00,20:05:00,28-06-2024 19:55,Cnn Montana Nonprofit,Niger State Television,Hon.,R,"Hon. Condoleezza Rice, Ph.D.",Kavanaugh Dissents President
396,55.0,X,high,376.0,Z,medium,470.0,X,medium,455.0,Y,high,6.0,X,medium,209.0,Y,high,485.0,,,,,10-02-2024,10:15:00,11:01:00,10-02-2024 10:52,Making Racism,Turned Movie Different,Chairman,R,Senator Chuck Grassley (IA),Chairman Grassley Appreciate
397,290.0,Z,low,290.0,X,medium,118.0,Y,high,399.0,Y,low,400.0,X,high,65.0,Y,high,420.0,,,,,20-01-2024,14:54:00,17:57:00,20-01-2024 17:47,Reunion Netflix Cnn,Turned Movie Different,Senator,R,Senator Rob Portman (OH),Kavanaugh Dissents President
398,278.0,Z,medium,221.0,X,medium,246.0,X,low,448.0,,low,40.0,Y,low,306.0,Y,medium,324.0,,,,,19-02-2024,09:30:00,12:54:00,19-02-2024 12:52,Voice Cnn Masai,Said Alicia Keys,Chairman,R,Senator Chuck Grassley (IA),Kavanaugh Dissents President
399,375.0,X,medium,106.0,X,medium,419.0,Y,,394.0,,high,387.0,X,medium,240.0,Y,,21.0,,,,,23-07-2024,13:38:00,17:31:00,23-07-2024 17:27,Making Racism,International Women,,,Lisa S. Blatt,Kavanaugh Dissents President
400,455.0,X,medium,94.0,Z,medium,38.0,Z,medium,216.0,Y,low,162.0,X,high,133.0,,low,221.0,,,,,06-01-2024,12:11:00,12:45:00,06-01-2024 12:37,Assassination Question,International Women,Chairman,R,Senator Chuck Grassley (IA),Analyze Senator
401,94.0,,low,365.0,Y,high,201.0,Y,medium,241.0,Y,medium,420.0,X,medium,144.0,X,low,237.0,,,,,12-12-2024,20:44:00,21:59:00,12-12-2024 21:58,Abortion Travel,International Women,Nominee,R,Brett M. Kavanaugh,Proud Judge Kavanaugh
402,170.0,X,medium,160.0,Y,high,,Z,medium,191.0,Y,high,83.0,Z,low,467.0,Y,low,337.0,,,,,04-06-2024,10:46:00,11:52:00,04-06-2024 11:48,Making Racism,Beating Forecasts Covid,Chairman,R,Senator Chuck Grassley (IA),Analyze Senator
403,427.0,Z,high,114.0,X,medium,386.0,X,low,365.0,Y,,82.0,Z,high,343.0,X,low,283.0,,,,,25-01-2024,13:29:00,15:34:00,25-01-2024 15:31,Cnn Montana Nonprofit,Coronavirus Pandemic Late,Nominee,R,Brett M. Kavanaugh,Kavanaugh Dissents President
404,25.0,Y,low,2.0,X,medium,393.0,Z,medium,50.0,X,low,203.0,,medium,76.0,Y,high,390.0,,,,,26-04-2024,12:31:00,15:28:00,26-04-2024 15:18,Abortion Travel,International Women,Chairman,R,Senator Chuck Grassley (IA),Kavanaugh Dissents President
405,414.0,Y,medium,420.0,Z,low,,Z,medium,20.0,Z,high,209.0,X,high,67.0,Y,low,11.0,,,,,26-11-2024,19:13:00,20:53:00,26-11-2024 20:48,Abortion Travel,International Women,Nominee,R,Brett M. Kavanaugh,Kavanaugh Dissents President
406,472.0,,high,197.0,X,high,,Z,medium,480.0,X,low,358.0,X,low,35.0,Y,medium,56.0,,,,,13-09-2024,06:46:00,07:33:00,13-09-2024 07:28,Assassination Question,International Women,Chairman,R,Senator Chuck Grassley (IA),Kavanaugh Dissents President
407,49.0,Y,medium,174.0,X,low,245.0,Y,medium,159.0,Z,high,323.0,Z,high,123.0,X,medium,476.0,,,,,13-09-2024,07:32:00,09:43:00,13-09-2024 09:37,Abortion Travel,Said Alicia Keys,Nominee,R,Brett M. Kavanaugh,Kavanaugh Dissents President
408,,Z,medium,185.0,X,medium,13.0,Z,medium,17.0,X,medium,496.0,Y,high,369.0,Y,low,217.0,,,,,12-01-2024,09:41:00,12:50:00,12-01-2024 12:42,New Covid Lockdowns,Coronavirus Pandemic Late,Senator,D,Senator Dianne Feinstein (CA),Chairman Senator Feinstein
409,342.0,,low,299.0,X,high,411.0,Z,medium,,Z,low,,X,,30.0,Z,high,411.0,,,,,10-02-2024,18:09:00,18:40:00,10-02-2024 18:39,New Covid Lockdowns,Coronavirus Pandemic Late,Nominee,R,Brett M. Kavanaugh,Kavanaugh Dissents President
410,237.0,X,low,240.0,Y,high,151.0,Z,medium,199.0,X,medium,101.0,X,low,124.0,Y,high,428.0,,,,,28-10-2024,12:01:00,15:14:00,28-10-2024 15:09,Assassination Question,International Women,Chairman,R,Senator Chuck Grassley (IA),Analyze Senator
411,493.0,Y,medium,272.0,Z,medium,233.0,Z,low,115.0,Z,,44.0,Z,medium,20.0,X,low,60.0,,,,,22-07-2024,08:45:00,11:01:00,22-07-2024 10:56,Voice Cnn Masai,International Women,Nominee,R,Brett M. Kavanaugh,Kavanaugh Dissents President
412,272.0,Y,,138.0,X,medium,341.0,X,high,217.0,X,high,132.0,Z,,324.0,Y,low,,,,,,30-12-2024,10:20:00,13:29:00,30-12-2024 13:21,Abortion Travel,International Women,Chairman,R,Senator Chuck Grassley (IA),Chairman Ask Question
413,327.0,Y,low,148.0,Y,low,388.0,Y,high,225.0,Y,medium,491.0,Y,low,407.0,Y,low,86.0,,,,,18-02-2024,11:58:00,15:47:00,18-02-2024 15:42,Abortion Travel,Niger State Television,Nominee,R,Brett M. Kavanaugh,Proud Judge Kavanaugh
414,118.0,Z,low,431.0,X,medium,43.0,Z,medium,,Y,high,384.0,X,medium,264.0,,low,76.0,,,,,09-08-2024,10:29:00,13:44:00,09-08-2024 13:35,Abortion Travel,International Women,Chairman,R,Senator Chuck Grassley (IA),Chairman Grassley Appreciate
415,,Y,high,219.0,Y,low,383.0,Z,high,,X,low,370.0,X,low,452.0,Y,,122.0,,,,,28-12-2024,19:13:00,22:59:00,28-12-2024 22:54,Abortion Travel,International Women,Nominee,R,Brett M. Kavanaugh,Proud Judge Kavanaugh
416,88.0,X,high,,X,high,187.0,,medium,440.0,Y,high,136.0,X,high,344.0,,low,,,,,,28-07-2024,18:58:00,20:51:00,28-07-2024 20:47,Abortion Travel,International Women,Chairman,R,Senator Chuck Grassley (IA),Guns Roe Wade
417,73.0,Y,low,422.0,Y,high,,Y,low,413.0,X,low,234.0,Z,high,381.0,Y,medium,46.0,,,,,05-04-2024,11:51:00,14:43:00,05-04-2024 14:38,Assassination Question,International Women,Nominee,R,Brett M. Kavanaugh,Proud Judge Kavanaugh
418,56.0,Y,medium,355.0,,low,66.0,X,high,246.0,Y,medium,351.0,Z,high,156.0,Z,medium,333.0,,,,,26-11-2024,17:03:00,17:33:00,26-11-2024 17:23,Abortion Travel,Said Alicia Keys,Chairman,R,Senator Chuck Grassley (IA),Chairman Senator Feinstein
419,446.0,X,medium,274.0,Y,low,358.0,,low,278.0,Y,high,473.0,X,low,432.0,X,low,190.0,,,,,26-11-2024,06:44:00,09:26:00,26-11-2024 09:16,Abortion Travel,International Women,Nominee,R,Brett M. Kavanaugh,Kavanaugh Dissents President
420,34.0,,low,418.0,X,medium,,X,medium,66.0,,high,291.0,Z,high,315.0,X,medium,132.0,,,,,25-01-2024,09:57:00,12:41:00,25-01-2024 12:33,Abortion Travel,International Women,Chairman,R,Senator Chuck Grassley (IA),Kavanaugh Dissents President
421,258.0,X,low,27.0,X,medium,51.0,Z,medium,288.0,Z,high,10.0,Z,medium,43.0,Y,medium,119.0,,,,,12-12-2024,10:08:00,12:12:00,12-12-2024 12:08,Abortion Travel,Niger State Television,Nominee,R,Brett M. Kavanaugh,Kavanaugh Dissents President
422,254.0,X,low,249.0,X,medium,70.0,X,medium,335.0,Y,high,427.0,Z,low,41.0,X,low,172.0,,,,,17-09-2024,12:14:00,12:34:00,17-09-2024 12:27,Assassination Question,International Women,Chairman,R,Senator Chuck Grassley (IA),Kavanaugh Dissents President
423,27.0,Y,,356.0,Z,low,,,low,443.0,Z,high,466.0,Z,medium,449.0,Z,low,,,,,,03-10-2024,17:31:00,19:18:00,03-10-2024 19:09,Abortion Travel,International Women,Nominee,R,Brett M. Kavanaugh,Kavanaugh Dissents President
424,421.0,X,low,54.0,X,high,54.0,X,high,23.0,Z,,16.0,Y,medium,137.0,Z,high,157.0,,,,,02-12-2024,20:40:00,00:24:00,03-12-2024 00:20,Abortion Travel,Rwigara Mother Adeline,Chairman,R,Senator Chuck Grassley (IA),Chairman Grassley Appreciate
425,250.0,Z,medium,91.0,Y,low,260.0,Z,medium,431.0,X,high,196.0,Z,medium,233.0,Y,,259.0,,,,,01-09-2024,14:01:00,14:31:00,01-09-2024 14:28,Assassination Question,Rwigara Mother Adeline,Senator,D,Senator Dianne Feinstein (CA),Chairman Senator Feinstein
426,63.0,X,low,32.0,Y,medium,348.0,Z,medium,259.0,X,medium,489.0,Z,high,380.0,Z,low,496.0,,,,,16-02-2024,12:22:00,12:45:00,16-02-2024 12:37,Assassination Question,Rwigara Mother Adeline,Nominee,R,Brett M. Kavanaugh,Proud Judge Kavanaugh
427,64.0,Y,low,243.0,Y,high,456.0,Y,medium,,Z,medium,476.0,Z,low,384.0,Z,high,225.0,,,,,22-04-2024,12:22:00,15:54:00,22-04-2024 15:47,Abortion Travel,International Women,Senator,D,Senator Dianne Feinstein (CA),Guns Roe Wade
428,350.0,X,low,270.0,X,high,,Z,high,,X,low,482.0,Y,medium,13.0,X,medium,91.0,,,,,13-10-2024,19:15:00,22:54:00,13-10-2024 22:52,Assassination Question,Rwigara Mother Adeline,Nominee,R,Brett M. Kavanaugh,Kavanaugh Dissents President
429,309.0,Y,medium,234.0,Y,medium,147.0,,medium,232.0,X,medium,487.0,X,low,307.0,Y,high,305.0,,,,,13-04-2024,21:12:00,21:44:00,13-04-2024 21:42,Assassination Question,Rwigara Mother Adeline,Senator,D,Senator Dianne Feinstein (CA),Chairman Senator Feinstein
430,206.0,Z,low,27.0,Z,low,77.0,Z,medium,205.0,Y,low,11.0,Y,high,456.0,Y,low,414.0,,,,,07-05-2024,18:07:00,18:46:00,07-05-2024 18:36,Abortion Travel,International Women,Nominee,R,Brett M. Kavanaugh,Proud Judge Kavanaugh
431,,Y,low,243.0,Z,high,,Y,high,95.0,Z,high,,,medium,174.0,Z,low,299.0,,,,,17-10-2024,16:34:00,20:21:00,17-10-2024 20:15,Assassination Question,Said Alicia Keys,Senator,D,Senator Dianne Feinstein (CA),Chairman Senator Feinstein
432,17.0,Y,low,444.0,X,low,296.0,Y,medium,36.0,X,low,249.0,Y,high,271.0,X,medium,265.0,,,,,01-03-2024,10:27:00,13:28:00,01-03-2024 13:24,Abortion Travel,International Women,Nominee,R,Brett M. Kavanaugh,Kavanaugh Dissents President
433,15.0,X,high,15.0,Y,low,491.0,X,low,41.0,Y,low,301.0,Z,low,132.0,X,low,334.0,,,,,29-03-2024,11:01:00,12:42:00,29-03-2024 12:41,Voice Cnn Masai,Said Alicia Keys,Senator,D,Senator Dianne Feinstein (CA),Chairman Senator Feinstein
434,267.0,X,medium,387.0,X,low,21.0,Z,low,133.0,Y,low,200.0,Y,low,360.0,Z,medium,440.0,,,,,25-01-2024,16:38:00,20:03:00,25-01-2024 19:56,Abortion Travel,International Women,Nominee,R,Brett M. Kavanaugh,Kavanaugh Dissents President
435,181.0,Y,high,136.0,Z,high,352.0,X,low,146.0,Y,low,134.0,X,high,59.0,Z,low,38.0,,,,,02-11-2024,18:42:00,20:24:00,02-11-2024 20:18,Abortion Travel,Said Alicia Keys,Senator,D,Senator Dianne Feinstein (CA),Chairman Senator Feinstein
436,126.0,Y,low,37.0,Y,medium,16.0,Z,low,231.0,Y,high,127.0,X,low,259.0,X,high,490.0,,,,,23-12-2024,10:44:00,12:23:00,23-12-2024 12:21,Assassination Question,International Women,Nominee,R,Brett M. Kavanaugh,Kavanaugh Dissents President
437,189.0,X,,25.0,Z,medium,54.0,Z,low,305.0,X,low,301.0,Y,medium,206.0,Y,high,446.0,,,,,06-10-2024,18:41:00,20:11:00,06-10-2024 20:02,Abortion Travel,International Women,Senator,D,Senator Dianne Feinstein (CA),Chairman Senator Feinstein
438,302.0,Z,low,6.0,Z,high,215.0,Z,,495.0,Y,medium,488.0,X,,320.0,Z,high,480.0,,,,,30-10-2024,16:30:00,17:42:00,30-10-2024 17:38,Abortion Travel,International Women,Nominee,R,Brett M. Kavanaugh,Kavanaugh Dissents President
439,146.0,Y,low,207.0,X,high,183.0,X,,397.0,X,high,413.0,X,medium,247.0,X,medium,,,,,,12-05-2024,10:46:00,12:10:00,12-05-2024 12:05,Assassination Question,International Women,Senator,D,Senator Dianne Feinstein (CA),Chairman Senator Feinstein
440,174.0,X,low,248.0,Y,high,182.0,Z,low,242.0,Z,medium,87.0,X,high,490.0,Y,medium,427.0,,,,,28-09-2024,06:09:00,08:10:00,28-09-2024 08:05,Abortion Travel,International Women,Nominee,R,Brett M. Kavanaugh,Kavanaugh Dissents President
441,141.0,X,low,310.0,Y,low,33.0,Z,medium,456.0,X,medium,74.0,Y,high,491.0,Z,medium,40.0,,,,,16-05-2024,15:57:00,17:59:00,16-05-2024 17:51,Abortion Travel,International Women,Senator,D,Senator Dianne Feinstein (CA),Guns Roe Wade
442,333.0,Y,low,40.0,,,272.0,Y,medium,278.0,Z,medium,131.0,Y,medium,142.0,Z,low,206.0,,,,,08-08-2024,07:59:00,09:13:00,08-08-2024 09:10,Assassination Question,International Women,Nominee,R,Brett M. Kavanaugh,Guns Roe Wade
443,27.0,Y,low,327.0,Z,medium,170.0,Y,low,211.0,X,medium,366.0,Y,medium,18.0,X,medium,439.0,,,,,08-04-2024,19:17:00,20:16:00,08-04-2024 20:14,Abortion Travel,Said Alicia Keys,Senator,D,Senator Dianne Feinstein (CA),Guns Roe Wade
444,459.0,Z,low,369.0,Y,high,496.0,X,low,108.0,Y,high,4.0,X,low,246.0,Z,low,135.0,,,,,13-04-2024,12:32:00,15:02:00,13-04-2024 14:53,Abortion Travel,Niger State Television,Nominee,R,Brett M. Kavanaugh,Guns Roe Wade
445,277.0,Y,high,32.0,X,medium,394.0,Y,high,211.0,X,medium,352.0,X,low,295.0,Y,high,381.0,,,,,07-02-2024,14:46:00,17:16:00,07-02-2024 17:07,Abortion Travel,Niger State Television,Senator,D,Senator Dianne Feinstein (CA),Guns Roe Wade
446,122.0,Y,low,,Y,low,217.0,Z,low,20.0,Y,high,290.0,Z,high,375.0,Y,low,159.0,,,,,20-06-2024,11:45:00,15:45:00,20-06-2024 15:40,Abortion Travel,Ravaged Nicaragua Category,Nominee,R,Brett M. Kavanaugh,Guns Roe Wade
447,379.0,Z,,59.0,Z,,382.0,,low,76.0,Z,high,329.0,Z,,262.0,X,low,294.0,,,,,10-09-2024,14:26:00,16:23:00,10-09-2024 16:19,Cnn Montana Nonprofit,Actor Bob Odenkirk,Senator,D,Senator Dianne Feinstein (CA),Guns Roe Wade
448,469.0,Y,medium,219.0,Y,medium,288.0,Z,medium,472.0,Z,low,,X,,293.0,Z,high,326.0,,,,,22-02-2024,11:10:00,15:01:00,22-02-2024 14:57,Abortion Travel,International Women,Nominee,R,Brett M. Kavanaugh,Proud Judge Kavanaugh
449,29.0,Z,medium,330.0,Z,high,247.0,X,low,97.0,Z,low,295.0,Z,high,11.0,X,low,438.0,,,,,08-11-2024,19:37:00,20:05:00,08-11-2024 20:04,Abortion Travel,International Women,Senator,D,Senator Dianne Feinstein (CA),Chairman Senator Feinstein
450,102.0,Y,,435.0,Z,medium,459.0,Z,medium,283.0,,medium,310.0,Y,medium,381.0,Z,medium,170.0,,,,,17-01-2024,09:33:00,11:26:00,17-01-2024 11:19,Voice Cnn Masai,International Women,Nominee,R,Brett M. Kavanaugh,Guns Roe Wade
451,71.0,Z,medium,265.0,Y,medium,293.0,Y,high,51.0,Y,medium,240.0,X,low,164.0,X,,393.0,,,,,07-04-2024,15:31:00,15:55:00,07-04-2024 15:45,Assassination Question,Rwigara Mother Adeline,Senator,D,Senator Dianne Feinstein (CA),Chairman Senator Feinstein
452,35.0,Y,low,217.0,Z,low,241.0,X,medium,300.0,Z,low,,Y,medium,,Z,low,217.0,,,,,22-09-2024,06:59:00,09:42:00,22-09-2024 09:38,Abortion Travel,International Women,Nominee,R,Brett M. Kavanaugh,Proud Judge Kavanaugh
453,,Z,low,,Y,low,283.0,Y,low,487.0,Z,high,190.0,X,medium,211.0,X,medium,196.0,,,,,19-02-2024,19:50:00,22:23:00,19-02-2024 22:14,Voice Cnn Masai,International Women,Senator,D,Senator Dianne Feinstein (CA),Chairman Senator Feinstein
454,96.0,Z,low,108.0,Y,low,390.0,X,high,228.0,Z,,33.0,Y,medium,35.0,Y,high,39.0,,,,,23-06-2024,14:24:00,16:50:00,23-06-2024 16:46,Voice Cnn Masai,International Women,Nominee,R,Brett M. Kavanaugh,Proud Judge Kavanaugh
455,191.0,Y,high,102.0,Z,low,370.0,Y,,63.0,X,medium,12.0,Z,low,247.0,X,low,38.0,,,,,08-01-2024,18:52:00,21:22:00,08-01-2024 21:21,Abortion Travel,International Women,Senator,D,Senator Dianne Feinstein (CA),Chairman Senator Feinstein
456,407.0,X,medium,233.0,X,,274.0,Y,low,11.0,X,,357.0,Z,low,190.0,X,medium,385.0,,,,,01-12-2024,07:15:00,09:55:00,01-12-2024 09:48,Voice Cnn Masai,International Women,Nominee,R,Brett M. Kavanaugh,Guns Roe Wade
457,,X,low,60.0,Z,low,88.0,Y,low,378.0,X,medium,318.0,X,high,116.0,X,high,52.0,,,,,20-01-2024,17:30:00,19:15:00,20-01-2024 19:13,Abortion Travel,International Women,Senator,D,Senator Dianne Feinstein (CA),Chairman Senator Feinstein
458,338.0,X,,11.0,Y,low,318.0,,low,51.0,,,204.0,Z,high,122.0,Z,,55.0,,,,,10-03-2024,06:54:00,08:21:00,10-03-2024 08:18,Abortion Travel,Said Alicia Keys,Nominee,R,Brett M. Kavanaugh,Proud Judge Kavanaugh
459,48.0,X,medium,181.0,Y,high,215.0,X,high,158.0,Z,low,373.0,Y,medium,17.0,X,high,92.0,,,,,28-08-2024,17:25:00,21:09:00,28-08-2024 21:00,Abortion Travel,Said Alicia Keys,Senator,D,Senator Dianne Feinstein (CA),Chairman Senator Feinstein
460,485.0,Y,low,76.0,Z,high,466.0,Z,high,421.0,X,high,236.0,X,high,443.0,X,high,168.0,,,,,10-07-2024,10:28:00,11:27:00,10-07-2024 11:19,Amid Inflation,Niger State Television,Nominee,R,Brett M. Kavanaugh,Proud Judge Kavanaugh
461,41.0,X,,318.0,Y,low,454.0,Y,medium,268.0,Z,high,127.0,Z,high,146.0,Y,high,81.0,,,,,06-11-2024,11:15:00,12:25:00,06-11-2024 12:22,Companies Pulling Russia,Help Russia,Senator,D,Senator Dianne Feinstein (CA),Chairman Senator Feinstein
462,354.0,X,high,274.0,Z,high,0.0,,high,436.0,Z,high,292.0,,high,437.0,Z,medium,295.0,,,,,04-09-2024,18:29:00,20:55:00,04-09-2024 20:53,Abortion Travel,Niger State Television,Nominee,R,Brett M. Kavanaugh,Kavanaugh Dissents President
463,319.0,X,medium,242.0,Y,low,499.0,X,high,436.0,Y,medium,188.0,X,high,418.0,X,high,411.0,,,,,12-12-2024,17:56:00,21:10:00,12-12-2024 21:07,Voice Cnn Masai,International Women,Senator,D,Senator Dianne Feinstein (CA),Chairman Senator Feinstein
464,206.0,X,high,248.0,X,low,450.0,Z,medium,330.0,X,low,487.0,X,high,228.0,X,high,265.0,,,,,14-05-2024,06:50:00,09:42:00,14-05-2024 09:37,Assassination Question,Actor Bob Odenkirk,Nominee,R,Brett M. Kavanaugh,Kavanaugh Dissents President
465,419.0,Y,low,49.0,Y,medium,453.0,X,high,468.0,X,high,360.0,X,high,403.0,,medium,332.0,,,,,01-09-2024,12:23:00,16:23:00,01-09-2024 16:16,Assassination Question,Actor Bob Odenkirk,Senator,D,Senator Dianne Feinstein (CA),Chairman Senator Feinstein
466,446.0,Z,high,201.0,X,low,248.0,,medium,18.0,Z,medium,374.0,Z,low,105.0,,low,446.0,,,,,29-05-2024,09:02:00,12:23:00,29-05-2024 12:22,Apology Cnn Vatican,Turned Movie Different,Nominee,R,Brett M. Kavanaugh,Kavanaugh Dissents President
467,35.0,Z,medium,35.0,Z,low,135.0,Z,high,120.0,Z,high,343.0,,high,90.0,X,high,447.0,,,,,12-06-2024,14:57:00,15:51:00,12-06-2024 15:41,Cnn Montana Nonprofit,Said Alicia Keys,Senator,D,Senator Dianne Feinstein (CA),Chairman Senator Feinstein
468,479.0,Z,high,177.0,X,high,303.0,X,high,138.0,,low,341.0,,,449.0,Z,low,329.0,,,,,31-12-2024,14:36:00,16:27:00,31-12-2024 16:20,Basketball Legend Says,Point Tally Nba,Nominee,R,Brett M. Kavanaugh,Kavanaugh Dissents President
469,120.0,Z,high,338.0,Y,high,441.0,X,high,,,high,386.0,X,,323.0,Y,high,34.0,,,,,11-01-2024,09:34:00,11:49:00,11-01-2024 11:43,Making Racism,Coronavirus Pandemic Late,Senator,D,Senator Dianne Feinstein (CA),Chairman Senator Feinstein
470,395.0,Z,medium,493.0,Z,low,225.0,X,medium,310.0,Z,high,215.0,X,,344.0,Z,medium,394.0,,,,,06-03-2024,07:28:00,10:23:00,06-03-2024 10:22,Making Racism,Turned Movie Different,Nominee,R,Brett M. Kavanaugh,Kavanaugh Dissents President
471,410.0,X,low,148.0,,low,492.0,X,,126.0,Z,low,410.0,Y,low,461.0,,medium,378.0,,,,,07-11-2024,11:39:00,13:22:00,07-11-2024 13:17,Amid Inflation,Turned Movie Different,Senator,D,Senator Dianne Feinstein (CA),Chairman Senator Feinstein
472,278.0,X,high,132.0,Y,high,130.0,Z,low,104.0,,medium,17.0,Z,high,6.0,Y,high,151.0,,,,,07-04-2024,12:51:00,14:30:00,07-04-2024 14:23,Amid Inflation,Beating Forecasts Covid,Nominee,R,Brett M. Kavanaugh,Kavanaugh Dissents President
473,431.0,Y,medium,334.0,Y,high,426.0,Y,medium,,X,medium,333.0,X,,,Z,medium,81.0,,,,,04-10-2024,17:51:00,20:23:00,04-10-2024 20:19,Amid Inflation,Turned Movie Different,Senator,D,Senator Dianne Feinstein (CA),Chairman Senator Feinstein
474,412.0,X,medium,458.0,Y,low,,Y,low,429.0,X,medium,269.0,Z,low,480.0,X,high,66.0,,,,,24-08-2024,14:30:00,18:10:00,24-08-2024 18:04,Voice Cnn Masai,Said Alicia Keys,Nominee,R,Brett M. Kavanaugh,Proud Judge Kavanaugh
475,,X,high,147.0,Z,high,419.0,Y,medium,7.0,Y,low,4.0,Z,high,64.0,Z,high,138.0,,,,,17-10-2024,18:41:00,21:03:00,17-10-2024 21:02,Basketball Legend Says,Point Tally Nba,Senator,D,Senator Dianne Feinstein (CA),Chairman Senator Feinstein
476,89.0,Z,high,419.0,X,low,472.0,Z,low,182.0,Y,low,330.0,Z,high,224.0,X,low,371.0,,,,,01-10-2024,17:46:00,21:19:00,01-10-2024 21:13,Making Racism,Actor Bob Odenkirk,Chairman,R,Senator Chuck Grassley (IA),Chairman Grassley Appreciate
477,217.0,Y,low,157.0,Y,medium,351.0,Z,medium,267.0,Y,,1.0,Z,low,11.0,X,high,472.0,,,,,25-10-2024,16:27:00,17:26:00,25-10-2024 17:16,New Covid Lockdowns,Coronavirus Pandemic Late,Senator,D,Senator Dianne Feinstein (CA),Chairman Senator Feinstein
478,450.0,Z,medium,319.0,X,high,311.0,X,high,117.0,Y,medium,352.0,,medium,162.0,X,low,76.0,,,,,30-08-2024,12:41:00,15:25:00,30-08-2024 15:21,Voice Cnn Masai,Turned Movie Different,Chairman,R,Senator Chuck Grassley (IA),Chairman Grassley Appreciate
479,101.0,Y,high,104.0,Y,medium,205.0,Z,low,362.0,Z,low,262.0,X,low,86.0,Y,,207.0,,,,,17-11-2024,20:31:00,22:52:00,17-11-2024 22:43,Abortion Travel,Said Alicia Keys,Senator,D,Senator Dianne Feinstein (CA),Chairman Senator Feinstein
480,499.0,Y,,131.0,Z,medium,436.0,Y,medium,378.0,Z,medium,303.0,Z,high,127.0,,low,417.0,,,,,21-06-2024,13:13:00,14:36:00,21-06-2024 14:34,Abortion Travel,Niger State Television,Chairman,R,Senator Chuck Grassley (IA),Chairman Grassley Appreciate
481,,X,medium,491.0,X,high,63.0,Z,low,419.0,Z,medium,304.0,Y,high,406.0,Y,low,42.0,,,,,19-05-2024,14:52:00,15:36:00,19-05-2024 15:32,Abortion Travel,Said Alicia Keys,Senator,R,Senator Orrin Hatch (UT),Kavanaugh Dissents President
482,332.0,X,low,194.0,Y,medium,145.0,Z,,393.0,Z,high,150.0,Y,medium,137.0,Y,,471.0,,,,,19-02-2024,09:44:00,13:35:00,19-02-2024 13:29,Voice Cnn Masai,Actor Bob Odenkirk,Nominee,R,Brett M. Kavanaugh,Kavanaugh Dissents President
483,320.0,X,low,8.0,X,high,65.0,Y,low,420.0,Y,medium,311.0,Y,,406.0,Y,high,9.0,,,,,29-10-2024,07:42:00,10:13:00,29-10-2024 10:05,Cnn Montana Nonprofit,Niger State Television,Senator,R,Senator Orrin Hatch (UT),Analyze Senator
484,97.0,Z,medium,386.0,X,high,138.0,Y,low,182.0,Y,low,110.0,X,high,447.0,X,medium,141.0,,,,,03-01-2024,19:45:00,22:27:00,03-01-2024 22:21,Cnn Montana Nonprofit,Turned Movie Different,Nominee,R,Brett M. Kavanaugh,Kavanaugh Dissents President
485,236.0,Z,high,63.0,Z,low,261.0,Y,medium,149.0,Y,medium,379.0,Y,low,270.0,Z,medium,16.0,,,,,16-02-2024,21:11:00,22:17:00,16-02-2024 22:09,Cnn Montana Nonprofit,Ravaged Nicaragua Category,Senator,R,Senator Orrin Hatch (UT),Kozinski Phone Senator
486,72.0,X,medium,55.0,Z,high,167.0,X,low,158.0,Z,low,45.0,Z,medium,269.0,Y,medium,380.0,,,,,21-01-2024,21:31:00,22:28:00,21-01-2024 22:27,Apology Cnn Vatican,Coronavirus Pandemic Late,Nominee,R,Brett M. Kavanaugh,Proud Judge Kavanaugh
487,182.0,Y,low,418.0,Z,high,210.0,X,high,426.0,Z,low,70.0,Y,high,166.0,X,medium,213.0,,,,,12-08-2024,12:21:00,13:46:00,12-08-2024 13:40,Cnn Montana Nonprofit,Coronavirus Pandemic Late,Senator,R,Senator Orrin Hatch (UT),Kozinski Phone Senator
488,479.0,Y,high,174.0,Y,high,115.0,Y,high,324.0,Y,high,351.0,Y,medium,333.0,Z,high,218.0,,,,,16-12-2024,11:55:00,13:20:00,16-12-2024 13:13,Making Racism,Said Alicia Keys,Nominee,R,Brett M. Kavanaugh,Kavanaugh Dissents President
489,27.0,Y,low,69.0,Y,medium,176.0,Z,low,161.0,Z,low,28.0,X,low,,Y,high,273.0,,,,,06-02-2024,17:24:00,19:37:00,06-02-2024 19:34,Amid Inflation,Ravaged Nicaragua Category,Senator,R,Senator Orrin Hatch (UT),Executive Privilege Limit
490,435.0,X,low,,Z,medium,248.0,Y,high,360.0,X,low,485.0,Y,high,431.0,Z,low,149.0,,,,,16-01-2024,19:09:00,22:16:00,16-01-2024 22:06,Abortion Travel,Niger State Television,Nominee,R,Brett M. Kavanaugh,Kavanaugh Dissents President
491,338.0,X,medium,140.0,Y,medium,106.0,Y,medium,116.0,Y,medium,15.0,X,medium,97.0,Y,medium,378.0,,,,,10-04-2024,07:54:00,10:13:00,10-04-2024 10:03,Voice Cnn Masai,Turned Movie Different,Senator,R,Senator Orrin Hatch (UT),Kozinski Phone Senator
492,374.0,X,high,316.0,Z,high,,Y,medium,133.0,Z,medium,262.0,Y,low,343.0,Y,low,215.0,,,,,20-03-2024,08:28:00,10:04:00,20-03-2024 09:54,Voice Cnn Masai,International Women,Nominee,R,Brett M. Kavanaugh,Kavanaugh Dissents President
493,141.0,X,low,131.0,X,medium,448.0,X,high,0.0,Z,high,492.0,X,high,69.0,Z,low,397.0,,,,,27-02-2024,16:14:00,20:07:00,27-02-2024 20:00,Amid Inflation,Niger State Television,Senator,R,Senator Orrin Hatch (UT),Executive Privilege Limit
494,474.0,X,,290.0,X,low,438.0,Y,,483.0,Y,high,336.0,Z,high,245.0,Z,low,323.0,,,,,12-05-2024,18:51:00,20:08:00,12-05-2024 20:02,Cnn Montana Nonprofit,Niger State Television,Nominee,R,Brett M. Kavanaugh,Proud Judge Kavanaugh
495,126.0,Y,high,348.0,Y,high,0.0,Y,low,117.0,X,low,316.0,X,medium,44.0,Z,high,337.0,,,,,22-04-2024,13:23:00,15:33:00,22-04-2024 15:29,Climate Action Opinion,Warming Caused Humans,Senator,R,Senator Orrin Hatch (UT),Kavanaugh Dissents President
496,251.0,Z,medium,378.0,X,low,247.0,Z,low,376.0,Z,high,346.0,X,high,275.0,Y,high,494.0,,,,,18-04-2024,16:49:00,19:12:00,18-04-2024 19:02,Climate Action Opinion,Warming Caused Humans,Nominee,R,Brett M. Kavanaugh,Kavanaugh Dissents President
497,18.0,Z,,,,medium,397.0,Z,medium,59.0,Z,high,353.0,Y,,425.0,Y,low,253.0,,,,,06-12-2024,07:11:00,09:32:00,06-12-2024 09:30,Climate Action Opinion,Warming Caused Humans,Senator,R,Senator Orrin Hatch (UT),Kozinski Phone Senator
498,443.0,Y,medium,307.0,X,low,174.0,Z,medium,18.0,Y,low,80.0,Y,high,408.0,Y,high,150.0,,,,,24-01-2024,07:40:00,10:16:00,24-01-2024 10:08,Climate Action Opinion,Warming Caused Humans,Nominee,R,Brett M. Kavanaugh,Kavanaugh Dissents President
499,352.0,X,low,420.0,X,medium,115.0,Y,high,,Z,medium,154.0,Z,high,357.0,Y,low,363.0,,,,,27-05-2024,10:42:00,13:29:00,27-05-2024 13:21,Climate Action Opinion,Warming Caused Humans,Senator,R,Senator Orrin Hatch (UT),Kavanaugh Dissents President
500,81.0,Y,low,420.0,Z,medium,305.0,Z,medium,49.0,Y,high,95.0,Y,low,288.0,Y,low,352.0,,,,,21-11-2024,13:52:00,17:12:00,21-11-2024 17:06,Climate Action Opinion,Warming Caused Humans,Nominee,R,Brett M. Kavanaugh,Proud Judge Kavanaugh
501,331.0,X,medium,373.0,Y,,1.0,X,medium,72.0,Y,medium,105.0,Y,high,312.0,X,low,241.0,,,,,26-06-2024,13:55:00,16:31:00,26-06-2024 16:27,Amid Inflation,Warming Caused Humans,Senator,R,Senator Orrin Hatch (UT),Kozinski Phone Senator
502,91.0,X,medium,199.0,Z,high,,X,low,165.0,X,medium,104.0,Z,low,49.0,Z,low,167.0,,,,,28-06-2024,13:41:00,15:52:00,28-06-2024 15:47,Climate Action Opinion,Warming Caused Humans,Nominee,R,Brett M. Kavanaugh,Proud Judge Kavanaugh
503,222.0,Z,high,265.0,X,medium,225.0,Z,medium,292.0,Y,high,318.0,,medium,363.0,X,medium,465.0,,,,,22-05-2024,15:18:00,19:15:00,22-05-2024 19:09,Climate Action Opinion,Warming Caused Humans,Senator,R,Senator Orrin Hatch (UT),Kozinski Phone Senator
504,256.0,,low,483.0,X,,341.0,Y,medium,9.0,Y,medium,466.0,Z,low,340.0,X,medium,,,,,,09-12-2024,19:17:00,20:28:00,09-12-2024 20:25,Climate Action Opinion,Warming Caused Humans,Nominee,R,Brett M. Kavanaugh,Proud Judge Kavanaugh
505,465.0,Y,low,124.0,Y,low,341.0,X,medium,63.0,Y,medium,279.0,Y,medium,71.0,X,low,39.0,,,,,15-03-2024,11:38:00,13:44:00,15-03-2024 13:41,Climate Action Opinion,Warming Caused Humans,Senator,R,Senator Orrin Hatch (UT),Kozinski Phone Senator
506,166.0,Y,low,346.0,Z,high,267.0,Y,high,168.0,X,low,7.0,Z,medium,316.0,X,medium,315.0,,,,,18-06-2024,06:12:00,08:30:00,18-06-2024 08:21,Climate Action Opinion,Warming Caused Humans,Nominee,R,Brett M. Kavanaugh,Proud Judge Kavanaugh
507,6.0,X,medium,396.0,Z,high,291.0,Z,medium,352.0,Y,medium,346.0,X,high,192.0,Y,medium,40.0,,,,,13-10-2024,06:37:00,08:52:00,13-10-2024 08:46,Cnn Montana Nonprofit,Warming Caused Humans,Senator,R,Senator Orrin Hatch (UT),Kozinski Phone Senator
508,216.0,Y,high,240.0,Z,medium,13.0,X,low,48.0,Z,low,270.0,Z,low,254.0,Z,medium,380.0,,,,,21-06-2024,13:47:00,15:08:00,21-06-2024 15:04,Climate Action Opinion,Warming Caused Humans,Nominee,R,Brett M. Kavanaugh,Proud Judge Kavanaugh
509,463.0,Y,high,432.0,Y,,490.0,Y,high,142.0,Z,high,388.0,Z,high,,X,high,421.0,,,,,12-11-2024,16:22:00,19:56:00,12-11-2024 19:46,Climate Action Opinion,Warming Caused Humans,Senator,R,Senator Orrin Hatch (UT),Kozinski Phone Senator
510,399.0,Z,low,214.0,Z,medium,38.0,Z,medium,,X,low,188.0,Y,high,161.0,Z,medium,,,,,,11-10-2024,10:21:00,12:39:00,11-10-2024 12:34,Climate Action Opinion,Warming Caused Humans,Nominee,R,Brett M. Kavanaugh,Proud Judge Kavanaugh
511,29.0,Y,medium,418.0,X,high,488.0,Z,medium,154.0,Y,low,214.0,X,low,458.0,,medium,118.0,,,,,27-03-2024,17:56:00,19:29:00,27-03-2024 19:23,Climate Action Opinion,Warming Caused Humans,Senator,R,Senator Orrin Hatch (UT),Kozinski Phone Senator
512,26.0,X,high,322.0,Y,low,486.0,Y,high,,X,,329.0,,high,208.0,Z,high,471.0,,,,,07-02-2024,15:38:00,16:00:00,07-02-2024 15:53,Climate Action Opinion,Warming Caused Humans,Nominee,R,Brett M. Kavanaugh,Kavanaugh Dissents President
513,378.0,Z,low,25.0,X,high,358.0,,medium,320.0,,medium,353.0,X,high,256.0,Y,high,44.0,,,,,17-05-2024,07:30:00,10:34:00,17-05-2024 10:27,Climate Action Opinion,Warming Caused Humans,Senator,R,Senator Orrin Hatch (UT),Kozinski Phone Senator
514,360.0,X,high,411.0,X,high,373.0,Z,high,33.0,Y,medium,110.0,X,low,14.0,Z,,53.0,,,,,11-09-2024,10:34:00,12:57:00,11-09-2024 12:54,Climate Action Opinion,Warming Caused Humans,Nominee,R,Brett M. Kavanaugh,Proud Judge Kavanaugh
515,278.0,X,low,348.0,Y,high,14.0,Y,high,469.0,Z,high,293.0,Z,low,61.0,Z,medium,152.0,,,,,04-04-2024,08:37:00,09:13:00,04-04-2024 09:04,Climate Action Opinion,Warming Caused Humans,Senator,R,Senator Orrin Hatch (UT),Kozinski Phone Senator
516,44.0,Y,low,111.0,Z,high,474.0,Z,medium,122.0,Y,low,480.0,Y,high,140.0,Z,low,270.0,,,,,07-06-2024,19:13:00,21:36:00,07-06-2024 21:29,Climate Action Opinion,Warming Caused Humans,Nominee,R,Brett M. Kavanaugh,Proud Judge Kavanaugh
517,140.0,Z,low,351.0,X,high,,Z,high,495.0,X,high,32.0,Y,medium,489.0,Y,low,355.0,,,,,28-05-2024,14:04:00,17:39:00,28-05-2024 17:31,Climate Action Opinion,Warming Caused Humans,Senator,R,Senator Orrin Hatch (UT),Kozinski Phone Senator
518,423.0,X,high,255.0,Z,,169.0,X,low,364.0,Y,low,165.0,Z,low,129.0,X,low,145.0,,,,,20-03-2024,06:06:00,08:12:00,20-03-2024 08:11,Climate Action Opinion,Warming Caused Humans,Nominee,R,Brett M. Kavanaugh,Kavanaugh Dissents President
519,69.0,X,high,471.0,Y,low,334.0,X,high,178.0,Y,medium,266.0,Z,medium,197.0,Y,high,457.0,,,,,16-03-2024,12:20:00,16:18:00,16-03-2024 16:12,Abortion Travel,International Women,Senator,R,Senator Orrin Hatch (UT),Kavanaugh Dissents President
520,100.0,X,high,152.0,Z,low,267.0,Z,high,151.0,Z,low,462.0,Z,medium,427.0,Z,high,408.0,,,,,14-08-2024,19:20:00,19:44:00,14-08-2024 19:40,Climate Action Opinion,Warming Caused Humans,Nominee,R,Brett M. Kavanaugh,Kavanaugh Dissents President
521,226.0,Z,high,131.0,X,medium,180.0,X,low,473.0,Z,low,484.0,X,high,159.0,Y,medium,115.0,,,,,13-08-2024,20:51:00,21:24:00,13-08-2024 21:23,Climate Action Opinion,Warming Caused Humans,Senator,R,Senator Orrin Hatch (UT),Kavanaugh Dissents President
522,367.0,,high,29.0,Z,,160.0,Z,low,498.0,Z,low,294.0,X,low,406.0,X,high,31.0,,,,,25-06-2024,07:55:00,10:20:00,25-06-2024 10:18,Climate Action Opinion,Warming Caused Humans,Nominee,R,Brett M. Kavanaugh,Proud Judge Kavanaugh
523,414.0,Z,medium,393.0,X,low,59.0,,low,306.0,Z,low,273.0,Z,,59.0,Y,high,350.0,,,,,11-03-2024,14:25:00,16:19:00,11-03-2024 16:16,Climate Action Opinion,Warming Caused Humans,Senator,R,Senator Orrin Hatch (UT),Kozinski Phone Senator
524,295.0,X,high,492.0,Y,medium,454.0,Z,low,23.0,Y,medium,,X,,66.0,X,medium,87.0,,,,,08-05-2024,08:52:00,09:53:00,08-05-2024 09:50,Climate Action Opinion,Warming Caused Humans,Nominee,R,Brett M. Kavanaugh,Kavanaugh Dissents President
525,246.0,Z,low,344.0,Z,low,332.0,Y,high,,Y,high,222.0,X,high,6.0,Z,low,140.0,,,,,23-07-2024,16:40:00,19:47:00,23-07-2024 19:38,Companies Pulling Russia,Niger State Television,Senator,R,Senator Orrin Hatch (UT),Analyze Senator
526,192.0,X,medium,184.0,Z,medium,143.0,X,low,238.0,Y,high,,Y,high,62.0,Z,medium,386.0,,,,,25-11-2024,15:08:00,16:35:00,25-11-2024 16:27,Assassination Question,Help Russia,Chairman,R,Senator Chuck Grassley (IA),Chairman Grassley Appreciate
527,21.0,Z,high,439.0,X,,361.0,X,low,,Y,high,272.0,Y,high,,Y,high,94.0,,,,,30-11-2024,09:40:00,13:36:00,30-11-2024 13:26,Voice Cnn Masai,Actor Bob Odenkirk,Nominee,R,Brett M. Kavanaugh,Kavanaugh Dissents President
528,133.0,Z,high,126.0,X,high,346.0,Y,medium,400.0,,medium,276.0,X,,45.0,X,medium,177.0,,,,,26-08-2024,14:58:00,16:13:00,26-08-2024 16:12,Climate Action Opinion,Warming Caused Humans,Senator,R,Senator Orrin Hatch (UT),Kozinski Phone Senator
529,107.0,Z,medium,346.0,Y,high,69.0,Y,medium,16.0,Z,low,421.0,Z,high,306.0,X,medium,463.0,,,,,07-11-2024,06:06:00,09:24:00,07-11-2024 09:20,Cnn Montana Nonprofit,Ravaged Nicaragua Category,Nominee,R,Brett M. Kavanaugh,Proud Judge Kavanaugh
530,28.0,Z,low,298.0,Y,medium,87.0,X,medium,185.0,Y,low,,Y,low,299.0,X,medium,,,,,,06-07-2024,07:19:00,07:45:00,06-07-2024 07:40,Climate Action Opinion,Warming Caused Humans,Chairman,R,Senator Chuck Grassley (IA),Chairman Grassley Appreciate
531,372.0,X,high,426.0,X,high,115.0,Z,medium,37.0,Y,low,478.0,Y,medium,117.0,Y,,310.0,,,,,13-03-2024,16:21:00,17:06:00,13-03-2024 17:04,Climate Action Opinion,Warming Caused Humans,Senator,D,Senator Patrick Leahy (VT),Judge Senator Leahy
532,176.0,Y,low,485.0,X,low,52.0,,high,218.0,Z,medium,352.0,Y,medium,18.0,X,medium,499.0,,,,,14-12-2024,08:16:00,11:06:00,14-12-2024 10:56,Cnn Montana Nonprofit,Warming Caused Humans,Nominee,R,Brett M. Kavanaugh,Proud Judge Kavanaugh
533,254.0,X,high,179.0,X,low,411.0,Z,,402.0,,high,293.0,Z,high,80.0,Z,low,385.0,,,,,22-01-2024,11:19:00,13:31:00,22-01-2024 13:21,Climate Action Opinion,Warming Caused Humans,Senator,D,Senator Patrick Leahy (VT),Analyze Senator
534,100.0,Y,high,47.0,X,high,,X,medium,64.0,Y,medium,289.0,Y,medium,71.0,Z,,229.0,,,,,31-08-2024,16:09:00,18:10:00,31-08-2024 18:07,Climate Action Opinion,Warming Caused Humans,Nominee,R,Brett M. Kavanaugh,Proud Judge Kavanaugh
535,295.0,Y,high,78.0,Y,high,405.0,X,low,68.0,Y,medium,288.0,Z,low,264.0,Y,medium,332.0,,,,,22-07-2024,10:55:00,14:08:00,22-07-2024 14:07,Climate Action Opinion,Warming Caused Humans,Senator,D,Senator Patrick Leahy (VT),Judge Senator Leahy
536,67.0,Z,low,369.0,X,,264.0,Y,high,478.0,Z,medium,,X,low,465.0,Z,high,266.0,,,,,06-01-2024,18:23:00,18:51:00,06-01-2024 18:43,Amid Inflation,Warming Caused Humans,Nominee,R,Brett M. Kavanaugh,Proud Judge Kavanaugh
537,338.0,Y,low,181.0,Z,low,58.0,Y,low,88.0,X,high,,Z,medium,217.0,Y,low,181.0,,,,,14-11-2024,14:21:00,15:55:00,14-11-2024 15:48,Climate Action Opinion,Ravaged Nicaragua Category,Senator,D,Senator Patrick Leahy (VT),Judge Senator Leahy
538,369.0,Z,medium,69.0,Z,low,422.0,Y,medium,,X,high,369.0,Z,high,316.0,X,high,487.0,,,,,20-10-2024,11:42:00,13:52:00,20-10-2024 13:47,Cnn Montana Nonprofit,Turned Movie Different,Nominee,R,Brett M. Kavanaugh,Kavanaugh Dissents President
539,155.0,X,medium,407.0,X,low,86.0,X,high,292.0,X,medium,126.0,X,high,151.0,Z,high,296.0,,,,,19-10-2024,14:15:00,14:42:00,19-10-2024 14:40,Amid Inflation,Warming Caused Humans,Senator,D,Senator Patrick Leahy (VT),Judge Senator Leahy
540,106.0,X,medium,324.0,Z,medium,499.0,X,medium,138.0,Z,high,326.0,Z,high,45.0,Y,high,373.0,,,,,28-09-2024,16:19:00,18:00:00,28-09-2024 17:58,Cnn Montana Nonprofit,Coronavirus Pandemic Late,Nominee,R,Brett M. Kavanaugh,Proud Judge Kavanaugh
541,390.0,Z,low,65.0,Y,low,7.0,X,medium,478.0,X,medium,263.0,X,low,109.0,Z,low,204.0,,,,,04-02-2024,18:36:00,21:23:00,04-02-2024 21:16,Cnn Montana Nonprofit,Turned Movie Different,Senator,D,Senator Patrick Leahy (VT),Judge Senator Leahy
542,111.0,,medium,356.0,X,high,311.0,,low,81.0,Z,low,183.0,Y,medium,239.0,Z,low,98.0,,,,,20-08-2024,20:23:00,22:51:00,20-08-2024 22:50,Amid Inflation,Warming Caused Humans,Chairman,R,Senator Chuck Grassley (IA),Chairman Grassley Appreciate
543,89.0,Z,high,318.0,X,medium,156.0,Z,high,283.0,Z,,401.0,Z,medium,429.0,Z,medium,61.0,,,,,12-10-2024,12:50:00,13:37:00,12-10-2024 13:33,Climate Action Opinion,Warming Caused Humans,Senator,D,Senator Patrick Leahy (VT),Judge Senator Leahy
544,170.0,Y,high,492.0,Y,high,,Y,low,460.0,Z,high,159.0,X,high,124.0,,low,402.0,,,,,19-07-2024,21:58:00,01:26:00,20-07-2024 01:16,Climate Action Opinion,Warming Caused Humans,Chairman,R,Senator Chuck Grassley (IA),Chairman Grassley Appreciate
545,483.0,Z,medium,493.0,Z,medium,419.0,Z,high,366.0,X,,,Y,low,491.0,,medium,260.0,,,,,14-02-2024,11:26:00,13:49:00,14-02-2024 13:44,Climate Action Opinion,Said Alicia Keys,Senator,D,Senator Patrick Leahy (VT),Executive Privilege Limit
546,231.0,Y,low,487.0,X,high,393.0,X,medium,14.0,Y,high,125.0,Z,high,319.0,X,high,257.0,,,,,25-06-2024,08:06:00,08:35:00,25-06-2024 08:30,Climate Action Opinion,Beating Forecasts Covid,Nominee,R,Brett M. Kavanaugh,Proud Judge Kavanaugh
547,131.0,Y,low,447.0,X,low,140.0,X,medium,93.0,,low,,Y,low,177.0,X,medium,60.0,,,,,02-02-2024,17:11:00,19:30:00,02-02-2024 19:20,Climate Action Opinion,Warming Caused Humans,Senator,D,Senator Patrick Leahy (VT),Judge Senator Leahy
548,256.0,Z,low,,,medium,31.0,X,high,62.0,X,medium,287.0,X,medium,311.0,X,high,,,,,,06-07-2024,06:34:00,09:47:00,06-07-2024 09:40,Climate Action Opinion,Warming Caused Humans,Nominee,R,Brett M. Kavanaugh,Proud Judge Kavanaugh
549,174.0,Z,,335.0,Z,low,141.0,X,high,457.0,X,low,487.0,X,high,349.0,X,high,131.0,,,,,26-06-2024,14:15:00,15:35:00,26-06-2024 15:25,Climate Action Opinion,Warming Caused Humans,Senator,D,Senator Patrick Leahy (VT),Judge Senator Leahy
550,332.0,X,high,,X,high,404.0,X,low,100.0,Z,high,149.0,Y,high,342.0,Y,high,299.0,,,,,06-12-2024,21:05:00,00:39:00,07-12-2024 00:34,Cnn Montana Nonprofit,Said Alicia Keys,Nominee,R,Brett M. Kavanaugh,Proud Judge Kavanaugh
551,219.0,Z,medium,396.0,Z,medium,257.0,Y,medium,27.0,Y,low,57.0,X,medium,432.0,Z,high,175.0,,,,,07-03-2024,11:00:00,13:36:00,07-03-2024 13:33,Cnn Montana Nonprofit,Warming Caused Humans,Senator,D,Senator Patrick Leahy (VT),Judge Senator Leahy
552,294.0,Y,high,482.0,Y,,379.0,Z,medium,191.0,Y,low,60.0,X,medium,330.0,X,low,113.0,,,,,22-04-2024,16:52:00,20:36:00,22-04-2024 20:30,Climate Action Opinion,Warming Caused Humans,Nominee,R,Brett M. Kavanaugh,Proud Judge Kavanaugh
553,218.0,Z,low,58.0,X,high,247.0,Y,low,141.0,Z,,245.0,Z,high,13.0,Y,low,81.0,,,,,19-01-2024,13:40:00,14:26:00,19-01-2024 14:23,Climate Action Opinion,Warming Caused Humans,Senator,D,Senator Patrick Leahy (VT),Judge Senator Leahy
554,,Y,high,68.0,Z,high,264.0,Z,medium,,Y,medium,391.0,Y,medium,188.0,Z,high,407.0,,,,,30-07-2024,16:48:00,19:32:00,30-07-2024 19:26,Climate Action Opinion,Warming Caused Humans,Nominee,R,Brett M. Kavanaugh,Kavanaugh Dissents President
555,223.0,Z,low,249.0,X,low,32.0,X,low,226.0,Z,high,356.0,Y,medium,454.0,Y,high,,,,,,08-08-2024,19:08:00,22:54:00,08-08-2024 22:47,Climate Action Opinion,Warming Caused Humans,Senator,D,Senator Patrick Leahy (VT),Judge Senator Leahy
556,196.0,Y,low,146.0,Y,high,11.0,Z,medium,450.0,X,,104.0,X,low,103.0,X,high,1.0,,,,,16-01-2024,19:40:00,22:01:00,16-01-2024 21:56,Climate Action Opinion,Warming Caused Humans,Nominee,R,Brett M. Kavanaugh,Proud Judge Kavanaugh
557,481.0,X,high,265.0,Y,high,,X,low,,X,low,417.0,Z,high,249.0,Y,,153.0,,,,,26-07-2024,07:57:00,10:07:00,26-07-2024 10:06,Voice Cnn Masai,Said Alicia Keys,Senator,D,Senator Patrick Leahy (VT),Judge Senator Leahy
558,132.0,Z,high,155.0,Z,medium,101.0,X,low,490.0,X,medium,82.0,Y,high,250.0,Z,low,444.0,,,,,23-07-2024,12:21:00,15:29:00,23-07-2024 15:22,Scammers Cnn Epik,Ravaged Nicaragua Category,Nominee,R,Brett M. Kavanaugh,Proud Judge Kavanaugh
559,402.0,X,medium,391.0,Z,medium,180.0,Y,high,331.0,Y,medium,279.0,,medium,278.0,Z,medium,,,,,,17-01-2024,06:33:00,08:01:00,17-01-2024 07:56,Climate Action Opinion,Warming Caused Humans,Senator,D,Senator Patrick Leahy (VT),Judge Senator Leahy
560,354.0,Y,medium,449.0,Z,high,184.0,Y,,191.0,Z,high,424.0,,low,434.0,Z,medium,409.0,,,,,21-02-2024,18:20:00,18:39:00,21-02-2024 18:36,Climate Action Opinion,Warming Caused Humans,Nominee,R,Brett M. Kavanaugh,Proud Judge Kavanaugh
561,263.0,Z,high,141.0,,medium,316.0,X,low,339.0,Y,high,403.0,,,269.0,Y,,102.0,,,,,13-04-2024,15:11:00,16:19:00,13-04-2024 16:13,Cnn Montana Nonprofit,Niger State Television,Senator,D,Senator Patrick Leahy (VT),Judge Senator Leahy
562,158.0,Z,high,386.0,X,medium,470.0,X,,174.0,X,low,351.0,,low,0.0,Y,medium,485.0,,,,,12-02-2024,09:23:00,10:15:00,12-02-2024 10:14,Abortion Travel,Niger State Television,Nominee,R,Brett M. Kavanaugh,Judge Senator Leahy
563,241.0,Z,low,53.0,X,low,378.0,Z,low,105.0,,low,165.0,Y,low,121.0,Z,medium,58.0,,,,,22-03-2024,19:01:00,19:48:00,22-03-2024 19:39,Scammers Cnn Epik,Niger State Television,Senator,D,Senator Patrick Leahy (VT),Judge Senator Leahy
564,,,low,398.0,Y,high,319.0,Z,high,117.0,Y,medium,383.0,,medium,315.0,Z,low,17.0,,,,,16-03-2024,16:34:00,19:24:00,16-03-2024 19:17,Cnn Montana Nonprofit,Niger State Television,Nominee,R,Brett M. Kavanaugh,Proud Judge Kavanaugh
565,90.0,Z,low,,Y,high,417.0,Z,high,,,medium,193.0,Z,medium,391.0,X,high,238.0,,,,,24-02-2024,12:52:00,14:34:00,24-02-2024 14:32,Cnn Montana Nonprofit,Niger State Television,Senator,D,Senator Patrick Leahy (VT),Judge Senator Leahy
566,293.0,X,medium,355.0,X,low,255.0,X,high,324.0,X,high,175.0,Z,medium,323.0,X,medium,218.0,,,,,15-06-2024,20:49:00,23:09:00,15-06-2024 23:03,Abortion Travel,Said Alicia Keys,Nominee,R,Brett M. Kavanaugh,Executive Privilege Limit
567,,Z,low,,X,medium,72.0,Y,,,X,high,266.0,X,high,366.0,Y,high,145.0,,,,,05-07-2024,06:06:00,09:25:00,05-07-2024 09:23,Voice Cnn Masai,Niger State Television,Senator,D,Senator Patrick Leahy (VT),Judge Senator Leahy
568,316.0,X,medium,53.0,Y,low,,Z,low,99.0,Y,low,308.0,X,low,120.0,X,low,84.0,,,,,31-10-2024,20:04:00,20:42:00,31-10-2024 20:39,Cnn Montana Nonprofit,Said Alicia Keys,Nominee,R,Brett M. Kavanaugh,Proud Judge Kavanaugh
569,72.0,Z,low,421.0,Z,medium,488.0,Y,medium,0.0,Z,medium,,X,high,47.0,Y,high,160.0,,,,,16-01-2024,14:59:00,18:01:00,16-01-2024 17:51,Abortion Travel,Niger State Television,Senator,D,Senator Patrick Leahy (VT),Judge Senator Leahy
570,254.0,Y,medium,54.0,Z,low,389.0,X,low,32.0,Z,medium,,Y,low,474.0,Y,medium,186.0,,,,,29-01-2024,17:41:00,19:30:00,29-01-2024 19:21,Voice Cnn Masai,Actor Bob Odenkirk,Nominee,R,Brett M. Kavanaugh,Proud Judge Kavanaugh
571,91.0,Z,high,240.0,Z,high,174.0,Z,low,452.0,,medium,433.0,Y,medium,281.0,Z,high,300.0,,,,,21-05-2024,07:01:00,07:40:00,21-05-2024 07:31,Abortion Travel,Niger State Television,Senator,D,Senator Patrick Leahy (VT),Judge Senator Leahy
572,464.0,Y,low,87.0,Y,,161.0,Z,medium,11.0,Z,low,141.0,Y,high,369.0,Z,low,179.0,,,,,16-01-2024,18:16:00,21:02:00,16-01-2024 20:54,Abortion Travel,International Women,Nominee,R,Brett M. Kavanaugh,Proud Judge Kavanaugh
573,175.0,Z,low,423.0,Z,high,459.0,X,,310.0,Y,high,120.0,X,high,478.0,X,low,122.0,,,,,20-07-2024,07:36:00,10:24:00,20-07-2024 10:18,Cnn Montana Nonprofit,Ravaged Nicaragua Category,Senator,D,Senator Patrick Leahy (VT),Judge Senator Leahy
574,210.0,Z,,287.0,Y,high,47.0,Z,low,163.0,Y,low,34.0,Z,medium,91.0,Z,low,298.0,,,,,03-01-2024,10:42:00,14:07:00,03-01-2024 13:59,Assassination Question,International Women,Nominee,R,Brett M. Kavanaugh,Proud Judge Kavanaugh
575,428.0,,low,253.0,Y,high,,Z,low,69.0,Z,high,203.0,Y,low,435.0,Z,medium,291.0,,,,,30-12-2024,07:46:00,08:28:00,30-12-2024 08:19,Assassination Question,Ravaged Nicaragua Category,Senator,D,Senator Patrick Leahy (VT),Executive Privilege Limit
576,213.0,X,,158.0,X,low,338.0,Y,high,149.0,X,high,85.0,Y,medium,183.0,Y,medium,218.0,,,,,24-02-2024,18:36:00,21:43:00,24-02-2024 21:33,Voice Cnn Masai,International Women,Nominee,R,Brett M. Kavanaugh,Proud Judge Kavanaugh
577,96.0,Y,high,391.0,Y,high,403.0,X,low,46.0,Y,high,465.0,Y,medium,312.0,X,low,55.0,,,,,03-05-2024,06:47:00,10:06:00,03-05-2024 09:56,Cnn Montana Nonprofit,Ravaged Nicaragua Category,Senator,D,Senator Patrick Leahy (VT),Judge Senator Leahy
578,446.0,Y,medium,105.0,X,high,164.0,Z,medium,156.0,X,low,448.0,Z,high,193.0,Z,low,482.0,,,,,24-06-2024,17:43:00,18:35:00,24-06-2024 18:34,Cnn Montana Nonprofit,Niger State Television,Nominee,R,Brett M. Kavanaugh,Proud Judge Kavanaugh
579,323.0,X,low,360.0,Y,low,324.0,Z,low,408.0,Y,medium,414.0,X,medium,99.0,X,high,259.0,,,,,12-08-2024,06:08:00,07:42:00,12-08-2024 07:35,Cnn Montana Nonprofit,Niger State Television,Senator,D,Senator Patrick Leahy (VT),Judge Senator Leahy
580,302.0,X,medium,484.0,Z,low,162.0,,high,310.0,X,low,140.0,Z,,439.0,X,high,138.0,,,,,20-10-2024,20:21:00,21:42:00,20-10-2024 21:36,Cnn Montana Nonprofit,Niger State Television,Nominee,R,Brett M. Kavanaugh,Proud Judge Kavanaugh
581,37.0,X,high,133.0,Y,high,8.0,X,medium,405.0,X,medium,345.0,,,173.0,Y,low,362.0,,,,,07-04-2024,17:19:00,20:14:00,07-04-2024 20:13,Cnnpolitics Polls Underestimating,Actor Bob Odenkirk,Senator,D,Senator Patrick Leahy (VT),Judge Senator Leahy
582,224.0,Z,low,343.0,X,medium,227.0,X,low,,Y,high,245.0,Y,low,12.0,X,high,209.0,,,,,29-12-2024,16:05:00,18:26:00,29-12-2024 18:16,Making Racism,Actor Bob Odenkirk,Nominee,R,Brett M. Kavanaugh,Proud Judge Kavanaugh
583,229.0,Y,high,154.0,Z,low,489.0,Z,low,463.0,X,medium,136.0,X,high,75.0,Y,high,82.0,,,,,30-03-2024,08:49:00,09:26:00,30-03-2024 09:18,Making Racism,Ravaged Nicaragua Category,Senator,D,Senator Patrick Leahy (VT),Judge Senator Leahy
584,131.0,Z,high,464.0,Z,medium,121.0,Y,high,54.0,Z,low,267.0,Z,medium,480.0,X,high,350.0,,,,,28-07-2024,08:46:00,11:11:00,28-07-2024 11:07,Making Racism,International Women,Nominee,R,Brett M. Kavanaugh,Proud Judge Kavanaugh
585,282.0,Z,low,449.0,Y,high,81.0,X,high,79.0,X,low,82.0,Z,medium,410.0,X,low,,,,,,18-04-2024,17:48:00,20:54:00,18-04-2024 20:45,Making Racism,Ravaged Nicaragua Category,Senator,D,Senator Patrick Leahy (VT),Judge Senator Leahy
586,122.0,,medium,156.0,X,medium,460.0,Y,high,,X,low,480.0,Y,low,332.0,Z,medium,138.0,,,,,09-09-2024,07:37:00,10:11:00,09-09-2024 10:09,Making Racism,International Women,Nominee,R,Brett M. Kavanaugh,Kavanaugh Dissents President
587,235.0,Z,low,,X,medium,,Z,low,261.0,Y,medium,81.0,Z,medium,389.0,X,low,331.0,,,,,27-08-2024,09:09:00,11:25:00,27-08-2024 11:19,Making Racism,Actor Bob Odenkirk,Senator,D,Senator Patrick Leahy (VT),Judge Senator Leahy
588,400.0,X,medium,41.0,X,medium,423.0,,high,391.0,Y,medium,150.0,Z,medium,324.0,Y,low,361.0,,,,,07-04-2024,11:55:00,13:26:00,07-04-2024 13:18,Making Racism,Said Alicia Keys,Nominee,R,Brett M. Kavanaugh,Proud Judge Kavanaugh
589,367.0,Y,high,348.0,Z,low,488.0,Y,medium,60.0,Y,high,110.0,Z,low,455.0,Z,high,495.0,,,,,01-06-2024,12:56:00,15:29:00,01-06-2024 15:19,Making Racism,Actor Bob Odenkirk,Senator,D,Senator Patrick Leahy (VT),Judge Senator Leahy
590,139.0,Z,high,459.0,X,low,495.0,X,high,55.0,Z,low,260.0,X,high,,Y,high,354.0,,,,,26-05-2024,21:00:00,00:32:00,27-05-2024 00:28,Assassination Question,Actor Bob Odenkirk,Nominee,R,Brett M. Kavanaugh,Proud Judge Kavanaugh
591,,,low,72.0,Y,medium,,X,medium,397.0,Y,,336.0,Z,high,31.0,X,,115.0,,,,,26-05-2024,15:03:00,18:49:00,26-05-2024 18:40,Basketball Legend Says,Point Tally Nba,Senator,D,Senator Patrick Leahy (VT),Judge Senator Leahy
592,2.0,Z,medium,408.0,Z,low,482.0,Y,medium,274.0,Y,,479.0,X,low,347.0,Z,medium,356.0,,,,,04-04-2024,06:54:00,07:29:00,04-04-2024 07:24,Making Racism,Lomachenko,Nominee,R,Brett M. Kavanaugh,Proud Judge Kavanaugh
593,172.0,Y,low,377.0,Z,high,,Z,medium,,Z,high,194.0,Y,low,482.0,Z,low,,,,,,30-05-2024,08:09:00,09:40:00,30-05-2024 09:32,Cnnpolitics Polls Underestimating,2020 Presidential Election,Senator,D,Senator Patrick Leahy (VT),Judge Senator Leahy
594,9.0,,low,235.0,X,medium,157.0,Z,low,111.0,Y,low,100.0,X,medium,290.0,X,high,337.0,,,,,20-07-2024,15:16:00,18:05:00,20-07-2024 18:01,Making Racism,International Women,Nominee,R,Brett M. Kavanaugh,Kavanaugh Dissents President
595,64.0,Z,high,111.0,Z,medium,229.0,X,high,347.0,X,,10.0,X,high,483.0,Z,medium,373.0,,,,,08-08-2024,14:45:00,15:15:00,08-08-2024 15:10,Making Racism,Actor Bob Odenkirk,Senator,D,Senator Patrick Leahy (VT),Judge Senator Leahy
596,489.0,,,326.0,Z,medium,190.0,X,medium,401.0,Y,medium,298.0,Z,low,200.0,X,low,408.0,,,,,30-09-2024,06:53:00,08:59:00,30-09-2024 08:57,Cnn Montana Nonprofit,Actor Bob Odenkirk,Nominee,R,Brett M. Kavanaugh,Analyze Senator
597,427.0,Y,medium,297.0,Y,high,254.0,Y,low,15.0,Z,,489.0,Y,high,337.0,Z,high,284.0,,,,,18-07-2024,20:14:00,22:36:00,18-07-2024 22:29,Abortion Travel,Niger State Television,Senator,D,Senator Patrick Leahy (VT),Judge Senator Leahy
598,279.0,Y,high,405.0,X,medium,,X,,26.0,X,medium,31.0,Z,medium,254.0,X,low,497.0,,,,,12-02-2024,15:45:00,18:43:00,12-02-2024 18:36,Amid Inflation,Ravaged Nicaragua Category,Nominee,R,Brett M. Kavanaugh,Proud Judge Kavanaugh
599,387.0,X,high,282.0,Z,low,120.0,X,low,388.0,Z,low,498.0,X,medium,440.0,X,low,322.0,,,,,26-07-2024,21:28:00,21:53:00,26-07-2024 21:52,Assassination Question,Ravaged Nicaragua Category,Senator,D,Senator Patrick Leahy (VT),Judge Senator Leahy
600,244.0,Y,low,24.0,Y,medium,7.0,Y,high,441.0,Y,,131.0,Z,low,323.0,X,high,27.0,,,,,15-07-2024,17:51:00,19:34:00,15-07-2024 19:33,Cnn Montana Nonprofit,Niger State Television,Nominee,R,Brett M. Kavanaugh,Proud Judge Kavanaugh
601,300.0,Y,low,101.0,Y,low,301.0,Z,low,114.0,X,high,454.0,Z,medium,219.0,Z,medium,86.0,,,,,26-06-2024,20:46:00,23:03:00,26-06-2024 23:01,Abortion Travel,Niger State Television,Senator,D,Senator Patrick Leahy (VT),Judge Senator Leahy
602,458.0,X,medium,190.0,Y,medium,,Y,,352.0,,low,34.0,,high,122.0,Y,high,248.0,,,,,09-03-2024,13:14:00,14:43:00,09-03-2024 14:33,Abortion Travel,Actor Bob Odenkirk,Nominee,R,Brett M. Kavanaugh,Proud Judge Kavanaugh
603,39.0,Y,high,245.0,X,medium,430.0,Z,medium,421.0,Y,low,445.0,,low,156.0,Y,low,217.0,,,,,26-11-2024,09:07:00,11:46:00,26-11-2024 11:45,Apology Cnn Vatican,2020 Presidential Election,Senator,D,Senator Patrick Leahy (VT),Judge Senator Leahy
604,,X,low,174.0,Y,medium,5.0,X,high,56.0,Z,medium,165.0,X,medium,37.0,X,,406.0,,,,,17-09-2024,10:10:00,11:01:00,17-09-2024 10:59,Apology Cnn Vatican,Actor Bob Odenkirk,Nominee,R,Brett M. Kavanaugh,Kavanaugh Dissents President
605,59.0,Y,medium,439.0,X,medium,299.0,Y,low,92.0,X,high,137.0,Y,low,77.0,X,medium,336.0,,,,,02-06-2024,09:36:00,10:49:00,02-06-2024 10:47,Apology Cnn Vatican,Pennsylvania Investigation Abuse,Senator,D,Senator Patrick Leahy (VT),Judge Senator Leahy
606,397.0,X,high,140.0,X,medium,265.0,Y,low,65.0,X,medium,103.0,Y,low,254.0,Z,low,0.0,,,,,23-05-2024,15:52:00,16:08:00,23-05-2024 16:04,Apology Cnn Vatican,Actor Bob Odenkirk,Nominee,R,Brett M. Kavanaugh,Proud Judge Kavanaugh
607,411.0,Z,high,340.0,Y,high,212.0,Z,low,395.0,X,low,66.0,Y,low,15.0,Z,low,227.0,,,,,30-12-2024,19:33:00,20:48:00,30-12-2024 20:46,Apology Cnn Vatican,Actor Bob Odenkirk,Senator,D,Senator Patrick Leahy (VT),Judge Senator Leahy
608,360.0,Z,medium,180.0,X,high,334.0,,low,385.0,Y,low,399.0,X,high,235.0,Z,low,272.0,,,,,12-05-2024,14:47:00,15:22:00,12-05-2024 15:21,Apology Cnn Vatican,Actor Bob Odenkirk,Nominee,R,Brett M. Kavanaugh,Proud Judge Kavanaugh
609,304.0,Z,high,496.0,Z,high,213.0,Z,medium,67.0,Z,low,34.0,Y,high,20.0,,,,,,,,29-02-2024,09:03:00,12:17:00,29-02-2024 12:07,Apology Cnn Vatican,Actor Bob Odenkirk,Senator,D,Senator Patrick Leahy (VT),Judge Senator Leahy
610,238.0,Z,high,458.0,Z,low,457.0,Z,,87.0,Z,high,231.0,Y,low,80.0,Z,medium,,,,,,14-06-2024,09:19:00,09:37:00,14-06-2024 09:33,Apology Cnn Vatican,Ravaged Nicaragua Category,Nominee,R,Brett M. Kavanaugh,Proud Judge Kavanaugh
611,11.0,X,high,392.0,Y,medium,453.0,Z,high,331.0,Y,low,474.0,Y,high,345.0,Y,,90.0,,,,,21-05-2024,16:15:00,17:47:00,21-05-2024 17:40,Voice Cnn Masai,Actor Bob Odenkirk,Senator,D,Senator Patrick Leahy (VT),Judge Senator Leahy
612,387.0,Y,high,382.0,Y,low,,Y,medium,448.0,,high,202.0,X,medium,14.0,X,,95.0,,,,,02-06-2024,12:47:00,15:05:00,02-06-2024 15:04,Apology Cnn Vatican,Ravaged Nicaragua Category,Nominee,R,Brett M. Kavanaugh,Proud Judge Kavanaugh
613,446.0,X,high,321.0,X,medium,229.0,,,389.0,Y,low,413.0,Y,high,168.0,X,high,157.0,,,,,22-11-2024,19:08:00,21:09:00,22-11-2024 21:06,Apology Cnn Vatican,Beating Forecasts Covid,Senator,D,Senator Patrick Leahy (VT),Judge Senator Leahy
614,482.0,X,low,293.0,X,high,298.0,Y,low,83.0,X,,346.0,Z,medium,95.0,Y,high,200.0,,,,,26-05-2024,08:03:00,09:27:00,26-05-2024 09:20,Apology Cnn Vatican,Actor Bob Odenkirk,Nominee,R,Brett M. Kavanaugh,Proud Judge Kavanaugh
615,170.0,Y,low,281.0,Z,medium,450.0,Y,low,193.0,Y,high,397.0,Y,high,27.0,Y,,54.0,,,,,02-04-2024,09:40:00,13:37:00,02-04-2024 13:35,Apology Cnn Vatican,Actor Bob Odenkirk,Senator,D,Senator Patrick Leahy (VT),Judge Senator Leahy
616,100.0,Y,medium,13.0,Y,high,150.0,X,high,33.0,Z,high,473.0,X,low,104.0,X,low,394.0,,,,,28-10-2024,15:23:00,17:29:00,28-10-2024 17:27,Apology Cnn Vatican,Actor Bob Odenkirk,Nominee,R,Brett M. Kavanaugh,Proud Judge Kavanaugh
617,326.0,X,high,,Z,high,,X,medium,122.0,Y,low,48.0,Z,low,56.0,Y,high,33.0,,,,,22-05-2024,09:01:00,12:35:00,22-05-2024 12:25,Apology Cnn Vatican,Turned Movie Different,Senator,D,Senator Patrick Leahy (VT),Judge Senator Leahy
618,8.0,X,high,,X,high,295.0,Z,medium,,X,low,,X,,40.0,X,low,33.0,,,,,05-06-2024,11:29:00,12:36:00,05-06-2024 12:35,Apology Cnn Vatican,Actor Bob Odenkirk,Nominee,R,Brett M. Kavanaugh,Proud Judge Kavanaugh
619,30.0,Y,high,263.0,X,high,31.0,Y,medium,172.0,X,low,160.0,Z,high,332.0,Z,medium,63.0,,,,,02-07-2024,14:27:00,18:24:00,02-07-2024 18:14,Assassination Question,Ravaged Nicaragua Category,Chairman,R,Senator Chuck Grassley (IA),Chairman Grassley Appreciate
620,410.0,X,low,435.0,Y,high,374.0,Z,medium,303.0,Z,medium,33.0,X,low,62.0,Y,low,67.0,,,,,06-09-2024,11:13:00,14:59:00,06-09-2024 14:53,Apology Cnn Vatican,Ravaged Nicaragua Category,Senator,D,Senator Patrick Leahy (VT),Judge Senator Leahy
621,478.0,X,high,201.0,Z,high,101.0,X,high,148.0,,high,53.0,X,low,469.0,Y,low,282.0,,,,,20-09-2024,20:42:00,21:06:00,20-09-2024 20:57,Bob Baffert Suspended,Said Alicia Keys,Chairman,R,Senator Chuck Grassley (IA),Chairman Grassley Appreciate
622,201.0,Y,,56.0,Y,low,257.0,Z,low,281.0,X,high,54.0,Y,high,243.0,Y,medium,409.0,,,,,05-03-2024,13:07:00,16:28:00,05-03-2024 16:22,Abortion Travel,Niger State Television,Senator,D,Senator Patrick Leahy (VT),Judge Senator Leahy
623,253.0,X,low,417.0,Z,low,475.0,Z,medium,316.0,Y,high,474.0,Z,medium,203.0,,low,471.0,,,,,22-05-2024,21:03:00,00:53:00,23-05-2024 00:45,Scammers Cnn Epik,Coronavirus Pandemic Late,Chairman,R,Senator Chuck Grassley (IA),Chairman Grassley Appreciate
624,,Z,high,254.0,X,medium,389.0,Y,low,97.0,Z,low,428.0,Y,high,437.0,,high,,,,,,10-11-2024,07:09:00,07:45:00,10-11-2024 07:37,Voice Cnn Masai,Said Alicia Keys,Senator,D,Senator Patrick Leahy (VT),Judge Senator Leahy
625,69.0,Z,high,470.0,Z,high,349.0,Y,low,22.0,X,medium,294.0,X,medium,388.0,Y,medium,342.0,,,,,02-01-2024,06:26:00,08:26:00,02-01-2024 08:16,Abortion Travel,Ravaged Nicaragua Category,Chairman,R,Senator Chuck Grassley (IA),Executive Privilege Limit
626,111.0,Z,medium,106.0,Y,medium,34.0,Z,high,169.0,X,high,422.0,Z,low,,Z,high,295.0,,,,,25-10-2024,19:23:00,20:31:00,25-10-2024 20:27,Abortion Travel,Niger State Television,Senator,D,Senator Patrick Leahy (VT),Executive Privilege Limit
627,149.0,X,low,239.0,X,low,429.0,Y,high,20.0,Y,high,171.0,X,medium,486.0,Y,low,154.0,,,,,18-02-2024,08:48:00,09:37:00,18-02-2024 09:33,Abortion Travel,Said Alicia Keys,Chairman,R,Senator Chuck Grassley (IA),Klobuchar Mr Chairman
628,,Y,low,333.0,Y,high,167.0,Z,,79.0,Y,low,237.0,,low,265.0,X,high,208.0,,,,,02-02-2024,07:32:00,09:28:00,02-02-2024 09:26,Abortion Travel,Said Alicia Keys,Senator,D,Senator Patrick Leahy (VT),Judge Senator Leahy
629,,Z,high,68.0,Z,high,25.0,X,low,143.0,Y,low,,X,medium,354.0,Y,low,436.0,,,,,21-08-2024,07:39:00,08:39:00,21-08-2024 08:34,Abortion Travel,International Women,Chairman,R,Senator Chuck Grassley (IA),Chairman Grassley Appreciate
630,360.0,Y,low,498.0,Z,medium,479.0,X,low,169.0,Z,low,73.0,Z,high,484.0,Z,medium,52.0,,,,,01-12-2024,14:44:00,16:13:00,01-12-2024 16:05,Amid Inflation,2020 Presidential Election,Nominee,R,Brett M. Kavanaugh,Proud Judge Kavanaugh
631,97.0,X,medium,304.0,X,high,95.0,X,medium,138.0,Z,high,73.0,Y,low,361.0,Z,medium,412.0,,,,,21-06-2024,20:44:00,00:16:00,22-06-2024 00:07,Bob Baffert Suspended,Ravaged Nicaragua Category,Senator,D,Senator Dianne Feinstein (CA),Chairman Senator Feinstein
632,476.0,Z,low,85.0,Z,high,161.0,,,26.0,Y,medium,263.0,,low,295.0,X,high,,,,,,12-04-2024,20:37:00,22:46:00,12-04-2024 22:42,Abortion Travel,International Women,Senator,D,Senator Patrick Leahy (VT),Judge Senator Leahy
633,441.0,X,low,370.0,X,high,71.0,Z,high,88.0,,high,126.0,Y,high,307.0,Z,,28.0,,,,,21-12-2024,16:29:00,18:23:00,21-12-2024 18:15,Voice Cnn Masai,Said Alicia Keys,Nominee,R,Brett M. Kavanaugh,Proud Judge Kavanaugh
634,237.0,Z,high,439.0,Y,low,310.0,Z,high,441.0,X,high,334.0,X,low,327.0,Z,low,120.0,,,,,26-02-2024,16:09:00,19:01:00,26-02-2024 18:51,Abortion Travel,Niger State Television,Senator,D,Senator Dianne Feinstein (CA),Chairman Senator Feinstein
635,112.0,X,high,186.0,,low,433.0,Y,high,358.0,,high,317.0,Y,medium,488.0,X,low,155.0,,,,,11-01-2024,08:33:00,11:30:00,11-01-2024 11:25,Scammers Cnn Epik,Said Alicia Keys,Senator,D,Senator Patrick Leahy (VT),Executive Privilege Limit
636,488.0,Z,medium,,Z,medium,259.0,Y,high,,X,medium,166.0,Y,,350.0,Y,high,456.0,,,,,31-03-2024,15:39:00,19:34:00,31-03-2024 19:28,Assassination Question,Ravaged Nicaragua Category,Senator,R,Senator John Cornyn (TX),Chairman Ask Question
637,404.0,X,medium,373.0,Y,high,434.0,Z,low,11.0,Y,medium,57.0,Z,low,149.0,Z,medium,,,,,,17-09-2024,21:29:00,22:33:00,17-09-2024 22:29,Assassination Question,Actor Bob Odenkirk,Chairman,R,Senator Chuck Grassley (IA),Analyze Senator
638,,Z,medium,72.0,,high,468.0,Y,medium,179.0,X,low,41.0,Z,low,10.0,X,low,387.0,,,,,31-10-2024,19:53:00,22:22:00,31-10-2024 22:21,Cnn Montana Nonprofit,Coronavirus Pandemic Late,Nominee,R,Brett M. Kavanaugh,Proud Judge Kavanaugh
639,133.0,Y,medium,265.0,Y,low,436.0,Y,medium,462.0,Y,high,221.0,Y,high,391.0,Z,,300.0,,,,,03-07-2024,21:11:00,23:49:00,03-07-2024 23:42,Abortion Travel,Said Alicia Keys,Senator,D,Senator Patrick Leahy (VT),Executive Privilege Limit
640,,,high,,Z,high,81.0,X,medium,404.0,X,high,160.0,X,high,244.0,Y,low,40.0,,,,,20-09-2024,17:09:00,17:35:00,20-09-2024 17:31,Voice Cnn Masai,Actor Bob Odenkirk,Nominee,R,Brett M. Kavanaugh,Proud Judge Kavanaugh
641,185.0,Z,high,150.0,Z,medium,103.0,X,high,378.0,Z,medium,16.0,X,high,207.0,X,low,333.0,,,,,19-06-2024,19:22:00,21:27:00,19-06-2024 21:20,Assassination Question,Actor Bob Odenkirk,Senator,D,Senator Patrick Leahy (VT),Judge Senator Leahy
642,337.0,Z,low,149.0,X,high,149.0,Z,high,124.0,Y,medium,345.0,Y,low,467.0,X,medium,317.0,,,,,21-10-2024,12:13:00,13:53:00,21-10-2024 13:44,Making Racism,2020 Presidential Election,Nominee,R,Brett M. Kavanaugh,Proud Judge Kavanaugh
643,416.0,Z,low,314.0,Y,high,319.0,Z,medium,201.0,Z,high,478.0,Y,,,,high,435.0,,,,,24-04-2024,19:06:00,22:10:00,24-04-2024 22:06,Making Racism,Ravaged Nicaragua Category,Senator,D,Senator Patrick Leahy (VT),Judge Senator Leahy
644,244.0,Y,high,375.0,X,low,431.0,,medium,14.0,Y,medium,489.0,Y,high,18.0,Z,high,460.0,,,,,29-08-2024,16:14:00,17:47:00,29-08-2024 17:46,Making Racism,Actor Bob Odenkirk,Nominee,R,Brett M. Kavanaugh,Kavanaugh Dissents President
645,24.0,,medium,194.0,Y,medium,156.0,Z,high,429.0,X,high,58.0,,high,369.0,Z,low,293.0,,,,,29-06-2024,06:15:00,07:34:00,29-06-2024 07:30,Cnnpolitics Polls Underestimating,2020 Presidential Election,Senator,D,Senator Patrick Leahy (VT),Judge Senator Leahy
646,281.0,,medium,73.0,Y,low,333.0,Z,low,56.0,Z,low,95.0,Z,medium,462.0,X,high,,,,,,23-08-2024,11:29:00,14:14:00,23-08-2024 14:05,Abortion Travel,Said Alicia Keys,Nominee,R,Brett M. Kavanaugh,Kavanaugh Dissents President
647,429.0,X,high,393.0,Z,medium,93.0,X,low,309.0,,low,215.0,Y,medium,414.0,Z,high,69.0,,,,,10-02-2024,11:18:00,13:39:00,10-02-2024 13:31,Abortion Travel,Said Alicia Keys,Senator,D,Senator Patrick Leahy (VT),Judge Senator Leahy
648,111.0,X,medium,86.0,X,high,271.0,Z,medium,141.0,Z,high,457.0,X,low,435.0,Z,low,306.0,,,,,10-09-2024,12:37:00,13:24:00,10-09-2024 13:18,Voice Cnn Masai,Actor Bob Odenkirk,Nominee,R,Brett M. Kavanaugh,Proud Judge Kavanaugh
649,479.0,X,medium,,Z,high,389.0,Z,,285.0,Z,high,287.0,Y,low,431.0,X,medium,288.0,,,,,06-01-2024,17:37:00,21:02:00,06-01-2024 20:54,Making Racism,Ravaged Nicaragua Category,Senator,D,Senator Patrick Leahy (VT),Judge Senator Leahy
650,181.0,Y,medium,161.0,Z,high,197.0,X,medium,413.0,Z,low,228.0,X,medium,342.0,X,medium,,,,,,02-10-2024,14:34:00,14:58:00,02-10-2024 14:57,Voice Cnn Masai,Turned Movie Different,Nominee,R,Brett M. Kavanaugh,Kavanaugh Dissents President
651,342.0,Z,low,409.0,Y,medium,81.0,X,medium,156.0,Y,high,462.0,Y,low,460.0,X,medium,269.0,,,,,15-12-2024,21:34:00,23:52:00,15-12-2024 23:46,Abortion Travel,Ravaged Nicaragua Category,Senator,D,Senator Patrick Leahy (VT),Judge Senator Leahy
652,350.0,Y,high,378.0,Y,low,205.0,Z,medium,8.0,Y,low,331.0,Y,high,170.0,Z,medium,340.0,,,,,02-01-2024,20:20:00,22:48:00,02-01-2024 22:45,Abortion Travel,Niger State Television,Nominee,R,Brett M. Kavanaugh,Proud Judge Kavanaugh
653,91.0,X,high,153.0,,medium,381.0,X,medium,331.0,Y,high,492.0,Y,low,372.0,Y,medium,207.0,,,,,07-06-2024,16:09:00,18:45:00,07-06-2024 18:39,Voice Cnn Masai,Ravaged Nicaragua Category,Senator,D,Senator Patrick Leahy (VT),Executive Privilege Limit
654,,Y,high,259.0,X,medium,467.0,X,high,266.0,Y,low,431.0,,medium,46.0,X,medium,333.0,,,,,10-12-2024,10:43:00,12:20:00,10-12-2024 12:13,Assassination Question,Actor Bob Odenkirk,Chairman,R,Senator Chuck Grassley (IA),Executive Privilege Limit
655,474.0,X,medium,479.0,Z,medium,308.0,X,low,69.0,Z,medium,499.0,X,medium,263.0,Z,medium,372.0,,,,,09-08-2024,16:41:00,19:02:00,09-08-2024 19:00,Assassination Question,2020 Presidential Election,Senator,D,Senator Patrick Leahy (VT),Judge Senator Leahy
656,350.0,Y,low,359.0,Y,low,335.0,X,medium,24.0,Y,high,278.0,X,,145.0,Z,medium,294.0,,,,,08-03-2024,16:51:00,19:33:00,08-03-2024 19:28,Voice Cnn Masai,Actor Bob Odenkirk,Chairman,R,Senator Chuck Grassley (IA),Chairman Grassley Appreciate
657,315.0,Z,medium,379.0,X,high,209.0,Y,high,262.0,X,high,187.0,Z,medium,469.0,Z,medium,199.0,,,,,20-02-2024,15:42:00,19:28:00,20-02-2024 19:27,Apology Cnn Vatican,Turned Movie Different,Senator,D,Senator Patrick Leahy (VT),Proud Judge Kavanaugh
658,151.0,X,low,43.0,Y,,464.0,Y,low,306.0,Y,,30.0,Y,high,218.0,Z,,132.0,,,,,19-11-2024,09:17:00,12:29:00,19-11-2024 12:22,Apology Cnn Vatican,Actor Bob Odenkirk,Chairman,R,Senator Chuck Grassley (IA),Chairman Grassley Appreciate
659,54.0,Z,high,120.0,Z,medium,,Z,medium,58.0,Z,low,364.0,X,low,,Z,medium,330.0,,,,,09-03-2024,21:21:00,00:45:00,10-03-2024 00:36,Voice Cnn Masai,Coronavirus Pandemic Late,Senator,D,Senator Patrick Leahy (VT),Judge Senator Leahy
660,135.0,X,medium,52.0,Z,low,486.0,X,high,299.0,X,high,132.0,Z,low,284.0,X,high,,,,,,15-04-2024,16:45:00,18:31:00,15-04-2024 18:21,Apology Cnn Vatican,Ravaged Nicaragua Category,Nominee,R,Brett M. Kavanaugh,Proud Judge Kavanaugh
661,273.0,Z,low,489.0,X,,,X,medium,222.0,Y,high,5.0,X,low,38.0,X,,,,,,,07-07-2024,21:49:00,01:48:00,08-07-2024 01:42,Amid Inflation,2020 Presidential Election,Senator,D,Senator Patrick Leahy (VT),Judge Senator Leahy
662,346.0,X,medium,171.0,Z,medium,273.0,Y,,68.0,Z,,401.0,Y,low,63.0,X,high,251.0,,,,,03-07-2024,16:46:00,20:18:00,03-07-2024 20:13,Reunion Netflix Cnn,Niger State Television,Nominee,R,Brett M. Kavanaugh,Kavanaugh Dissents President
663,159.0,X,high,249.0,,medium,480.0,Z,low,308.0,X,low,212.0,Z,high,215.0,Y,high,456.0,,,,,04-07-2024,13:25:00,15:34:00,04-07-2024 15:29,Apology Cnn Vatican,Actor Bob Odenkirk,Senator,D,Senator Patrick Leahy (VT),Judge Senator Leahy
664,107.0,Y,low,275.0,X,,,Y,low,322.0,Z,,276.0,Y,low,315.0,Y,high,148.0,,,,,14-04-2024,17:09:00,20:58:00,14-04-2024 20:50,Amid Inflation,Beating Forecasts Covid,Chairman,R,Senator Chuck Grassley (IA),Chairman Grassley Appreciate
665,124.0,Y,medium,261.0,Y,high,300.0,Z,low,77.0,Z,medium,391.0,Z,low,291.0,Y,medium,403.0,,,,,08-07-2024,12:21:00,14:17:00,08-07-2024 14:15,Assassination Question,Ravaged Nicaragua Category,Senator,D,Senator Patrick Leahy (VT),Judge Senator Leahy
666,480.0,Y,high,26.0,Z,medium,328.0,X,high,336.0,X,medium,164.0,Y,high,27.0,Z,high,127.0,,,,,09-02-2024,20:48:00,23:13:00,09-02-2024 23:11,Cnn Montana Nonprofit,Warming Caused Humans,Chairman,R,Senator Chuck Grassley (IA),Chairman Grassley Appreciate
667,,X,high,454.0,X,low,92.0,Y,low,111.0,Z,low,408.0,Y,high,339.0,Z,high,128.0,,,,,10-08-2024,15:18:00,15:49:00,10-08-2024 15:46,Scammers Cnn Epik,Niger State Television,Senator,D,Senator Patrick Leahy (VT),Judge Senator Leahy
668,495.0,Z,high,190.0,Y,low,419.0,Y,high,298.0,Y,high,291.0,Y,low,,Z,low,140.0,,,,,28-12-2024,13:53:00,16:32:00,28-12-2024 16:26,Voice Cnn Masai,Ravaged Nicaragua Category,Nominee,R,Brett M. Kavanaugh,Kavanaugh Dissents President
669,3.0,Z,medium,459.0,Y,low,181.0,X,high,406.0,X,high,283.0,Y,medium,407.0,Y,low,26.0,,,,,05-11-2024,11:26:00,13:03:00,05-11-2024 12:56,Voice Cnn Masai,International Women,Senator,D,Senator Patrick Leahy (VT),Judge Senator Leahy
670,229.0,Z,medium,382.0,X,low,329.0,X,high,468.0,X,low,134.0,Y,low,19.0,X,,230.0,,,,,13-03-2024,06:29:00,08:46:00,13-03-2024 08:45,Cnn Montana Nonprofit,Niger State Television,Nominee,R,Brett M. Kavanaugh,Kavanaugh Dissents President
671,228.0,Z,medium,,X,high,422.0,X,high,127.0,X,medium,394.0,Z,low,13.0,Y,medium,176.0,,,,,14-06-2024,13:05:00,14:20:00,14-06-2024 14:12,Making Racism,Turned Movie Different,Senator,D,Senator Patrick Leahy (VT),Judge Senator Leahy
672,200.0,Z,medium,351.0,Y,low,57.0,Y,medium,,Y,medium,120.0,Z,high,258.0,,high,115.0,,,,,05-03-2024,19:30:00,20:01:00,05-03-2024 19:51,Making Racism,Lomachenko,Chairman,R,Senator Chuck Grassley (IA),Chairman Grassley Appreciate
673,195.0,X,,489.0,X,high,150.0,X,,47.0,X,high,309.0,Y,medium,401.0,Z,medium,378.0,,,,,03-03-2024,08:01:00,09:40:00,03-03-2024 09:31,Cnn Montana Nonprofit,Niger State Television,Senator,D,Senator Patrick Leahy (VT),Judge Senator Leahy
674,39.0,Y,low,151.0,X,medium,471.0,X,medium,484.0,Y,medium,414.0,Y,,382.0,Z,high,258.0,,,,,04-08-2024,09:03:00,12:36:00,04-08-2024 12:30,Voice Cnn Masai,Turned Movie Different,Chairman,R,Senator Chuck Grassley (IA),Chairman Grassley Appreciate
675,16.0,Z,high,164.0,X,medium,180.0,Z,low,165.0,Z,high,58.0,Y,low,300.0,Y,low,97.0,,,,,08-03-2024,20:45:00,00:36:00,09-03-2024 00:27,Voice Cnn Masai,Turned Movie Different,Senator,R,Senator Lindsey Graham (SC),Senator Graham Citizens
676,389.0,X,medium,335.0,X,high,330.0,X,high,401.0,Z,high,200.0,Z,low,89.0,Z,medium,96.0,,,,,02-04-2024,21:21:00,23:42:00,02-04-2024 23:37,Apology Cnn Vatican,Actor Bob Odenkirk,Nominee,R,Brett M. Kavanaugh,Proud Judge Kavanaugh
677,220.0,Y,medium,116.0,,high,280.0,Z,high,467.0,Z,medium,338.0,Y,medium,476.0,Y,high,404.0,,,,,27-10-2024,21:35:00,23:11:00,27-10-2024 23:03,Voice Cnn Masai,Ravaged Nicaragua Category,Senator,R,Senator Lindsey Graham (SC),Senator Graham Citizens
678,81.0,X,medium,401.0,X,low,434.0,Y,high,237.0,Y,medium,136.0,Y,medium,10.0,X,low,135.0,,,,,07-04-2024,14:32:00,15:44:00,07-04-2024 15:42,Abortion Travel,Niger State Television,Nominee,R,Brett M. Kavanaugh,Proud Judge Kavanaugh
679,,Z,medium,14.0,,high,255.0,X,,346.0,Z,high,13.0,Y,high,173.0,Z,high,197.0,,,,,02-02-2024,19:20:00,22:04:00,02-02-2024 22:01,Voice Cnn Masai,Niger State Television,Senator,R,Senator Lindsey Graham (SC),Senator Graham Citizens
680,466.0,Z,high,448.0,Z,low,212.0,Y,low,236.0,Y,medium,204.0,Y,low,377.0,X,low,59.0,,,,,27-03-2024,09:56:00,12:08:00,27-03-2024 12:05,Assassination Question,Ravaged Nicaragua Category,Nominee,R,Brett M. Kavanaugh,Proud Judge Kavanaugh
681,233.0,X,medium,173.0,Y,medium,8.0,Y,medium,287.0,X,high,248.0,Y,medium,308.0,Y,high,402.0,,,,,12-06-2024,21:33:00,00:37:00,13-06-2024 00:34,Assassination Question,Ravaged Nicaragua Category,Senator,R,Senator Lindsey Graham (SC),Senator Graham Citizens
682,495.0,Z,medium,,Z,medium,237.0,X,high,124.0,Z,low,460.0,Z,medium,395.0,Z,,178.0,,,,,07-06-2024,20:50:00,00:36:00,08-06-2024 00:35,Assassination Question,Actor Bob Odenkirk,Nominee,R,Brett M. Kavanaugh,Proud Judge Kavanaugh
683,80.0,Y,medium,301.0,X,low,292.0,X,high,420.0,X,medium,403.0,Z,high,383.0,X,medium,352.0,,,,,07-03-2024,19:17:00,19:37:00,07-03-2024 19:29,Assassination Question,Ravaged Nicaragua Category,Senator,R,Senator Lindsey Graham (SC),Analyze Senator
684,61.0,Z,low,137.0,Z,medium,,Z,medium,61.0,Z,,90.0,X,medium,469.0,,high,202.0,,,,,20-02-2024,21:48:00,23:58:00,20-02-2024 23:56,Assassination Question,Ravaged Nicaragua Category,Nominee,R,Brett M. Kavanaugh,Kavanaugh Dissents President
685,281.0,X,low,152.0,X,medium,390.0,X,high,,,medium,138.0,X,medium,258.0,Z,medium,400.0,,,,,15-03-2024,13:58:00,14:22:00,15-03-2024 14:12,Cnn Montana Nonprofit,Ravaged Nicaragua Category,Senator,R,Senator Lindsey Graham (SC),Senator Graham Citizens
686,341.0,X,,240.0,X,high,388.0,Z,low,459.0,Z,high,92.0,Z,medium,410.0,Y,,201.0,,,,,15-05-2024,11:00:00,13:23:00,15-05-2024 13:16,Cnnpolitics Polls Underestimating,Ravaged Nicaragua Category,Nominee,R,Brett M. Kavanaugh,Kavanaugh Dissents President
687,490.0,Z,,289.0,Z,high,229.0,X,medium,405.0,X,low,455.0,X,medium,77.0,,high,447.0,,,,,25-07-2024,11:54:00,15:30:00,25-07-2024 15:25,Cnn Montana Nonprofit,Niger State Television,Senator,R,Senator Lindsey Graham (SC),Proud Judge Kavanaugh
688,232.0,,,68.0,Y,medium,39.0,Y,low,379.0,Y,high,176.0,Y,high,87.0,Z,high,362.0,,,,,25-11-2024,07:39:00,10:45:00,25-11-2024 10:44,Voice Cnn Masai,Ravaged Nicaragua Category,Nominee,R,Brett M. Kavanaugh,Kavanaugh Dissents President
689,100.0,X,low,24.0,Z,high,127.0,X,high,328.0,Y,low,,Y,low,24.0,Z,low,240.0,,,,,18-02-2024,12:57:00,14:40:00,18-02-2024 14:36,Voice Cnn Masai,Turned Movie Different,Senator,R,Senator Lindsey Graham (SC),Senator Graham Citizens
690,270.0,X,high,,Z,,203.0,Z,,472.0,Y,medium,,X,medium,102.0,X,medium,241.0,,,,,28-07-2024,15:05:00,15:43:00,28-07-2024 15:37,Cnn Montana Nonprofit,Niger State Television,Nominee,R,Brett M. Kavanaugh,Proud Judge Kavanaugh
691,153.0,Y,medium,177.0,Y,,,,medium,432.0,Y,medium,279.0,Y,low,55.0,Z,high,310.0,,,,,07-03-2024,10:38:00,14:01:00,07-03-2024 13:55,New Covid Lockdowns,Coronavirus Pandemic Late,Senator,R,Senator Lindsey Graham (SC),Senator Graham Citizens
692,89.0,X,high,291.0,X,high,384.0,Z,high,,Y,low,37.0,Y,low,412.0,Z,medium,,,,,,23-06-2024,15:32:00,19:31:00,23-06-2024 19:22,Bob Baffert Suspended,Point Tally Nba,Nominee,R,Brett M. Kavanaugh,Proud Judge Kavanaugh
693,44.0,Z,medium,374.0,Y,high,447.0,X,low,312.0,Z,medium,277.0,Z,,247.0,X,low,353.0,,,,,12-04-2024,06:43:00,08:03:00,12-04-2024 07:55,Assassination Question,Ravaged Nicaragua Category,Senator,R,Senator Lindsey Graham (SC),Senator Graham Citizens
694,361.0,Z,high,307.0,Y,low,496.0,X,medium,214.0,,high,5.0,Z,medium,222.0,Y,,16.0,,,,,27-05-2024,12:21:00,15:18:00,27-05-2024 15:11,Voice Cnn Masai,Niger State Television,Nominee,R,Brett M. Kavanaugh,Kavanaugh Dissents President
695,321.0,Z,,52.0,Y,high,,Y,low,132.0,X,medium,78.0,Z,low,319.0,,high,132.0,,,,,08-10-2024,11:49:00,12:47:00,08-10-2024 12:38,Abortion Travel,Said Alicia Keys,Senator,R,Senator Lindsey Graham (SC),Senator Graham Citizens
696,83.0,,high,498.0,X,low,5.0,Y,high,409.0,,medium,73.0,Y,high,179.0,Z,medium,218.0,,,,,15-12-2024,06:57:00,10:40:00,15-12-2024 10:35,Cnnpolitics Polls Underestimating,International Women,Nominee,R,Brett M. Kavanaugh,Kavanaugh Dissents President
697,279.0,Y,low,357.0,Z,medium,286.0,Y,high,20.0,Y,high,354.0,Z,medium,,Z,high,268.0,,,,,25-01-2024,15:49:00,16:36:00,25-01-2024 16:28,Abortion Travel,International Women,Senator,R,Senator Lindsey Graham (SC),Senator Graham Citizens
698,442.0,Y,low,24.0,Y,high,132.0,Z,low,64.0,Y,high,320.0,Z,high,1.0,Z,high,44.0,,,,,16-09-2024,09:33:00,12:05:00,16-09-2024 12:00,Abortion Travel,Actor Bob Odenkirk,Nominee,R,Brett M. Kavanaugh,Proud Judge Kavanaugh
699,409.0,,low,381.0,Z,high,434.0,Y,medium,52.0,X,low,279.0,Z,,356.0,X,low,99.0,,,,,30-05-2024,10:46:00,13:06:00,30-05-2024 13:00,Voice Cnn Masai,Actor Bob Odenkirk,Senator,R,Senator Lindsey Graham (SC),Senator Graham Citizens
700,226.0,Y,,440.0,Y,,232.0,Z,high,101.0,Z,high,98.0,Y,high,435.0,Y,medium,231.0,,,,,02-08-2024,17:44:00,20:58:00,02-08-2024 20:48,Bob Baffert Suspended,Ravaged Nicaragua Category,Nominee,R,Brett M. Kavanaugh,Proud Judge Kavanaugh
701,28.0,Y,medium,284.0,,high,4.0,Y,low,256.0,Z,high,132.0,X,medium,19.0,X,low,223.0,,,,,05-02-2024,06:14:00,09:33:00,05-02-2024 09:29,Making Racism,Ravaged Nicaragua Category,Senator,R,Senator Lindsey Graham (SC),Senator Graham Citizens
702,317.0,Y,high,416.0,X,low,111.0,X,,471.0,X,high,188.0,Y,high,40.0,X,high,,,,,,05-09-2024,15:35:00,18:13:00,05-09-2024 18:03,Scammers Cnn Epik,Said Alicia Keys,Nominee,R,Brett M. Kavanaugh,Proud Judge Kavanaugh
703,258.0,Y,high,443.0,,,170.0,Y,low,485.0,Z,high,489.0,X,medium,68.0,X,medium,34.0,,,,,21-06-2024,18:49:00,21:07:00,21-06-2024 20:57,Apology Cnn Vatican,Actor Bob Odenkirk,Senator,R,Senator Lindsey Graham (SC),Senator Graham Citizens
704,460.0,Z,low,482.0,X,medium,13.0,Y,high,450.0,X,low,352.0,X,high,304.0,Z,high,398.0,,,,,31-10-2024,19:43:00,23:34:00,31-10-2024 23:26,Making Racism,Turned Movie Different,Nominee,R,Brett M. Kavanaugh,Proud Judge Kavanaugh
705,276.0,Y,medium,477.0,X,,158.0,Y,,379.0,Z,high,,X,low,380.0,Y,low,150.0,,,,,14-11-2024,16:19:00,17:26:00,14-11-2024 17:20,Reunion Netflix Cnn,Actor Bob Odenkirk,Senator,R,Senator Lindsey Graham (SC),Senator Graham Citizens
706,368.0,Z,medium,96.0,Z,medium,269.0,Z,medium,229.0,X,high,15.0,Y,high,411.0,Z,low,275.0,,,,,12-10-2024,16:56:00,19:19:00,12-10-2024 19:17,Assassination Question,Ravaged Nicaragua Category,Nominee,R,Brett M. Kavanaugh,Proud Judge Kavanaugh
707,264.0,X,low,17.0,Y,low,446.0,Z,high,387.0,Y,medium,173.0,,low,390.0,,high,473.0,,,,,11-01-2024,08:56:00,10:41:00,11-01-2024 10:35,Voice Cnn Masai,Ravaged Nicaragua Category,Senator,R,Senator Lindsey Graham (SC),Senator Graham Citizens
708,270.0,Y,medium,325.0,Y,medium,324.0,X,,134.0,X,low,104.0,X,medium,288.0,Y,medium,189.0,,,,,19-12-2024,16:41:00,18:11:00,19-12-2024 18:02,Bob Baffert Suspended,Actor Bob Odenkirk,Nominee,R,Brett M. Kavanaugh,Proud Judge Kavanaugh
709,158.0,Y,low,339.0,X,high,,X,low,331.0,Z,low,203.0,X,medium,351.0,Y,low,156.0,,,,,27-10-2024,20:21:00,23:43:00,27-10-2024 23:38,Voice Cnn Masai,Said Alicia Keys,Senator,R,Senator Lindsey Graham (SC),Senator Graham Citizens
710,201.0,Z,high,,X,high,208.0,X,medium,4.0,Y,low,497.0,X,,139.0,Z,high,132.0,,,,,20-08-2024,21:48:00,00:52:00,21-08-2024 00:51,Apology Cnn Vatican,Actor Bob Odenkirk,Nominee,R,Brett M. Kavanaugh,Proud Judge Kavanaugh
711,147.0,X,low,118.0,Y,medium,384.0,Y,low,451.0,Z,high,97.0,X,low,372.0,X,medium,326.0,,,,,18-12-2024,18:56:00,22:56:00,18-12-2024 22:48,Scammers Cnn Epik,Niger State Television,Senator,R,Senator Lindsey Graham (SC),Senator Graham Citizens
712,231.0,X,low,474.0,X,low,184.0,X,medium,485.0,Y,low,298.0,Y,medium,91.0,X,low,,,,,,27-10-2024,14:57:00,18:22:00,27-10-2024 18:17,Cnn Montana Nonprofit,Niger State Television,Nominee,R,Brett M. Kavanaugh,Proud Judge Kavanaugh
713,475.0,Y,low,204.0,Y,high,281.0,X,high,367.0,X,,241.0,Y,low,481.0,Z,low,279.0,,,,,01-10-2024,08:38:00,10:12:00,01-10-2024 10:08,Voice Cnn Masai,2020 Presidential Election,Senator,R,Senator Lindsey Graham (SC),Senator Graham Citizens
714,170.0,Z,,370.0,Z,high,492.0,Y,high,87.0,Z,low,329.0,Y,low,20.0,Y,high,99.0,,,,,30-03-2024,11:56:00,14:01:00,30-03-2024 13:58,Voice Cnn Masai,International Women,Nominee,R,Brett M. Kavanaugh,Proud Judge Kavanaugh
715,231.0,Y,high,311.0,Y,high,68.0,Y,high,129.0,X,high,,X,high,472.0,Z,low,473.0,,,,,28-11-2024,06:15:00,09:18:00,28-11-2024 09:15,Abortion Travel,International Women,Senator,R,Senator Lindsey Graham (SC),Kavanaugh Dissents President
716,473.0,Y,high,447.0,Y,high,238.0,Z,medium,369.0,Y,low,258.0,Y,low,230.0,Z,,21.0,,,,,23-05-2024,13:58:00,17:12:00,23-05-2024 17:06,Cnn Montana Nonprofit,Point Tally Nba,Nominee,R,Brett M. Kavanaugh,Proud Judge Kavanaugh
717,75.0,X,high,356.0,X,high,304.0,,high,249.0,,low,138.0,Y,high,,X,low,205.0,,,,,04-05-2024,08:55:00,12:11:00,04-05-2024 12:01,Scammers Cnn Epik,Turned Movie Different,Senator,R,Senator Lindsey Graham (SC),Senator Graham Citizens
718,126.0,Z,high,,Y,medium,399.0,Z,high,273.0,X,low,482.0,X,low,79.0,Z,high,62.0,,,,,04-11-2024,15:27:00,18:29:00,04-11-2024 18:23,Scammers Cnn Epik,Rwigara Mother Adeline,Nominee,R,Brett M. Kavanaugh,Proud Judge Kavanaugh
719,246.0,Z,medium,420.0,Z,high,418.0,Z,medium,202.0,Y,medium,133.0,Z,low,159.0,X,high,16.0,,,,,21-11-2024,19:00:00,21:52:00,21-11-2024 21:45,Cnnpolitics Polls Underestimating,2020 Presidential Election,Senator,R,Senator Lindsey Graham (SC),Senator Graham Citizens
720,204.0,X,low,27.0,Y,medium,143.0,,low,417.0,Z,high,72.0,X,medium,431.0,Z,,498.0,,,,,27-03-2024,12:19:00,15:38:00,27-03-2024 15:30,Assassination Question,Rwigara Mother Adeline,Nominee,R,Brett M. Kavanaugh,Guns Roe Wade
721,170.0,Z,medium,352.0,Z,high,233.0,,low,82.0,X,medium,47.0,X,medium,7.0,X,high,42.0,,,,,22-09-2024,06:17:00,08:53:00,22-09-2024 08:48,Abortion Travel,Said Alicia Keys,Senator,R,Senator Lindsey Graham (SC),Senator Graham Citizens
722,389.0,X,low,293.0,Z,low,415.0,Z,medium,220.0,X,medium,33.0,X,high,95.0,Z,low,453.0,,,,,19-05-2024,21:37:00,00:09:00,20-05-2024 00:07,Abortion Travel,Rwigara Mother Adeline,Nominee,R,Brett M. Kavanaugh,Guns Roe Wade
723,249.0,Y,low,388.0,Z,low,419.0,Y,high,111.0,Z,medium,176.0,Y,high,315.0,Z,high,272.0,,,,,31-01-2024,13:11:00,14:38:00,31-01-2024 14:34,Abortion Travel,Rwigara Mother Adeline,Senator,R,Senator Lindsey Graham (SC),Senator Graham Citizens
724,182.0,Z,high,112.0,Y,low,411.0,Z,high,345.0,X,medium,408.0,Y,medium,402.0,Y,low,160.0,,,,,26-02-2024,06:26:00,08:15:00,26-02-2024 08:05,Scammers Cnn Epik,Ravaged Nicaragua Category,Nominee,R,Brett M. Kavanaugh,Proud Judge Kavanaugh
725,,Z,low,299.0,X,medium,,X,low,,X,high,77.0,X,low,215.0,X,medium,431.0,,,,,04-09-2024,09:13:00,12:41:00,04-09-2024 12:38,Abortion Travel,Actor Bob Odenkirk,Senator,R,Senator Lindsey Graham (SC),Senator Graham Citizens
726,443.0,X,low,142.0,X,high,133.0,X,,149.0,Z,low,2.0,Y,low,43.0,X,high,,,,,,14-03-2024,15:42:00,19:19:00,14-03-2024 19:16,Cnnpolitics Polls Underestimating,2020 Presidential Election,Nominee,R,Brett M. Kavanaugh,Proud Judge Kavanaugh
727,491.0,X,medium,58.0,Z,,184.0,Z,high,,Y,low,,X,high,73.0,Y,,345.0,,,,,09-11-2024,07:23:00,11:20:00,09-11-2024 11:10,Cnnpolitics Polls Underestimating,Said Alicia Keys,Senator,R,Senator Lindsey Graham (SC),Guns Roe Wade
728,121.0,Z,low,287.0,Y,high,327.0,Z,medium,431.0,X,low,280.0,,high,445.0,Z,low,383.0,,,,,04-02-2024,09:02:00,12:13:00,04-02-2024 12:11,Cnnpolitics Polls Underestimating,Actor Bob Odenkirk,Nominee,R,Brett M. Kavanaugh,Proud Judge Kavanaugh
729,20.0,X,high,10.0,Z,high,127.0,X,medium,108.0,Z,low,281.0,X,low,107.0,Z,low,181.0,,,,,27-04-2024,10:11:00,13:43:00,27-04-2024 13:42,Assassination Question,Rwigara Mother Adeline,Senator,R,Senator Lindsey Graham (SC),Senator Graham Citizens
730,15.0,Z,high,46.0,Z,high,341.0,Z,medium,434.0,Y,low,0.0,Z,medium,289.0,Y,medium,150.0,,,,,30-12-2024,09:47:00,13:35:00,30-12-2024 13:27,Cnnpolitics Polls Underestimating,2020 Presidential Election,Nominee,R,Brett M. Kavanaugh,Proud Judge Kavanaugh
731,222.0,X,medium,264.0,Y,medium,257.0,Y,high,,Z,low,101.0,Y,low,468.0,X,medium,4.0,,,,,09-01-2024,08:02:00,09:24:00,09-01-2024 09:15,Scammers Cnn Epik,Pennsylvania Investigation Abuse,Senator,R,Senator Lindsey Graham (SC),Senator Graham Citizens
732,314.0,X,low,449.0,X,low,221.0,Y,high,482.0,Y,low,,Z,low,187.0,Y,medium,,,,,,31-08-2024,11:53:00,14:08:00,31-08-2024 14:07,Scammers Cnn Epik,Pennsylvania Investigation Abuse,Nominee,R,Brett M. Kavanaugh,Guns Roe Wade
733,25.0,Y,high,357.0,Z,medium,177.0,Z,low,171.0,Y,,369.0,Y,high,33.0,Z,low,21.0,,,,,07-02-2024,14:15:00,16:01:00,07-02-2024 15:51,Scammers Cnn Epik,Said Alicia Keys,Senator,R,Senator Lindsey Graham (SC),Senator Graham Citizens
734,254.0,Z,medium,7.0,X,low,,X,medium,327.0,Y,medium,325.0,X,low,,Y,low,228.0,,,,,24-12-2024,06:25:00,07:42:00,24-12-2024 07:40,Scammers Cnn Epik,Pennsylvania Investigation Abuse,Nominee,R,Brett M. Kavanaugh,Proud Judge Kavanaugh
735,199.0,X,low,54.0,Y,low,232.0,,,,Y,low,407.0,Y,low,,Z,low,265.0,,,,,05-11-2024,12:19:00,14:51:00,05-11-2024 14:43,Scammers Cnn Epik,Pennsylvania Investigation Abuse,Senator,R,Senator Lindsey Graham (SC),Senator Graham Citizens
736,466.0,Z,high,215.0,X,high,153.0,X,high,39.0,Y,medium,273.0,Y,low,325.0,X,low,212.0,,,,,19-04-2024,17:18:00,19:39:00,19-04-2024 19:38,Scammers Cnn Epik,Pennsylvania Investigation Abuse,Nominee,R,Brett M. Kavanaugh,Proud Judge Kavanaugh
737,301.0,Z,high,214.0,X,,191.0,Y,medium,,X,low,201.0,Z,high,451.0,Y,medium,351.0,,,,,09-02-2024,09:28:00,09:59:00,09-02-2024 09:57,Scammers Cnn Epik,Pennsylvania Investigation Abuse,Senator,R,Senator Lindsey Graham (SC),Senator Graham Citizens
738,211.0,X,medium,19.0,Y,high,242.0,X,low,103.0,Z,high,279.0,Y,high,387.0,X,low,180.0,,,,,13-07-2024,12:16:00,14:57:00,13-07-2024 14:54,Scammers Cnn Epik,Pennsylvania Investigation Abuse,Nominee,R,Brett M. Kavanaugh,Kavanaugh Dissents President
739,293.0,X,medium,128.0,Y,medium,308.0,X,low,490.0,Z,,192.0,X,high,344.0,Y,,395.0,,,,,13-08-2024,13:56:00,15:56:00,13-08-2024 15:53,Scammers Cnn Epik,Pennsylvania Investigation Abuse,Senator,R,Senator Lindsey Graham (SC),Senator Graham Citizens
740,67.0,Y,high,63.0,Y,medium,495.0,,low,44.0,Y,medium,78.0,X,low,166.0,Y,medium,326.0,,,,,24-10-2024,06:52:00,07:49:00,24-10-2024 07:45,Scammers Cnn Epik,Pennsylvania Investigation Abuse,Nominee,R,Brett M. Kavanaugh,Proud Judge Kavanaugh
741,237.0,Y,low,,Y,high,170.0,X,medium,382.0,Z,high,287.0,Z,low,,X,medium,468.0,,,,,08-03-2024,08:26:00,09:11:00,08-03-2024 09:08,Assassination Question,Actor Bob Odenkirk,Senator,R,Senator Lindsey Graham (SC),Senator Graham Citizens
742,164.0,X,medium,329.0,Y,medium,89.0,Y,high,419.0,Y,high,147.0,X,high,362.0,Z,high,363.0,,,,,24-03-2024,07:02:00,08:52:00,24-03-2024 08:43,Cnnpolitics Polls Underestimating,Actor Bob Odenkirk,Nominee,R,Brett M. Kavanaugh,Proud Judge Kavanaugh
743,90.0,Y,medium,195.0,X,high,488.0,Z,low,453.0,Z,high,132.0,Z,medium,422.0,Z,medium,63.0,,,,,19-03-2024,13:37:00,14:29:00,19-03-2024 14:25,Scammers Cnn Epik,Beating Forecasts Covid,Senator,R,Senator Lindsey Graham (SC),Senator Graham Citizens
744,196.0,Z,medium,285.0,X,low,73.0,Z,medium,264.0,Z,medium,355.0,X,low,347.0,Y,high,279.0,,,,,16-10-2024,20:43:00,21:23:00,16-10-2024 21:13,New Covid Lockdowns,Pennsylvania Investigation Abuse,Nominee,R,Brett M. Kavanaugh,Proud Judge Kavanaugh
745,319.0,X,,100.0,Z,medium,451.0,X,medium,262.0,Z,medium,33.0,X,low,326.0,Y,high,328.0,,,,,17-08-2024,15:34:00,18:45:00,17-08-2024 18:37,Cnnpolitics Polls Underestimating,2020 Presidential Election,Senator,R,Senator Lindsey Graham (SC),Senator Graham Citizens
746,291.0,X,low,425.0,Z,,71.0,Z,medium,371.0,X,medium,11.0,Z,high,359.0,X,medium,6.0,,,,,18-08-2024,20:54:00,00:26:00,19-08-2024 00:20,Cnnpolitics Polls Underestimating,Niger State Television,Nominee,R,Brett M. Kavanaugh,Proud Judge Kavanaugh
747,481.0,Z,low,2.0,,high,181.0,Y,high,317.0,X,low,178.0,,,138.0,X,medium,22.0,,,,,21-01-2024,19:37:00,23:10:00,21-01-2024 23:01,Scammers Cnn Epik,Said Alicia Keys,Senator,R,Senator Lindsey Graham (SC),Senator Graham Citizens
748,137.0,Y,medium,252.0,X,high,499.0,,low,393.0,Y,medium,297.0,Y,low,58.0,Y,low,11.0,,,,,27-06-2024,18:11:00,21:48:00,27-06-2024 21:42,Assassination Question,Ravaged Nicaragua Category,Nominee,R,Brett M. Kavanaugh,Proud Judge Kavanaugh
749,349.0,Z,high,160.0,Z,low,82.0,Y,medium,180.0,Z,high,419.0,X,medium,314.0,Y,high,85.0,,,,,16-09-2024,07:28:00,08:25:00,16-09-2024 08:18,Scammers Cnn Epik,Actor Bob Odenkirk,Senator,R,Senator Lindsey Graham (SC),Senator Graham Citizens
750,275.0,Y,medium,225.0,Z,medium,79.0,Y,high,466.0,X,low,258.0,X,medium,471.0,Z,high,440.0,,,,,14-03-2024,12:24:00,14:32:00,14-03-2024 14:27,Cnnpolitics Polls Underestimating,2020 Presidential Election,Nominee,R,Brett M. Kavanaugh,Proud Judge Kavanaugh
751,436.0,Z,low,258.0,,low,304.0,Y,,216.0,X,medium,129.0,X,medium,68.0,Z,,120.0,,,,,31-01-2024,15:18:00,16:28:00,31-01-2024 16:20,Assassination Question,Ravaged Nicaragua Category,Senator,R,Senator Lindsey Graham (SC),Senator Graham Citizens
752,454.0,Z,high,323.0,X,high,95.0,Y,medium,124.0,X,low,171.0,X,medium,35.0,X,medium,93.0,,,,,30-05-2024,20:26:00,23:37:00,30-05-2024 23:32,Cnnpolitics Polls Underestimating,2020 Presidential Election,Nominee,R,Brett M. Kavanaugh,Proud Judge Kavanaugh
753,353.0,Y,medium,464.0,X,medium,12.0,X,medium,375.0,Y,low,189.0,X,low,353.0,X,low,223.0,,,,,28-07-2024,20:04:00,21:11:00,28-07-2024 21:07,Scammers Cnn Epik,Actor Bob Odenkirk,Senator,R,Senator Lindsey Graham (SC),Senator Graham Citizens
754,211.0,Y,high,280.0,Z,low,347.0,X,high,310.0,Z,low,167.0,Y,medium,211.0,Y,,199.0,,,,,11-10-2024,20:35:00,00:09:00,12-10-2024 00:01,Making Racism,Ravaged Nicaragua Category,Nominee,R,Brett M. Kavanaugh,Proud Judge Kavanaugh
755,266.0,Y,low,113.0,Z,high,479.0,X,medium,24.0,Y,,334.0,X,high,451.0,Y,low,496.0,,,,,29-08-2024,14:35:00,18:22:00,29-08-2024 18:20,New Covid Lockdowns,Coronavirus Pandemic Late,Senator,R,Senator Lindsey Graham (SC),Senator Graham Citizens
756,325.0,X,low,,Y,high,379.0,Z,medium,83.0,Z,low,399.0,Y,high,235.0,Z,low,51.0,,,,,02-12-2024,08:02:00,08:35:00,02-12-2024 08:30,Assassination Question,Actor Bob Odenkirk,Nominee,R,Brett M. Kavanaugh,Proud Judge Kavanaugh
757,402.0,Y,high,256.0,X,low,482.0,Y,medium,18.0,X,high,354.0,Z,low,260.0,X,low,420.0,,,,,30-05-2024,13:08:00,16:51:00,30-05-2024 16:46,Assassination Question,Coronavirus Pandemic Late,Senator,R,Senator Lindsey Graham (SC),Senator Graham Citizens
758,114.0,Y,low,432.0,Y,low,263.0,Y,medium,287.0,X,medium,,X,high,30.0,Y,medium,114.0,,,,,28-02-2024,11:33:00,12:41:00,28-02-2024 12:34,Assassination Question,Ravaged Nicaragua Category,Nominee,R,Brett M. Kavanaugh,Proud Judge Kavanaugh
759,436.0,Z,low,283.0,X,low,307.0,Y,high,,Z,medium,143.0,,medium,476.0,Y,medium,154.0,,,,,05-12-2024,09:06:00,11:17:00,05-12-2024 11:07,New Covid Lockdowns,Said Alicia Keys,Senator,R,Senator Lindsey Graham (SC),Senator Graham Citizens
760,400.0,Z,,434.0,X,low,491.0,Z,low,161.0,Y,medium,39.0,Y,,165.0,Y,,242.0,,,,,01-04-2024,14:34:00,16:25:00,01-04-2024 16:19,Apology Cnn Vatican,Actor Bob Odenkirk,Nominee,R,Brett M. Kavanaugh,Proud Judge Kavanaugh
761,44.0,Y,low,324.0,X,medium,251.0,Z,low,55.0,X,high,398.0,Y,low,219.0,X,high,487.0,,,,,03-03-2024,18:10:00,21:38:00,03-03-2024 21:30,Assassination Question,Actor Bob Odenkirk,Senator,R,Senator Lindsey Graham (SC),Senator Graham Citizens
762,134.0,Z,medium,285.0,X,high,19.0,Z,medium,425.0,X,low,481.0,Z,high,314.0,Z,medium,117.0,,,,,25-11-2024,12:52:00,14:01:00,25-11-2024 13:59,Assassination Question,Actor Bob Odenkirk,Nominee,R,Brett M. Kavanaugh,Proud Judge Kavanaugh
763,117.0,Y,medium,164.0,X,low,119.0,X,,360.0,Z,low,27.0,Z,medium,428.0,Y,high,171.0,,,,,26-02-2024,17:51:00,18:21:00,26-02-2024 18:15,Cnnpolitics Polls Underestimating,Actor Bob Odenkirk,Senator,R,Senator Lindsey Graham (SC),Senator Graham Citizens
764,289.0,Y,low,128.0,Z,medium,310.0,X,low,272.0,Z,medium,65.0,Z,low,397.0,X,low,329.0,,,,,26-12-2024,14:01:00,16:29:00,26-12-2024 16:25,Assassination Question,2020 Presidential Election,Nominee,R,Brett M. Kavanaugh,Proud Judge Kavanaugh
765,104.0,X,medium,49.0,Y,medium,428.0,Z,high,99.0,Z,low,107.0,Z,high,386.0,Y,low,335.0,,,,,24-10-2024,07:52:00,09:29:00,24-10-2024 09:25,Assassination Question,Ravaged Nicaragua Category,Senator,R,Senator Lindsey Graham (SC),Senator Graham Citizens
766,150.0,X,low,274.0,Y,high,303.0,Z,low,336.0,Y,medium,398.0,X,high,,X,,183.0,,,,,25-11-2024,21:38:00,01:33:00,26-11-2024 01:23,Assassination Question,Actor Bob Odenkirk,Nominee,R,Brett M. Kavanaugh,Proud Judge Kavanaugh
767,94.0,Z,low,460.0,Y,medium,202.0,X,medium,183.0,Z,low,108.0,Y,,44.0,Y,low,65.0,,,,,19-05-2024,19:20:00,23:06:00,19-05-2024 23:03,Assassination Question,Ravaged Nicaragua Category,Senator,R,Senator Lindsey Graham (SC),Senator Graham Citizens
768,33.0,X,low,6.0,Z,high,160.0,Y,medium,122.0,,high,6.0,Y,medium,415.0,X,high,394.0,,,,,12-12-2024,12:12:00,12:54:00,12-12-2024 12:51,Assassination Question,Actor Bob Odenkirk,Nominee,R,Brett M. Kavanaugh,Proud Judge Kavanaugh
769,229.0,X,low,476.0,Z,high,341.0,X,low,146.0,Y,high,167.0,Y,medium,,X,low,450.0,,,,,11-09-2024,14:13:00,15:42:00,11-09-2024 15:35,Assassination Question,Ravaged Nicaragua Category,Senator,D,Senator Dianne Feinstein (CA),Chairman Senator Feinstein
770,159.0,X,medium,429.0,Y,,449.0,Z,high,30.0,X,low,182.0,Z,low,311.0,,high,300.0,,,,,30-03-2024,14:01:00,15:11:00,30-03-2024 15:07,Mbappe Neymar Prove,Lomachenko,Senator,R,Senator Lindsey Graham (SC),Senator Graham Citizens
771,252.0,Z,medium,219.0,Z,low,139.0,Z,low,245.0,Z,medium,197.0,Y,low,455.0,Y,,436.0,,,,,19-03-2024,21:36:00,00:34:00,20-03-2024 00:32,New Covid Lockdowns,Coronavirus Pandemic Late,Nominee,R,Brett M. Kavanaugh,Proud Judge Kavanaugh
772,106.0,X,low,156.0,Y,low,,Z,medium,376.0,Y,low,257.0,Y,low,158.0,Z,medium,126.0,,,,,13-03-2024,21:15:00,23:06:00,13-03-2024 22:57,Mbappe Neymar Prove,Hold Fastest Marathon,Senator,R,Senator Lindsey Graham (SC),Senator Graham Citizens
773,143.0,X,medium,290.0,X,low,213.0,Z,medium,413.0,Y,medium,120.0,Z,medium,175.0,Y,,,,,,,16-10-2024,21:01:00,22:54:00,16-10-2024 22:46,Scammers Cnn Epik,Niger State Television,Nominee,R,Brett M. Kavanaugh,Kavanaugh Dissents President
774,446.0,Y,high,427.0,Z,medium,123.0,Y,medium,362.0,Z,medium,14.0,Z,low,85.0,Z,medium,,,,,,14-08-2024,16:02:00,16:50:00,14-08-2024 16:41,Scammers Cnn Epik,Ravaged Nicaragua Category,Senator,R,Senator Lindsey Graham (SC),Senator Graham Citizens
775,402.0,Y,low,14.0,Z,low,202.0,X,low,437.0,X,high,53.0,Z,low,396.0,X,medium,451.0,,,,,05-08-2024,15:21:00,17:41:00,05-08-2024 17:34,Mbappe Neymar Prove,Lomachenko,Nominee,R,Brett M. Kavanaugh,Proud Judge Kavanaugh
776,133.0,Z,low,224.0,Y,medium,44.0,Z,medium,481.0,Z,low,367.0,Y,high,334.0,Z,medium,466.0,,,,,31-01-2024,20:17:00,22:37:00,31-01-2024 22:28,Companies Pulling Russia,Help Russia,Senator,R,Senator Lindsey Graham (SC),Senator Graham Citizens
777,80.0,X,high,23.0,Y,low,265.0,Y,medium,111.0,X,medium,329.0,X,high,,Y,low,172.0,,,,,25-05-2024,07:57:00,10:28:00,25-05-2024 10:24,New Covid Lockdowns,Coronavirus Pandemic Late,Chairman,R,Senator Chuck Grassley (IA),Executive Privilege Limit
778,487.0,Y,medium,322.0,Z,,53.0,X,medium,216.0,X,high,130.0,Z,low,499.0,Z,low,60.0,,,,,07-01-2024,13:17:00,17:03:00,07-01-2024 16:57,New Covid Lockdowns,Coronavirus Pandemic Late,Senator,D,Senator Dick Durbin (IL),Senator Durbin White
779,,X,,38.0,Y,high,237.0,Z,high,168.0,Y,low,470.0,Z,medium,15.0,X,high,374.0,,,,,28-03-2024,21:07:00,00:22:00,29-03-2024 00:17,Golf Black Professional,Hold Fastest Marathon,Nominee,R,Brett M. Kavanaugh,Proud Judge Kavanaugh
780,246.0,X,medium,158.0,Y,medium,448.0,Y,high,342.0,Y,low,270.0,X,low,385.0,X,low,334.0,,,,,05-11-2024,20:32:00,23:45:00,05-11-2024 23:42,Bob Baffert Suspended,Lomachenko,Senator,D,Senator Dick Durbin (IL),Kavanaugh Dissents President
781,349.0,X,medium,369.0,Z,medium,72.0,X,low,418.0,X,high,398.0,X,high,103.0,,medium,323.0,,,,,11-02-2024,18:14:00,19:41:00,11-02-2024 19:40,Golf Black Professional,Hold Fastest Marathon,Nominee,R,Brett M. Kavanaugh,Proud Judge Kavanaugh
782,110.0,X,low,375.0,X,,125.0,Z,,444.0,Z,low,396.0,Y,high,391.0,,high,315.0,,,,,15-03-2024,06:24:00,09:07:00,15-03-2024 08:57,Cnn Montana Nonprofit,Point Tally Nba,Senator,D,Senator Dick Durbin (IL),Executive Privilege Limit
783,214.0,Z,low,113.0,Y,low,360.0,X,high,,Y,low,150.0,X,low,241.0,X,low,20.0,,,,,13-01-2024,20:08:00,21:42:00,13-01-2024 21:32,Mbappe Neymar Prove,Lomachenko,Nominee,R,Brett M. Kavanaugh,Kavanaugh Dissents President
784,195.0,Z,high,256.0,Z,medium,453.0,,,257.0,Z,high,295.0,Y,low,117.0,Z,high,334.0,,,,,10-05-2024,17:35:00,21:27:00,10-05-2024 21:22,Scammers Cnn Epik,Turned Movie Different,Senator,D,Senator Dick Durbin (IL),Senator Durbin White
785,360.0,X,high,92.0,X,high,,Y,high,58.0,Z,medium,296.0,Y,low,28.0,Z,medium,242.0,,,,,24-03-2024,06:59:00,08:11:00,24-03-2024 08:04,Cnn Montana Nonprofit,Niger State Television,Nominee,R,Brett M. Kavanaugh,Kavanaugh Dissents President
786,91.0,Y,high,295.0,X,low,60.0,X,low,164.0,Y,low,227.0,X,low,310.0,Z,medium,15.0,,,,,26-11-2024,19:07:00,20:29:00,26-11-2024 20:20,Companies Pulling Russia,Help Russia,Senator,D,Senator Dick Durbin (IL),Senator Durbin White
787,244.0,X,low,4.0,Y,high,119.0,,medium,239.0,Y,high,317.0,Z,medium,80.0,Y,high,427.0,,,,,21-02-2024,18:22:00,20:15:00,21-02-2024 20:06,New Covid Lockdowns,Coronavirus Pandemic Late,Nominee,R,Brett M. Kavanaugh,Proud Judge Kavanaugh
788,416.0,Z,high,406.0,X,,491.0,Z,medium,309.0,Y,medium,168.0,X,high,224.0,,high,14.0,,,,,09-11-2024,20:04:00,22:37:00,09-11-2024 22:34,Winter Olympics Don,Coronavirus Pandemic Late,Senator,D,Senator Dick Durbin (IL),Proud Judge Kavanaugh
789,,,medium,11.0,Y,,252.0,Y,high,395.0,Z,medium,49.0,,high,475.0,Z,medium,116.0,,,,,27-09-2024,19:39:00,22:42:00,27-09-2024 22:34,Mbappe Neymar Prove,Lomachenko,Nominee,R,Brett M. Kavanaugh,Proud Judge Kavanaugh
790,59.0,Y,medium,304.0,X,low,416.0,,high,497.0,Z,high,22.0,Z,low,443.0,,low,147.0,,,,,17-10-2024,06:28:00,07:51:00,17-10-2024 07:47,Companies Pulling Russia,Rwigara Mother Adeline,Senator,D,Senator Dick Durbin (IL),Senator Durbin White
791,410.0,X,high,202.0,Y,low,7.0,Y,,167.0,X,low,223.0,X,,246.0,Z,high,391.0,,,,,31-03-2024,16:36:00,18:26:00,31-03-2024 18:21,Abortion Travel,International Women,Nominee,R,Brett M. Kavanaugh,Kavanaugh Dissents President
792,436.0,Y,medium,111.0,Y,low,58.0,X,high,279.0,Y,medium,456.0,X,high,365.0,Y,low,40.0,,,,,12-04-2024,20:27:00,22:17:00,12-04-2024 22:13,Smitten Aussie Tennis,Said Alicia Keys,Senator,D,Senator Dick Durbin (IL),Senator Durbin White
793,215.0,Z,,270.0,X,high,102.0,Z,,34.0,X,medium,107.0,Z,high,411.0,X,high,192.0,,,,,22-04-2024,15:33:00,18:08:00,22-04-2024 18:06,New Covid Lockdowns,Coronavirus Pandemic Late,Nominee,R,Brett M. Kavanaugh,Kavanaugh Dissents President
794,22.0,Y,low,70.0,Y,,43.0,Z,medium,55.0,X,low,295.0,Z,medium,303.0,Y,medium,183.0,,,,,06-07-2024,20:08:00,23:20:00,06-07-2024 23:15,Winter Olympics Don,Qualifying Winter Olympics,Senator,D,Senator Dick Durbin (IL),Senator Durbin White
795,270.0,Y,high,289.0,X,high,,X,medium,483.0,Z,low,,X,high,103.0,Z,medium,207.0,,,,,30-10-2024,20:04:00,21:20:00,30-10-2024 21:15,New Covid Lockdowns,Coronavirus Pandemic Late,Nominee,R,Brett M. Kavanaugh,Proud Judge Kavanaugh
796,149.0,Z,medium,322.0,X,low,401.0,Y,medium,469.0,Y,,315.0,X,low,405.0,Y,high,436.0,,,,,24-02-2024,10:52:00,12:18:00,24-02-2024 12:10,Companies Pulling Russia,Help Russia,Senator,D,Senator Dick Durbin (IL),Executive Privilege Limit
797,293.0,Z,medium,,Y,high,195.0,Z,high,469.0,Z,low,92.0,Z,,,Z,high,162.0,,,,,03-08-2024,13:50:00,15:13:00,03-08-2024 15:06,Bob Baffert Suspended,Qualifying Winter Olympics,Nominee,R,Brett M. Kavanaugh,Proud Judge Kavanaugh
798,69.0,X,medium,180.0,X,,39.0,,high,130.0,Z,low,220.0,Y,medium,261.0,Z,low,177.0,,,,,08-09-2024,14:11:00,16:10:00,08-09-2024 16:03,New Covid Lockdowns,Turned Movie Different,Senator,D,Senator Dick Durbin (IL),Senator Durbin White
799,402.0,Y,low,229.0,Z,low,53.0,X,medium,325.0,X,medium,404.0,Y,high,390.0,X,high,204.0,,,,,09-02-2024,13:25:00,13:48:00,09-02-2024 13:41,Bob Baffert Suspended,Actor Bob Odenkirk,Nominee,R,Brett M. Kavanaugh,Proud Judge Kavanaugh
800,342.0,Y,medium,478.0,X,medium,131.0,X,high,114.0,Y,high,186.0,Y,low,285.0,Z,medium,196.0,,,,,17-08-2024,06:18:00,09:41:00,17-08-2024 09:39,Companies Pulling Russia,Rwigara Mother Adeline,Senator,D,Senator Dick Durbin (IL),Senator Durbin White
801,322.0,Y,high,376.0,Y,high,363.0,Z,low,340.0,X,low,467.0,Y,low,174.0,Z,medium,,,,,,22-06-2024,15:19:00,18:36:00,22-06-2024 18:32,Winter Olympics Don,Qualifying Winter Olympics,Chairman,R,Senator Chuck Grassley (IA),Executive Privilege Limit
802,256.0,Y,low,2.0,X,low,400.0,Y,medium,242.0,,low,23.0,Z,medium,,X,medium,133.0,,,,,28-05-2024,10:00:00,12:51:00,28-05-2024 12:47,Mbappe Neymar Prove,Lomachenko,Senator,D,Senator Dick Durbin (IL),Executive Privilege Limit
803,110.0,Z,high,144.0,Y,low,269.0,Y,medium,466.0,X,low,41.0,X,medium,,Y,,56.0,,,,,10-07-2024,07:47:00,09:08:00,10-07-2024 08:59,Apology Cnn Vatican,Actor Bob Odenkirk,Chairman,R,Senator Chuck Grassley (IA),Executive Privilege Limit
804,469.0,Z,low,12.0,X,medium,453.0,X,low,186.0,Y,low,84.0,X,medium,372.0,Z,low,210.0,,,,,10-11-2024,11:45:00,13:16:00,10-11-2024 13:08,Golf Black Professional,Hold Fastest Marathon,Senator,D,Senator Dick Durbin (IL),Executive Privilege Limit
805,132.0,X,low,118.0,Z,medium,464.0,X,medium,321.0,X,medium,121.0,Z,high,496.0,X,medium,41.0,,,,,05-03-2024,08:25:00,10:45:00,05-03-2024 10:42,New Covid Lockdowns,Coronavirus Pandemic Late,Chairman,R,Senator Chuck Grassley (IA),Chairman Grassley Appreciate
806,183.0,Z,low,389.0,X,medium,383.0,Y,high,329.0,Y,medium,212.0,X,high,389.0,X,high,398.0,,,,,17-09-2024,06:13:00,06:58:00,17-09-2024 06:48,Bob Baffert Suspended,Actor Bob Odenkirk,Senator,D,Senator Dick Durbin (IL),Senator Durbin White
807,463.0,Z,medium,,Y,high,39.0,Y,high,394.0,X,medium,456.0,Z,low,158.0,X,,446.0,,,,,05-09-2024,10:17:00,13:42:00,05-09-2024 13:39,Smitten Aussie Tennis,Hold Fastest Marathon,Chairman,R,Senator Chuck Grassley (IA),Chairman Grassley Appreciate
808,20.0,Y,low,228.0,Z,medium,444.0,Y,high,26.0,Z,high,120.0,Y,medium,55.0,X,medium,415.0,,,,,25-11-2024,15:59:00,17:11:00,25-11-2024 17:09,New Covid Lockdowns,Coronavirus Pandemic Late,Senator,D,Senator Dick Durbin (IL),Executive Privilege Limit
809,62.0,,medium,,Y,high,454.0,Z,low,231.0,Z,medium,178.0,X,low,236.0,X,medium,402.0,,,,,26-02-2024,20:46:00,22:13:00,26-02-2024 22:09,Golf Black Professional,Hold Fastest Marathon,Nominee,R,Brett M. Kavanaugh,Proud Judge Kavanaugh
810,380.0,X,medium,185.0,Z,low,279.0,X,low,226.0,Y,,22.0,Y,high,428.0,Z,medium,210.0,,,,,25-08-2024,16:59:00,19:54:00,25-08-2024 19:47,Golf Black Professional,Hold Fastest Marathon,Senator,D,Senator Dick Durbin (IL),Senator Durbin White
811,183.0,Y,medium,238.0,,low,299.0,,medium,114.0,X,high,357.0,Y,low,317.0,Z,high,349.0,,,,,28-08-2024,09:06:00,11:37:00,28-08-2024 11:30,Basketball Legend Says,Point Tally Nba,Nominee,R,Brett M. Kavanaugh,Proud Judge Kavanaugh
812,289.0,X,high,414.0,X,low,389.0,,low,402.0,Z,low,273.0,Y,low,160.0,Z,high,198.0,,,,,14-08-2024,16:44:00,19:52:00,14-08-2024 19:51,Mbappe Neymar Prove,Lomachenko,Senator,D,Senator Dick Durbin (IL),Executive Privilege Limit
813,290.0,Z,medium,137.0,Z,low,296.0,,low,416.0,Y,low,22.0,Z,medium,44.0,Y,high,427.0,,,,,08-05-2024,17:03:00,20:54:00,08-05-2024 20:49,Cnn Montana Nonprofit,Ravaged Nicaragua Category,Nominee,R,Brett M. Kavanaugh,Proud Judge Kavanaugh
814,413.0,X,low,159.0,X,low,172.0,Y,medium,40.0,Y,low,232.0,X,high,126.0,Z,low,97.0,,,,,22-03-2024,08:47:00,10:25:00,22-03-2024 10:23,New Covid Lockdowns,2020 Presidential Election,Senator,D,Senator Dick Durbin (IL),Proud Judge Kavanaugh
815,310.0,Y,high,68.0,Y,high,348.0,X,,342.0,X,low,109.0,X,medium,358.0,X,low,70.0,,,,,29-12-2024,21:23:00,22:47:00,29-12-2024 22:39,Golf Black Professional,Hold Fastest Marathon,Nominee,R,Brett M. Kavanaugh,Proud Judge Kavanaugh
816,213.0,Y,low,109.0,,low,392.0,,high,430.0,X,,,Y,low,334.0,X,,487.0,,,,,23-08-2024,08:10:00,09:46:00,23-08-2024 09:40,Golf Black Professional,Hold Fastest Marathon,Senator,D,Senator Dick Durbin (IL),Senator Durbin White
817,274.0,Z,high,18.0,Y,,70.0,Y,low,144.0,Y,high,142.0,Y,low,225.0,X,medium,180.0,,,,,14-05-2024,13:08:00,14:45:00,14-05-2024 14:37,Bob Baffert Suspended,Ravaged Nicaragua Category,Nominee,R,Brett M. Kavanaugh,Proud Judge Kavanaugh
818,369.0,Z,,407.0,Y,low,339.0,Y,high,316.0,Y,medium,392.0,Z,high,166.0,X,medium,155.0,,,,,31-05-2024,12:19:00,13:42:00,31-05-2024 13:35,Voice Cnn Masai,Turned Movie Different,Senator,D,Senator Dick Durbin (IL),Senator Durbin White
819,189.0,Z,high,426.0,Z,low,86.0,,medium,311.0,Z,low,28.0,,medium,87.0,Z,medium,334.0,,,,,14-08-2024,16:27:00,19:07:00,14-08-2024 19:02,Mbappe Neymar Prove,Lomachenko,Nominee,R,Brett M. Kavanaugh,Executive Privilege Limit
820,85.0,X,low,210.0,Y,low,287.0,X,,9.0,X,high,299.0,Z,,486.0,Z,medium,171.0,,,,,23-01-2024,14:57:00,16:51:00,23-01-2024 16:47,New Covid Lockdowns,2020 Presidential Election,Senator,D,Senator Dick Durbin (IL),Senator Durbin White
821,243.0,X,medium,296.0,Z,low,53.0,Y,medium,408.0,X,high,396.0,Y,high,215.0,Z,high,373.0,,,,,01-06-2024,11:15:00,12:00:00,01-06-2024 11:58,Companies Pulling Russia,Rwigara Mother Adeline,Nominee,R,Brett M. Kavanaugh,Proud Judge Kavanaugh
822,499.0,Y,high,124.0,Z,medium,496.0,Z,low,375.0,Z,medium,0.0,Y,low,383.0,Z,medium,214.0,,,,,15-02-2024,12:01:00,14:44:00,15-02-2024 14:40,New Covid Lockdowns,Coronavirus Pandemic Late,Senator,D,Senator Dick Durbin (IL),Senator Durbin White
823,56.0,Y,medium,22.0,Z,low,333.0,X,high,135.0,Z,high,452.0,Z,medium,230.0,Z,medium,391.0,,,,,02-02-2024,13:13:00,16:00:00,02-02-2024 15:51,Smitten Aussie Tennis,Turned Movie Different,Nominee,R,Brett M. Kavanaugh,Proud Judge Kavanaugh
824,86.0,X,low,257.0,Z,low,234.0,Y,high,157.0,Z,medium,,Z,medium,,Y,medium,40.0,,,,,24-08-2024,07:43:00,10:29:00,24-08-2024 10:24,Basketball Legend Says,Actor Bob Odenkirk,Senator,D,Senator Dick Durbin (IL),Guns Roe Wade
825,497.0,Z,low,79.0,,high,251.0,Z,high,384.0,,medium,139.0,X,low,320.0,X,low,363.0,,,,,17-03-2024,06:02:00,07:36:00,17-03-2024 07:26,Bob Baffert Suspended,Lomachenko,Nominee,R,Brett M. Kavanaugh,Proud Judge Kavanaugh
826,414.0,X,high,424.0,Y,low,309.0,Y,low,400.0,X,medium,241.0,Y,high,177.0,X,,164.0,,,,,11-04-2024,09:45:00,13:37:00,11-04-2024 13:30,Golf Black Professional,Point Tally Nba,Senator,D,Senator Dick Durbin (IL),Senator Durbin White
827,58.0,X,medium,139.0,X,low,,X,,36.0,Z,low,340.0,Z,,468.0,Z,low,211.0,,,,,03-02-2024,14:23:00,16:48:00,03-02-2024 16:39,Golf Black Professional,Hold Fastest Marathon,Nominee,R,Brett M. Kavanaugh,Guns Roe Wade
828,106.0,Z,,368.0,X,,254.0,Z,medium,179.0,Y,low,258.0,X,high,228.0,Y,low,465.0,,,,,26-10-2024,10:51:00,12:18:00,26-10-2024 12:11,Mbappe Neymar Prove,Lomachenko,Senator,D,Senator Dick Durbin (IL),Guns Roe Wade
829,345.0,,low,131.0,Y,medium,357.0,X,high,312.0,Y,,378.0,Z,low,382.0,Z,low,241.0,,,,,20-09-2024,06:54:00,07:24:00,20-09-2024 07:19,Mbappe Neymar Prove,Lomachenko,Nominee,R,Brett M. Kavanaugh,Proud Judge Kavanaugh
830,391.0,Y,medium,63.0,Y,high,130.0,,medium,63.0,,high,444.0,Z,high,458.0,X,low,37.0,,,,,05-04-2024,07:37:00,11:17:00,05-04-2024 11:12,Golf Black Professional,Lomachenko,Senator,D,Senator Dick Durbin (IL),Senator Durbin White
831,366.0,X,medium,274.0,X,high,239.0,Y,medium,499.0,X,high,179.0,X,medium,191.0,Y,low,229.0,,,,,29-06-2024,09:17:00,11:43:00,29-06-2024 11:38,Smitten Aussie Tennis,Said Alicia Keys,Nominee,R,Brett M. Kavanaugh,Proud Judge Kavanaugh
832,430.0,X,high,91.0,Z,high,165.0,X,medium,104.0,X,low,54.0,Y,medium,117.0,,low,,,,,,14-04-2024,09:03:00,09:22:00,14-04-2024 09:16,Basketball Legend Says,Point Tally Nba,Senator,D,Senator Dick Durbin (IL),Guns Roe Wade
833,,X,high,199.0,Z,low,80.0,Y,low,433.0,Z,low,215.0,Y,low,484.0,Y,low,237.0,,,,,22-07-2024,09:14:00,10:40:00,22-07-2024 10:30,Bob Baffert Suspended,Lomachenko,Nominee,R,Brett M. Kavanaugh,Guns Roe Wade
834,438.0,,medium,146.0,X,medium,489.0,Y,high,,Z,medium,299.0,Y,medium,392.0,Y,high,108.0,,,,,11-06-2024,07:29:00,09:02:00,11-06-2024 08:55,Apology Cnn Vatican,Actor Bob Odenkirk,Senator,D,Senator Dick Durbin (IL),Guns Roe Wade
835,298.0,Y,low,441.0,X,medium,,Z,high,437.0,Y,high,387.0,Y,high,395.0,Y,low,321.0,,,,,13-11-2024,16:08:00,16:45:00,13-11-2024 16:36,New Covid Lockdowns,Coronavirus Pandemic Late,Nominee,R,Brett M. Kavanaugh,Guns Roe Wade
836,237.0,Y,high,251.0,,high,196.0,Y,low,20.0,X,medium,141.0,Z,low,473.0,X,high,117.0,,,,,20-06-2024,07:46:00,10:12:00,20-06-2024 10:08,Winter Olympics Don,Qualifying Winter Olympics,Senator,D,Senator Dick Durbin (IL),Senator Durbin White
837,318.0,Z,low,359.0,X,medium,169.0,Y,medium,,,high,464.0,Z,medium,13.0,Z,high,232.0,,,,,17-05-2024,19:11:00,22:10:00,17-05-2024 22:02,Apology Cnn Vatican,Ravaged Nicaragua Category,Nominee,R,Brett M. Kavanaugh,Proud Judge Kavanaugh
838,214.0,Z,,294.0,X,high,339.0,Z,high,180.0,X,high,18.0,Y,medium,472.0,Z,high,477.0,,,,,15-09-2024,19:54:00,20:26:00,15-09-2024 20:23,Companies Pulling Russia,Help Russia,Senator,D,Senator Dick Durbin (IL),Senator Durbin White
839,303.0,Z,high,455.0,X,high,54.0,X,low,230.0,Y,high,290.0,X,medium,58.0,Y,medium,318.0,,,,,14-07-2024,09:24:00,10:16:00,14-07-2024 10:14,Voice Cnn Masai,Actor Bob Odenkirk,Nominee,R,Brett M. Kavanaugh,Guns Roe Wade
840,416.0,X,high,219.0,Z,high,283.0,Y,medium,54.0,Y,medium,218.0,Z,low,72.0,Y,low,354.0,,,,,12-11-2024,20:31:00,22:17:00,12-11-2024 22:16,Mbappe Neymar Prove,Lomachenko,Senator,D,Senator Dick Durbin (IL),Senator Durbin White
841,479.0,Y,high,431.0,X,high,115.0,Z,medium,338.0,Y,,,Y,low,109.0,X,medium,,,,,,21-02-2024,09:07:00,10:10:00,21-02-2024 10:05,Bob Baffert Suspended,Hold Fastest Marathon,Nominee,R,Brett M. Kavanaugh,Proud Judge Kavanaugh
842,289.0,X,low,,X,high,444.0,X,medium,311.0,X,low,141.0,Z,high,56.0,Y,medium,459.0,,,,,20-10-2024,10:34:00,12:43:00,20-10-2024 12:40,Golf Black Professional,Coronavirus Pandemic Late,Senator,D,Senator Dick Durbin (IL),Senator Durbin White
843,2.0,X,,460.0,Y,,392.0,X,medium,,Z,high,465.0,Z,medium,41.0,Y,high,443.0,,,,,25-06-2024,16:44:00,18:59:00,25-06-2024 18:54,New Covid Lockdowns,Coronavirus Pandemic Late,Nominee,R,Brett M. Kavanaugh,Proud Judge Kavanaugh
844,310.0,Z,medium,347.0,Y,medium,378.0,X,high,236.0,Z,low,0.0,X,high,62.0,,low,428.0,,,,,17-02-2024,12:22:00,13:52:00,17-02-2024 13:45,Scammers Cnn Epik,Ravaged Nicaragua Category,Senator,D,Senator Dick Durbin (IL),Senator Durbin White
845,125.0,Y,low,490.0,Z,medium,72.0,Z,low,276.0,X,high,407.0,Y,medium,242.0,Y,low,170.0,,,,,05-03-2024,13:10:00,15:48:00,05-03-2024 15:44,Mbappe Neymar Prove,Lomachenko,Nominee,R,Brett M. Kavanaugh,Proud Judge Kavanaugh
846,,Z,high,372.0,X,medium,40.0,Y,low,343.0,Z,,246.0,X,medium,186.0,Z,medium,312.0,,,,,10-09-2024,09:41:00,12:23:00,10-09-2024 12:16,Scammers Cnn Epik,Niger State Television,Senator,D,Senator Dick Durbin (IL),Senator Durbin White
847,440.0,X,high,155.0,X,high,229.0,X,medium,269.0,Y,low,257.0,Y,low,170.0,X,high,409.0,,,,,10-05-2024,08:44:00,11:29:00,10-05-2024 11:26,Basketball Legend Says,Point Tally Nba,Nominee,R,Brett M. Kavanaugh,Kavanaugh Dissents President
848,223.0,Z,medium,78.0,Y,low,177.0,Z,high,29.0,Z,high,155.0,Z,medium,85.0,Y,low,279.0,,,,,07-09-2024,16:56:00,18:47:00,07-09-2024 18:39,Golf Black Professional,Turned Movie Different,Senator,D,Senator Dick Durbin (IL),Chairman Senator Feinstein
849,395.0,X,low,104.0,Y,medium,362.0,Z,medium,271.0,X,high,195.0,Y,high,486.0,Z,high,63.0,,,,,17-09-2024,16:35:00,19:02:00,17-09-2024 18:57,Scammers Cnn Epik,Ravaged Nicaragua Category,Nominee,R,Brett M. Kavanaugh,Kavanaugh Dissents President
850,184.0,X,low,286.0,Y,medium,355.0,X,low,174.0,Z,medium,217.0,X,low,166.0,Z,high,254.0,,,,,18-11-2024,20:11:00,22:03:00,18-11-2024 21:56,Golf Black Professional,Actor Bob Odenkirk,Senator,D,Senator Dick Durbin (IL),Senator Durbin White
851,303.0,X,medium,82.0,,medium,198.0,Z,low,205.0,Z,low,155.0,,low,236.0,Z,medium,108.0,,,,,17-05-2024,08:29:00,12:20:00,17-05-2024 12:16,Golf Black Professional,Hold Fastest Marathon,Nominee,R,Brett M. Kavanaugh,Proud Judge Kavanaugh
852,332.0,X,low,118.0,Y,medium,80.0,Z,high,185.0,Z,medium,5.0,X,low,71.0,Y,medium,,,,,,30-05-2024,17:16:00,19:23:00,30-05-2024 19:14,Companies Pulling Russia,Rwigara Mother Adeline,Senator,D,Senator Dick Durbin (IL),Guns Roe Wade
853,446.0,Y,low,314.0,Z,low,,Z,low,176.0,Z,high,200.0,X,medium,106.0,Y,medium,,,,,,18-12-2024,10:37:00,14:18:00,18-12-2024 14:09,Cnn Montana Nonprofit,Niger State Television,Nominee,R,Brett M. Kavanaugh,Proud Judge Kavanaugh
854,98.0,X,low,166.0,Z,high,,X,low,118.0,Z,low,200.0,Y,low,117.0,Y,high,350.0,,,,,11-01-2024,11:39:00,12:38:00,11-01-2024 12:37,Cnn Montana Nonprofit,Point Tally Nba,Senator,D,Senator Dick Durbin (IL),Senator Durbin White
855,280.0,X,high,340.0,Z,low,126.0,X,medium,165.0,,low,,Z,high,485.0,Z,low,275.0,,,,,15-02-2024,12:28:00,15:00:00,15-02-2024 14:50,Winter Olympics Don,Hold Fastest Marathon,Nominee,R,Brett M. Kavanaugh,Kavanaugh Dissents President
856,202.0,Z,medium,498.0,X,low,158.0,Y,medium,356.0,Z,high,235.0,Z,low,88.0,Z,low,299.0,,,,,14-05-2024,10:43:00,11:17:00,14-05-2024 11:12,Golf Black Professional,Lomachenko,Senator,D,Senator Dick Durbin (IL),Senator Durbin White
857,231.0,X,medium,43.0,Z,low,,Z,low,112.0,Y,low,274.0,Y,medium,256.0,X,medium,,,,,,02-07-2024,20:01:00,21:03:00,02-07-2024 21:00,Assassination Question,Said Alicia Keys,Nominee,R,Brett M. Kavanaugh,Proud Judge Kavanaugh
858,424.0,Y,medium,320.0,Z,medium,32.0,Y,low,379.0,Z,low,233.0,Z,low,272.0,X,low,224.0,,,,,16-01-2024,15:16:00,16:26:00,16-01-2024 16:21,Voice Cnn Masai,Actor Bob Odenkirk,Senator,D,Senator Dick Durbin (IL),Senator Durbin White
859,67.0,Z,low,410.0,Y,,300.0,Z,low,219.0,Z,high,,Z,medium,36.0,X,,113.0,,,,,05-05-2024,12:10:00,13:00:00,05-05-2024 12:53,New Covid Lockdowns,Said Alicia Keys,Nominee,R,Brett M. Kavanaugh,Kavanaugh Dissents President
860,273.0,Y,medium,70.0,X,high,498.0,X,medium,305.0,Y,medium,358.0,Y,high,175.0,X,high,,,,,,19-11-2024,21:41:00,23:12:00,19-11-2024 23:05,Scammers Cnn Epik,Ravaged Nicaragua Category,Chairman,R,Senator Chuck Grassley (IA),Chairman Grassley Appreciate
861,193.0,X,high,391.0,Y,,475.0,Y,high,58.0,Y,low,337.0,X,high,40.0,X,medium,174.0,,,,,16-07-2024,09:03:00,10:02:00,16-07-2024 09:55,Golf Black Professional,Hold Fastest Marathon,Senator,R,Senator John Cornyn (TX),Analyze Senator
862,448.0,X,high,253.0,Z,medium,464.0,Z,low,103.0,Y,low,495.0,Z,,87.0,Z,high,78.0,,,,,22-10-2024,09:07:00,12:00:00,22-10-2024 11:57,Mbappe Neymar Prove,Lomachenko,Nominee,R,Brett M. Kavanaugh,Proud Judge Kavanaugh
863,108.0,Z,low,314.0,Y,high,329.0,Y,medium,450.0,Y,low,248.0,Y,medium,337.0,X,medium,400.0,,,,,04-12-2024,13:21:00,14:18:00,04-12-2024 14:15,Companies Pulling Russia,Qualifying Winter Olympics,Senator,R,Senator John Cornyn (TX),Chairman Ask Question
864,116.0,Z,low,25.0,X,low,373.0,Z,low,415.0,Y,low,13.0,X,medium,284.0,Y,low,275.0,,,,,14-06-2024,13:22:00,16:25:00,14-06-2024 16:16,Smitten Aussie Tennis,Actor Bob Odenkirk,Nominee,R,Brett M. Kavanaugh,Proud Judge Kavanaugh
865,45.0,Y,high,217.0,,low,32.0,Y,high,34.0,X,low,292.0,Z,low,247.0,Y,medium,260.0,,,,,28-12-2024,13:39:00,17:15:00,28-12-2024 17:08,Assassination Question,Rwigara Mother Adeline,Senator,R,Senator John Cornyn (TX),Kavanaugh Dissents President
866,219.0,Z,high,183.0,,,100.0,X,low,451.0,Y,medium,198.0,Y,high,106.0,X,medium,259.0,,,,,27-09-2024,16:03:00,17:00:00,27-09-2024 16:55,Golf Black Professional,Hold Fastest Marathon,Nominee,R,Brett M. Kavanaugh,Proud Judge Kavanaugh
867,5.0,X,high,76.0,Z,high,353.0,Z,,418.0,Z,,47.0,Z,high,312.0,X,low,38.0,,,,,11-06-2024,14:16:00,16:07:00,11-06-2024 16:06,Companies Pulling Russia,Rwigara Mother Adeline,Senator,R,Senator John Cornyn (TX),Chairman Ask Question
868,250.0,X,medium,381.0,Y,medium,494.0,Z,low,68.0,X,medium,428.0,X,high,452.0,Z,medium,267.0,,,,,30-12-2024,20:32:00,21:12:00,30-12-2024 21:03,Golf Black Professional,Hold Fastest Marathon,Nominee,R,Brett M. Kavanaugh,Kavanaugh Dissents President
869,111.0,Z,medium,252.0,Z,high,454.0,Z,medium,120.0,Z,low,316.0,X,high,424.0,Y,low,271.0,,,,,30-04-2024,16:14:00,20:06:00,30-04-2024 19:56,Golf Black Professional,Hold Fastest Marathon,Senator,R,Senator John Cornyn (TX),Kavanaugh Dissents President
870,200.0,Z,high,439.0,Z,medium,315.0,Y,high,88.0,Y,high,312.0,,low,86.0,X,high,255.0,,,,,25-03-2024,06:01:00,09:46:00,25-03-2024 09:37,Companies Pulling Russia,Rwigara Mother Adeline,Nominee,R,Brett M. Kavanaugh,Proud Judge Kavanaugh
871,302.0,Y,high,79.0,Z,medium,54.0,Y,low,,X,medium,318.0,Y,low,340.0,Y,medium,3.0,,,,,13-01-2024,07:19:00,10:26:00,13-01-2024 10:24,Smitten Aussie Tennis,Said Alicia Keys,Senator,R,Senator John Cornyn (TX),Kavanaugh Dissents President
872,342.0,Y,high,365.0,Y,high,483.0,X,medium,426.0,Y,high,491.0,Z,medium,121.0,Y,low,375.0,,,,,14-11-2024,21:52:00,00:50:00,15-11-2024 00:46,Basketball Legend Says,Point Tally Nba,Nominee,R,Brett M. Kavanaugh,Kavanaugh Dissents President
873,30.0,Z,,302.0,Z,high,158.0,Y,low,360.0,Z,medium,344.0,,low,430.0,Y,low,307.0,,,,,27-03-2024,17:00:00,18:07:00,27-03-2024 18:06,Smitten Aussie Tennis,Actor Bob Odenkirk,Senator,R,Senator John Cornyn (TX),Chairman Ask Question
874,74.0,Y,high,325.0,X,medium,21.0,X,low,125.0,X,medium,356.0,Z,high,236.0,Z,medium,378.0,,,,,27-04-2024,16:59:00,18:29:00,27-04-2024 18:22,Golf Black Professional,Point Tally Nba,Nominee,R,Brett M. Kavanaugh,Proud Judge Kavanaugh
875,158.0,Y,low,154.0,X,high,384.0,X,low,460.0,Z,medium,375.0,,medium,,Z,high,251.0,,,,,24-02-2024,15:08:00,17:05:00,24-02-2024 16:56,Mbappe Neymar Prove,Lomachenko,Senator,R,Senator John Cornyn (TX),Kavanaugh Dissents President
876,259.0,Y,low,345.0,Z,medium,86.0,X,high,423.0,Z,low,362.0,Z,low,269.0,Z,medium,,,,,,17-06-2024,21:31:00,22:00:00,17-06-2024 21:57,Golf Black Professional,Ravaged Nicaragua Category,Nominee,R,Brett M. Kavanaugh,Kavanaugh Dissents President
877,441.0,Y,medium,123.0,Z,medium,150.0,Y,medium,,X,medium,352.0,Z,medium,337.0,Y,high,416.0,,,,,18-03-2024,09:38:00,10:23:00,18-03-2024 10:15,Companies Pulling Russia,Actor Bob Odenkirk,Senator,R,Senator John Cornyn (TX),Kavanaugh Dissents President
878,69.0,Y,medium,381.0,X,low,,Z,medium,179.0,Z,medium,38.0,Y,medium,467.0,Y,low,175.0,,,,,20-11-2024,17:18:00,18:54:00,20-11-2024 18:49,Mbappe Neymar Prove,Lomachenko,Senator,R,Senator Mike Lee (UT),Chairman Ask Question
879,33.0,Y,medium,220.0,Y,low,482.0,Z,low,350.0,,low,201.0,Z,low,67.0,X,high,226.0,,,,,07-07-2024,11:46:00,13:44:00,07-07-2024 13:38,Smitten Aussie Tennis,Point Tally Nba,Senator,R,Senator John Cornyn (TX),Chairman Ask Question
880,314.0,Z,high,239.0,X,high,453.0,Z,low,337.0,Y,high,137.0,Y,high,451.0,X,medium,,,,,,16-05-2024,15:14:00,17:01:00,16-05-2024 16:55,Smitten Aussie Tennis,Point Tally Nba,Nominee,R,Brett M. Kavanaugh,Kavanaugh Dissents President
881,489.0,Y,high,290.0,,low,,Y,high,75.0,X,high,445.0,Y,,241.0,Z,low,81.0,,,,,28-03-2024,18:37:00,22:14:00,28-03-2024 22:12,Basketball Legend Says,Actor Bob Odenkirk,Senator,R,Senator John Cornyn (TX),Kavanaugh Dissents President
882,415.0,X,,42.0,Y,medium,87.0,Z,medium,291.0,Z,medium,291.0,X,high,71.0,Z,low,56.0,,,,,21-12-2024,17:59:00,21:13:00,21-12-2024 21:12,Basketball Legend Says,Turned Movie Different,Nominee,R,Brett M. Kavanaugh,Kavanaugh Dissents President
883,282.0,Y,low,183.0,Y,high,404.0,Z,low,274.0,X,high,257.0,X,low,216.0,X,medium,211.0,,,,,03-06-2024,17:28:00,19:00:00,03-06-2024 18:58,Apology Cnn Vatican,Actor Bob Odenkirk,Senator,R,Senator John Cornyn (TX),Senator Durbin White
884,9.0,Y,low,101.0,Z,medium,158.0,Z,medium,292.0,,low,261.0,Y,high,27.0,Z,low,131.0,,,,,16-08-2024,09:56:00,13:48:00,16-08-2024 13:47,New Covid Lockdowns,Coronavirus Pandemic Late,Nominee,R,Brett M. Kavanaugh,Kavanaugh Dissents President
885,,X,low,,Z,low,38.0,Y,medium,169.0,Y,high,341.0,X,low,270.0,X,medium,166.0,,,,,10-06-2024,06:20:00,08:41:00,10-06-2024 08:32,New Covid Lockdowns,Hold Fastest Marathon,Senator,R,Senator John Cornyn (TX),Kavanaugh Dissents President
886,228.0,X,medium,,Z,high,294.0,X,medium,334.0,Z,high,381.0,X,high,236.0,X,,382.0,,,,,10-01-2024,19:30:00,21:07:00,10-01-2024 21:03,Assassination Question,Ravaged Nicaragua Category,Nominee,R,Brett M. Kavanaugh,Proud Judge Kavanaugh
887,223.0,X,,2.0,X,low,328.0,Y,medium,442.0,X,high,100.0,Y,high,195.0,X,high,341.0,,,,,26-04-2024,09:51:00,13:16:00,26-04-2024 13:08,Bob Baffert Suspended,Lomachenko,Senator,R,Senator John Cornyn (TX),Chairman Ask Question
888,246.0,X,high,13.0,Z,high,499.0,Z,high,302.0,X,medium,496.0,Y,low,222.0,Y,medium,398.0,,,,,02-06-2024,20:54:00,00:04:00,03-06-2024 00:00,Golf Black Professional,Lomachenko,Nominee,R,Brett M. Kavanaugh,Proud Judge Kavanaugh
889,280.0,X,low,456.0,Y,low,243.0,Z,low,436.0,Y,high,380.0,X,,310.0,X,high,407.0,,,,,03-04-2024,09:20:00,12:36:00,03-04-2024 12:28,Scammers Cnn Epik,Pennsylvania Investigation Abuse,Senator,R,Senator John Cornyn (TX),Chairman Ask Question
890,360.0,Z,low,78.0,X,medium,399.0,X,medium,385.0,Y,medium,103.0,Z,,413.0,Y,,124.0,,,,,02-10-2024,13:13:00,15:22:00,02-10-2024 15:18,Basketball Legend Says,Point Tally Nba,Nominee,R,Brett M. Kavanaugh,Proud Judge Kavanaugh
891,96.0,Z,medium,0.0,,medium,267.0,X,high,157.0,Y,high,302.0,Z,low,196.0,Y,,307.0,,,,,20-12-2024,10:52:00,14:38:00,20-12-2024 14:34,Abortion Travel,Niger State Television,Senator,R,Senator John Cornyn (TX),Chairman Ask Question
