"id","DR1","DR2","DR3","DR4","DR5","DR6","DR7"
1,1.45159418528276,-1.65621047029129,0.700632391471054,0.190670414981923,0.371091625018312,0.252125409422823,-0.53286435367647
2,0.76180498892793,0.567531694926018,0.723295658257833,1.34037224169789,-2.02689701184176,-0.0555572557306691,0.332203804723677
3,0.740535891033513,0.394942943308528,-0.918580659440364,0.673733173906165,0.374312922463232,1.64864165410882,1.12191348606534
4,1.54279309407213,-0.140915726703803,0.282162164639896,-1.57169383967625,-0.730654866671431,-1.21039150295417,-1.45833214869063
5,0.472703783888815,-1.2103926125904,-0.531688669931077,0.351348266171936,-1.14628111159862,1.10636162026399,0.17837740587018
6,-1.47932059517857,0.49603373167868,-0.47306848779457,2.15476636207652,0.0427587886085483,0.0140814230893363,-0.548818416130201
7,0.263066351836807,1.74193195613292,1.34468275447924,-0.0188293682964028,0.256141750851041,-0.261176936906303,1.89534711677807
8,1.605360406809,-0.202247962440986,-0.650796541155673,-1.07277536800101,1.76423157073109,0.621148326574828,-0.211406189702379
9,-2.27652387406815,0.0244470177227048,0.276183008971676,0.0473030510812352,0.770975564184657,-0.780346704894638,-0.0962709780264364
10,-0.86700561193931,0.341602906061043,-0.514197141370478,-1.27608751046996,-0.244801849206871,-2.21193820850175,0.660674946301665
11,0.130056661892996,1.5654192145921,0.219957697133781,-1.86803123379693,0.107520375744371,-0.463208203721314,1.16995590705033
12,0.54485146419167,-1.11464782248189,0.0783894672350981,1.35440018715556,-1.06566527479834,1.21594827711213,0.571847183267961
13,-0.0498153735255987,-0.067550690022605,-0.111388780932043,-1.33846822280579,1.11018595069633,0.864621197445673,1.61182956224599
14,-1.47353378841173,-0.259187891154368,2.02094100514948,0.158440909070353,-0.314878936912233,0.538138786729236,-0.128263699351176
15,0.0651577483054025,-0.548467534194874,0.49654675531119,-1.195318778942,0.209010387953354,0.117735503405253,-2.58676629860657
16,0.47310684355531,-1.20985772549482,-0.528280412181546,0.356951908188604,-1.14583074379527,1.10697383622403,0.180575561051175
17,-0.482258321346269,1.71985004020974,0.26108635070969,1.56282263874954,0.395081013559789,1.76281142786977,-0.0395374553815421
18,1.81102826088336,1.46495471629072,-0.101321567119821,-1.24370528992539,0.790389535193757,-0.667499253149242,-0.512597913314479
19,0.380403120261137,-1.33288175747783,-1.31217969457384,-0.9318857556451,-1.24941533856658,0.966164165413574,-0.325000130577256
20,0.432397817239173,-1.26388132214823,-0.872514444884248,-0.209015935494892,-1.19131789193398,1.04514002425944,-0.0414381122291356
21,1.57916152848673,-0.237015623653578,-0.872333294875235,-1.43701209908444,1.73495766351311,0.581354289171878,-0.354286276466937
22,0.181238932256367,-0.394420050668332,1.47812498717632,0.418530121858466,0.338716315319173,0.294053699898352,-1.95369760648054
23,-1.5888088530297,-0.412165600489753,1.04617928878342,-1.44420070769677,-0.443684128671345,0.363045022156229,-0.756936081115225
24,-1.5775231823678,-0.397188761813562,1.1416105057703,-1.28729873123006,-0.431073830177445,0.380187069037502,-0.695387736047416
25,-0.252898845800299,-0.824059381362304,-1.6220611781988,1.31610967538313,0.0260440077421483,-0.0945784070311521,0.632415921945614
26,-1.58411610846764,0.356963086828333,-1.35921550267281,0.697819437742765,-0.0743368402633737,-0.145094726522488,-1.12033876318843
27,0.941367029109946,2.05572697689332,-0.410004778398853,0.435559547781736,-0.604933526714366,0.352647482864252,0.794343900281319
28,-0.183572583162918,-0.732058800922842,-1.03584084527935,2.27993610225007,0.103507269918957,0.0107227380966705,1.01049861307644
29,1.95975727782053,1.6623280545591,1.15632554245738,0.824038614225209,0.956575254631214,-0.44159156389246,0.298521348472003
30,-0.201969356385856,-1.51937364949059,1.25367318269281,-0.0526078717561897,-0.281152523803034,0.498047144133841,1.29916401899588
31,-0.693286895679361,0.572139244255277,0.954761948677688,1.13908219871407,-0.0506933259614955,-1.94807312972215,1.60807982930973
32,-0.740041816992943,0.510092341168198,0.559404049732011,0.48905972478055,-0.102935991150506,-2.01909018108742,1.35309382831452
33,1.57996764781972,-0.235945849462422,-0.865516779376172,-1.42580481505111,1.73585839911982,0.582578721091968,-0.349889966104951
34,1.96459399381849,1.66874669970604,1.19722463545176,0.891282318425229,0.961979668271456,-0.434244972371914,0.324899210643921
35,-1.28268607756782,1.24398422948913,0.98307178547968,-0.589469808379089,1.11969484670907,0.963485572205434,0.395424741274281
36,0.811178756831608,1.88295844502154,-1.5108720314976,-1.37441682360212,-0.75040232719756,0.154901727769562,0.0843397768205228
37,0.729653280038136,0.380500991727931,-1.01060361867768,0.522434839456091,0.362152991772664,1.63211182318765,1.06256329617852
38,1.38549239997734,-1.74393195396612,0.141678120547848,-0.72832687575168,0.297231305268331,0.151721991975361,-0.893361803359347
39,0.395867163423567,1.14031040861428,0.641342974728889,0.0012342833924514,1.79986179933834,0.755521227017233,-1.30031801017648
40,1.4685226912756,-1.633745212277,0.84377921695138,0.426023379681985,0.39000707275916,0.27783847974473,-0.440541836074752
41,-0.160087698344928,0.693374910607491,-2.02689837403182,-0.423840011208369,-1.07390101273418,-1.55464645556796,-0.284259252344575
42,0.462627292226403,-1.22376478997986,-0.61689511366937,0.211257215755229,-1.15754030668246,1.09105622126285,0.123423526345353
43,0.0982149482397794,1.52316313404141,-0.0492946650792242,-2.31071895311373,0.0719413192794421,-0.511573264564907,0.996301647751866
44,-0.104321492932529,0.00447928762614535,0.889735079854161,-1.72531385414767,-1.37569313063912,-0.954674312882424,0.408866706877606
45,-0.306361810008425,-1.65790940724536,0.370934425564093,-1.50395115407327,-0.397797784871601,0.339483210482061,0.729841827118644
46,-0.731174504330023,0.52185985727092,0.634385720221708,0.612339849147252,-0.0930278994767282,-2.00562142996642,1.40145324229637
47,1.41934941196304,-1.69900143793755,0.427971771508512,-0.257620946351545,0.335062200750028,0.203148132619181,-0.70871676815592
48,0.819643009828033,1.89419107402868,-1.43929861875743,-1.25674034125208,-0.740944603327135,0.167758262930517,0.13050103562138
49,-0.220654072480587,-0.781268413716043,-1.34940055823626,1.76440103671659,0.0620734320104316,-0.0456011302275139,0.808268336425068
50,-1.51787035172633,-0.318025471667978,1.646032652701,-0.457959712763157,-0.364419395281122,0.470795031124233,-0.370060769260426
51,0.632918960079,0.252128088789147,-1.82858547856529,-0.822439244544296,0.254064718967814,1.48517999277673,0.535006052740158
52,1.44957888695027,-1.65888490576918,0.68359110272339,0.162652204898576,0.368839786001543,0.249064329622593,-0.543855129581431
53,0.654684182069805,0.281011991950373,-1.64453956009058,-0.519842575644209,0.278384580348905,1.51823965461919,0.65370643251379
54,-0.77628930681326,0.079746823098202,0.426441586499378,0.876200999931903,-1.15478692772002,1.18073735662193,-1.12595362234125
55,0.79535200567705,0.46768758830719,-0.455057605504013,1.43582848817302,0.43556294371929,1.73190302467506,1.42086259068041
56,-0.635017934948405,1.51712783098557,-1.03064333636283,-0.560957685567738,0.224391616088797,1.53078157901254,-0.872638268977956
57,0.729963275274717,0.525275614375327,0.454043296044835,0.897684522381097,-2.0624760683067,-0.103922316574265,0.15854954542521
58,0.292683888800488,1.00337931214625,-0.231171009151229,-1.43329807287463,1.68456764167983,0.59879394124559,-1.86304573651074
59,0.169153449543147,1.61730326286319,0.550558698838356,-1.32447795818011,0.151206052669665,-0.403823255596902,1.38317695960667
60,0.553315717188095,-1.10341519347475,0.149962879975264,1.47207666950559,-1.05620755092791,1.22880481227309,0.618008442068818
61,-0.128102013255816,-0.0270790510129725,0.68864787263179,-2.05592873313109,-1.40226483103697,-0.990795054525107,0.279175551199009
62,-0.500430193784638,0.0502158739777973,0.759252573607557,1.9940885108865,1.56013152522548,-0.840154787751832,-1.26006017567685
63,0.105873081903211,1.5333259888574,0.0154622321618783,-2.20424975479703,0.0804983075431594,-0.499941161324043,1.03806659619074
64,0.154636994267605,-0.429722598976498,1.25317997570723,0.0486897487583593,0.30899204029784,0.25364744653535,-2.09877584842609
65,0.123607707229053,1.55686102106284,0.165425573141273,-1.95768950606363,0.100314490890715,-0.473003659082041,1.13478542415444
66,-1.39272136652133,1.09796005239626,0.0526174198575239,-2.11926407892953,0.996744436393556,0.796350615113018,-0.204671623136856
67,0.126026065228032,1.56007034363631,0.185875119638463,-1.92406765396362,0.103016697710836,-0.469330363321769,1.14797435524039
68,-0.570562575755013,-0.0428544806528215,0.16621572518904,1.01905479998622,1.48176752744196,-0.946680364799746,-1.64253917716966
69,-2.22694753508909,0.0902381304788296,0.695398712164076,0.736551019131433,0.826370803997143,-0.705044141809044,0.174102109235726
70,-1.56381915370692,-0.3790026005639,1.25749126925438,-1.09677490266334,-0.415761324863425,0.401002411679048,-0.620650459893648
71,0.473509903221806,-1.20932283839925,-0.524872154432014,0.362555550205273,-1.14538037599191,1.10758605218408,0.182773716232168
72,-1.05735719868681,-1.30527406303869,-0.934158320924127,-0.892219191912184,0.746154162857896,-0.900026422295945,1.04539656679151
73,0.521070943868382,-1.14620616112101,-0.122697739987272,1.02378530817213,-1.0922369751962,1.17982753546945,0.442156027589363
74,1.37501284864843,-1.75783901845116,0.0530634190600233,-0.874021568185055,0.285521742381139,0.135804377014179,-0.95051383806517
75,0.753340735931509,0.556299065918866,0.651722245517674,1.22269575934786,-2.0363547357122,-0.0684137908916275,0.286042545922814
76,-1.59122721102868,-0.415374923063223,1.02572974228623,-1.47782255979678,-0.446386335491466,0.359371726395956,-0.770125012201184
77,-0.214867265713741,-1.53649003654909,1.14460893470779,-0.231924416289575,-0.295564293510347,0.478456233412386,1.2288230532041
78,-0.282178230018641,-1.62581618151066,0.575429890535996,-1.16773263307318,-0.370775716670388,0.37621616808479,0.861731137978235
79,0.84906636548227,1.93323783200589,-1.19049580304161,-0.847674474035299,-0.708067753682327,0.212450028013837,0.290966363833882
80,-1.59298342113056,0.345195570725611,-1.43419717316251,0.574539313376063,-0.0842449319371514,-0.158563477643488,-1.16869817717028
81,0.987684703311001,0.4716747459539,0.633482684424087,1.76340814258562,0.632175833487891,-2.15236417915008,-0.0744739910550818
82,0.748504019933552,0.549880420771927,0.610823152523294,1.15545205514784,-2.04175914935244,-0.0757603824121734,0.259664683750896
83,0.684879469611004,-1.32443572281217,-0.737382407248908,0.583860338492944,1.49747922841702,-1.01126064579696,-0.303037666062338
84,-0.574155925307448,1.59789578241789,-0.515996416183539,0.285192258949172,0.292397154395182,1.6232261889794,-0.540716836647987
85,0.650963580641422,0.420437743641986,-0.21397522286338,-0.200629312885885,-2.15074815776399,-0.22391664474318,-0.272288870049453
86,0.676818276281075,-1.33513346472374,-0.805547562239543,0.471787498159579,1.48847187234995,-1.02350496499787,-0.347000769682202
87,0.684476409944507,-1.32497060990775,-0.74079066499844,0.578256696476276,1.49702886061367,-1.01187286175701,-0.305235821243331
88,-2.34343177870655,-0.0643442401432903,-0.289587777450588,-0.882901523685699,0.696214508827971,-0.881974554262187,-0.461164738071302
89,-0.823475167957699,0.399370712383495,-0.146105304421053,-0.670894172669783,-0.196162126444688,-2.14581888481684,0.898075705848929
90,0.756162153596983,0.560043275587914,0.675580049764396,1.26192125346453,-2.03320216108872,-0.064128279171309,0.301429632189767
91,1.73908315165588,0.119574288842811,1.94198368866184,1.1572798224412,-0.511325746438253,-0.912242330412024,-0.38783057554695
92,-1.61621691035146,-0.448537922989075,0.81441776181526,-1.82524836483022,-0.474309139299385,0.321414336873136,-0.906410633422761
93,-1.47957968340918,-0.267211197588042,1.96981713890651,0.0743862788203294,-0.321634453962535,0.528955547328554,-0.161236027066074
94,-0.639485778725897,-0.134320173996705,-0.416596349980883,0.0608320151359428,1.40475463306851,-1.05136929396752,-2.0184237131195
95,0.505754676541519,-1.16653187075298,-0.252211534469477,0.810846911538735,-1.10935095172363,1.15656332898772,0.358626130711623
96,1.89728302951359,1.57942055474447,0.628045591279965,-0.0445258983583735,0.886768245111415,-0.536485037699509,-0.0421927045819399
97,-2.19550888110237,0.131959323933935,0.961242816627549,1.17363509643156,0.861499492658719,-0.657291296925496,0.345558213353194
98,0.746178726364489,0.402431362646641,-0.870865050946882,0.75218416213949,0.380618071710159,1.65721267754951,1.15268765859924
99,0.745682602268077,0.546136211102879,0.586965348276572,1.11622656103116,-2.04491172397591,-0.0800458941324919,0.244277597483944
100,1.93355839949826,1.62756039334651,0.934788788737819,0.459801883141771,0.927301347413233,-0.481385601295416,0.155641261707446
101,-0.543523390653722,1.63854720168184,-0.256968827219129,0.711069052215961,0.326625107450051,1.66975460194286,-0.373657042892505
102,1.85496176453146,1.52325740970875,0.270178527579136,-0.632908310108543,0.839479625759293,-0.600767713504285,-0.272998998586224
103,0.878086661470011,1.97174970288753,-0.945101245075331,-0.444212248835183,-0.675641271840872,0.256529577137112,0.44923353686539
104,1.63639600112922,-0.161061656081464,-0.388360694441733,-0.641294932717549,1.79890989158931,0.668288955498336,-0.0421482407659059
105,0.159480017547233,1.60446597256931,0.468760512849596,-1.45896536658015,0.14039722538918,-0.418516438637994,1.33042123526283
106,0.854675013367187,0.295162004413071,-0.491242372921377,-0.085793722914911,0.483554458381222,-2.35439544596508,-0.79986520078283
107,-1.03156138003104,-1.27104128892168,-0.716029824954097,-0.533586102845415,0.774977702272523,-0.860844600853034,1.18607849837507
108,1.68113562411032,-0.101689188472276,-0.0100440842437128,-0.0192906688673704,1.84890071776156,0.736244927063384,0.201846984324337
109,-0.0886021659391687,0.0253398843536981,1.0226571320859,-1.5067718154976,-1.35812878630833,-0.93079789044065,0.49459475893634
110,0.444489607234066,-1.24783470928088,-0.770266712398297,-0.0409066749948435,-1.17780685783337,1.06350650306081,0.0245065432006595
111,-0.544766757099242,-0.00862170653581233,0.384344221159069,1.37768788905299,1.51059106685659,-0.907498543356835,-1.5018572455861
112,-1.58330998913465,0.358032861019489,-1.35239898717375,0.709026721776101,-0.0734361046566666,-0.143870294602397,-1.11594245282644
113,-0.88269705876831,-0.0614633701344616,-0.473338459376994,-0.603160492468523,-1.27368402780536,1.01911234316992,-1.70626659012345
114,0.813597114830586,1.88616776759501,-1.49042248500041,-1.34079497150211,-0.747700120377438,0.158575023529835,0.0975287079064821
115,-0.750090428490994,0.114514484310789,0.647978340218939,1.24043773101534,-1.12551302050204,1.22053139402489,-0.983073535576696
116,-1.45836149252076,0.523847860648753,-0.29583908481892,2.44615574694327,0.0661779143829304,0.0459166530117019,-0.434514346718558
117,0.0191078294452859,0.0239150033212791,0.471423294237879,-0.380245437955512,1.18719884506979,0.96931012661345,1.98771409819582
118,0.0699944643033598,-0.542048889047934,0.537445848305571,-1.12807507474198,0.214414801593597,0.125082094925799,-2.56038843643466
119,-0.235423308705058,-1.56376927842359,0.970787789481674,-0.517710159139657,-0.318533051481378,0.447233219450066,1.11671713897344
120,-2.31803901971728,-0.0306463531218594,-0.0748675392300907,-0.529872076635597,0.724587680439243,-0.843404948779322,-0.322680961668732
121,-0.849674046279965,0.364603051170908,-0.367642058140615,-1.03513090375322,-0.225436033662669,-2.18561292221979,0.755195619084372
122,0.243310120896813,-0.312047437949279,2.00299668060421,1.28149099242538,0.408072957035618,0.388334957745355,-1.61518170860759
123,0.0230453616803351,0.173503609828879,1.96674452870618,0.0454370231195092,-1.2333769047794,-0.761214069508052,1.10348374407145
124,0.205825571912648,-0.361791937838058,1.68602870989776,0.760352284875231,0.36618875132374,0.331398873461126,-1.81961014043996
125,-1.54864685781596,0.404033151239221,-1.05928882071402,1.19093993520957,-0.0347044735682623,-0.0912197220384858,-0.92690110726103
126,-0.00185127321252682,-0.00389912564879094,0.29419389126223,-0.671634822822262,1.1637797192954,0.937474896691085,1.87341002878418
127,-0.186797060494889,-0.736337897687468,-1.0631069072756,2.23510696611672,0.0999043274921288,0.00582501041630659,0.992913371628495
128,-0.0323177840655683,0.862934119905802,-0.946480667430272,1.35251450807547,-0.931134419071103,-1.36057399623355,0.412555940030262
129,0.721189027041712,0.369268362720788,-1.08217703141785,0.404758357106057,0.352695267902239,1.61925528802669,1.01640203737766
130,-0.09898865283816,-0.132806915683154,-0.527196226374912,-2.02211254883932,1.0552410786872,0.789930850320124,1.34365463016482
131,1.37501284864843,-1.75783901845116,0.0530634190600233,-0.874021568185055,0.285521742381139,0.135804377014179,-0.95051383806517
132,-0.208159222819199,-0.764686913753116,-1.24374456800078,1.93811393923331,0.0760348339143913,-0.0266224354661039,0.876411147035857
133,-1.55374266204451,-0.365630423174444,1.34269771299268,-0.956683852246633,-0.404502129779587,0.416307810680185,-0.565696580368819
134,-0.62332920462001,1.53263955675734,-0.931803861626408,-0.398452067084358,0.23745228238605,1.54853584185385,-0.808891768729154
135,0.774702898255818,0.584648081984514,0.832359906242855,1.51968878623128,-2.01248524213446,-0.0359663450092172,0.402544770515453
136,1.73464949532442,0.11369053079145,1.90449285341699,1.09563976025785,-0.516279792275142,-0.918976705972524,-0.412010282537875
137,-1.00939309837374,-1.24162249866488,-0.528575648729853,-0.225385791928659,0.799747931456968,-0.827172723050533,1.30697703332969
138,-1.58074765969977,-0.401467858578188,1.11434444377405,-1.33212786736341,-0.434676772604274,0.375289341357138,-0.712972977495362
139,-1.23633421592073,1.30549624548063,1.37502142667583,0.0549490235377629,1.17148714409473,1.03389040761066,0.648212587088497
140,-1.50134490539998,-0.296095100749269,1.7857712204318,-0.228210390079758,-0.345954315343627,0.495895885486098,-0.279936406839705
141,0.786081633347632,0.455385185108889,-0.533447533743243,1.30694472178965,0.425204484242159,1.71782205759401,1.37030502151757
142,1.67629890811236,-0.108107833619216,-0.0509431772380933,-0.0865343730673898,1.84349630412131,0.728898335542838,0.175469122152419
143,-0.237841666704036,-1.56697860099705,0.950338242984484,-0.551332011239666,-0.321235258301499,0.443559923689793,1.10352820788748
144,-0.0796417888463325,-0.107132335095397,-0.36359985439739,-1.75313773203924,1.07685873324817,0.819317216402307,1.44916607885249
145,1.68798763844076,-0.0925961078474457,0.0478962974983263,0.0759712454159903,1.85655697041857,0.746652598384157,0.239215622401221
146,-0.0923736743735321,0.78323594266464,-1.4543110721105,0.517571847591901,-0.998239221770781,-1.45179417428032,0.0850308180622788
147,-0.307570989007914,-1.6595140685321,0.360709652315498,-1.52076208012328,-0.399148888281661,0.337646562601925,0.723247361575664
148,-0.530256609105372,0.0106342289050052,0.507041500142211,1.57941900165305,1.52680430777732,-0.885458768795198,-1.42272365907035
149,1.61131323737652,-0.0499849204555003,0.861565982060287,-0.619074696842645,-0.654092340101325,-1.10631478974644,-1.08464576792179
150,-1.35402763853768,1.14930921357178,0.379810163812568,-1.58131444532937,1.0399797455155,0.855123347277384,0.00635127423848852
151,0.784435207235615,-1.19231861020434,0.104457256885424,1.96795991661001,1.60872007584534,-0.860043303665727,0.239906663642977
152,1.73585867432391,0.115295192078185,1.91471762666558,1.11245068630785,-0.514928688865081,-0.917140058092388,-0.405415816994895
153,-0.271439590459134,-0.848664187758905,-1.77884103467726,1.05834214261639,0.00532708878788553,-0.122740341193244,0.531300783619928
154,0.869622408473586,1.96051707388038,-1.0166746578155,-0.561888731185217,-0.685098995711296,0.243673041976156,0.403072278064533
155,0.623211340637054,-1.40627344843565,-1.25884584292726,-0.273496890057302,1.42857295450393,-1.10492968768392,-0.639355408754294
156,-0.96787795272461,-1.18652912782032,-0.177525100528087,0.351789335788173,0.846135815202382,-0.764114479165848,1.53338701697199
157,-0.0200820226347802,0.116270690602004,1.60206094950629,-0.554152672663996,-1.28156625973823,-0.826721177232919,0.86828113970518
158,0.71551200426473,-1.28378430354822,-0.478354818284498,1.00973713175973,1.53170718147189,-0.964732232833504,-0.135977872306856
159,-1.05534190035433,-1.3025996275608,-0.917117032176468,-0.864200981828843,0.748406001874664,-0.896965342495717,1.05638734269647
160,-0.276276306457091,-0.855082832905844,-1.81974012767164,0.991098438416367,-7.73248523570499e-05,-0.13008693271379,0.50492292144801
161,0.742148129699524,0.397082491690858,-0.904947628442199,0.696147741972807,0.376114393676623,1.65109051794906,1.13070610678931
162,-0.555649368094646,-0.0230636581164257,0.292321261921713,1.22638955460294,1.49843113616604,-0.924028374278063,-1.56120743547292
163,-0.00531278641030944,0.898771555309547,-0.718127398211648,1.72795852319225,-0.900959776246416,-1.3195555269105,0.559832337156805
164,-0.754524084822454,0.108630726259428,0.61048750497409,1.17879766883199,-1.13046706633893,1.21379701846439,-1.00725324256762
165,-1.62024750701642,-0.453886793944858,0.780335184319943,-1.8812847849969,-0.478812817332921,0.315292177272681,-0.928392185232693
166,1.89687996984709,1.57888566764889,0.624637333530433,-0.0501295403750419,0.886317877308061,-0.537097253659555,-0.0443908597629326
167,0.57064728284744,-1.08041504836488,0.296517963205128,1.71303327622233,-1.03684173538371,1.25513009855504,0.712529114851524
168,-2.2599984277418,0.0463773886414115,0.415921576702476,0.277052373764634,0.789440644122153,-0.755245850532773,-0.00614661560571457
169,-0.264587576128695,-0.839571107134074,-1.72090065293522,1.15360405689975,0.0129833414448959,-0.112332669872471,0.568669421696812
170,0.410377311417437,1.1595663440551,0.76404025371203,0.202965395992509,1.81607504025906,0.77756100157887,-1.22118442366073
171,0.199785984196873,1.65795468212714,0.809586287802767,-0.898601164913323,0.185434005724534,-0.357294842633446,1.55023675336215
172,0.685316716723532,0.321663411214322,-1.38551197112617,-0.0939657823774198,0.312612533403774,1.56476806758264,0.820766226269271
173,-1.42718192676464,-0.197675875162867,2.41289064634563,0.802859740987205,-0.263086639526575,0.608543622134466,0.124524146463039
174,0.824479725825989,1.90060971917562,-1.39839952576305,-1.18949663705206,-0.735540189686893,0.175104854451063,0.156878897793298
175,-0.929990344073948,-1.13624974083596,0.142851127927893,0.878531685354991,0.888470388717615,-0.706566178921573,1.74001360398535
176,-1.06219391468477,-1.31169270818563,-0.975057413918507,-0.959462896112204,0.740749749217654,-0.907373013816491,1.01901870461959
177,-0.0768203711808577,-0.103388125426349,-0.339742050150668,-1.71391223792256,1.08001130787164,0.823602728122626,1.46455316511945
178,-0.0432003950609711,0.848492168325189,-1.03850362666763,1.20121617362543,-0.943294349761649,-1.37710382715477,0.353205750143447
179,-0.242822354137889,-0.810687203972847,-1.53685473446051,1.45620072579983,0.0373032028259866,-0.0792730080300155,0.687369801470444
180,0.0212891515784532,0.934074103617712,-0.493182386742555,2.09779889629235,-0.871235501225083,-1.2791492735475,0.704910579102355
181,-0.10607770303441,0.765049781414979,-1.57019183559458,0.32704801902518,-1.0135517270848,-1.47260951692187,0.0102935419085107
182,0.379193941261648,-1.33448641876456,-1.32240446782243,-0.948696681695105,-1.25076644197664,0.964327517533437,-0.331594596120235
183,-0.319806750438702,-0.912850639228297,-2.18783196462106,0.385905100616193,-0.0487170476145393,-0.196206256398702,0.267522161900746
184,1.88196676218672,1.5590948451125,0.49853179679776,-0.257464294991768,0.869654268583981,-0.559749244181238,-0.125722601459681
185,0.662711187953701,-1.35385451306898,-0.924836583473152,0.275660027576189,1.47270899923258,-1.04493252359946,-0.423936201016963
186,1.59277249271769,-0.0745897268521005,0.704786125581828,-0.876842229609385,-0.674809259055588,-1.13447672390853,-1.18576090624747
187,-0.503251611450113,0.0464716643087493,0.735394769360836,1.95486301676982,1.556978950602,-0.84444029947215,-1.2754472619438
188,-0.0524707673903884,0.836189765126889,-1.11689355490686,1.07233240724206,-0.95365280923878,-1.39118479423582,0.302648180980604
189,0.509785273206483,-1.1611829997972,-0.21812895697416,0.866883331705417,-1.1048472736901,1.16268548858817,0.380607682521555
190,0.238076652514032,1.70876895620707,1.13337077400828,-0.366255173329837,0.22821894704312,-0.299134326429125,1.7590614955565
191,1.85455870486497,1.52272252261317,0.266770269829604,-0.638511952125211,0.83902925795594,-0.60137992946433,-0.275197153767216
192,0.738889464921521,-1.25276085200469,-0.280675868811659,1.33474836872649,1.55782851406639,-0.929223707150866,-0.00848487180925252
193,0.784838266902111,-1.19178372310876,0.107865514634956,1.97356355862668,1.6091704436487,-0.859431087705681,0.242104818823969
194,0.725932678609754,0.519926743419544,0.419960718549518,0.841648102214414,-2.06697974634024,-0.110044476174721,0.136567993615278
195,-1.03438279769652,-1.27478549859073,-0.739887629200819,-0.572811596962093,0.771825127649048,-0.865130112573353,1.17069141210812
196,0.953424631658807,0.426209342829747,0.343780775713892,1.28709857116882,0.59389457020284,-2.20440253575394,-0.261317181439502
197,0.61871880732171,0.377646775995724,-0.486635842825917,-0.648920674219348,-2.18677758203228,-0.272893921546818,-0.448141284528907
198,-1.07952548034411,-1.3346928532955,-1.12161249714837,-1.20041950282894,0.721383933673451,-0.933698300098447,0.924498031836881
199,-1.55993252847785,0.389056312563029,-1.15472003770091,1.03403795874286,-0.0473147720621611,-0.10836176891976,-0.988449452328839
200,-1.5884057933632,-0.411630713394175,1.04958754653295,-1.43859706568011,-0.443233760867991,0.363657238116274,-0.754737925934232
201,0.382566194429185,1.1226591344602,0.528870468994342,-0.183685903157602,1.78499966182767,0.735318100335732,-1.37285713114926
202,-0.318597571439213,-0.911245977941562,-2.17760719137247,0.402716026666198,-0.0473659442044786,-0.194369608518566,0.274116627443726
203,-1.57228340670335,-0.390235229571044,1.18591785651422,-1.21445138501337,-0.42521904873385,0.388145876518093,-0.666811718694505
204,-0.163275628402202,-1.46802448831508,1.58086592664785,0.485341761843965,-0.237917214681094,0.556819876298207,1.51018691637122
205,-0.312551676441767,-0.903222671507888,-2.12648332512949,0.486770656916222,-0.0406104271541755,-0.185186369117883,0.307088955158624
206,-0.93643929873789,-1.14480793436521,0.0883190039353863,0.788873413088299,0.881264503863958,-0.716361634282301,1.70484312108946
207,0.643398511407906,0.266035153274182,-1.73997077707747,-0.67674455211092,0.265774281855006,1.50109760773791,0.592158087445981
208,-0.349633165759436,-0.952432284301089,-2.44004303808641,-0.0287644086172603,-0.0820442650627012,-0.241510237442067,0.104858678507251
209,-1.38425711352491,1.10919268140341,0.12419083259769,-2.00158759657949,1.00620216026398,0.809207150273973,-0.158510364336
210,-0.299912855344482,-1.64935121371611,0.4254665495566,-1.41429288180658,-0.390591900017944,0.349278665842789,0.765012310014535
211,-2.20316701476581,0.121796469117947,0.896485919386446,1.06716589811486,0.852942504395002,-0.66892340016636,0.303793264914324
212,1.86382907719439,1.53502492581147,0.345160198068833,-0.509628185741841,0.849387717433071,-0.587298962383284,-0.224639584604373
213,0.744566487698503,0.400291814264328,-0.884498081945009,0.729769594072817,0.378816600496745,1.65476381370933,1.14389503787527
214,-0.4935781794542,0.0593089546026278,0.817192955349596,2.08935042516986,1.56778777788249,-0.829747116431059,-1.22269153759997
215,0.0675761063043813,-0.545258211621404,0.516996301808381,-1.16169692684199,0.211712594773475,0.121408799165526,-2.57357736752062
216,-0.34923010609294,-0.951897397205511,-2.43663478033688,-0.0231607666005915,-0.0815938972593477,-0.240898021482022,0.107056833688244
217,1.52172656725312,-1.56314011566067,1.29366923988957,1.1657041258822,0.449455622801827,0.358650986470734,-0.150385352183653
218,-0.789993335474137,0.0615606618485407,0.3105608230153,0.685677171365181,-1.17009943303404,1.15992201398038,-1.20069089849502
219,-0.779916843811727,0.0749328392379973,0.395767266753592,0.825768221781888,-1.1588402379502,1.17522741298152,-1.14573701897019
220,-1.58089163113567,0.361242183592959,-1.33194944067656,0.742648573876111,-0.0707338978365454,-0.140196998842124,-1.10275352174048
221,0.74648872160107,0.547205985294036,0.593781863775635,1.1274338450645,-2.04401098836921,-0.0788214622124007,0.24867390784593
222,0.504545497542029,-1.16813653203972,-0.262436307718072,0.79403598548873,-1.11070205513369,1.15472668110758,0.352031665168643
223,-0.0914235836046435,0.02159567468465,0.998799327839176,-1.54599730961428,-1.3612813609318,-0.935083402160969,0.479207672669388
224,-1.49650818940202,-0.289676455602329,1.82667031342618,-0.160966685879738,-0.340549901703384,0.503242477006643,-0.253558544667787
225,1.33672218033128,-1.8086532925311,-0.270721067145489,-1.40636755976854,0.242736801062552,0.0776438608098579,-1.15933858025952
226,1.59035413471871,-0.0777990494255703,0.684336579084638,-0.910464081709395,-0.677511465875709,-1.13815001966881,-1.19894983733343
227,-1.60870274812392,0.324334973998058,-1.56711922539425,0.355997274726,-0.10180927626794,-0.182439900085262,-1.25442622922901
228,0.245331726510967,1.71839692392748,1.19471941349985,-0.265389617029808,0.236325567503484,-0.288114439148306,1.79862828881438
229,-1.47917662374268,-0.266676310492464,1.97322539665604,0.0799899208369977,-0.321184086159182,0.529567763288599,-0.159037871885081
230,-0.124877535923845,-0.0227999542483467,0.715913934628044,-2.01109959699775,-1.39866188861015,-0.985897326844743,0.296760792646954
231,0.773552596240212,-1.20676056178495,0.0124342976480683,1.81666158215996,1.5965601451548,-0.876573134586955,0.180556473756161
232,0.61871880732171,0.377646775995724,-0.486635842825917,-0.648920674219348,-2.18677758203228,-0.272893921546818,-0.448141284528907
233,0.461821172893411,-1.22483456417102,-0.623711629168434,0.200049931721892,-1.15844104228917,1.08983178934276,0.119027215983366
234,1.60898794380746,-0.197433978580787,-0.620122221409889,-1.02234258985099,1.76828488096127,0.626658270215243,-0.191622793073442
235,0.6646676093023,0.438623904891647,-0.0980944593793022,-0.0101054843191639,-2.13543565244997,-0.203101302101633,-0.197551593895685
236,0.723204325374194,0.371942798198679,-1.06513574267019,0.432776567189398,0.354947106919007,1.62231636782692,1.02739281328263
237,0.731668578370618,0.383175427205823,-0.993562329930023,0.550453049539432,0.364404830789431,1.63517290298787,1.07355407208349
238,-0.818638451959742,0.405789357530435,-0.105206211426673,-0.603650468469764,-0.190757712804446,-2.13847229329629,0.924453568020847
239,0.394510208588511,-1.31416070913259,-1.19289067334023,-0.73575828506171,-1.23365246544921,0.987591724015166,-0.248064699242495
240,-0.765837635648713,0.475859567051188,0.341275553761981,0.130426635713781,-0.131759530565133,-2.05827200253033,1.21241189673095
241,0.0235414857767463,0.0297987613726405,0.508914129482728,-0.31860537577216,1.19215289090667,0.97604450217395,2.01189380518675
242,-1.59580483879603,0.341451361056563,-1.45805497740923,0.535313819259385,-0.0873975065606264,-0.162848989363807,-1.18408526343723
243,1.6705630083515,0.0286434825945055,1.36257987124145,0.204660679607592,-0.587888273008355,-1.01631904361976,-0.76151695631579
244,-0.559242717647081,1.61768660495429,-0.389890879450866,0.492527013565898,0.309060763119263,1.64587817950109,-0.459385094951239
245,-1.52633460472276,-0.329258100675121,1.57445923996083,-0.575636195113191,-0.373877119151546,0.457938495963278,-0.416222028061283
246,0.798246660057691,0.220277811032114,-0.968398457855815,-0.87030360524847,0.420502965911727,-2.44010568037145,-1.10760692612188
247,-1.58774364546611,0.352149102968129,-1.3898898224186,0.64738665959275,-0.0783901504935558,-0.150604670162897,-1.14012215981737
248,-1.55172736371203,-0.362955987696552,1.35973900174033,-0.928665642163292,-0.402250290762819,0.419368890480413,-0.554705804463853
249,-0.926362807075481,-1.13143575697576,0.173525447673679,0.928964463505006,0.892523698947797,-0.701056235281164,1.75979700061429
250,-1.23028832092328,1.3135195519143,1.4261452929188,0.139003653787787,1.17824266114503,1.04307364701135,0.681184914803394
251,1.74240069341777,-0.0203863499443795,0.508011093685107,0.832462917666208,1.91735662387129,0.829301752990297,0.5359665718353
252,-2.27934529173363,0.0207028080536547,0.252325204724953,0.00807755696455741,0.767822989561183,-0.784632216614956,-0.111658064293387
253,1.60768570037806,-0.0547989043157046,0.830891662314501,-0.669507474992659,-0.658145650331507,-1.11182473338685,-1.10442916455073
254,0.158264531266072,-0.424908615116294,1.28385429545302,0.0991225269083739,0.313045350528022,0.259157390175759,-2.07899245179715
255,-0.52824131077289,0.0133086643828966,0.524082788889869,1.60743721173639,1.52905614679409,-0.88239768899497,-1.41173288316538
256,-0.332301600100091,-0.929432139191224,-2.29348795485655,0.212192198099476,-0.0626784495184986,-0.215184951160112,0.199379351289958
257,-0.566531979090048,-0.0375056096970388,0.200298302684357,1.0750912201529,1.4862712054755,-0.940558205199291,-1.62055762535973
258,-0.261219127360828,-1.59800205254059,0.752659293511645,-0.876343248206427,-0.347356590896004,0.408051398007155,0.97603520738988
259,-0.0250627100686333,0.872562087626211,-0.885132027938702,1.4533800643755,-0.92302779861074,-1.34955410895273,0.45212273328814
260,1.94685936849264,1.6452116675006,1.04726129447237,0.644722069691825,0.9421634849239,-0.461182474613915,0.228180382680221
261,0.508576094206994,-1.16278766108394,-0.228353730222756,0.850072405655413,-1.10619837710016,1.16084884070804,0.374013216978575
262,1.41733411363056,-1.70167587341544,0.410930482760853,-0.285639156434886,0.33281036173326,0.200087052818954,-0.719707544060886
263,0.02586677934581,0.177247819497926,1.9906023329529,0.0846625172361871,-1.23022433015592,-0.756928557787734,1.1188708303384
264,0.277173440164182,1.76065300447816,1.46397177571285,0.177298102286986,0.271904623968414,-0.239749378304714,1.97228254811284
265,-0.00490972674381295,0.899306442405125,-0.714719140462116,1.73356216520892,-0.900509408443063,-1.31894331095045,0.562030492337798
266,0.0582046170954371,0.0757990515923709,0.802024295942455,0.163307837661312,1.23088452199508,1.02869507473786,2.20093515075216
267,0.633228955315581,0.396902711436542,-0.363938563842776,-0.447189561619289,-2.17056434111155,-0.250854146985181,-0.369007698013153
268,-0.589069132967815,1.5781049598815,-0.642101952916213,0.0778575043324457,0.275733545671101,1.60057419845772,-0.622048578344734
269,-1.04405622969243,-1.28762278888461,-0.82168581518958,-0.707299005362131,0.761016300368563,-0.879823295614444,1.11793568776428
270,0.883729496800961,1.97923812222562,-0.897385636581887,-0.365761260601827,-0.669336122593922,0.265100600577748,0.480007709399295
271,-0.223475490146062,-0.785012623385091,-1.37325836248298,1.72517554259991,0.0589208573869569,-0.0498866419478322,0.792881250158116
272,-0.0290933067335972,0.867213216670428,-0.919214605434019,1.39734364420882,-0.927531476644275,-1.35567626855318,0.430141181478208
273,0.058305733974964,-0.557560614819705,0.438606373569151,-1.29058069322536,0.201354135296344,0.10732783208448,-2.62413493668346
274,1.71862017309448,-0.0519446885834972,0.306923886462736,0.501848038682779,1.89078492347343,0.793181011347614,0.406275416156702
275,-0.0796417888463325,-0.107132335095397,-0.36359985439739,-1.75313773203924,1.07685873324817,0.819317216402307,1.44916607885249
276,-1.59001803202919,-0.413770261776488,1.03595451553482,-1.46101163374678,-0.445035232081405,0.361208374276092,-0.763530546658204
277,-0.239453905370022,-1.56911814937937,0.936705211986357,-0.573746579306339,-0.323036729514913,0.441111059849611,1.09473558716351
278,0.106269834288036,-0.49390905044589,0.844189045763425,-0.623747293241834,0.254947903895415,0.180181531329892,-2.36255447014527
279,0.798576483009021,0.471966685071816,-0.42779154350776,1.48065762430637,0.439165886146119,1.73680075235542,1.43844783212835
280,-0.113591865261946,-0.00782311557215502,0.811345151614932,-1.85419762053104,-1.38605159011625,-0.96875527996347,0.358309137714763
281,1.80256400788693,1.45372208728358,-0.172894979859987,-1.36138177227542,0.780931811323333,-0.680355788310197,-0.558759172115337
282,-0.750896547823986,0.113444710119633,0.641161824719875,1.229230446982,-1.12641375610875,1.2193069621048,-0.987469845938683
283,0.345887764778013,1.07398440876258,0.218719013786957,-0.693617326674415,1.7440161917225,0.679606447971594,-1.57288925261964
284,1.48021142160399,-1.61823348650523,0.9426186916878,0.588528998165365,0.403067739056413,0.295592742586049,-0.37679533582595
285,1.67902726134792,0.0398761116016491,1.43415328398161,0.322337161957626,-0.578430549137931,-1.0034625084588,-0.715355697514933
286,0.628854175968003,-1.39878502909755,-1.21113023443382,-0.195045901823946,1.43487810375088,-1.09635866424328,-0.60858123622039
287,-0.0265309772987224,0.107712497072751,1.54752882551378,-0.643810944930689,-1.28877214459188,-0.836516632593647,0.833110656809289
288,0.712724774045287,0.358035733713644,-1.15375044415801,0.287081874756023,0.343237544031815,1.60639875286574,0.970240778576808
289,-1.37780815886097,1.11775087493266,0.178722956590197,-1.9119293243128,1.01340804511764,0.819002605634701,-0.123339881440109
290,-0.217026535482119,-0.776454429855838,-1.31872623849048,1.8148338148666,0.0661267422406135,-0.0400911865871045,0.828051733054007
291,-0.198485790823285,-0.751849623459238,-1.16194638201202,2.07260134763334,0.0868436611948761,-0.0119292524250123,0.929166871379693
292,0.277979559497176,1.76172277866932,1.47078829121192,0.188505386320323,0.272805359575121,-0.238524946384623,1.97667885847482
293,-1.63208020878071,0.293311522454519,-1.76479817486709,0.0309860377592402,-0.127930608862445,-0.2179484257679,-1.38191922972662
294,-0.312810764672367,-1.66646760077461,0.316402301571586,-1.59360942633997,-0.405003669725257,0.329687755121334,0.694671344222753
295,-0.182622492394029,-1.49369906890283,1.41726955467033,0.216366945043888,-0.259534869242064,0.527433510216024,1.40467546768355
296,0.435622294571145,-1.2596022253836,-0.845248382887995,-0.164186799361546,-1.18771494950715,1.0500377519398,-0.0238528707811903
297,0.922389037338583,0.385023036470221,0.0813449289999505,0.855618135885359,0.559216249344617,-2.25154316467744,-0.430575130375976
298,-0.0482031348596132,-0.0654111416402921,-0.0977557499339166,-1.31605365473911,1.11198742190974,0.867070061285855,1.62062218296996
299,-2.32892163071268,-0.0450883047024727,-0.166890498467447,-0.681170411085641,0.712427749748698,-0.85993477970055,-0.382031151555548
300,0.414004848415905,1.16438032791531,0.794714573457816,0.253398174142524,1.82012835048925,0.78307094521928,-1.20140102703179
301,-0.124215388026748,0.740979862113957,-1.7235634343235,0.0748841282751071,-1.03381827823571,-1.50015923512392,-0.0886234412361822
302,1.79974259022146,1.44997787761453,-0.196752784106709,-1.4006072663921,0.777779236699858,-0.684641300030516,-0.574146258382289
303,0.917183449120162,2.02363375115862,-0.614500243370755,0.0993410267816397,-0.631955594915578,0.315914525261523,0.662454589421729
304,0.84906636548227,1.93323783200589,-1.19049580304161,-0.847674474035299,-0.708067753682327,0.212450028013837,0.290966363833882
305,-1.05534190035433,-1.3025996275608,-0.917117032176468,-0.864200981828843,0.748406001874664,-0.896965342495717,1.05638734269647
306,1.69918024467274,0.0666204663805623,1.6045661714582,0.60251926279104,-0.555912158970253,-0.972851710456526,-0.605447938465274
307,-0.78196002230857,0.454464083228057,0.204945243780713,-0.0937190449529508,-0.149774242699274,-2.08276064093215,1.12448568949123
308,-0.00910634720946215,-0.0135270933691999,0.23284525177066,-0.772500379122291,1.15567309883504,0.926455009410266,1.8338432355263
309,-1.62079453811881,0.308288361130711,-1.6693669578802,0.187888014225952,-0.115320310368546,-0.200806378886627,-1.32037088465881
310,-1.06179085501827,-1.31115782109005,-0.971649156168975,-0.953859254095535,0.741200117021007,-0.906760797856445,1.02121685980058
311,-0.270086440023748,-1.60976956864332,0.677677623021947,-0.999623372573128,-0.357264682569782,0.394582646886155,0.92767579340803
312,-0.126633746025727,0.737770539540487,-1.74401298082069,0.0412622761750977,-1.03652048505583,-1.50383253088419,-0.101812372322141
313,1.86302295786139,1.53395515162032,0.33834368256977,-0.520835469775177,0.848486981826364,-0.588523394303375,-0.22903589496636
314,0.114337334899636,1.54455861786454,0.087035644902044,-2.086573272447,0.0899560314135834,-0.487084626163088,1.08422785499159
315,-0.492737872675175,1.7059429757247,0.172471649221866,1.41712794631616,0.383371450672597,1.74689381290859,-0.096689490087365
316,0.883326437134464,1.97870323513005,-0.900793894331419,-0.371364902618496,-0.669786490397275,0.264488384617703,0.477809554218302
317,0.755414911247874,-1.23083048108598,-0.140937301080859,1.56449769140989,1.57629359400389,-0.904122852789001,0.0816394906114681
318,-0.268071141691266,-1.60709513316543,0.694718911769606,-0.971605162489787,-0.355012843553015,0.397643726686382,0.938666569312996
319,-0.808937139799468,0.0364209683563618,0.15037270878731,0.422305996581772,-1.19126671979166,1.13114786385825,-1.3040041920017
320,-0.865796432939821,0.343207567347778,-0.503972368121883,-1.25927658441995,-0.24345074579681,-2.21010156062161,0.667269411844645
321,-2.23621790741851,0.0779357272805294,0.617008783924846,0.607667252748063,0.816012344520012,-0.719125108890089,0.123544540072883
322,0.386045955592087,-1.32539333813973,-1.2644640860804,-0.853434767411744,-1.24311018931963,0.974735188854211,-0.294225958043351
323,0.730366334941214,0.525810501470905,0.457451553794367,0.903288164397765,-2.06202570050335,-0.10331010061422,0.160747700606203
324,1.74401293208375,-0.0182468015620665,0.521644124683234,0.854877485732881,1.91915809508471,0.831750616830479,0.544759192559272
325,0.869185161361058,0.314417939853889,-0.368545093938235,0.115937389685147,0.49976769930195,-2.33235567140345,-0.720731614267076
326,0.0132279582485253,0.923376361706146,-0.561347541733189,1.98572605595899,-0.880242857292153,-1.29139359274841,0.660947475482491
327,0.7206929029453,0.512973211177027,0.375653367805606,0.768800755997726,-2.07283452778383,-0.118003283655312,0.107991976262367
328,1.54239003440564,-0.141450613799384,0.278753906890365,-1.57729748169292,-0.73110523447478,-1.21100371891422,-1.46053030387162
329,-1.05332660202185,-1.29992519208291,-0.900075743428809,-0.836182771745501,0.750657840891432,-0.89390426269549,1.06737811860144
330,1.46529821394363,-1.63802430904163,0.816513154955126,0.381194243548639,0.386404130332332,0.272940752064366,-0.458127077522698
331,-1.48602863807312,-0.275769391117294,1.915285014914,-0.0152719934463631,-0.328840338816192,0.519160091967826,-0.196406509961965
332,-1.63087102978122,0.294916183741254,-1.75457340161849,0.0477969638092446,-0.126579505452384,-0.216111777887764,-1.37532476418364
333,1.47416552660655,-1.62625679293891,0.891494825444824,0.504474367915341,0.396312222006109,0.286409503185367,-0.409767663540847
334,-0.725128609332577,0.529883163704594,0.685509586464684,0.696394479397277,-0.0862723824264253,-1.99643819056574,1.43442557001126
335,0.306387917461365,1.02156547339591,-0.115290245667151,-1.24277424430791,1.69988014699385,0.619609283887136,-1.78830846035697
336,0.0339279726757379,0.187945561409492,2.05876748794354,0.196735357569553,-1.22121697408885,-0.744684238586824,1.16283393395827
337,-1.51988565005881,-0.320699907145869,1.62899136395334,-0.485977922846498,-0.366671234297889,0.467733951324006,-0.381051545165392
338,-1.27260958590541,1.25735640687859,1.06827822921797,-0.449378757962382,1.13095404179291,0.978790971206571,0.45037862079911
339,-1.63933528277765,0.28368355473411,-1.82614681435866,-0.0698795185407889,-0.136037229322809,-0.228968313048719,-1.42148602298449
340,-0.78072296314472,0.0738630650468409,0.388950751254529,0.814560937748552,-1.15974097355691,1.17400298106143,-1.15013332933218
341,-2.28095753039961,0.0185632596713415,0.238692173726827,-0.0143370111021158,0.766021518347769,-0.787081080455138,-0.12045068501736
342,-0.274117036688712,-1.6151184395991,0.64359504552663,-1.05565979273981,-0.361768360603318,0.3884604872857,0.905694241598098
343,1.69918024467274,0.0666204663805623,1.6045661714582,0.60251926279104,-0.555912158970253,-0.972851710456526,-0.605447938465274
344,0.61871880732171,0.377646775995724,-0.486635842825917,-0.648920674219348,-2.18677758203228,-0.272893921546818,-0.448141284528907
345,-0.336994344662151,-1.69856082650931,0.111906836599684,-1.92982794734006,-0.43202573792647,0.292954797518605,0.562782033363162
346,1.43668097762238,-1.67600129282768,0.574526854738375,-0.0166643396348087,0.35442801629423,0.229473418901137,-0.614196095373214
347,0.754239919694417,0.413129104558206,-0.802699895956248,0.864257002472856,0.389625427777229,1.66945699675042,1.1966507622191
348,0.0845046122972298,-0.522792953607117,0.660143127288712,-0.926343962141921,0.230628042514324,0.147121869487436,-2.4812548499189
349,0.572662581179922,-1.07774061288699,0.313559251952787,1.74105148630567,-1.03458989636694,1.25819117835527,0.72351989075649
350,0.509785273206483,-1.1611829997972,-0.21812895697416,0.866883331705417,-1.1048472736901,1.16268548858817,0.380607682521555
351,-0.7158303568388,0.159979887434942,0.937680248929134,1.71674730243214,-1.08723175721699,1.27256975062875,-0.796230345192276
352,-0.999316606711329,-1.22825032127542,-0.44336920499156,-0.0852947415119522,0.811007126540806,-0.811867324049396,1.36193091285452
353,0.629291423080532,0.247314104928942,-1.85925979831108,-0.87287202269431,0.250011408737632,1.47967004913632,0.515222656111219
354,0.626435817969025,-1.40199435167102,-1.23157978093101,-0.228667753923956,1.43217589693076,-1.10003196000355,-0.621770167306349
355,0.680789995962156,0.460019388714778,0.0382358506019661,0.214040196347567,-2.11742094031583,-0.178612663699814,-0.109625386655958
356,-0.785559679142677,0.0674444198999015,0.348051658260148,0.747317233548532,-1.16514538719715,1.16665638954089,-1.1765111915041
357,-0.946112730733804,-1.15764522465909,0.0065208179466256,0.65438600468826,0.870455676583473,-0.731054817323392,1.65208739674562
358,0.247347024843449,1.72107135940537,1.21176070224751,-0.237371406946466,0.238577406520251,-0.285053359348079,1.80961906471934
359,0.75827051635938,0.418477975513989,-0.768617318460931,0.920293422639539,0.394129105810765,1.67557915635087,1.21863231402904
360,1.45481866261472,-1.65193137352666,0.727898453467302,0.235499551115264,0.374694567445139,0.257023137103184,-0.51527911222852
361,-1.64578423744159,0.275125361204858,-1.88067893835116,-0.159537790807481,-0.143243114176465,-0.238763768409447,-1.45665650588039
362,1.67307443078039,-0.112386930383842,-0.0782092392343469,-0.131363509200736,1.83989336169448,0.724000607862474,0.157883880704473
363,0.744876482935084,0.545066436911723,0.580148832777508,1.10501927699782,-2.04581245958262,-0.0812703260525825,0.239881287121957
364,1.73716091775332,-0.0273398821868971,0.463703742941195,0.75961557144952,1.9115018424277,0.821342945509706,0.507390554482389
365,1.73474255975434,-0.0305492047603666,0.443254196444004,0.72599371934951,1.90879963560758,0.817669649749433,0.49420162339643
366,-0.886352475931138,0.315928325473286,-0.677793513348,-1.54506232727003,-0.266419503767841,-2.24132457458393,0.555163497613993
367,0.375714180098747,1.11356605383537,0.470930087252303,-0.278947817440962,1.77734340917066,0.724910429014959,-1.41022576922614
368,-0.309989347006893,-1.66272339110557,0.340260105818308,-1.55438393222329,-0.401851095101782,0.333973266841652,0.710058430489705
369,0.413050953247346,-1.28955590273599,-1.03611081686177,-0.477990752294969,-1.21293554649495,1.01575365817726,-0.146949560916808
370,0.169556509209643,1.61783814995877,0.553966956587888,-1.31887431616344,0.151656420473018,-0.403211039636857,1.38537511478766
371,-1.07468876434616,-1.32827420814856,-1.08071340415399,-1.13317579862892,0.726788347313694,-0.926351708577901,0.950875894008799
372,-1.5884057933632,-0.411630713394175,1.04958754653295,-1.43859706568011,-0.443233760867991,0.363657238116274,-0.754737925934232
373,-0.347876955657554,-1.71300277808992,0.0198838773623271,-2.08112628179011,-0.444185668617016,0.276424966597377,0.503431843476346
374,-1.45231559752331,0.531871167082427,-0.244715218575944,2.53021037719329,0.0729334314332338,0.0550998924123841,-0.40154201900366
375,0.752937676265013,0.555764178823288,0.648313987768142,1.21709211733119,-2.03680510351555,-0.0690260068516734,0.283844390741821
376,-0.0843124810436043,0.793933684576205,-1.38614591711986,0.629644687925267,-0.98923186570371,-1.43954985507941,0.128993921682142
377,0.0881384565773696,1.50979095665196,-0.134501108817517,-2.45081000353044,0.0606821241956034,-0.526878663566044,0.941347768227036
378,0.355561196773927,1.08682169905646,0.300517199775718,-0.559129918274376,1.75482501900298,0.694299631012685,-1.5201335282758
379,1.65413062645506,-0.13752662387602,-0.238397353462337,-0.394734683984145,1.81872607493687,0.695226457740337,0.0545705871977937
380,1.57584398672484,-0.0970549848663879,0.561639300101496,-1.11219519430945,-0.693724706796436,-1.16018979423044,-1.27808342384919
381,0.929644111335519,0.394651004190629,0.142693568491521,0.956483692185388,0.567322869804981,-2.24052327739662,-0.391008337118099
382,0.79169028123255,-1.18269064248393,0.165805896376995,2.06882547291004,1.61682669630571,-0.849023416384908,0.279473456900854
383,0.0266728986788027,0.178317593689083,1.99741884845197,0.0958698012695238,-1.22932359454921,-0.755704125867643,1.12326714070039
384,0.777214320684711,0.443617669006167,-0.608429204232941,1.18366459742295,0.415296392568381,1.70435330647301,1.32194560753572
385,-1.45982975975085,-0.241001729904707,2.13682176863356,0.348964737637075,-0.299566431598212,0.558954129370782,-0.0535264231974082
386,1.35002314932566,-1.79100201837701,-0.158248561410943,-1.22144737321849,0.257598938573219,0.097846987491359,-1.08679945928675
387,1.44716052895129,-1.66209422834265,0.663141556226199,0.129030352798567,0.366137579181422,0.24539103386232,-0.557044060667391
388,-0.980372802385998,-1.20311062778324,-0.28318109076357,0.178076433271457,0.832174413298422,-0.783093173927258,1.4652442063612
389,0.394510208588511,-1.31416070913259,-1.19289067334023,-0.73575828506171,-1.23365246544921,0.987591724015166,-0.248064699242495
390,-0.341571972429508,-0.941734542389523,-2.37187788309578,0.0833084317161059,-0.0730369089956301,-0.229265918241158,0.148821782127115
391,0.693687905290041,0.477135775773283,0.147300098586981,0.393356740880952,-2.10300917060852,-0.159021752978359,-0.0392844208641764
392,0.0255567841092284,0.0324731968505313,0.525955418230386,-0.290587165688819,1.19440472992344,0.979105581974178,2.02288458109171
393,1.60858488414096,-0.197968865676365,-0.62353047915942,-1.02794623186766,1.76783451315792,0.626046054255198,-0.193820948254435
394,0.894174860683835,0.347580939779741,-0.157233113467269,0.46336319471858,0.527690503109869,-2.29439828188063,-0.584445993045499
395,-0.33376986733018,-1.69428172974468,0.139172898595937,-1.88499881120672,-0.428422795499642,0.297852525198969,0.580367274811108
396,-0.651543381274758,1.49519746006686,-1.17038190409363,-0.790707008251137,0.205926536151302,1.50568072465067,-0.962762631398677
397,0.721592086708208,0.369803249816366,-1.07876877366832,0.410361999122725,0.353145635705593,1.61986750398674,1.01860019255866
398,1.67871726611134,-0.104898511045746,-0.0304936307409029,-0.0529125209673801,1.84619851094143,0.732571631303111,0.188658053238378
399,-2.22130469975814,0.0977265498169253,0.74311432065752,0.815002007364789,0.832675953244093,-0.696473118368406,0.204876281769631
400,-0.490319514676197,1.70915229829817,0.192921195719056,1.45074979841617,0.386073657492718,1.75056710866886,-0.0835005590014056
401,-0.0804479081793255,-0.108202109286553,-0.370416369896453,-1.76434501607258,1.07595799764146,0.818092784482216,1.44476976849051
402,-1.55857937804247,-0.372049068321383,1.30179861999829,-1.02392755644665,-0.409906543419829,0.408961219159639,-0.592074442540737
403,0.546463702857655,-1.11250827409958,0.0920224982332252,1.37681475522223,-1.06386380358492,1.21839714095231,0.580639803991934
404,0.820449129161026,1.89526084821984,-1.43248210325837,-1.24553305721875,-0.740043867720428,0.168982694850608,0.134897345983366
405,0.254199039173887,1.7301644400302,1.26970108398955,-0.142109492663106,0.246233659177262,-0.274645688027306,1.84698770279623
406,0.564601387849993,-1.08843835479856,0.245394096962152,1.6289786459723,-1.04359725243401,1.24594685915436,0.679556787136626
407,0.1070822609027,1.53493065014413,0.0256870054104735,-2.18743882874703,0.0818494109532196,-0.498104513443907,1.04466106173372
408,-1.05534190035433,-1.3025996275608,-0.917117032176468,-0.864200981828843,0.748406001874664,-0.896965342495717,1.05638734269647
409,0.512203631205461,-1.15797367722373,-0.19767941047697,0.900505183805427,-1.10214506686997,1.16635878434845,0.393796613607514
410,-0.578186521972412,1.59254691146211,-0.550078993678856,0.229155838782489,0.287893476361647,1.61710402937895,-0.562698388457918
411,1.74069539032187,0.121713837225124,1.95561671965997,1.17969439050787,-0.509524275224839,-0.909793466571842,-0.379037954822977
412,0.906266650678727,0.36362755264709,-0.0549853809813181,0.631472455218628,0.541201537210475,-2.27603180307926,-0.518501337615703
413,-0.0112147099718594,0.128038206704725,1.67704261999599,-0.430872548297294,-1.27165816806445,-0.813252426111918,0.91664055368703
414,0.638527607963917,-1.38594773880367,-1.12933204844505,-0.0605584934239079,1.44568693103136,-1.08166548120219,-0.555825511876554
415,-0.126633746025727,0.737770539540487,-1.74401298082069,0.0412622761750977,-1.03652048505583,-1.50383253088419,-0.101812372322141
416,-0.638242412280376,1.51284873422095,-1.05790939835908,-0.605786821701084,0.220788673661969,1.52588385133217,-0.890223510425902
417,0.839795993152852,1.92093542880759,-1.26888573128084,-0.976558240418669,-0.718426213159458,0.198369060932791,0.240408794671038
418,-0.142756132685583,0.716375055717356,-1.88034329080196,-0.182883404491634,-1.05453519718997,-1.52832116928601,-0.189738579561869
419,0.468014843726423,1.23605519872279,1.25142111189506,1.00428620437607,1.88047763613862,0.865107883865374,-0.906848232778705
420,-0.357291299422868,-0.962595139117076,-2.50479993532751,-0.135233606933957,-0.0906012533264183,-0.253142340682932,0.0630937300683811
421,-1.29276256923023,1.23061205209967,0.897865341741388,-0.729560858795796,1.10843565162523,0.948180173204297,0.340470861749452
422,-2.27007491940421,0.0330052112519549,0.330715132964183,0.136961323347928,0.778181449038315,-0.77055124953391,-0.0611004951305441
423,-0.877485163268217,0.327695841576008,-0.602811842858303,-1.42178220290333,-0.256511412094063,-2.22785582346293,0.603522911595843
424,-1.45741140175187,-0.237792407331237,2.15727131513075,0.382586589737085,-0.296864224778091,0.562627425131055,-0.040337492111449
425,-0.270230411459645,-0.84705952647217,-1.76861626142866,1.07515306866639,0.00667819219794624,-0.120903693313108,0.537895249162907
426,-1.60170676235758,-0.429281987548258,0.937115040798402,-1.62351725223016,-0.458095898378658,0.343454111434773,-0.827277046907007
427,0.822430240047475,0.25237103676681,-0.763902992883913,-0.534085084248373,0.447525034112939,-2.40337272276872,-0.975717615262285
428,-2.23138119142055,0.0843543724274687,0.657907876919227,0.674910956948082,0.821416758160255,-0.711778517369543,0.149922402244801
429,-0.0184697839687944,0.118410238984317,1.61569398050442,-0.531738104597323,-1.27976478852481,-0.824272313392737,0.877073760429153
430,1.41934941196304,-1.69900143793755,0.427971771508512,-0.257620946351545,0.335062200750028,0.203148132619181,-0.70871676815592
431,0.61871880732171,0.377646775995724,-0.486635842825917,-0.648920674219348,-2.18677758203228,-0.272893921546818,-0.448141284528907
432,0.0941843515748156,1.51781426308563,-0.0833772425745413,-2.36675537328041,0.0674376412459065,-0.517695424165362,0.974320095941934
433,0.0639485693059136,-0.550072195481609,0.486321982062595,-1.212129704992,0.207659284543293,0.115898855525116,-2.59336076414955
434,0.165519605263007,-0.415280647395884,1.34520293494459,0.199988083208403,0.321151970988385,0.270177277456578,-2.03942565853927
435,1.61494077437499,-0.0451709365952957,0.892240301806072,-0.56864191869263,-0.650039029871143,-1.10080484610603,-1.06486237129285
436,-0.0922297029376364,0.0205259004934934,0.991982812340112,-1.55720459364762,-1.36218209653851,-0.93630783408106,0.474811362307402
437,0.134080951276288,-0.45700184085099,1.07935883048111,-0.237095994091723,0.286023282326809,0.22242443257303,-2.21088176265674
438,0.726428802706165,0.376221894963305,-1.03786968067394,0.477605703322745,0.358550049345835,1.62721409550728,1.04497805473058
439,-0.829521062955145,0.391347405949822,-0.197229170664029,-0.754948802919807,-0.202917643494992,-2.15500212421752,0.865103378134031
440,0.358382614439401,1.0905659087255,0.32437500402244,-0.519904424157698,1.75797759362646,0.698585142733003,-1.50474644200885
441,-0.847227808116627,-0.0143933057235736,-0.173411777418203,-0.110039995001714,-1.23405166111024,1.07298734765393,-1.51282893419605
442,0.930853290335008,0.396255665477364,0.152918341740117,0.973294618235393,0.568673973215041,-2.23868662951649,-0.38441387157512
443,-0.13213260992078,-0.0324279219687554,0.654565295136473,-2.11196515329778,-1.40676850907051,-0.996917214125562,0.257193999389077
444,-0.185990941161897,-0.735268123496312,-1.05629039177654,2.24631425015006,0.100805063098836,0.0070494423363978,0.997309681990482
445,0.691672606957559,0.474461340295391,0.130258809839323,0.36533853079761,-2.10526100962529,-0.162082832778586,-0.0502751967691422
446,1.82150781221226,1.47886178077576,-0.0127068656319962,-1.09801059749201,0.802099098080949,-0.65158163818806,-0.455445878608657
447,-0.941276014735847,-1.15122657951215,0.0474199109410061,0.721629708888279,0.875860090223715,-0.723708225802847,1.67846525891754
448,1.96136951648652,1.66446760294141,1.16995857345551,0.846453182291882,0.958376725844628,-0.439142700052278,0.307313969195975
449,0.602655297645737,-1.43355269031014,-1.43266698815338,-0.559282632907384,1.4056041965329,-1.13615270164624,-0.751461322984946
450,0.851484723481249,1.93644715457936,-1.17004625654442,-0.814052621935289,-0.705365546862205,0.21612332377411,0.304155294919841
451,-0.342378091762501,-0.94280431658068,-2.37869439859484,0.0721011476827694,-0.0739376446023373,-0.230490350161249,0.144425471765128
452,0.101439425571751,1.52744223080604,-0.0220286030829708,-2.26588981698038,0.0755442617062704,-0.506675536884543,1.01388688919981
453,-0.309989347006893,-1.66272339110557,0.340260105818308,-1.55438393222329,-0.401851095101782,0.333973266841652,0.710058430489705
454,1.37501284864843,-1.75783901845116,0.0530634190600233,-0.874021568185055,0.285521742381139,0.135804377014179,-0.95051383806517
455,0.16431673354519,1.61088461771625,0.509659605843976,-1.39172166238013,0.145801639029423,-0.411169847117448,1.35679909743475
456,-1.23270667892226,1.31031022934084,1.40569574642161,0.105381801687777,1.17554045432491,1.03940035125107,0.667995983717435
457,0.0965964022921217,-0.506746340739769,0.762390859774664,-0.758234701641873,0.24413907661493,0.165488348288801,-2.41531019448911
458,-0.551215711763185,-0.0171799000650647,0.329812097166562,1.2880296167863,1.50338518200293,-0.917293998717563,-1.53702772848199
459,-0.884712357100792,-0.0641378056123527,-0.490379748124652,-0.631178702551864,-1.27593586682212,1.0160512633697,-1.71725736602842
460,1.00585657574937,2.14130891218584,0.135316461526221,1.33214227044866,-0.5328746781778,0.450602036471529,1.14604872924023
461,-0.657186216605707,1.48770904072877,-1.21809751258707,-0.869157996484493,0.199621386904353,1.49710970121003,-0.993536803932581
462,-0.531028540992333,1.65512870164477,-0.151312836983647,0.884781954732677,0.340586509354011,1.68873329670427,-0.305514232281717
463,-1.26817592957395,1.26324016492995,1.10576906446282,-0.387738695779031,1.1359080876298,0.985525346767071,0.474558327790036
464,-1.5663814831418,0.380498119033776,-1.20925216169342,0.944379686476169,-0.054520656915818,-0.118157224280487,-1.02361993522473
465,0.748907079600048,0.550415307867505,0.614231410272825,1.16105569716451,-2.04130878154908,-0.0751481664521277,0.261862838931889
466,0.554121836521087,-1.10234541928359,0.156779395474328,1.48328395353893,-1.05530681532121,1.23002924419318,0.622404752430804
467,-0.104228428502613,-0.139760447925671,-0.571503577118824,-2.094959895056,1.0493862972436,0.781972042839533,1.31507861281191
468,-0.15561749473877,-1.45786163349909,1.64562282388895,0.591810960160662,-0.229360226417377,0.568451979539071,1.55195186481009
469,0.42272438524326,-1.27671861244211,-0.95431263087301,-0.34350334389493,-1.20212671921446,1.03044684121835,-0.0941938365729717
470,0.0408730514360921,0.0527989064825054,0.655469212712591,-0.0776487690554245,1.21151870645088,1.00236978845591,2.10641447796945
471,-1.46184505808333,-0.243676165382598,2.1197804798859,0.320946527553734,-0.30181827061498,0.555893049570555,-0.064517199102374
472,0.169953261594468,-0.409396889344524,1.38269377018943,0.261628145391754,0.326106016825274,0.276911653017078,-2.01524595154835
473,0.00839124225056835,0.916957716559208,-0.60224663472757,1.91848235175897,-0.885647270932396,-1.29874018426895,0.634569613310573
474,-0.737998638496102,0.130561097178137,0.75022607270489,1.40854699151539,-1.11200198640144,1.23889787282625,-0.917128880146901
475,-0.635017934948405,1.51712783098557,-1.03064333636283,-0.560957685567738,0.224391616088797,1.53078157901254,-0.872638268977956
476,0.410229535581871,-1.29330011240503,-1.05996862110849,-0.517216246411647,-1.21608812111842,1.01146814645694,-0.16233664718376
477,0.667489026967775,0.442368114560695,-0.0742366551325801,0.029120009797514,-2.1322830778265,-0.198815790381315,-0.182164507628733
478,0.555734075187073,-1.10020587090128,0.170412426472455,1.5056985216056,-1.05350534410779,1.23247810803336,0.631197373154777
479,-0.124618447693244,0.740444975018379,-1.72697169207303,0.069280486258439,-1.03426864603906,-1.50077145108396,-0.0908215964171754
480,-0.687241000681915,0.580162550688951,1.00588581492066,1.22313682896409,-0.0439378089111923,-1.93888989032147,1.64105215702462
481,-1.35805823520264,1.14396034261599,0.345727586317251,-1.63735086549606,1.03547606748196,0.849001187676929,-0.0156302775714431
482,-1.49328371207005,-0.285397358837703,1.85393637542243,-0.116137549746392,-0.336946959276556,0.508140204687008,-0.235973303219842
483,-0.544732569653211,1.63694254039511,-0.267193600467725,0.694258126165956,0.32527400403999,1.66791795406272,-0.380251508435484
484,-1.05493884068783,-1.30206474046522,-0.913708774426936,-0.858597339812174,0.748856369678018,-0.896353126535672,1.05858549787746
485,0.699826864717402,0.340919346655139,-1.26281469214303,0.107765330222638,0.328825774324501,1.58680784214428,0.899899812785026
486,-1.62039147845232,0.308823248226289,-1.66595870013067,0.19349165624262,-0.114869942565192,-0.200194162926581,-1.31817272947782
487,0.160689196546722,1.60607063385604,0.478985286098191,-1.44215444053015,0.14174832879924,-0.416679790757858,1.33701570080581
488,0.773090659589832,0.582508533602201,0.818726875244728,1.4972742181646,-2.01428671334787,-0.0384152088493988,0.39375214979148
489,1.7832171438951,1.42804750669582,-0.336491351837509,-1.6303565890755,0.759314156762363,-0.709742154392381,-0.664270620803009
490,-1.47408081951412,0.502987263921201,-0.428761137050656,2.2276137082932,0.0486135700521428,0.0220402305699283,-0.520242398777292
491,-0.767825053816835,0.0909794521053455,0.498014999239544,0.993877482281936,-1.1453292038496,1.19359389178289,-1.0797923635404
492,-1.4763552060772,-0.262932100823416,1.99708320090276,0.119215414953676,-0.318031511535707,0.533853275008918,-0.143650785618129
493,-0.847227808116627,-0.0143933057235736,-0.173411777418203,-0.110039995001714,-1.23405166111024,1.07298734765393,-1.51282893419605
494,-1.205701681267,1.34614766474458,1.63404901564024,0.480825816804552,1.2057150971496,1.08041882057412,0.815272380843979
495,0.630810597316602,0.393693388863072,-0.384388110339966,-0.480811413719299,-2.17326654793167,-0.254527442745454,-0.382196629099112
496,-0.992867652047387,-1.21969212774617,-0.388837080999053,0.00436353075474001,0.818213011394463,-0.802071868688669,1.39710139575041
497,-0.341428000993612,-1.70444458456067,0.0744160013548344,-1.99146800952341,-0.436979783763359,0.286220421958104,0.538602326372237
498,0.265887769502283,1.74567616580197,1.36854055872597,0.0203961258202743,0.259294325474514,-0.256891425185987,1.91073420304503
499,-1.50753477183332,0.458591634988204,-0.711646530261788,1.76251142090974,0.0112330423737986,-0.0287736941138468,-0.702689278799726
500,0.612672912324264,0.36962346956205,-0.537759709068893,-0.732975304469372,-2.19353309908258,-0.2820771609475,-0.481113612243805
501,0.421662982079336,1.17454318273129,0.859471470698918,0.359867372459221,1.82868533875296,0.794703048460144,-1.15963607859292
502,-0.637033233280887,1.51445339550768,-1.04768462511049,-0.588975895651079,0.22213977707203,1.52772049921231,-0.883629044882922
503,0.694184029386453,0.333430927317044,-1.31053030063647,0.0293143419892823,0.322520625077552,1.57823681870364,0.869125640251121
504,-0.0151522422069081,-0.0215503998028737,0.181721385527684,-0.856555009372315,1.14891758178474,0.917271770009584,1.8008709078114
505,0.0444075240046444,0.201852625894527,2.14738218943136,0.342430050002928,-1.20950741120166,-0.728766623625641,1.21998596866409
506,0.15424024188278,1.59751244032679,0.424453162105683,-1.53181271279684,0.134542443945584,-0.426475246118585,1.30184521790992
507,-1.39433360518732,1.09582050401395,0.0389843888593968,-2.1416786469962,0.994942965180142,0.793901751272836,-0.21346424386083
508,0.897433525461838,1.99742428347529,-0.781504873097809,-0.175237432035106,-0.654023617279902,0.285915943219295,0.554744985553063
509,0.273948962832211,1.75637390771354,1.4367057137166,0.13246896615364,0.268301681541585,-0.244647105985077,1.95469730666489
510,0.765525590356316,0.428105943234398,-0.70726867896936,1.02115897893957,0.402235726271129,1.68659904363169,1.25819910728691
511,1.55367570506754,-0.126473775123193,0.374185123877253,-1.42039550522621,-0.718494935980881,-1.19386167203294,-1.39898195880381
512,-0.663232111603154,1.47968573429509,-1.26922137883005,-0.953212626734518,0.192865869854049,1.48792646180935,-1.02650913164748
513,-0.218638774148105,-0.778593978238151,-1.3323592694886,1.79241924679993,0.0643252710271992,-0.0425400504272863,0.819259112330034
514,-1.48199804140815,-0.270420520161512,1.94936759240932,0.0407644267203194,-0.324336660782657,0.525282251568281,-0.174424958152033
515,-0.56166107564606,1.61447728238082,-0.410340425948056,0.458905161465888,0.306358556299142,1.64220488374081,-0.472574026037198
516,-0.125280595590341,-0.0233348413439245,0.712505676878512,-2.01670323901442,-1.3991122564135,-0.986509542804789,0.294562637465961
517,-0.0619071635204912,-0.0835973028899532,-0.213636513417995,-1.50657748330584,1.09667491659572,0.846254718644308,1.54588490681619
518,-0.516955640110991,0.0282855030590883,0.619514005876757,1.7643391882031,1.54166644528798,-0.865255642113697,-1.35018453809757
519,-0.876248104104367,-0.0529051766052091,-0.418806335384486,-0.51350222020183,-1.2664781429517,1.02890779853065,-1.67109610722756
520,-0.647143912389329,-0.144483028812693,-0.481353247221985,-0.0456371831807541,1.39619764480479,-1.06300139720839,-2.06018866155837
521,1.42741060529297,-1.68830369602598,0.496136926499145,-0.145548106018179,0.344069556817099,0.215392451820091,-0.664753664536056
522,1.71458957642952,-0.0572935595392797,0.272841308967419,0.445811618516097,1.8862812454399,0.787058851747159,0.384293864346771
523,0.771571485353762,0.436129249668072,-0.656144812726384,1.10521360918959,0.408991243321431,1.69578228303238,1.29117143500181
524,0.176805275924906,-0.400303808719693,1.44063415193147,0.356890059675115,0.333762269482285,0.287319324337851,-1.97787731347146
525,-0.994882950379869,-1.22236656322406,-0.405878369746711,-0.023654679328601,0.815961172377695,-0.805132948488896,1.38611061984545
526,-0.82667176512531,0.0128859361509181,0.00040936780791394,0.175745747848368,-1.21108290313921,1.10421036161625,-1.4007230199654
527,0.599430820313766,-1.43783178707477,-1.45993305014963,-0.604111769040731,1.40200125410607,-1.1410504293266,-0.769046564432892
528,0.427964160907713,-1.26976508019959,-0.910005280129097,-0.270655997678243,-1.19627193777086,1.03840564869894,-0.0656178192200607
529,1.60979406314045,-0.19636420438963,-0.613305705910825,-1.01113530581766,1.76918561656798,0.627882702135334,-0.187226482711456
530,0.385642895925591,-1.32592822523531,-1.26787234382993,-0.859038409428412,-1.24356055712299,0.974122972894165,-0.296424113224344
531,-1.24681376724964,1.2915891809956,1.286406725188,-0.0907456688956123,1.15977758120754,1.01797279264948,0.591060552382674
532,0.867572922695073,0.312278391471576,-0.382178124936362,0.0935228216184737,0.497966228088536,-2.33480453524363,-0.729524234991049
533,-0.571334507641974,1.60163999208694,-0.492138611936818,0.32441775306585,0.295549729018657,1.62751170069972,-0.525329750381034
534,0.620331045987696,0.379786324378037,-0.47300281182779,-0.626506106152674,-2.18497611081886,-0.270445057706636,-0.439348663804935
535,1.66088957635558,0.0158061923006269,1.28078168525269,0.0701732712075537,-0.59869710028884,-1.03101222666085,-0.814272680659626
536,-0.321678077335288,-1.67823511687734,0.241420631081888,-1.71688955070667,-0.414911761399035,0.316219004000333,0.646311930240903
537,-0.00678105364039849,0.133921964756087,1.71453345524083,-0.369232486113943,-1.26670412222756,-0.806518050551418,0.940820260677955
538,-0.222266311146573,-0.783407962098356,-1.36303358923439,1.74198646864992,0.0602719607970173,-0.0480499940676957,0.799475715701096
539,-0.624975630732027,-0.115064238555888,-0.293899070997741,0.262563127736001,1.42096787398924,-1.02932951940589,-1.93929012660374
540,-0.630987338283441,1.52247670194136,-0.996560758867511,-0.504921265401055,0.228895294122333,1.53690373861299,-0.850656717168025
541,0.748159837250939,-1.24045844880639,-0.20228594057243,1.46363213510986,1.56818697354353,-0.91514274006982,0.0420726973535911
542,-0.326255705102645,-0.921408832757549,-2.24236408861357,0.2962468283495,-0.0559229324681958,-0.20600171175943,0.232351679004855
543,0.410229535581871,-1.29330011240503,-1.05996862110849,-0.517216246411647,-1.21608812111842,1.01146814645694,-0.16233664718376
544,-0.0744950776117946,0.0440609326989372,1.14194615331951,-1.31064434491421,-1.34236591319095,-0.909370331839058,0.571530190271101
545,-0.176317509165983,-0.722430833202433,-0.974492205787774,2.3808016585501,0.111613890379321,0.0217426253774891,1.05006540633432
546,0.180439120205046,1.63228010153938,0.645989915825244,-1.1675759817134,0.163816351163564,-0.386681208715629,1.44472530467447
547,-0.835566957952591,0.383324099516148,-0.248353036907004,-0.839003433169832,-0.209673160545295,-2.1641853636182,0.832131050419133
548,0.694149841940421,-1.31213331961387,-0.658992479009679,0.712744104876314,1.50783768789415,-0.997179678715914,-0.252480096899495
549,0.674837165394625,0.307756346729286,-1.47412667261399,-0.239660474810795,0.300902970516582,1.54885045262146,0.763614191563449
550,-2.23863626541749,0.0747264047070596,0.596559237427656,0.574045400648053,0.813310137699891,-0.722798404650362,0.110355608986924
551,-0.282725261121033,-0.863641026435096,-1.87427225166415,0.901440166149674,-0.00728320970601364,-0.139882388074518,0.469752438552119
552,0.698524621287998,0.483554420920222,0.188199191581362,0.460600445080971,-2.09760475696828,-0.151675161457813,-0.0129065586922583
553,-1.00616862104177,-1.23734340190025,-0.501309586733599,-0.180556655795313,0.803350873883796,-0.822274995370169,1.32456227477764
554,1.81102826088336,1.46495471629072,-0.101321567119821,-1.24370528992539,0.790389535193757,-0.667499253149242,-0.512597913314479
555,-0.281113022455048,-0.861501478052783,-1.86063922066602,0.923854734216347,-0.00548173849259925,-0.137433524234336,0.478545059276091
556,0.875634116025001,0.322976133383141,-0.314012969945728,0.205595661951839,0.506973584155606,-2.32256021604272,-0.685561131371185
557,-1.20288026360153,1.34989187441363,1.65790681988696,0.52005131092123,1.20886767177307,1.08470433229444,0.83065946711093
558,1.3895229966423,-1.73858308301034,0.175760698043165,-0.672290455584997,0.301734983301866,0.157844151575816,-0.871380251549415
559,-0.742029235161065,0.125212226222355,0.716143495209573,1.35251057134871,-1.11650566443497,1.2327757132258,-0.939110431956833
560,1.91501765483943,1.60295558694991,0.77800893225936,0.20203435037503,0.906584428458971,-0.509547535457508,0.0545261233817602
561,0.696971259605895,-1.30838910994483,-0.635134674762957,0.751969598992992,1.51099026251763,-0.992894166995596,-0.237093010632543
562,0.438040652570123,-1.25639290281013,-0.824798836390805,-0.130564947261536,-1.18501274268703,1.05371104770008,-0.0106639396952313
563,0.701842163049884,0.343593782133031,-1.24577340339537,0.135783540305979,0.331077613341269,1.58986892194451,0.910890588689992
564,-0.309989347006893,-1.66272339110557,0.340260105818308,-1.55438393222329,-0.401851095101782,0.333973266841652,0.710058430489705
565,1.60294204881001,-0.205457285014461,-0.671246087652864,-1.10639722010102,1.76152936391097,0.617475030814561,-0.224595120788339
566,-1.27865548090285,1.24933310044491,1.017154362975,-0.533433388212406,1.12419852474261,0.969607731805889,0.417406293084213
567,1.37501284864843,-1.75783901845116,0.0530634190600233,-0.874021568185055,0.285521742381139,0.135804377014179,-0.95051383806517
568,-1.52204491982719,0.439335699547386,-0.834343809244929,1.56078030830968,-0.00498019854692828,-0.0508134686754842,-0.78182286531548
569,1.59568697481308,-0.21508525273487,-0.732594727144435,-1.20726277640104,1.75342274345061,0.606455143533742,-0.264161914046217
570,1.87471168818979,1.54946687739209,0.437183157306189,-0.358329851291797,0.861547648123616,-0.570769131462056,-0.165289394717557
571,-1.05735719868681,-1.30527406303869,-0.934158320924127,-0.892219191912184,0.746154162857896,-0.900026422295945,1.04539656679151
572,0.0440044643381479,0.201317738798948,2.14397393168183,0.33682640798626,-1.20995777900501,-0.729378839585687,1.2177878134831
573,-0.047800075193117,-0.0648762545447135,-0.0943474921843845,-1.31045001272245,1.1124377897131,0.8676822772459,1.62282033815095
574,-1.00939309837374,-1.24162249866488,-0.528575648729853,-0.225385791928659,0.799747931456968,-0.827172723050533,1.30697703332969
575,0.777214320684711,0.443617669006167,-0.608429204232941,1.18366459742295,0.415296392568381,1.70435330647301,1.32194560753572
576,-1.31090025422256,1.20654213279865,0.744493743012461,-0.981724749545868,1.08816910047432,0.92063045500225,0.241553878604759
577,-0.104321492932529,0.00447928762614535,0.889735079854161,-1.72531385414767,-1.37569313063912,-0.954674312882424,0.408866706877606
578,1.72175158599654,0.0965741437329457,1.79542860543198,0.916323215724463,-0.530691561982455,-0.938567616693979,-0.482351248329657
579,-0.773870948814281,0.0829561456716712,0.446891132996568,0.909822852031912,-1.1520847208999,1.1844106523822,-1.11276469125529
580,-0.782335201810706,0.0717235166645277,0.375317720256402,0.792146369681878,-1.16154244477032,1.17155411722125,-1.15892595005615
581,-1.38183875552593,1.11240200397688,0.14464037909488,-1.96796574447948,1.0089043670841,0.812880446034246,-0.145321433250041
582,-0.258397709695353,-1.59425784287155,0.776517097758367,-0.837117754089749,-0.34420401627253,0.412336909727474,0.991422293656832
583,-0.0730268103817049,0.808910523252397,-1.29071470013298,0.786546664391978,-0.976621567209811,-1.42240780819814,0.190542266749951
584,1.38911993697581,-1.73911797010592,0.172352440293633,-0.677894097601665,0.301284615498512,0.157231935615771,-0.873578406730408
585,1.68032950477732,-0.102758962663433,-0.0168605997427761,-0.030497952900707,1.84799998215485,0.735020495143293,0.19745067396235
586,-0.321822048771184,-0.915525074706189,-2.20487325336872,0.357886890532851,-0.0509688866313067,-0.199267336198929,0.25653138599578
587,1.66138570045199,-0.127898656155612,-0.177048713970767,-0.293869127684116,1.82683269539723,0.706246345021156,0.0941373804556712
588,-2.21122820809573,0.111098727206382,0.828320764395812,0.955093057781496,0.843935148327931,-0.68116771936727,0.25983016129446
589,-0.0174045764052014,0.882724942442198,-0.820375130697599,1.5598492626922,-0.914470810347022,-1.33792200571186,0.49388768172701
590,-0.292657781347547,-1.6397232459957,0.486815189048171,-1.31342732550655,-0.38248527955758,0.360298553123608,0.804579103272412
591,-0.0796417888463325,-0.107132335095397,-0.36359985439739,-1.75313773203924,1.07685873324817,0.819317216402307,1.44916607885249
592,1.33712523999777,-1.80811840543552,-0.267312809395957,-1.40076391775187,0.243187168865906,0.078256076769903,-1.15714042507853
593,-0.096001211372,0.778421958804436,-1.48498539185628,0.467139069441887,-1.00229253200096,-1.45730411792073,0.0652474214333401
594,0.377984762262159,-1.3360910800513,-1.33262924107103,-0.965507607745109,-1.2521175453867,0.962490869653301,-0.338189061663215
595,0.630500602080021,0.248918766215677,-1.84903502506248,-0.856061096644306,0.251362512147693,1.48150669701646,0.521817121654199
596,0.788062744234083,-1.18750462634414,0.135131576631209,2.01839269476002,1.61277338607553,-0.854533360025317,0.259690060271915
597,1.94444101049367,1.64200234492713,1.02681174797518,0.611100217591814,0.939461278103779,-0.464855770374188,0.214991451594262
598,-0.0528738270568846,0.835654878031311,-1.12030181265639,1.06672876522539,-0.954103177042134,-1.39179701019586,0.30045002579961
599,-0.531465788104861,0.00902956761827065,0.496816726893616,1.56260807560304,1.52545320436726,-0.887295416675334,-1.42931812461333
600,-0.0446686622910605,0.0836425777717294,1.39415722678485,-0.895974835680761,-1.30903869574279,-0.864066350795693,0.734193673664596
601,0.931290537447536,2.04235479950386,-0.495211222137146,0.29546849736503,-0.616192721798205,0.337342083863115,0.73939002075649
602,-2.18785074743894,0.142122178749921,1.02599971386865,1.28010429474826,0.870056480922437,-0.645659193684632,0.387323161792064
603,-0.149608147016022,0.707281975092526,-1.938283672544,-0.278145318774994,-1.06219144984698,-1.53872884060678,-0.227107217638752
604,0.0965964022921217,-0.506746340739769,0.762390859774664,-0.758234701641873,0.24413907661493,0.165488348288801,-2.41531019448911
605,0.834153157821903,1.9134470094695,-1.31660133977429,-1.05500922865202,-0.724731362406408,0.189798037492154,0.209634622137134
606,-0.513696975332988,1.67812884675463,-0.00475775375378291,1.12573856144941,0.359952324898213,1.71505858298623,-0.21099355949901
607,0.0473220061000341,0.0613571000117581,0.710001336705099,0.0120095032112678,1.21872459130453,1.01216524381663,2.14158496086535
608,1.48142060060348,-1.6166288252185,0.952843464936395,0.60533992421537,0.404418842466473,0.297429390466186,-0.370200870282971
609,1.45884925927968,-1.64658250257088,0.761981030962619,0.291535971281947,0.379198245478675,0.263145296703638,-0.493297560418588
610,1.43224732129092,-1.68188505087904,0.537036019493526,-0.0783044018181597,0.349473970457341,0.222739043340637,-0.638375802364138
611,-0.899625564761159,-0.0839286281487489,-0.616485284857325,-0.83851345716859,-1.2925994755462,0.993399272848014,-1.79858910772517
612,0.0129688700179251,0.160131432439422,1.88153808496789,-0.0946540272971979,-1.24463609986324,-0.776519468509189,1.04852986454662
613,0.468014843726423,1.23605519872279,1.25142111189506,1.00428620437607,1.88047763613862,0.865107883865374,-0.906848232778705
614,-0.709784461841353,0.168003193868616,0.98880411517211,1.80080193268217,-1.08047624016669,1.28175299002944,-0.763258017477378
615,-0.819847630959231,0.4041846962437,-0.115430984675268,-0.620461394519768,-0.192108816214507,-2.14030894117643,0.917859102477867
616,-0.125021507359741,0.7399100879228,-1.73037994982257,0.063676844241771,-1.03471901384242,-1.50138366704401,-0.0930197515981687
617,-2.24105462341647,0.07151708213359,0.576109690930466,0.540423548548043,0.810607930879769,-0.726471700410635,0.0971666779009649
618,-1.64618729710809,0.274590474109279,-1.8840871961007,-0.16514143282415,-0.143693481979819,-0.239375984369492,-1.45885466106138
619,0.822464427493507,1.89793528369773,-1.41544081451071,-1.21751484713541,-0.737792028703661,0.172043774650835,0.145888121888332
620,-0.508457199668534,1.68508237899715,0.039549596990129,1.1985859076661,0.365807106341809,1.72301739046682,-0.182417542146098
621,0.250565194893748,-0.30241947022887,2.06434532009578,1.38235654872541,0.416179577495982,0.399354845026174,-1.57561491534971
622,1.62300196770492,-0.0344731946837304,0.960405456796706,-0.456569078359265,-0.641031673804073,-1.08856052690512,-1.02089926767299
623,-1.54743767881647,0.405637812525955,-1.04906404746543,1.20775086125958,-0.0333533701582017,-0.0893830741583493,-0.92030664171805
624,-0.332301600100091,-0.929432139191224,-2.29348795485655,0.212192198099476,-0.0626784495184986,-0.215184951160112,0.199379351289958
625,-0.343184211095494,-0.943874090771837,-2.3855109140939,0.0608938636494328,-0.0748383802090444,-0.23171478208134,0.140029161403142
626,1.61140630180644,-0.194224656007317,-0.599672674912698,-0.988720737750982,1.77098708778139,0.630331565975516,-0.178433861987483
627,-2.31239618438633,-0.0231579337837635,-0.0271519307366468,-0.451421088402241,0.730892829686193,-0.834833925338685,-0.291906789134828
628,-0.126633746025727,0.737770539540487,-1.74401298082069,0.0412622761750977,-1.03652048505583,-1.50383253088419,-0.101812372322141
629,-1.05534190035433,-1.3025996275608,-0.917117032176468,-0.864200981828843,0.748406001874664,-0.896965342495717,1.05638734269647
630,1.68708845467785,0.0505738535132141,1.50231843897225,0.434410002290991,-0.56942319307086,-0.99121818925789,-0.67139259389507
631,-0.634614875281909,1.51766271808115,-1.0272350786133,-0.55535404355107,0.224841983892151,1.53139379497258,-0.870440113796964
632,0.796561184676539,0.469292249593924,-0.444832832255419,1.45263941422302,0.436914047129351,1.7337396725552,1.42745705622339
633,-2.19470276176938,0.133029098125091,0.968059332126613,1.18484238046489,0.862400228265427,-0.656066865005405,0.34995452371518
634,-0.998510487378336,-1.22718054708427,-0.436552689492497,-0.0740874574786158,0.811907862147513,-0.810642892129305,1.36632722321651
635,-1.58195683869926,-0.403072519864922,1.10411967052546,-1.34893879341341,-0.436027876014335,0.373452693477002,-0.719567443038341
636,1.53301223791502,-1.54816327698448,1.38910045687645,1.32260610234891,0.462065921295726,0.375793033352007,-0.0888370071158435
637,-1.46426341608231,-0.246885487956068,2.09933093338871,0.287324675453724,-0.304520477435101,0.552219753810282,-0.0777061301883333
638,-0.0796417888463325,-0.107132335095397,-0.36359985439739,-1.75313773203924,1.07685873324817,0.819317216402307,1.44916607885249
639,-0.0894082852721614,0.0242701101625412,1.01584061658683,-1.51797909953094,-1.35902952191503,-0.932022322360741,0.490198448574353
640,1.60536040680899,-0.202247962440991,-0.650796541155674,-1.07277536800101,1.76423157073109,0.621148326574834,-0.21140618970238
641,0.665532605619176,-1.35011030339993,-0.90097877922643,0.314885521692867,1.47586157385605,-1.04064701187914,-0.40854911475001
642,-0.958204520728696,-1.17369183752644,-0.095726914539326,0.486276744188212,0.856944642482867,-0.749421296124757,1.58614274131583
643,0.0493373044325162,0.0640315354896491,0.727042625452757,0.0400277132946093,1.2209764303213,1.01522632361686,2.15257573677031
644,0.894980980016828,0.348650713970899,-0.150416597968206,0.474570478751917,0.528591238716576,-2.29317384996054,-0.580049682683512
645,-0.361321896087832,-0.967944010072859,-2.53888251282283,-0.19127002710064,-0.0951049313599537,-0.259264500283386,0.0411121782584492
646,1.44957888695027,-1.65888490576918,0.68359110272339,0.162652204898576,0.368839786001543,0.249064329622593,-0.543855129581431
647,0.230815271235424,-0.328628937912205,1.89734069036872,1.10777808990866,0.394111555131659,0.369356262983946,-1.68332451921838
648,-1.3520123402052,1.15198364904967,0.396851452560226,-1.55329623524603,1.04223158453226,0.858184427077612,0.0173420501434544
649,-1.45634619418828,0.526522296126644,-0.278797796071261,2.47417395702661,0.0684297533996982,0.0489777328119291,-0.423523570813592
650,0.883326437134464,1.97870323513005,-0.900793894331419,-0.371364902618496,-0.669786490397275,0.264488384617703,0.477809554218302
651,-0.956189222396214,-1.17101740204855,-0.0786856257916674,0.514294954271553,0.859196481499634,-0.74636021632453,1.59713351722079
652,-0.00194433764244195,0.140340609903026,1.75543254823522,-0.301988781913924,-1.26129970858732,-0.799171459030872,0.967198122849873
653,-1.61273334478888,0.318986103042276,-1.60120180288956,0.299960854559317,-0.106312954301475,-0.188562059685717,-1.27640778103894
654,0.61871880732171,0.377646775995724,-0.486635842825917,-0.648920674219348,-2.18677758203228,-0.272893921546818,-0.448141284528907
655,-0.496399597119674,0.05556474493358,0.793335151102874,2.05012493105318,1.56463520325901,-0.834032628151377,-1.23807862386692
656,-0.00194433764244195,0.140340609903026,1.75543254823522,-0.301988781913924,-1.26129970858732,-0.799171459030872,0.967198122849873
657,-0.22171928004418,-1.54558311717392,1.08666855296575,-0.327186330572935,-0.303220546167358,0.468048562091612,1.19145441512721
658,0.118764683949425,-0.477327550482964,0.949845035998908,-0.450034390725117,0.268909305799375,0.199160226091302,-2.29441165953448
659,0.396122447254497,-1.31202116075027,-1.1792576423421,-0.713343716995037,-1.23185099423579,0.990040587855348,-0.239272078518522
660,0.112315729285482,-0.485885744012216,0.895312912006401,-0.53969266299181,0.261703420945718,0.189364770730574,-2.32958214243037
661,0.484392514217209,-1.19488088681863,-0.432849195194658,0.513853884655316,-1.13322044530137,1.12411588310531,0.242123906118984
662,0.197361318916223,-0.373024566845202,1.61445529715759,0.642675802525197,0.356731027453315,0.318542338300171,-1.86577139924081
663,-0.839972734119691,-0.00476533800316468,-0.112063137926632,-0.00917443870168525,-1.22594504064988,1.08400723493475,-1.47326214093818
664,0.62315246365317,0.383530534047086,-0.449145007581068,-0.587280612035996,-2.18182353619539,-0.266159545986318,-0.423961577537982
665,-0.0930358222706293,0.0194561263023369,0.985166296841049,-1.56841187768095,-1.36308283214522,-0.937532266001151,0.470415051945415
666,0.28080097716265,1.76546698833837,1.49464609545864,0.227730880437001,0.275957934198595,-0.234239434664304,1.99206594474178
667,-1.6107180464564,0.321660538520167,-1.58416051414191,0.327979064642659,-0.104061115284707,-0.18550097988549,-1.26541700513398
668,1.5358336555805,-1.54441906731543,1.41295826112318,1.36183159646559,0.465218495919201,0.380078545072325,-0.0734499208488915
669,0.592175746316831,-1.44745975479518,-1.5212816896412,-0.70497732534076,1.39389463364571,-1.15207031660742,-0.808613357690769
670,0.466657888891368,-1.21841591902408,-0.582812536174053,0.267293635921912,-1.15303662864892,1.09717838086331,0.145405078155284
671,1.42821672462596,-1.68723392183483,0.502953441998209,-0.134340821984843,0.344970292423806,0.216616883740182,-0.66035735417407
672,1.41693105396406,-1.70221076051102,0.407522225011321,-0.291242798451554,0.332359993929907,0.199474836858909,-0.721905699241879
673,-2.2938554397275,0.00144687261283689,0.129627925741812,-0.193653555635501,0.751609748640456,-0.806671991176593,-0.190791650809141
674,1.78805385989306,1.43446615184276,-0.295592258843128,-1.56311288487548,0.764718570402605,-0.702395562871835,-0.637892758631091
675,-0.342234120326605,-1.70551435875183,0.067599485855771,-2.00267529355675,-0.437880519370066,0.284995990038014,0.534206016010251
676,0.445040442736128,1.20556663427483,1.05715042017176,0.684878609425981,1.85480667134747,0.830211574142781,-1.03214307809532
677,-0.0766543473801728,0.804096539392193,-1.32138901987876,0.736113886241964,-0.980674877439993,-1.42791775183855,0.170758870121013
678,0.090550507294676,-0.514769647173443,0.711266993531688,-0.842289331891897,0.237383559564627,0.156305108888119,-2.448282522204
679,-1.05534190035433,-1.3025996275608,-0.917117032176468,-0.864200981828843,0.748406001874664,-0.896965342495717,1.05638734269647
680,0.562183029851015,-1.09164767737203,0.224944550464962,1.59535679387229,-1.04629945925414,1.24227356339409,0.666367856050668
681,-1.30283906089264,1.21723987471022,0.812658898003095,-0.869651909212503,1.0971764565414,0.93287477420316,0.285516982224622
682,1.5358336555805,-1.54441906731543,1.41295826112318,1.36183159646559,0.465218495919201,0.380078545072325,-0.0734499208488915
683,0.119577110564089,1.55151215010706,0.131342995645956,-2.01372592623031,0.0958108128571795,-0.479125818682497,1.1128038723445
684,-0.324096435334266,-1.6814444394508,0.220971084584698,-1.75051140280668,-0.417613968219157,0.31254570824006,0.633122999154944
685,0.401509998754516,1.14779882795238,0.689058583222332,0.0796852716258074,1.80616694858529,0.76409225045787,-1.26954383764258
686,-0.536268316656786,1.64817516940225,-0.195620187727559,0.81193460851599,0.334731727910415,1.68077448922368,-0.334090249634628
687,0.802204020007489,0.47678066893202,-0.397117223761975,1.53109040245638,0.443219196376301,1.74231069599583,1.45823122875729
688,-0.255173232363382,-1.58997874610692,0.80378315975462,-0.792288617956402,-0.340601073845701,0.417234637407837,1.00900753510478
689,-2.33214610804465,-0.0493674014670988,-0.1941565604637,-0.725999547218987,0.708824807321869,-0.864832507380914,-0.399616393003493
690,-0.795233111138591,0.0546071296060232,0.266253472271388,0.612829825148494,-1.17595421447764,1.15196320649979,-1.22926691584793
691,0.872040766472565,1.96372639645385,-0.996225111318307,-0.528266879085207,-0.682396788891175,0.247346337736429,0.416261209150493
692,0.324122542787207,1.04510050560135,0.0346730953122445,-0.996213995574502,1.71969633034141,0.646546786129137,-1.69158963239327
693,-0.353260702757904,-0.957246268161293,-2.4707173578322,-0.0791971867672741,-0.0860975752928829,-0.247020181082477,0.0850752818783125
694,0.519861764868893,-1.14781082240775,-0.132922513235868,1.00697438212212,-1.09358807860626,1.17799088758931,0.435561562046384
695,0.503739378209036,-1.16920630623088,-0.269252823217136,0.782828701455393,-1.1116027907404,1.15350224918749,0.347635354806657
696,0.407811177582893,-1.2965094349785,-1.08041816760568,-0.550838098511657,-1.21879032793854,1.00779485069667,-0.175525578269719
697,0.692478726290552,0.475531114486548,0.137075325338386,0.376545814830947,-2.10436027401858,-0.160858400858495,-0.0458788864071556
698,0.0128248985820288,0.922841474610568,-0.564755799482721,1.98012241394232,-0.880693225095507,-1.29200580870845,0.658749320301498
699,0.755817970914371,-1.2302955939904,-0.137529043331327,1.57010133342656,1.57674396180724,-0.903510636828956,0.0838376457924609
700,1.63307845936733,-0.0211010172942734,1.045611900535,-0.316478027942557,-0.629772478720234,-1.07325512790398,-0.965945388148155
701,0.591310749999955,0.341274453496402,-0.718397369794073,-1.02996833135279,-2.21740259266032,-0.314524606829911,-0.597615836836443
702,-0.0375575597300216,0.855980587663285,-0.990788018174185,1.27966716185879,-0.936989200514699,-1.36853280371414,0.383979922677351
703,1.64597636869521,-0.00398463023576895,1.15467614852001,-0.137161483409173,-0.615360709012921,-1.05366421718253,-0.895604422356374
704,-0.163275628402202,-1.46802448831508,1.58086592664785,0.485341761843965,-0.237917214681094,0.556819876298207,1.51018691637122
705,-0.777123306310612,0.460882728374997,0.245844336775093,-0.0264753407529313,-0.144369829059032,-2.07541404941161,1.15086355166314
706,0.029990440440689,0.0383569549018922,0.563446253475235,-0.228947103505468,1.19935877576033,0.985839957534678,2.04706428808264
707,-0.797651469137569,0.0513978070325532,0.245803925774197,0.579207973048484,-1.17865642129776,1.14828991073952,-1.24245584693389
708,-0.0341891109621542,0.0975496422567642,1.48277192827268,-0.750280143247386,-1.2973291328556,-0.84814873583451,0.791345708370419
709,0.643708506644487,0.410809775921577,-0.275323862354951,-0.301494869185914,-2.15885477822436,-0.234936532023998,-0.31185566330733
710,0.455372218229469,-1.23339275770027,-0.678243753160941,0.1103916594552,-1.16564692714282,1.08003633398203,0.0838567330874753
711,-0.614461891957088,1.54440707286006,-0.85682219113671,-0.275171942717656,0.247360374059828,1.56200459297485,-0.760532354747305
712,-0.810952438131951,0.0337465328784707,0.133331420039651,0.394287786498431,-1.19351855880843,1.12808678405802,-1.31499496790667
713,1.73344031632493,0.112085869504715,1.89426808016839,1.07882883420784,-0.517630895685203,-0.92081335385266,-0.418604748080854
714,0.44287736856808,-1.24997425766319,-0.783899743396424,-0.0633212430615166,-1.17960832904678,1.06105763922062,0.0157139224766868
715,-0.0499084379555141,0.0766890455292117,1.34984987604094,-0.968822181897449,-1.31489347718639,-0.872025158276284,0.705617656311685
716,-0.697720552010821,0.566255486203916,0.91727111343284,1.07744213653072,-0.0556473717983843,-1.95480750528265,1.5839001223188
717,-0.657220404051739,-0.15785520620215,-0.566559690960278,-0.185728233597461,1.38493844972095,-1.07830679620952,-2.1151425410832
718,-0.320209810105198,-0.913385526323875,-2.19124022237059,0.380301458599524,-0.0491674154178925,-0.196818472358747,0.265324006719753
719,-0.0191828388718721,-0.0268992707586568,0.147638808032367,-0.912591429538998,1.1444139037512,0.911149610409129,1.77888935600147
720,-1.56718760247479,0.37942834484262,-1.21606867719248,0.933172402442832,-0.0554213925225254,-0.119381656200578,-1.02801624558672
721,-1.0255154850336,-1.26301798248801,-0.664905958711121,-0.44953147259539,0.781733219322826,-0.851661361452352,1.21905082608997
722,-2.21566186442719,0.105214969155021,0.790829929150964,0.893452995598145,0.838981102491042,-0.68790209492777,0.235650454303535
723,-0.064965617051777,0.819608265163962,-1.22254954514234,0.898619504725344,-0.96761421114274,-1.41016348899723,0.234505370369815
724,-0.2976384687814,-0.883431848971492,-2.00037778839682,0.694105411532948,-0.0239468184300945,-0.162534378596201,0.388420696855371
725,-1.05534190035433,-1.3025996275608,-0.917117032176468,-0.864200981828843,0.748406001874664,-0.896965342495717,1.05638734269647
726,-2.19389664243639,0.134098872316247,0.974875847625676,1.19604966449823,0.863300963872134,-0.654842433085314,0.354350834077167
727,0.255804970558201,-0.295465937986353,2.10865267083969,1.4552038949421,0.422034358939578,0.407313652506766,-1.5470388979968
728,0.423127444909756,-1.27618372534653,-0.950904373123478,-0.337899701878262,-1.20167635141111,1.0310590571784,-0.0919956813919787
729,0.0659638676383957,-0.547397760003718,0.503363270810254,-1.18411149490866,0.209911123560061,0.118959935325344,-2.58236998824459
730,0.597012462314787,-1.44104110964824,-1.48038259664682,-0.637733621140741,1.39929904728595,-1.14472372508688,-0.782235495518851
731,-0.814579975130418,0.0289325490182659,0.102657100293865,0.343855008348416,-1.19757186903861,1.12257684041761,-1.3347783645356
732,-1.50053878606699,-0.295025326558112,1.79258773593086,-0.217003106046421,-0.345053579736919,0.497120317406189,-0.275540096477719
733,0.806710913054116,0.231510440039257,-0.89682504511565,-0.752627122898436,0.429960689782151,-2.4272491452105,-1.06144566732102
734,0.707081938714337,0.350547314375548,-1.20146605265146,0.208630886522667,0.336932394784865,1.5978277294251,0.939466606042903
735,-1.56920290080727,0.376753909364729,-1.23310996594014,0.905154192359491,-0.0576732315392927,-0.122442736000805,-1.03900702149168
736,1.5241449252521,-1.5599307930872,1.31411878638676,1.19932597798221,0.452157829621948,0.362324282231006,-0.137196421097694
737,0.712287526932759,-1.28806340031285,-0.505620880280752,0.964907995626387,1.52810423904506,-0.969629960513868,-0.153563113754802
738,-0.588666073301318,1.57863984697707,-0.638693695166681,0.0834611463491139,0.276183913474455,1.60118641441777,-0.619850423163741
739,-0.555615180648614,1.62250058881449,-0.35921655970508,0.542959791715912,0.313114073349445,1.65138812314149,-0.4396016983223
740,-0.138322476354122,0.722258813768717,-1.84285245555711,-0.121243342308282,-1.04958115135308,-1.52158679372551,-0.165558872570943
741,-0.0698023330497335,0.813189620017023,-1.26344863813672,0.831375800525324,-0.973018624782982,-1.41751008051778,0.208127508197897
742,-0.837957435787209,-0.00209090252527364,-0.0950218491789737,0.0188437713816562,-1.22369320163311,1.08706831473497,-1.46227136503321
743,1.57826234472382,-0.0938456622929185,0.582088846598687,-1.07857334220944,-0.691022499976315,-1.15651649847017,-1.26489449276323
744,1.41531881529807,-1.70435030889333,0.393889194013194,-0.313657366518227,0.330558522716492,0.197025973018727,-0.730698319965852
745,-1.4985234877345,-0.292350891080221,1.80962902467852,-0.188984895963079,-0.342801740720152,0.500181397206416,-0.264549320572753
746,-0.786768858142166,0.0658397586131667,0.337826885011553,0.730506307498527,-1.16649649060721,1.16481974166075,-1.18310565704708
747,1.53019082024955,-1.55190748665353,1.36524265262973,1.28338060823223,0.458913346672251,0.371507521631688,-0.104224093382796
748,0.635244253648063,0.399577146914433,-0.346897275095117,-0.419171351535948,-2.16831250209478,-0.247793067184954,-0.358016922108187
749,0.745372607031496,0.401361588455484,-0.877681566445946,0.740976878106154,0.379717336103452,1.65598824562942,1.14829134823725
750,0.690866487624566,0.473391566104235,0.123442294340259,0.354131246764274,-2.10616174523199,-0.163307264698677,-0.0546715071311284
751,-0.195261313491314,-0.747570526694612,-1.13468032001576,2.11743048376669,0.0904466036217046,-0.00703152474464821,0.946752112827638
752,-0.188006239494378,-0.737942558974203,-1.07333168052419,2.21829604006672,0.0985532240820683,0.00398836253617,0.986318906085515
753,-0.00073515864295273,0.141945271189761,1.76565732148381,-0.285177855863919,-1.25994860517726,-0.797334811150735,0.973792588392853
754,1.62703256436988,-0.0291243237279474,0.994488034292023,-0.400532658192581,-0.636527995770537,-1.08243836730467,-0.998917715863053
755,0.19454620853242,1.65100114988462,0.765278937058855,-0.971448511130011,0.179579224280938,-0.365253650114037,1.52166073600924
756,-0.773064829481288,0.0840259198628278,0.453707648495631,0.921030136065249,-1.15118398529319,1.1856350843023,-1.10836838089331
757,0.742055065269609,0.541322227242675,0.556291028530786,1.06579378288115,-2.0489650342061,-0.0855558377729012,0.224494200855005
758,0.856321439479205,1.9428657997263,-1.12914716355004,-0.74680891773527,-0.699961133221963,0.223469915294656,0.330533157091759
759,1.74240069341777,-0.0203863499443795,0.508011093685107,0.832462917666208,1.91735662387129,0.829301752990297,0.5359665718353
760,1.49754298726334,-1.59523334139537,1.08917377491766,0.829485604882101,0.422433554600614,0.321918028868005,-0.282274663043243
761,0.814369046717548,0.241673294855244,-0.832068147874548,-0.646157924581739,0.438517678045869,-2.41561704196963,-1.01968071888215
762,-0.294673079680029,-1.64239768147359,0.469773900300513,-1.34144553558989,-0.384737118574348,0.35723747332338,0.793588327367446
763,0.843792402371785,0.280720052832458,-0.583265332158733,-0.237092057364955,0.471394527690677,-2.37092527688631,-0.859215390669646
764,-0.0265309772987224,0.107712497072751,1.54752882551378,-0.643810944930689,-1.28877214459188,-0.836516632593647,0.833110656809289
765,-1.60749356912443,0.325939635284793,-1.55689445214565,0.372808200776005,-0.100458172857879,-0.180603252205126,-1.24783176368603
766,-0.626990929064509,-0.117738674033779,-0.310940359745399,0.23454491765266,1.41871603497247,-1.03239059920611,-1.95028090250871
767,1.37420672931544,-1.75890879264232,0.0462469035609599,-0.885228852218391,0.284621006774432,0.134579945094088,-0.954910148427156
768,-0.674148910044588,-0.180320464216437,-0.70970651644061,-0.421081198297529,1.3660230019801,-1.10401986653143,-2.20746505868491
769,-1.30445129955862,1.2151003263279,0.799025867004968,-0.892066477279176,1.09537498532798,0.930425910362978,0.27672436150065
770,0.352336719441955,1.08254260229183,0.273251137779464,-0.603959054407723,1.75122207657615,0.689401903332321,-1.53771876972375
771,1.43789015662187,-1.67439663154095,0.58475162798697,0.000146586415196168,0.355779119704291,0.231310066781274,-0.607601629830234
772,-0.630987338283441,1.52247670194136,-0.996560758867511,-0.504921265401055,0.228895294122333,1.53690373861299,-0.850656717168025
773,-0.629812346729984,-0.121482883702827,-0.334798163992121,0.195319423535981,1.41556346034899,-1.03667611092643,-1.96566798877566
774,0.976399032649101,0.456697907277709,0.5380514674372,1.60650616611891,0.619565534993991,-2.16950622603135,-0.13602233612289
775,0.972402623430169,2.09691328325284,-0.147568931684911,0.867039983065194,-0.570255205856144,0.399788111787754,0.963601849217794
776,-0.317388392439724,-0.909641316654828,-2.16738241812387,0.419526952716202,-0.0460148407944179,-0.192532960638429,0.280711092986705
777,-0.641466889612348,1.50856963745632,-1.08517546035533,-0.65061595783443,0.217185731235141,1.52098612365181,-0.907808751873848
778,1.96862459048345,1.67409557066182,1.23130721294708,0.947318738591911,0.966483346304991,-0.42812281277146,0.346880762453853
779,-2.33375834671064,-0.0515069498494118,-0.207789591461828,-0.74841411528566,0.707023336108456,-0.867281371221096,-0.408409013727466
780,-1.55025909648194,0.401893602856907,-1.07292185171215,1.1685253671429,-0.0365059447816763,-0.0936685858786679,-0.935693727985003
781,-2.23178425108705,0.0838194853318902,0.654499619169695,0.669307314931414,0.820966390356901,-0.712390733329589,0.147724247063808
782,-1.58276295803225,-0.404142294056079,1.09730315502639,-1.36014607744675,-0.436928611621042,0.372228261556911,-0.723963753400327
783,0.460611993893922,-1.22643922545775,-0.633936402417029,0.183239005671888,-1.15979214569923,1.08799514146262,0.112432750440387
784,0.68330141839105,0.318988975736431,-1.40255325987383,-0.121983992460761,0.310360694387007,1.56170698778242,0.809775450364305
785,-2.22735059475559,0.0897032433832511,0.691990454414544,0.730947377114765,0.825920436193789,-0.705656357769089,0.171903954054733
786,0.833312851042878,0.266812988347423,-0.671880033646557,-0.38278674979833,0.459684964803485,-2.38684289184749,-0.916367425375468
787,-0.805712662467497,0.0407000651209881,0.177638770783563,0.467135132715118,-1.18766377736483,1.13604559153861,-1.28641895055376
788,-0.926362807075481,-1.13143575697576,0.173525447673679,0.928964463505006,0.892523698947797,-0.701056235281164,1.75979700061429
789,1.37501284864843,-1.75783901845116,0.0530634190600233,-0.874021568185055,0.285521742381139,0.135804377014179,-0.95051383806517
790,0.820414941714993,0.249696601288918,-0.780944281631572,-0.562103294331715,0.445273195096171,-2.40643380256895,-0.98670839116725
791,-1.46184505808333,-0.243676165382598,2.1197804798859,0.320946527553734,-0.30181827061498,0.555893049570555,-0.064517199102374
792,0.986106652091047,2.1150994445025,-0.0316881682008329,1.05756381163192,-0.554942700542123,0.4206034544293,1.03833912537156
793,1.4229769489615,-1.69418745407734,0.458646091254297,-0.20718816820153,0.339115510980209,0.208658076259591,-0.688933371526981
794,0.588892392000976,0.338065130922932,-0.738846916291263,-1.0635901834528,-2.22010479948044,-0.318197902590183,-0.610804767922403
795,1.88116064285373,1.55802507092134,0.491715281298696,-0.268671579025105,0.868753532977273,-0.560973676101328,-0.130118911821667
796,-1.03397973803002,-1.27425061149515,-0.736479371451287,-0.567207954945424,0.772275495452401,-0.864517896613307,1.17288956728911
797,1.68476316110878,-0.0968752046120725,0.0206302355020728,0.031142109282644,1.85295402799174,0.741754870703794,0.221630380953276
798,-2.34464095770604,-0.0659489014300252,-0.299812550699184,-0.899712449735704,0.69486340541791,-0.883811202142324,-0.467759203614282
799,-0.00329748807782733,0.901445990787437,-0.701086109463989,1.75597673327559,-0.898707937229648,-1.31649444711027,0.570823113061771
800,0.717871485279825,0.509229001507979,0.351795563558884,0.729575261881049,-2.07598710240731,-0.12228879537563,0.0926048899954145
801,-0.0132300083043416,0.125363771226834,1.66000133124833,-0.458890758380636,-1.27391000708122,-0.816313505912145,0.905649777782064
802,0.683208353961135,0.463228711288248,0.0586853970991568,0.247662048447577,-2.11471873349571,-0.174939367939541,-0.096436455569999
803,-0.326658764769141,-0.921943719853128,-2.2457723463631,0.290643186332832,-0.0563733002715493,-0.206613927719475,0.230153523823862
804,0.0706994667568257,0.0923805515552973,0.907680286177938,0.337020740178028,1.24484592389904,1.04767376949927,2.26907796136295
805,-0.850855345115094,-0.0192072895837778,-0.204086097163989,-0.160472773151728,-1.23810497134043,1.06747740401352,-1.53261233082499
806,0.448117144232533,-1.24302072542068,-0.739592392652512,0.009526103155171,-1.17375354760319,1.06901644670121,0.0442899398295982
807,0.0682811087578472,0.0891712289818279,0.887230739680748,0.303398888078018,1.24214371707892,1.044000473739,2.25588903027699
808,-0.157266280679453,0.697119120276539,-2.0030405697851,-0.384614517091691,-1.0707484381107,-1.55036094384764,-0.268872166077623
809,1.36130881998756,-1.77602517970082,-0.062817344424055,-1.06454539675178,0.270209237067118,0.114989034372632,-1.02525111421894
810,-0.520548989663427,1.6690357661298,-0.0626981354958221,1.03047664716605,0.352296072241203,1.70465091166545,-0.248362197575894
811,1.84609445186854,1.51148989360603,0.195196857089438,-0.756188434475245,0.829571534085515,-0.614236464625285,-0.321358412568073
812,-0.557227419314599,1.62036104043218,-0.372849590703208,0.520545223649239,0.311312602136031,1.64893925930131,-0.448394319046273
813,0.491244528547648,-1.1857878061938,-0.374908813452619,0.609115798938677,-1.12556419264436,1.13452355442608,0.279492544195868
814,-1.46063587908384,-0.242071504095863,2.1300052531345,0.337757453603738,-0.300467167204919,0.557729697450692,-0.0579227335593948
815,0.70497357595194,0.492112614449474,0.242731315573869,0.550258717347664,-2.09039887211462,-0.141879706097085,0.0222639242036326
816,0.665876788301789,0.440228566178382,-0.087869686130707,0.00670544173084088,-2.13408454903991,-0.201264654221497,-0.190957128352706
817,0.484795573883706,-1.19434599972305,-0.429440937445126,0.519457526671984,-1.13277007749802,1.12472809906535,0.244322061299977
818,-0.199954058053375,-1.5166992140127,1.27071447144046,-0.0245896616728481,-0.278900684786266,0.501108223934068,1.31015479490084
819,1.64284495579316,-0.152503462552212,-0.333828570449225,-0.551636660450857,1.80611577644297,0.678084410859063,-0.00697775787001505
820,-0.639451591279865,1.51124407293421,-1.06813417160768,-0.622597747751089,0.219437570251908,1.52404720345203,-0.896817975968881
821,-0.589506380080344,-0.0679941741450004,0.00602761096104935,0.755683625202809,1.46060024068435,-0.975454514921883,-1.74585247067634
822,0.997761194973411,0.485046923343357,0.71868912816238,1.90349919300233,0.643435028571729,-2.13705878014894,-0.0195201115302521
823,1.7949058742235,1.44355923246759,-0.237651877101089,-1.46785097059212,0.772374823059616,-0.691987891551062,-0.600524120554207
824,-0.639048531613369,1.51177896002979,-1.06472591385814,-0.616994105734421,0.219887938055262,1.52465941941208,-0.894619820787888
825,-0.148362420741835,-1.44823366577868,1.70697146338052,0.692676516460691,-0.221253605957013,0.57947186681989,1.59151865806797
826,-1.46023281941735,-0.241536617000285,2.13341351088403,0.343361095620407,-0.300016799401566,0.558341913410737,-0.0557245783784014
827,-1.60372206069007,-0.431956423026149,0.920073752050743,-1.6515354623135,-0.460347737395426,0.340393031634546,-0.838267822811973
828,-0.305958750341928,-1.65737452014978,0.374342683313625,-1.49834751205661,-0.397347417068247,0.340095426442107,0.732039982299637
829,0.74376036836551,0.399222040073171,-0.891314597444072,0.71856231003948,0.377915864890037,1.65353938178924,1.13949872751328
830,1.69958330433924,0.0671553534761407,1.60797442920773,0.608122904807708,-0.5554617911669,-0.972239494496481,-0.603249783284281
831,-2.22493223675661,0.0929125659567208,0.712440000911734,0.764569229214775,0.828622643013911,-0.701983062008816,0.185092885140692
832,-0.730743564499166,0.140189064898546,0.811574712196461,1.50941254781542,-1.10389536594107,1.24991776010707,-0.877562086889024
833,-2.33375834671064,-0.0515069498494118,-0.207789591461828,-0.74841411528566,0.707023336108456,-0.867281371221096,-0.408409013727466
834,0.767506701242766,-1.21478386821863,-0.0386895685949076,1.73260695190994,1.5898046281045,-0.885756373987637,0.147584146041263
835,-0.768255993647692,0.472650244477719,0.320826007264791,0.0968047836137708,-0.134461737385254,-2.06194529829061,1.19922296564499
836,0.675550220297703,0.45306585647226,-0.0060715001419458,0.141192850130879,-2.12327572175943,-0.186571471180406,-0.138201404008869
837,-0.220510101044691,-1.54397845588719,1.09689332621435,-0.31037540452293,-0.301869442757297,0.469885209971749,1.19804888067019
838,-0.262428306360317,-1.59960671382733,0.74243452026305,-0.893154174256431,-0.348707694306065,0.406214750127018,0.9694407418469
839,0.726831862372661,0.376756782058884,-1.0344614229244,0.483209345339413,0.359000417149189,1.62782631146733,1.04717620991157
840,-1.45942670008435,-0.240466842809129,2.14023002638309,0.354568379653743,-0.299116063794859,0.559566345330828,-0.0513282680164152
841,1.00343821775039,2.13809958961237,0.11486691502903,1.29852041834865,-0.535576884997921,0.446928740711256,1.13285979815427
842,-1.5106152777294,-0.308397503947569,1.70738129219257,-0.357094156463128,-0.356312774820758,0.481814918405052,-0.330493976002549
843,-1.39594584385331,1.09368095563164,0.02535135786127,-2.16409321506287,0.993141493966728,0.791452887432654,-0.222256864584802
844,0.499305721877576,-1.17509006428224,-0.306743658461985,0.721188639272042,-1.11655683657729,1.14676787362699,0.323455647815732
845,0.847016879703756,0.284999149597084,-0.555999270162479,-0.192262921231608,0.474997470117505,-2.36602754920595,-0.8416301492217
846,1.37501284864843,-1.75783901845116,0.0530634190600233,-0.874021568185055,0.285521742381139,0.135804377014179,-0.95051383806517
847,-1.47206552118164,0.505661699399092,-0.411719848302998,2.25563191837655,0.0508654090689105,0.0251013103701556,-0.509251622872326
848,0.464239530892389,-1.22162524159755,-0.603262082671243,0.233671783821902,-1.15573883546905,1.09350508510303,0.132216147069326
849,-2.21324350642822,0.108424291728491,0.811279475648154,0.927074847698155,0.841683309311164,-0.684228799167497,0.248839385389494
850,-0.599548684296721,1.56419789539646,-0.730716654404037,-0.0678371881009298,0.264023982783909,1.58465658349654,-0.679200613050557
851,-1.52728469549165,0.432382167304869,-0.878651159988842,1.48793296209299,-0.0108349799905247,-0.058772276156075,-0.810398882668392
852,-2.23863626541749,0.0747264047070596,0.596559237427656,0.574045400648053,0.813310137699891,-0.722798404650362,0.110355608986924
853,0.976399032649101,0.456697907277709,0.5380514674372,1.60650616611891,0.619565534993991,-2.16950622603135,-0.13602233612289
854,-1.35725211586965,1.14503011680715,0.352544101816314,-1.62614358146272,1.03637680308867,0.85022561959702,-0.0112339672094566
855,-1.53655506782106,0.420079764106569,-0.957041088228071,1.35904919570962,-0.0211934394676558,-0.0728532432371214,-0.860956451831235
856,-1.01261757570571,-1.24590159542951,-0.555841710726107,-0.270214928062005,0.796144989030139,-0.832070450730897,1.28939179188175
857,-0.580604879971391,1.58933758888864,-0.570528540176047,0.195533986682479,0.285191269541526,1.61343073361868,-0.575887319543878
858,0.750922377932531,0.553089743345397,0.631272699020484,1.18907390724785,-2.03905694253232,-0.0720870866519008,0.272853614836855
859,-0.321678077335288,-1.67823511687734,0.241420631081888,-1.71688955070667,-0.414911761399035,0.316219004000333,0.646311930240903
860,-0.032979931962665,0.0991543035434988,1.49299670152127,-0.733469217197381,-1.29597802944554,-0.846312087954374,0.797940173913399
861,-1.54930900571305,-0.359746665123082,1.38018854823752,-0.895043790063282,-0.399548083942698,0.423042186240685,-0.541516873377894
862,-1.44652879075647,-0.223350455750624,2.24929427436811,0.533884924187128,-0.284704294087545,0.579157256052283,0.019012697775367
863,0.648235227405863,0.272453798421121,-1.69907168408309,-0.609500847910901,0.271178695495248,1.50844419925846,0.618535949617899
864,-0.301928153676965,-1.652025649194,0.408425260808942,-1.44231109188992,-0.392843739034712,0.346217586042562,0.754021534109569
865,0.598162764330394,0.350367534121233,-0.660456988052034,-0.93470641706943,-2.20974634000331,-0.304116935509138,-0.56024719875956
866,-1.00576556137527,-1.23680851480468,-0.497901328984068,-0.174953013778645,0.803801241687149,-0.821662779410123,1.32676042995863
867,0.290265530801509,1.00016998957278,-0.251620555648419,-1.46691992497464,1.68186543485971,0.595120645485317,-1.8762346675967
868,-1.54864685781596,0.404033151239221,-1.05928882071402,1.19093993520957,-0.0347044735682623,-0.0912197220384858,-0.92690110726103
869,0.419096848244792,-1.28153259630231,-0.984986950618795,-0.393936122044945,-1.20618002944464,1.02493689757794,-0.113977233201911
870,-1.0134236950387,-1.24697136962066,-0.56265822622517,-0.281422212095342,0.795244253423432,-0.833294882650988,1.28499548151976
871,1.89405855218162,1.57514145797984,0.600779529283711,-0.0893550344917199,0.883165302684586,-0.541382765379873,-0.0597779460298849
872,-0.00516881497441326,0.1360615131384,1.72816648623896,-0.34681791804727,-1.26490265101414,-0.804069186711236,0.949612881401928
873,0.386449015258583,-1.32485845104415,-1.26105582833086,-0.847831125395075,-1.24265982151628,0.975347404814256,-0.292027802862358
874,-0.135501058688647,0.726003023437766,-1.81899465131039,-0.0820178481916047,-1.04642857672961,-1.51730128200519,-0.150171786303991
875,-0.10164404670295,0.77093353946634,-1.53270100034973,0.388688081208531,-1.00859768124791,-1.46587514136137,0.0344732488994357
876,0.684417532960624,0.464833372574982,0.0689101703477514,0.264472974497582,-2.11336763008565,-0.173102720059405,-0.0898419900270193
877,1.95008384582462,1.64949076426522,1.07452735646862,0.689551205825171,0.945766427350728,-0.456284746933551,0.245765624128167
878,0.824445538379957,0.255045472244701,-0.746861704136255,-0.506066874165032,0.449776873129707,-2.40031164296849,-0.964726839357319
879,0.593326048332437,0.343948888974294,-0.701356081046415,-1.00195012126945,-2.21515075364355,-0.311463527029683,-0.586625060931478
880,1.69322741410521,-0.0856425756049286,0.0922036482422387,0.148818591632678,1.86241175186216,0.754611405864748,0.267791639754132
881,0.0317687029073599,0.947981168102747,-0.404567685254731,2.24349358872573,-0.85952593833789,-1.26323165858631,0.762062613808178
882,0.225172435904474,-0.336117357250301,1.84962508187528,1.02932710167531,0.387806405884709,0.360785239543309,-1.71409869175228
883,-0.0293523949641974,0.103968287403704,1.52367102126706,-0.683036439047367,-1.29192471921536,-0.840802144313965,0.817723570542337
884,1.54561451173761,-0.137171517034758,0.306019968886618,-1.53246834555957,-0.727502292047952,-1.20610599123385,-1.44294506242368
885,-0.865365493108965,-0.0384632250245958,-0.32678337614713,-0.362203885751787,-1.25431821226115,1.04543762945188,-1.61174591734075
886,-0.58181405897088,1.5877329276019,-0.580753313424642,0.178723060632475,0.283840166131465,1.61159408573854,-0.582481785086857
887,-2.2825697690656,0.0164237112890284,0.2250591427287,-0.0367515791687891,0.764220047134355,-0.78952994429532,-0.129243305741332
888,-1.55025909648194,0.401893602856907,-1.07292185171215,1.1685253671429,-0.0365059447816763,-0.0936685858786679,-0.935693727985003
889,-2.2595953680753,0.0469122757369898,0.419329834452007,0.282656015781303,0.789891011925507,-0.754633634572727,-0.00394846042472141
890,0.519458705202397,-1.14834570950332,-0.136330770985399,1.00137074010546,-1.09403844640961,1.17737867162927,0.433363406865391
891,1.37501284864843,-1.75783901845116,0.0530634190600233,-0.874021568185055,0.285521742381139,0.135804377014179,-0.95051383806517
