"id","DR1","DR2","DR3","DR4","DR5","DR6","DR7","DR8"
1,1.97096416382309,-1.47129974764146,0.119227485520623,-0.347576065703298,-0.0829572939460282,-0.024460713196343,0.792133483281392,-1.34163137945513
2,1.18824021675789,-0.478509812597965,-0.761537148226716,0.560319645911307,2.55333548831846,0.31112202366341,1.59494631802593,1.16572700259316
3,0.674588569330853,0.315929673046788,-0.247899822093479,1.89239698604952,-0.0558060235024752,0.703387173433564,-1.5763882146059,1.22048351756822
4,0.510276407537196,-1.22877715416921,-0.49139158799064,-1.14104132891395,0.140786604752018,-1.08268152206082,-0.882381388874628,-2.25652933239266
5,0.57728551024656,0.787892805003446,-2.84233549976222,-0.063267047105251,-0.477940764293744,-0.374077059865725,-0.326143899435685,0.651684146926049
6,-0.794963517079604,-0.498211436002294,0.832374235613317,-0.483627808808738,0.652187388139612,2.1699949627244,1.96949979262786,1.47222504859053
7,-0.191331382252759,-0.44499461710672,1.73389474857046,0.0267886178396059,0.160165954219001,-0.539729190109709,-0.613059105863875,0.0155954229778719
8,1.62891819204091,-0.057818257842675,-1.0820953541843,-0.954830045725402,-0.990811837675214,-0.819973932056383,-0.966872472621317,0.144697164858193
9,-1.81318249921658,-0.125215977875691,0.516098694322714,-1.34080387834065,-1.36058292034574,0.309110583137869,2.06267970423005,0.428987746621081
10,-1.04518045083111,-0.302626670994905,0.904492470608534,-2.01417733516515,1.69902184523753,0.245106939521052,1.06385870654247,-0.253424660772612
11,-0.989831172984829,0.800727745441822,1.18019555679539,0.0147658394131979,0.531613784663896,-2.0723209342929,-1.18023922786246,0.512523467014218
12,-1.18973831990482,-0.283680833069256,-1.50994153716953,0.715053424049496,-0.421756100729999,-0.0727468310517305,0.0546683341813421,0.347810465987929
13,0.0651914894551489,0.0864600472209991,1.57095773253516,-1.51602069010147,0.543533755791159,-0.437636155031741,0.355781849760559,0.723846052524603
14,-1.18619132619772,0.00273049264653191,0.892139321640524,0.126564818540938,0.44095880576784,-0.533042110005909,2.39140891278269,-0.217459728576547
15,-0.0806913516986388,0.400301021377387,0.0040530178990457,-1.26669798341071,0.590930591946859,-0.635180098027673,0.506591264783165,-1.44892238239344
16,1.11098674157201,0.547532004248902,-0.66442211718177,-0.609190274118905,0.531627480492285,0.501823038382909,-0.974567206509733,-0.283123928633561
17,-0.0215584881604454,-1.65330532223529,1.29649488235235,2.00153137900682,-1.50569824155679,-0.0293611339773428,-0.323457835243774,1.7075589269129
18,1.79604270308896,-1.73192459256604,1.70223886472828,-0.29438153445149,-0.0812664248631588,-1.21842847617618,-0.777273529924575,0.0231519368883938
19,1.18116357665393,-0.150361491424856,-0.601005212410976,-0.512222405317693,-0.880827340581825,-0.352166764574603,-0.925544483773212,0.10908037502327
20,-1.00402043746646,-0.115206195008178,-1.0435918916293,-0.0781630034825229,1.10604877477503,0.341038156092203,-0.846956865758362,-0.641697290713718
21,1.956408165863,-1.61583450514157,0.561144520658447,-2.15557796984213,-1.68138228080933,-0.73384210843695,-0.700916465827096,-0.0217245857800443
22,0.0181968365466187,-0.858112847468766,-0.743439691486056,1.64426795843575,0.624441094994706,0.358098781787113,0.721645898635311,-2.03868829717191
23,-1.78429677531927,-0.408286169431658,0.211249620137554,-0.527844323711909,0.173764413556479,-1.14698435031173,1.34561121443223,-0.915017586526571
24,-2.10655002250997,0.916750420283194,-0.756590929195636,-0.74406944935852,-1.16254952151831,-1.81449462362465,0.576953779390169,-0.681529606246669
25,0.905238132971877,0.718115978540082,-0.568744247762995,-1.66141960748353,-1.07994275000376,1.76699257314089,-0.594432465697136,0.838714546959383
26,-1.53300949681594,0.791224384936424,-0.169977660945315,0.202811021979943,-0.741150058566754,0.913921840941707,-0.32528466326224,0.83775171823904
27,0.621913777084838,-0.744976707747253,0.901679287211603,-0.18731402973379,1.5892755159785,-0.00114234422623504,-1.66516438594232,0.957415949349483
28,0.810187233820293,1.18606517153349,-1.23806570223915,1.56952829173311,-0.392033070560886,1.78071319345885,-0.0888195583002696,1.33651204590497
29,0.909761524801868,-0.430449367150283,1.6849719256379,-0.0940336814760484,2.02534867509619,-0.469425302629697,0.483130071461815,0.644254308826219
30,0.150974773790809,2.51822387227048,0.375820021736589,0.421622547785278,-0.239401258994725,-0.87666004398619,0.719897890219429,0.072260166947572
31,-0.0706728287858756,0.156803923380079,1.97033564037344,-0.0319874698116731,1.73739949721772,1.94541808355743,0.48263729694571,-1.08022569291434
32,-1.27958698752099,0.548760471160825,1.51888366133853,-0.459178718295202,2.267593515141,1.37680850873246,0.926906974477752,-0.62742514887108
33,1.01863130441853,0.398671015837906,0.202968649118048,-2.38241458686861,-0.807417459756913,-0.981155410508885,-0.751996757206438,0.415828289630239
34,0.280574472118063,-1.17729624865466,1.97083397917914,0.573003044606236,2.21649463873217,0.100846201411847,0.29114825287704,-0.0505688128422044
35,-1.04169720542035,-0.381248210576356,2.10692734521425,-0.534788007215055,0.281489488656334,-0.452393526314136,1.14148783151256,0.765848146659124
36,-0.82588902723398,-1.27556576157854,-1.4631816117844,-0.153827746338064,0.677476912610348,-0.77710037463751,-2.23193169753158,0.563674178638607
37,1.39859791308527,0.729147348331857,-0.445851633730039,-0.0671041246865626,1.07409730663763,0.811691363174266,-1.06633313104108,1.53554376640329
38,2.3489519594936,-0.461072782296073,0.265468817145998,-0.315241320998213,-1.12333630894322,-0.582052409194331,0.225319640933131,-1.02789413303831
39,-1.11166487595667,-1.62354587903791,1.33039552250511,0.757381512432602,0.27634674236309,-0.00875101719403793,-0.307603032275413,-0.888766011990721
40,1.80713158582788,0.695414097317239,-0.671711649755304,1.70204926137103,-0.0443952099583129,0.265531215926519,0.308584163675987,-1.17820142562385
41,-1.61394002582098,-0.247490856860218,-1.45306945603641,-1.82660181361068,0.368222597358238,-0.0964125196969058,-0.822956453644176,0.731453845522508
42,1.71167174793994,1.68343873087693,-0.241004104305228,-0.194927829547386,-0.414667428845491,0.201167356720786,-1.06833205757963,0.338371743189712
43,0.617970610886539,1.11593711315038,0.591298233391363,-1.31368627124517,2.16830925626689,-0.808430240222836,-0.981808164844001,0.0629031102892647
44,-0.206324466725508,-1.19972736258921,0.261651247343403,-0.683782444049203,1.09846626296065,-1.37131006168488,0.147137007800576,-1.47256021775855
45,0.678576783455592,1.24961824585604,0.0399772261035597,-1.24401444594342,0.20281986735974,-0.416149939212815,-0.733836040919925,-1.64852875293377
46,-1.8044941328207,-0.0489631820565728,1.12626482924598,0.164369124714245,1.98629543532759,1.08354433909094,0.733875875228115,-0.823495225461828
47,2.06564174039594,-1.01901170820506,-0.398073372527237,-1.411109754505,-1.40096449319929,-0.593913231010103,0.874969908830994,-0.776680116060472
48,-0.23777070928034,-1.19483601774333,0.241120703641958,-1.28408019074884,0.330607236850155,-0.404721369888236,-2.55131581558161,0.328631900679055
49,0.457469720399081,0.877123596045072,-1.58205316314967,1.5199830341945,-0.562747289657209,1.48760740647703,-0.502025699912435,1.04199603660692
50,0.344697442661136,1.16242463241134,0.169496166261225,1.00219988328927,-0.494383352546172,-0.61393531241441,1.8457458069213,0.0487770701914877
51,1.50670031621671,0.958508269537587,0.663110068750413,-0.729190214208949,-0.750160805841453,0.0275260465350619,-2.62105140054426,1.09108039803708
52,1.64252866689087,-1.55053707850749,-0.671562339696869,-0.657210306721275,-1.63752904294461,-0.778798467942819,0.871408434676698,-0.847438329833083
53,-0.658372992739979,-1.44995070077721,-0.705127085842534,-1.1541633871325,-1.08873132972,-0.930336286342154,-0.682611633067694,1.94557426286892
54,-2.03991370680267,-0.105566055429863,-0.432505617827759,2.22650225478672,-0.397089439304563,-0.212928055132645,-0.180425277924556,-0.0788094072155197
55,1.4792312111237,1.12769849407409,-0.285900219878767,1.69859758067605,-0.179559677692551,0.370871313251598,-0.907438043798217,2.21764326662738
56,-2.66757767225173,-1.40664716747096,-0.417683926704032,0.0518133515222848,-1.05715927498529,-0.6218673460717,-1.56442211100083,0.626361707415156
57,0.318820475083412,0.508969391095988,-1.73040961604109,2.17285585434174,1.05950740212498,-0.860505632359941,-0.282234613991041,0.749678055194211
58,0.0402919436726857,-1.51470648729543,1.47547255453068,-1.45997174682831,0.182782533529008,-0.540164902471277,0.425507224395368,-0.0234820377007386
59,-0.661991940493975,-0.348204331980655,1.71518806498593,0.156410371980307,0.467670446886737,-1.8430146651367,0.172829114171198,1.11748814142515
60,0.491472034518221,0.340800536809558,-0.238619484058213,0.930641231507863,-0.169549452255953,-0.120928168455774,1.21435112467756,1.61971525640268
61,0.439567705995051,0.391295274135449,-1.04037913009977,-1.57668486683963,0.722510564783578,-1.59587427800017,1.20662033819708,-0.110183847789809
62,-0.0287544824134222,-1.11446867264465,0.0214546504917327,0.300679737971993,-2.10210977697088,0.884929802295582,0.735479929057873,-0.766129594961357
63,0.574222139495976,1.05121639343309,0.571462256995745,-1.18639343031236,2.14192134572004,-0.817432487599158,-0.952321598471153,0.0727275438472586
64,-0.564985345816875,-1.71455082123333,-0.548448839146835,0.690830700121681,-1.708577348126,-0.600292576364309,-0.139908684159432,-2.27321014853805
65,-0.175607697751537,0.143599239825274,0.787312888907595,-0.257818965622352,2.2637954461492,-0.290330015684235,-1.11713693473381,-0.626090795630918
66,-1.44395289516137,-0.136481124293408,1.56318780987399,-0.197348117848925,-1.15272861867474,-1.57335521275815,-0.0884565694447677,0.572149724521833
67,-1.90866233171184,-0.69748222704086,1.24904390788266,-0.255365741165096,1.84173597518891,-1.05906320881136,-1.25689719339411,-0.740904653399987
68,-0.0813813562953548,-1.10211807155998,1.16540269907847,-0.879305492766421,0.210507850991872,1.45426072446554,2.26827556376003,-0.227723430062557
69,-1.67100985575684,0.233440656317499,-0.528165299817719,0.757531072897738,-1.05525220861447,1.23325824534662,0.921907935523452,-0.707055937786759
70,0.0773887047877296,2.39284051603278,-0.331078352924681,0.725188716586504,-0.395522083672455,-0.822431783539576,0.476539505425855,-0.555622782080959
71,1.41039706788082,1.32789230168668,-0.455561019930083,0.226028307678146,-0.578584875935603,0.045773399074394,-1.14096540315638,0.247743698694066
72,-0.38168849556744,0.489210954672261,0.190333769274477,-1.72767113064864,-1.32405271051131,1.2183483609358,-0.850080657280418,-1.43287117001409
73,0.672223079839063,-0.039445012572905,-0.917078788079478,0.353486822338853,0.279244695722379,0.347178601899346,-0.868810764298141,-0.293660905496156
74,1.7309416754245,0.812842477348705,-0.905260734859299,0.76057041117556,-0.044902969183626,0.0114253016583325,-0.343844466837368,-1.5651546511143
75,-1.50482015970838,-0.692676231532573,-1.03875810811572,0.728200213335964,0.993066111319385,-0.620219822297627,0.312566768558722,0.483706457247242
76,-2.14674116981949,0.901964031654794,-0.813441535457215,-0.852902815756941,-1.17797009247523,-1.86904485184516,0.467435638814025,-0.750934482254246
77,0.824359051180294,1.62156916025942,1.06602155616382,0.719765519230835,-0.501500326002066,0.174169550780528,-0.296271437930105,-1.27827649381449
78,-0.206643706436548,0.697955575156333,-0.351447879258848,-1.79621094897731,-0.728445520639205,-1.24083465743726,1.52112677720562,0.173316786522911
79,-1.34220878017553,-0.808942264457835,-0.75428308736232,-0.969537061183681,0.357772469785258,-1.67575246495167,-1.63277765783201,1.55311237571784
80,-1.13476986066427,-0.417413803618206,0.313271808883918,0.821082142248257,-1.15043668063966,1.80965104691278,-1.44670363706952,-0.617895529207554
81,0.725036818508603,-1.27906768777843,1.32970957969777,-0.589592872685577,1.8453808126327,1.191092585196,2.51738269370081,0.314594738783032
82,-0.0594801913784612,1.12655494034955,-0.182699132293976,0.990625834905349,1.34686899966703,-0.785294522927135,0.333148106414161,1.28842747955294
83,1.50274823553105,-1.32964808510126,0.44028397675889,0.16944003134529,-1.7025455977336,0.911780902105993,0.216049243320667,-0.735651894971418
84,-0.809325011166046,-0.563857992714912,-0.663969768913828,0.6125473018219,-0.595822419962453,0.362743005920783,-0.947873701906851,1.03524691738716
85,-0.131517462449051,-0.539345375200264,-1.50420369265091,-0.615820069111902,0.0873570853655655,-1.22107915233718,-1.11281421051281,-0.02326415538276
86,1.48341289545002,-1.23543391447366,-0.794672258360079,-0.398431381132735,0.213220422036395,1.51503575953188,1.123019095254,-0.648665721540651
87,-0.532700851188453,-1.01657262876406,0.016815266278267,-0.117253920376702,0.385785340926747,1.57736154503075,0.0212275706969405,-1.61908560492357
88,-1.39877437877554,0.648426727498485,1.22026621512221,-0.736361425031496,-0.999582898225372,0.325404535466113,1.25812703897371,0.110129609133221
89,-1.72488592072052,0.516070562356932,0.485363267341142,-1.53782021882181,0.685865983050615,0.371090151506006,0.413916503762305,-0.492249086074989
90,0.384597421405885,-0.90106190999216,-1.42370184622396,2.43720508207947,0.862493992878547,-0.816273380707745,0.860345706331729,1.19123601927292
91,0.757983221849632,-1.41636434853323,0.615596836911052,0.295115664917239,1.97300677151403,-0.674434996535576,2.47160555554034,-0.141324825706591
92,-1.61647786909559,1.71302845592567,0.0591016054999158,0.0915525971276804,-0.773545861354392,-1.69011530743836,-0.00551296068982774,-0.860593338727507
93,-1.53465605888704,1.46606077456934,1.14463384824073,1.47954223082229,-0.262540971753156,-0.401690189474531,1.01123550971728,-0.745978339742675
94,-0.223576783707651,-1.90647592206016,-1.41288216057839,-0.340416292974944,-1.71239755301286,0.402236999711774,1.32158207350408,-0.539200704083198
95,1.01127335562948,0.367292668462711,-0.681335763825727,-0.153662706448498,0.465020552530146,0.515208022532788,-0.807286031265824,-0.203275920968262
96,0.687268637350661,-1.75669898457238,1.55929065465785,1.69532695614101,0.0423298017552164,-0.69903651907455,-1.60120361460668,-0.887261717262829
97,-1.68705480666145,1.39528195505765,1.83170251750324,1.10089427025807,-0.468410250805685,1.47174615588088,1.23342273277279,-0.208175172521898
98,0.765441441777232,-0.00439862501335108,-0.90858107592654,0.748496520004859,0.73230874301734,0.470957016443405,-1.2607745525789,1.32108431525672
99,-0.257842034908715,-0.963315570926041,-0.110660407568681,0.0728078568844602,2.29088905906112,-0.327836101182729,1.47052563877461,1.10632432845931
100,0.23946166177455,-2.53902248728911,1.32035936126488,0.338932320326311,1.46144808304902,-0.981110230111771,0.927983830201212,0.565686597260029
101,0.382003376384264,-0.527140350645401,0.266806783747431,1.56131521725211,-0.612053161956758,0.0718673482540379,0.123166670893391,2.17670256977619
102,0.726030886993415,-1.24617935734502,-0.225231917222486,0.0787096744726445,0.621605452002694,-0.691547395289767,-0.642194113679647,-0.258946269002436
103,0.0979409449522136,-1.22912160059088,1.14268054136962,-0.367456184370321,1.86502384832179,0.479875402881916,-2.25542196796721,0.0510168229501959
104,0.861654940013873,-0.840592747859726,-0.349282095205924,1.88493983633401,-0.770376182485557,-0.355139594152701,-1.61477770869483,-0.758548284683737
105,0.883650618902226,-0.247429430525024,2.32400141128847,-0.368774602225568,0.139511957210481,-1.1995018165326,-0.481825956178407,0.598583268762378
106,1.01853771306567,-1.84173584396757,0.707573853168894,-0.0688360516899927,-0.360685649237898,0.177095719269385,0.13806384742255,-0.820063937086598
107,0.678264340777065,1.36645749400145,0.828322040701991,-1.87627957468292,0.0813041189266885,1.52730299757816,-0.499859443005122,-1.07925815281354
108,0.761401027090237,-0.424115055331635,1.48920773974673,-0.422689259534713,0.921192726486652,0.579875233755373,-0.381163904402227,-0.397475986693896
109,-0.0212806021572815,1.39702342410999,-1.02687928069086,1.01973320432957,0.796134946634969,-1.81067040424091,-0.254809597900282,-0.723201666385925
110,1.05439006609883,-0.428147365430456,-0.580455663488104,0.312724146024495,-0.975113991219647,-0.284765095525487,-0.564144762516085,0.295983449115116
111,-0.666743093440581,0.0314868006619786,1.29255558350347,1.05815854045328,-0.631787011793,1.51538327636111,0.984360536860213,-0.739449064405647
112,-1.867790064387,-1.41899399030187,-0.745835230969498,-0.0865391291307742,-1.65554667033686,1.47562031355001,-1.171764169286,-0.654847676362452
113,-0.113254783936847,0.493721140700173,-0.979927215209805,-1.46586919151298,-1.12195276919819,-0.411211258990919,-0.804938919660206,-0.11187305613385
114,0.491471610883719,-0.613558152325914,0.562033840611303,-1.44728760112888,1.57465650686389,-0.364055146084694,-2.56924559768897,0.417170429654987
115,0.692281321890734,-0.608511848026475,0.632605601892884,-0.16841568139465,0.408674605521311,0.865620943864734,1.14301103565935,0.410193279373931
116,-0.329476836381665,-1.65411187251016,0.656322983293045,0.409156696563181,-0.26009552180627,2.23766554151709,0.999204650226535,0.596684136295859
117,0.339777465149558,0.827876542415044,0.134895905743233,0.0425345100562309,-0.471136093593971,0.0546908272085099,-0.344252662242323,0.36436414572386
118,0.751328455081901,-0.915128054979056,-1.47086653070601,-0.857784071233816,-1.06891360166773,-0.995052126804736,1.450909843632,-0.741613096520842
119,0.186340478515081,1.38202137771616,-1.97274192508398,0.0369218707203644,-0.81517082358076,-1.10812229792983,0.404363619920416,-0.425790619850351
120,-2.97284767712741,0.069120159378957,0.0955104192256074,-0.690939577400531,-1.20954586248795,0.513033518360445,0.37277457048323,-0.986874397217597
121,-1.68984946341366,0.653976944479333,-0.30339168842999,-1.84087418262645,0.189670180128418,-0.601198815387098,0.180582447139219,-0.138103229160164
122,-0.729151013936233,-0.289925737310308,0.572433875544264,2.43789629796957,-0.5701777184793,-0.325165347926453,1.13450144581703,-1.09837137275463
123,0.271035589575234,1.30606144370519,-1.09686840910737,0.192775758205358,0.789760434834168,-1.30564191706666,1.18296658875075,0.0739820639931802
124,0.813487280577276,0.459637146786522,-0.870294839249717,2.26221547674678,-0.759742572885968,-0.682967201045781,0.87452494234724,-0.761562215870714
125,-2.19313852641565,-0.0557118011869222,0.14882050229541,1.23438853278703,-0.579393323504149,1.53409606517039,-0.330317165012658,0.245237168923447
126,0.0625394164687463,1.68480105569273,0.920541694886451,-1.65383900998754,-0.639403623545163,-0.832690456413523,-0.018187554444926,1.23584012114402
127,1.41476058728862,0.433344781192246,-0.566199180957261,0.972605672002235,-0.291661297180272,2.08062239159178,1.1180460723681,1.90247865189395
128,-0.318730783709594,0.626586994636945,0.325483713254044,-1.11862431705823,2.38045167665438,1.5151241365303,0.389190923363848,1.13571119683689
129,0.0349097648242747,-0.828968217105535,-0.0408875368397802,-1.12624041367215,-0.750470544472512,-0.368461337420141,0.0875367802775624,2.50032988087506
130,0.864846759162963,1.42543820042761,0.0879722024345786,-1.13549434985044,0.712625237591305,-0.276450809462278,-1.19804147917334,-0.060148199354328
131,0.515220102476288,-1.28718811730147,-0.580166084539499,-0.851644738026652,0.329420888546261,-0.806835669909902,0.921706659338103,-1.10959320912132
132,-1.34709833034857,-0.558525093017512,-0.364764633099667,0.555156967260036,0.767304543342483,2.26894713865893,-0.219645008820291,0.0977345527555415
133,0.136789090451338,0.559329121728825,-0.0341065320731951,-0.311016625888398,0.679294542306905,-0.182463872938706,1.82234526691979,-0.576200143383284
134,-2.29846166895725,-1.02493429268622,-0.108209208142049,-0.191538573379847,-0.866973959157539,-0.375645398638058,-1.31061837790142,0.832022840835987
135,1.17389675287783,1.35518379700957,-0.980599566128929,1.80139295180361,1.49256883094258,-0.250706954517486,0.422051751324017,1.29289540674723
136,1.29671705789753,-0.559540831015215,0.217437960126372,1.92418785837402,0.0625548579645052,-1.201800282792,0.118159340962112,-0.996187578135258
137,0.331105202358116,1.34434655036292,1.34102622302311,-0.172283482434841,-0.854153262345507,1.668933962372,-0.755060874760808,-1.18679844404757
138,-1.44105921260731,0.261432944402677,-0.753618656617795,0.91667229243277,0.603059901989203,-0.195563574393542,0.0276998008572692,-2.12010987528969
139,-1.44897569480523,-0.651577292786006,1.344768609114,-0.23872383445961,-1.33534101057021,-1.14582172528083,1.5015815717776,1.40846410148712
140,-1.68918931039458,1.21273809869703,-0.289399518326398,-0.333808284788545,-0.974287531798477,-1.39559174672255,1.27864849957656,-0.210885099925067
141,0.691037524912347,0.902170221774825,0.91578645836294,-0.506296438337958,1.17125860017554,0.775079905019155,-0.359111955940468,2.07354886785687
142,2.34640443458158,-0.24751586629402,1.37044101032728,-0.91740762640067,0.0859236211146834,0.322933915027957,-1.06265570747627,-0.442976048860015
143,0.0908438106019889,1.28196099798378,-2.05168020650687,0.106475222853315,-0.864632686511885,-1.17047250069307,0.34268997712451,-0.476708052619448
144,0.310408565097542,0.87219387192332,1.68127550751478,-0.955477846544359,-0.582473093015526,-0.993463237283931,-0.0356918488234046,1.11668971358261
145,2.01945957218823,-0.354627768777968,0.606337011146361,-1.07935252457072,-1.47368910088298,-0.399934369325824,-0.892400748701432,0.103693591901324
146,-0.554758481857466,-2.27575640853733,-0.872645934761732,-0.975727746334799,-0.470699209263586,0.376208143498179,-0.262391622066049,0.606128320143069
147,0.113308360764117,2.70416315692426,0.149776599184883,-0.690169227738716,-0.214397746795541,-1.13477353436636,0.00627615501477374,-0.343569757477839
148,-1.16815735535105,-2.10845903923916,-0.137645070919298,0.0331684587739911,-1.7630115561726,0.34209283221841,2.26305645785161,0.094804587398285
149,0.374785618959917,0.313719179647159,-0.152961733605152,0.375174775643724,0.777055310416277,-1.77014588651749,0.195470614556606,-0.707463588604172
150,-1.56382058814333,1.07414877629327,1.33518295080265,0.299050113236747,-1.0119162760244,-1.50503937228856,-0.829511258093126,0.352336057263418
151,0.588411001605096,-1.61991512969629,0.498923532780335,0.977284915936736,-0.213461678468299,2.2123304990516,-0.114656387222744,-1.90909118337552
152,1.46429080775542,-1.42689853408201,-1.17896479646317,0.697308402707484,0.47077232756713,-1.07381017712064,2.36410357481467,0.166801084219274
153,0.683546322136291,-0.912435644849027,-0.569429751224654,-1.59549513180028,-1.40991494337966,1.53994392842526,0.115754109527631,0.985336670886649
154,0.536582369046685,-0.684506462319451,0.701543000974605,-0.882672244370462,1.57467653656511,-0.212131220427368,-2.17860833192771,0.648773669514843
155,0.560073835743684,-0.754541964671097,-1.05357932753266,-0.117477218485232,0.494349975982724,1.83291943642909,-0.533328684623629,-2.00688221943192
156,-0.4605362601393,0.758903261957041,-0.934600743605916,-0.0424941579494364,-0.749584900445346,1.36825569437275,0.35838799105292,-0.604671807365475
157,-1.02665247231397,-0.0743858946913876,-1.42139756332822,1.00884804735713,0.64786167560979,-1.24109210328182,0.354831739273381,-1.09464112009982
158,1.37272832943997,-0.989611963506863,-0.834139123087881,1.26537262221756,-1.1301024544638,0.899853358526449,1.0123929607772,-0.15237689049404
159,-0.595546341513958,0.971179247942136,-0.696958437820353,0.889794614776544,-0.670326915315484,1.01100917071311,-0.844743290747104,-1.24159197039447
160,0.342273934064608,0.869946502113306,-1.77543878822027,1.03012206641281,-0.599993773216594,1.29478460832954,-0.923579876755746,0.781260624723488
161,0.742862616908978,-0.0634598261136654,-0.166418987595526,0.709956119462094,1.24794937926276,1.38321873442963,-1.2205892129434,0.858068760456549
162,0.766545268676422,-1.27407615993457,0.0460466100645111,0.195601304053063,0.157214723631516,1.73378408104558,2.09820597170595,-0.43453730155115
163,-1.34503814940178,-1.71055623986558,-0.748562877796075,-0.366478106996642,0.223913781268131,0.355878956886411,1.26383098884252,1.74809855202416
164,-0.893869932538961,-0.445086987471803,-0.565096656735957,-0.373583055098686,-0.660364099104454,-0.387494574040788,1.93521592220227,1.50350789409722
165,-0.267265306250998,1.58511717408843,0.525319156018323,-0.174983787185542,-1.20796006371479,-1.15116019552138,-0.717092640812339,-1.44408062100219
166,1.29785373192723,-0.490564994614041,0.0370534447400788,1.72714883306122,0.49367918455478,-1.27324921206261,-0.73207448697674,0.340496211373222
167,1.89195883683815,2.19884887976609,-1.12942577347133,1.43191315562637,0.288922459785656,0.546994760113697,0.386390668674773,1.35003683090008
168,-0.0320941954034259,1.32630876045626,1.68162141172165,-1.24490390261236,0.0270254353583151,1.75892755670975,0.504994201608905,-0.847040024078243
169,-0.328500470314173,-0.418931651887185,-0.76759142210385,-1.63676418759756,-0.798436227856231,1.20836847372764,1.00742548322563,1.72697595312363
170,0.318938562666354,-1.46104974145924,1.91186706059957,-0.458493542555478,0.280045567365394,-0.111349473889354,1.33420858182245,0.543484420819497
171,0.243497532173521,0.213488860983381,1.18768972515276,-1.08134347891051,-0.108880713099338,-1.356331430666,-0.899135603053787,0.404386365255827
172,0.696196653691206,-0.54183210934885,0.921492025157575,-0.493789301267037,0.593233611930646,1.23130921325735,-2.27413544149724,0.0984318822277101
173,0.194807124418024,1.67862312380803,1.24506512686269,1.46285457604894,-1.04577705735033,-0.444758137392583,0.775935304731268,-0.511845399173336
174,-1.30472821010086,-0.71466777198581,-0.770862174854614,-1.27482536754388,0.388047091950392,-1.70826422519761,-1.7767716668563,1.47652767607801
175,-1.38078878457489,0.910113485941108,0.732501571882925,1.27891406184959,-0.643554207725171,1.08187034176494,0.279251736148185,-0.47691930716125
176,0.799507514157843,1.56608903919515,0.865770418194179,-2.33148430445654,0.158436950064087,1.53125537898926,-0.643553115714038,-1.14206739380703
177,0.984182485968633,-0.0150364733598681,1.63379022767574,-0.469269304246599,-1.37691642488463,-0.842045519995485,-1.02568390805261,0.263665971817736
178,0.221515040186467,-0.976616387886284,-1.40613403268722,-0.587889415837881,0.573028497613547,0.946162231328623,1.09020495621055,1.65594759109082
179,-1.43661695385049,-0.582542127706192,-0.49909976494562,0.267682459640659,0.734718877653327,2.13820817169421,-0.490845597117874,-0.0725081226774936
180,0.483188748631169,0.222404577463502,0.44720683108076,0.923233322696962,0.363815261878643,1.2207791266913,-0.517377544408422,0.929172359942994
181,-1.10284339983359,-1.19628258777509,-1.46383831159912,0.612225125077662,2.02785645120247,1.55815715933988,-1.06917441821848,-0.558217398379068
182,-0.473550198421393,-0.799106678646657,-1.28983980639627,-1.12744311934988,0.662636202356249,-0.449497910865543,-0.0823428117675813,0.140744747691734
183,-0.102416737801593,1.09686827440215,-0.369821563606785,-1.8926197650873,0.947012456532293,1.82740521240382,-0.436375556721609,0.657859081784138
184,0.354068383379891,-1.85038399553926,1.28833596434277,0.793667776614472,0.275643545700383,-1.6634015314759,0.330582188323717,0.819089395082283
185,1.84983576389361,0.526816810488911,0.462886901899365,-0.465553962227389,-1.28895896211256,1.12277284526376,-0.702213910275545,-0.981373159187288
186,0.513141004361072,-0.741076362983457,-2.39347318558743,0.0494201314026194,0.249394515346733,-1.90690696059263,0.0275005802525978,-1.10406756111675
187,-0.197945446690715,-1.16504046659926,1.15737098079988,2.17139772741792,-1.55106300501651,1.63089919290472,0.151050353672535,-1.53580485985616
188,-0.295191324406143,-0.970787872217206,0.495656633522329,-0.247006843660224,1.77785585815557,2.16220045229059,-0.986051805963866,-0.526515547940289
189,0.746702238066696,0.616307338830404,-2.11018016066581,0.78776531524816,0.97763974384978,0.363672850482604,-0.250616565577645,0.220543398265239
190,0.687308143463478,-1.08433550257066,2.34261380409103,-0.447461855996634,1.27061482659508,-0.505695733204182,0.254300078753727,0.411552685769112
191,2.10671406637002,-1.48322269967969,2.02546509437479,-0.132416063154612,0.0644742583867602,-0.936007958505645,-0.341730028697393,0.323664249580485
192,1.41028898445435,0.384693821210488,-0.200696593497451,1.41964114344739,-0.373676541957815,1.9626022223035,0.323413098728763,-0.799146860104399
193,-0.26364761923419,-0.484981994370342,0.388189583661611,1.83662368612324,-0.782995365382249,1.32626462096611,0.498698475517635,-0.72348225682526
194,0.381112296082594,0.586317586284825,-1.6893638426806,2.06643557599121,1.09415646543249,-0.832349411617281,-0.278944700914686,0.761683075103152
195,-1.15754449807818,0.929881716139726,0.737337252582322,-1.21311689466195,0.78722605029144,1.61757635132574,0.0110500021440384,-1.17242558125851
196,1.23624365764522,-0.38834364630539,0.854542866496224,0.742418030384246,-0.0669381872637676,0.580752878075278,-0.045710600905248,-0.665103439768109
197,-0.604049448673933,0.633097505348079,-1.35466357775407,-1.62438999762434,1.00071546646764,-1.3181354219764,-0.220230558264054,0.80651596583008
198,0.534953295485711,0.336861890773575,0.808665896950142,-1.07791792534209,-1.46305523700409,0.645826503550636,-0.258408810437918,-0.611245252022568
199,-0.91111306160992,-0.242058780825504,0.549156963153519,0.956328338325512,-1.04624436557387,2.01679152982195,-1.12186835207539,-0.395075464071547
200,-1.7291317870457,-0.0698759720649705,-0.276041893093147,-1.19629307487574,-1.1790206452829,-1.66714848291012,1.62456591130937,-0.243885427893712
201,0.431327449344791,-0.925682883693068,-0.0670149569434387,0.844614588967874,0.0766824330194459,-0.312376202433777,-0.408117059969369,-0.460346887500313
202,-0.457025723451715,0.0371541999303203,-1.71000199814318,1.35457952210134,-0.478729964883152,1.65836918129301,-1.50766935065303,-0.166310203089881
203,-0.885685038891004,2.4239771080067,0.710538586622493,-0.163903244292333,-0.405852075186521,-1.15623739643899,0.633929983279119,-0.374788256393986
204,0.972765794556663,1.71689101827725,0.510518120072995,1.14973559484441,-0.970844231499106,-0.556916936732568,0.0370927221292686,-0.580359881647413
205,0.952660523592425,1.16975496011817,-1.34197927083067,-1.10906437643184,1.00650042531083,2.21338290496651,-0.557659597207264,0.512695757292553
206,1.15549655019422,2.23698228944949,0.147329125301404,-0.687986887497929,0.947379571008695,2.02144510764663,1.01214829660065,0.0135198948843465
207,-0.719788984688841,0.0626218543744907,0.292386029798202,0.471020471718863,-0.256455168647733,-0.0855190864445147,-2.20967273900422,0.877322774605956
208,-0.862520435845291,-0.651707555983734,-0.836449693325995,-0.277535734594303,-0.931169441455363,0.618551358364707,-0.370908302179707,0.924667360657807
209,-0.575303786160768,-0.821047943712274,1.67810617874806,0.154631919129919,-1.84653871878389,-1.29312312523113,-0.9479321139033,-0.174292657631134
210,0.834881618327326,1.68649597834456,-0.357221135481055,-1.94819199450809,-1.09906269043986,-0.862503481624234,-0.366610599529877,-0.910292469687643
211,-2.27326468203775,0.765577044098812,1.36052290468075,1.60609037930871,-0.775090805764984,1.10504495639331,0.902176553810557,-0.493554465324827
212,2.01083804727108,-2.06005590599041,1.9932639695549,-1.06667882874412,1.27818361385311,-0.336985447016885,-0.0141186528293,-0.0815918491189831
213,1.38750315737048,0.586630118363542,0.778148108114854,0.605912606910848,-0.860672110040919,0.205578408250095,-1.94274647547082,1.46115921462049
214,0.924270998819171,-1.5047820410824,0.983686791859242,-0.536399212405157,-1.82179221420992,1.41513943249534,2.17563145673573,-0.00963760532173517
215,0.339643789390781,-0.808289237788586,0.52554437301698,-0.547752097510009,0.188525765811774,0.298910649056305,-0.529906944850653,-2.85222561686497
216,1.04985533058815,1.80707741635876,-1.35979815583671,-0.474497627254769,-0.194853479273346,1.55398598133989,-1.06517119525701,0.814879594254366
217,1.95000230226347,-0.817657592490043,-1.52766228321618,0.451417007828021,-0.851435201102115,-0.43716662107284,2.15077099474579,0.0842019793263487
218,-0.0343290649692719,-0.774189161362629,-1.23819813561837,0.758635011933855,0.695694065923139,0.340490901286119,1.1889745934662,0.465765050081479
219,-0.896422138427135,1.2056125922435,-0.315245346833915,1.05625846988571,-0.316829191560868,-0.473773099535016,0.265880856706282,0.845552309527387
220,-0.42747140823394,-1.04703362310101,0.326465297461,0.30509072401828,-1.52813143163263,1.27028120491411,-0.16729538206825,0.488823071859093
221,-0.232459897732795,-0.9370722710563,-0.0893751104652206,0.0560994022483931,2.30396608937883,-0.310899493232953,1.48799383084048,1.12047542523763
222,0.783566958276627,1.07655514089085,-1.34919982816782,1.80782295730545,0.25687974813585,0.673172452769215,-0.502396680126211,0.177332773435533
223,0.00406552569227642,0.838844532699688,0.985023386211735,0.314322928054902,0.682383530170756,-0.864387479999693,-0.840557066769256,-1.68498610936728
224,-0.705383826953916,2.00833603604626,1.01746771282477,-0.651461956910264,0.925588091779212,-0.244099214839119,1.53188989248448,-0.407738029556658
225,1.06903026211344,-0.00703981485313702,-1.99827651595253,-0.740596180391019,-0.492014841693008,-0.387228194585123,-0.350773706633302,-1.75238852765536
226,1.85192460504975,-1.06281971060427,0.588080043840483,-0.158908527062817,0.196831564753466,-1.24613146241289,0.372169477920028,-0.985302575800938
227,-1.11807183779165,-0.575703001223586,0.339554000647747,-1.56771255728354,0.536388657217557,1.68857949959774,0.962509041695213,0.841606957489009
228,-1.64836189528683,-0.216344062893671,1.64887906090075,1.91352747975021,0.660269668922881,-1.27310725319682,-0.658839580294884,0.222509902854135
229,-0.449421285807838,1.45709376352343,-1.08982552801475,0.426663853075127,-0.82349420070743,-0.866186829988202,1.34406475405654,-0.218864119853804
230,-0.49065238791388,0.606180437270483,0.554393435116736,-0.622621772917278,0.838015432168615,-1.9655548175933,0.894389657676694,-0.117876993011579
231,1.97490258712992,-1.00017266086171,0.973455665762993,0.660709942989307,-1.49062814770439,1.39124457123624,1.02629227505757,-0.193787881183431
232,-0.334268800063263,-0.144049324641087,-2.95242662992442,-0.131364189443188,0.648091279908678,-1.41669366081749,-0.765471466116052,0.290413560284362
233,-0.134237756545492,-0.324577082569216,-1.40251125958528,-1.1860649792893,-0.574890381901581,-0.616715387665524,0.874318654340448,1.24711536777926
234,0.455318672004782,-0.284796838252461,-0.18204976707831,-1.50091585261129,-1.11759329597382,-1.25235311474522,-0.830680593172829,0.279171567843276
235,-0.697945496660027,-0.99548734057229,-1.13562700733486,-0.984723050726274,0.710879787337834,-1.32505935724418,0.975953166729629,1.25291849266516
236,0.806968672506916,-0.884066869444177,-0.737622924082267,1.63332237595308,-0.724953356824665,-0.244518641795956,-0.766180926806124,1.96445234044658
237,-0.360390438845871,-1.52791730235778,-0.346764690273277,0.454191809696615,-1.36689612478006,0.150637188512857,-2.22507038041989,0.457028835376622
238,-1.31572017281684,0.999544025625925,0.0460244248802799,-1.87864405311041,0.374276787378991,-0.308814552137496,0.564221932694434,0.142914890940872
239,0.461164315053428,2.07555848945919,-0.764662956801934,-0.812913312837738,0.102622127385707,-0.439917749747494,-0.784694909059305,0.69219331198773
240,0.337303862204309,1.80617544717708,0.130538499869641,0.549280324116554,0.843971569414202,0.45385816018425,0.467014965334175,0.184442717212566
241,0.145042237009391,1.72105221035922,1.0321422089211,-1.46024043402884,-0.606584107944567,-0.726822457972036,0.188590083348077,1.36795616946243
242,-1.44026893597364,-0.680185780781695,-0.418597280293952,-1.72126082435396,-1.02122818215456,0.971241030150222,1.14300289609398,1.39492610922569
243,0.264463588468008,-1.77495504531861,-0.445014838022312,0.496698680184563,-0.0435260634834647,-0.944164976861692,-0.158532027650651,-1.88086436002875
244,-0.629888179809498,-0.904669738066291,-0.0334674356803615,-0.0198450813942602,-1.68737521732707,-0.428944263875973,-1.49809410752822,1.08372486073405
245,-0.421554651051269,1.04004537059426,0.0741961897534667,-0.746605829948144,-1.44291811552112,-0.952059338406292,0.389937927402091,-0.909317085682112
246,1.20673752934463,-0.963390195499231,-0.480967874952786,-0.240171164990906,0.417036944686284,0.160676649835177,0.513385240587045,-0.42683241980215
247,-2.30422444231724,-0.266663096257818,-0.516360514773466,-0.828591920169311,-0.734932571875099,1.46215279974686,-0.0787023915025991,0.295895548087495
248,-0.468764457444685,-0.38340961920397,0.196747194847837,-0.93045725239073,-1.67772449837443,-1.09033817593122,1.13857104646622,-0.712285745281957
249,-0.0278986926731792,1.9853148266429,1.05175079799756,-1.15403246100013,0.812675863493693,1.59761462050302,1.18612597999467,0.168097505320377
250,0.537192373720212,1.49976435632275,2.62535825264501,0.668633011768372,-1.10319001353203,-0.232597068944301,-0.339369699034413,0.580887312846329
251,0.617506445414376,-0.263519166080164,1.46589508514633,1.52017622797933,-0.449289646049933,-0.00474560067988293,-0.35902477692531,0.169644300566254
252,-1.27887007347976,0.500104337286023,0.210933129580896,0.410849083210915,0.556145887252317,1.90416642707705,0.514739302293544,-1.3791576064096
253,0.913178810446707,-2.03679924502033,-1.31620832084668,0.472756693388136,1.61569046215181,-1.13454378142118,1.00598529711171,-1.20445484008637
254,0.92591296353101,-0.91280634915419,-1.17038378913213,-0.0721367722963107,-1.01415436536245,-0.693956784548574,2.1159575210831,-0.331435616958033
255,-0.0798138776084753,0.685738390831157,1.01354337960319,0.666103998151726,-0.85436185897492,0.967578995335939,1.29680892919736,0.0176750819600578
256,-0.373814890314166,1.10307764769264,-1.13567244891924,-2.37360386033135,-0.572945247036382,1.0836991325884,-0.398805770216383,1.13737072197096
257,0.271107304770438,0.0805117452192978,-0.592292342500185,1.66082018460035,-1.14779864908765,0.831967076655332,0.538221827004263,-0.607738948685103
258,-0.246724149156685,0.0895375212099442,0.170106356828827,0.159107929181759,0.220261569104691,0.0674635346147906,-0.802172754385709,-2.3204521125816
259,-0.867160938978888,-1.14123479967477,-0.412870152103698,-1.06127829918616,0.484975412567577,0.596810263723978,1.36265223489935,1.88244210929595
260,1.89865250921836,-1.91138713774927,2.03520471517011,1.08129265252092,-0.0847916824735471,-0.854126221233505,0.166573188660903,0.581708128935733
261,1.34580293344687,1.73049973209255,-1.67073081447241,1.30453835291358,0.0265639748325618,0.0827590800486416,-0.284078051297767,0.8764038561213
262,1.11051254181381,-0.413414270931396,-1.28476245642631,0.712769386353554,0.87740885153233,0.371360311385167,-0.0498017144430768,-2.07487085879803
263,-0.23130218892612,0.567376177686404,1.03730530848715,0.758031812921305,0.91101775512473,-1.47449477468794,2.0115480194747,0.565637520082623
264,-0.269258425618731,0.826981381095015,2.04110941506839,-0.238590146681436,2.11835807201928,-0.678769690047343,0.446432974087815,0.985690534122194
265,-1.03726652799978,-1.65062476188078,0.0231178489450529,-0.0536482717228127,1.7682460038193,1.09429519626608,1.1640382013573,1.23876975263192
266,0.812244785671916,0.887848919608704,2.31188630943894,1.11076598315185,-0.778745419142127,0.344900603898365,-1.07961448915305,-0.0525245125685511
267,0.553907485530069,0.976474814275849,-1.72734223382556,0.883747073895919,1.22494799049294,-0.936163228263868,-0.806795925337274,0.486688814518909
268,0.0793196114637086,0.212234456926932,-0.235327390865851,0.192765159344327,0.736277014724614,0.478688464325359,-0.947854753843733,1.15997727697555
269,0.761655537501019,0.510364999376905,1.05142902432734,-0.919402470990661,-1.35828141401319,0.860179823301043,0.0838145769379812,-0.377947545747268
270,0.232305790110263,-0.64198304276697,1.23265752731947,0.690512574792159,0.665320689111917,-0.062913858451369,-2.46636599650132,0.529505927821196
271,0.676390022158324,-1.3021044460853,0.0453662974163509,-0.448709223003046,-0.0523202406902182,2.19667121190571,0.178382082553576,0.518114573416902
272,-0.980278176382598,-1.7763374383733,0.00521248681564068,0.695325773733636,1.40569637320673,1.80578536482377,-1.16023568288509,-0.737777980143498
273,-1.4939499057179,-1.1856790308861,-0.342993123978669,0.0603130817266393,0.372498018448991,-0.558607555906903,-0.137964270620308,-2.53091546968158
274,2.8397869063044,-0.220388737974762,0.78507423147771,0.856490960987283,-0.505993360550252,0.0199082103165356,0.735328474163151,1.16927505817572
275,0.3017200386381,-0.933971791865392,0.590818144744412,-1.56367392525663,-1.84998100523318,-1.1738060937218,-0.808827833673252,0.201576870449018
276,-1.99579146847452,1.06575678217782,-0.693532980812434,-0.991295429022071,-1.09867504379364,-1.7763210629227,0.547707482069624,-0.680333672887593
277,1.06026221632323,0.378607115870391,0.137698230889327,-1.4711226481277,-1.22626398013897,-0.646633390517158,1.07808722017253,-0.269359658152329
278,0.2179364968338,-0.704474309659521,-0.795559759634558,-0.604443214651431,-1.79992546753979,-1.1760155041426,-0.16101276844243,-1.67575992114224
279,1.03210293495247,-0.970950670478545,-0.927539860348871,0.47891270929925,-0.751418011922018,0.139494649522123,0.400474761231422,2.59506685103168
280,0.0650942565445226,1.09488626136107,-0.980836443409816,-0.470477471873145,2.12077582083208,-1.179405704728,-0.0655622115083729,-1.17829942953878
281,1.48327000142692,-0.805074717986264,0.730265707442355,-1.86657243862591,-0.135823438400799,-1.28884083472649,-1.35900366262545,-0.212277497352302
282,0.17132345553291,0.79440515114996,-1.21172837265254,0.93259320606807,1.00844240404341,0.603844504838768,0.606503910856763,0.389863900564231
283,-0.0048193378519167,-1.22785484783049,1.51414159316792,0.295957168284343,-1.13204274169656,-1.08386046730642,0.441867422560586,0.556362766131767
284,2.11611840153549,-0.823588473566151,-0.944467030116027,0.450137867826044,0.635831783144579,0.123226854343057,1.70701538604366,-0.645611624326017
285,1.9343407874319,-0.188035779166934,0.636093399621854,-0.45296061926338,1.69167905169912,-0.310130337114481,0.369692312385298,-1.32600252818949
286,0.562171442965226,-1.03525861304955,-0.342340815777273,-1.30751959058094,-1.54293774282981,1.29553953151522,-0.90213484252393,-1.86345225375747
287,-0.921370490531191,-0.253158539588008,-0.103931784497867,-0.868438569346172,0.455019449582577,-1.92142076340346,1.89821035038975,0.312738512255127
288,0.187835335385143,0.783947252288133,-0.144098507911355,-1.41710651679113,-0.445369354072606,-0.242685977332524,-0.83346692821091,2.22150332318657
289,-1.37624867579275,0.214748848640224,0.396319431752879,1.59840166826194,-0.872026305538624,-0.770970667247744,-1.49321965242804,-0.727553413425819
290,0.288826062263957,0.331835240008433,0.307939269834016,0.0100863042290279,-0.378840263866299,1.60111859472391,1.05406016259732,1.92976541028826
291,-0.524930395408011,-0.469123682497809,-2.04499736450604,0.98143425424442,-0.67915899519118,1.96745200156168,-0.186691915466745,0.505315874622311
292,-0.489289081318545,1.03387512508084,1.84584743277802,1.12254388397815,0.733338001355117,-1.44371144551343,0.0338695420206118,1.2908697929
293,-3.21433554887235,-1.17441253266758,-1.30831628152765,-0.397485286162602,-1.19726318745686,0.820431099680612,-0.806696393878804,-0.269870753595874
294,0.0593680343816517,1.08742211534445,-0.91753672664987,-0.0779392662026733,1.05825830586311,0.132147883698961,-0.338520549445233,-1.85736137895461
295,1.41813394600948,0.921564627258135,-0.176606045247291,0.0376168450060026,0.97477113790046,0.24484104848816,2.03083078737347,-0.0190736756764336
296,-0.180320252315615,-0.59741249720691,-0.956185584445808,-0.807555846643936,0.793669139615378,-0.148697737780786,0.429802193639365,0.482403935556176
297,-0.477117048027332,-1.08034637218588,0.831712279154875,-0.155950730184767,1.9840686533153,1.3166094162578,0.650486824849219,-1.20978356116972
298,0.98761146228321,-0.0728966003638925,1.68976295574089,-0.161176656734524,-1.38727599314125,-0.776141292951364,-0.835544790247021,0.373387744530726
299,-1.78044166847876,1.44984598998991,0.237383941234159,-1.98927510179832,-1.10033782258555,0.265171100176097,0.794723597763698,-0.0685531765901384
300,1.28220393047919,-0.326323029340536,1.35384202122408,-0.916795642573183,-1.52281552411246,-0.285986159450752,-0.200432834854045,0.151905999678114
301,-1.83244730362458,-0.608479750318705,-0.789302330083506,-1.23403226910354,0.7632999597588,0.788041741098288,-0.61379054976582,0.333636668552949
302,0.188482041905024,-2.30698698584013,1.03138973740184,-1.06664034376559,1.49141377802267,-1.31012341896073,0.0221431621925447,0.03733561567095
303,0.085581959527709,-0.635156886868045,1.19788555669768,0.132554402120128,0.976482609923028,-0.807234953055371,-0.124014494745895,2.50185957554052
304,-1.83828323129349,-1.6771043571923,0.157364066691306,0.128648449419246,2.00313457291831,-0.482922862660957,-2.04273004562929,0.252746254381039
305,-0.452794104681554,2.07321956445601,-0.050695892222328,-2.74898338948247,-0.738890854533786,0.502429729142928,0.382907496863999,0.139957973108092
306,2.16097181727358,-0.9565515813647,1.03165452357132,0.715514866610787,0.313939616743151,-0.818972658655988,1.23702578819552,-0.438571902895876
307,-1.4989530805205,0.848412717283363,1.2445649559454,0.436178893776829,0.901097866330696,0.516923998606686,0.23324443964646,-0.483525890035796
308,-0.271251213990226,1.33247874286122,0.646858785898355,-1.39768831570597,-0.812797766062551,-1.04795087982612,-0.225866201184066,1.0623976968866
309,-2.49648872357499,-0.23470330033416,-0.221999349798194,0.753537087186545,-0.709090676287445,1.19218264207457,-0.950850302601921,-0.160294615129333
310,0.353883440305844,0.197227491033944,-0.504307799853992,-1.20258447886197,0.356226896706295,1.21018707670268,0.741000168821584,-0.497452484204269
311,-0.537171517456553,1.90637617588179,-0.287418772259192,0.370991184281126,-0.574260541385611,-1.4390693363898,-0.0584096037513347,-0.486345677583227
312,-1.176556941781,-0.954795010308332,-2.09061973198781,-0.15499414904983,0.615846457276832,0.914360508017886,-0.990008331744708,-0.022720069178707
313,0.542840558816026,-0.626558881135317,1.21880939324227,-0.778716161596379,1.872498579704,-0.904116909188531,-0.329802200720689,0.117936192421968
314,-0.889097867508883,-0.931658065927874,1.46133885640981,-1.34375910195476,1.63925615995084,-1.46526554154917,0.0154532141380504,0.412473736178571
315,0.666694673162233,0.554061754628394,1.60678685144786,1.15124811018998,-0.916704071854004,0.41118332040509,-1.00130590749369,1.65527281260187
316,1.10823694697077,-0.509457179809504,0.123884696757119,0.501104411889814,1.03631571595282,-0.532335107879745,-0.531627209123244,2.18704049411509
317,0.812727519782783,-1.06951169882071,0.636996508567601,-0.6333165995971,0.320448673396088,1.54988474043711,1.99392244339038,-0.0106969918499592
318,-0.357487546769097,0.222821065261476,0.0882929530660475,-0.873737384178226,0.567580706324769,-0.745353512951144,1.29191619131791,-0.484793919608593
319,-0.887809302887228,0.16022586868153,-1.40335613435965,2.47824630487433,-0.269328809013192,0.141872935727766,-0.518065111933314,-0.332432281978907
320,-1.12428379762284,-0.392429628602743,0.845088165026909,-1.92159275509161,1.65668438262506,0.200628445800395,1.03393164690706,-0.283453100345231
321,-1.31952681836891,1.47978199220407,1.30034223753729,-0.825392331044259,0.485702869361397,1.30088948322085,1.37625660413853,-0.161840771189759
322,-0.477232027562152,1.05936216988396,-1.51185267751679,0.037108385311383,-0.389921829075379,-1.0184597343975,-1.28995351596995,0.249712961296483
323,0.713141600159831,0.942775510126462,-1.42230871804836,1.78133852592451,1.26781947573893,-0.624435410916316,-0.0906939267136869,0.923685301590114
324,2.28283870777806,0.537081261311551,0.191617490648576,1.64692734911367,-0.590614413899083,-0.202129227137213,-0.302705502025953,0.707974381776156
325,0.0696684134036891,-1.43754255448602,-0.649234801604836,0.479764938635608,1.80053168312415,1.26453105871237,-0.11250892920945,-1.80592042850622
326,-0.511261957609445,-0.899304088363386,0.424344732315248,1.81659068114853,0.367327036829323,1.54442792568801,-0.969282406561732,0.0258004349602455
327,-0.0320248698632972,-0.66056274044275,0.0188071314449474,-0.425961433159253,2.42091151939445,-0.248924451131294,1.41409283671092,1.11059711571839
328,0.235314796634768,0.308432427042389,-0.390041584700187,-0.23511178389188,0.732631899721824,-2.00712721242494,-0.325322762396865,-1.02911763770033
329,-0.575308673050682,0.81643738549153,-1.18320853048644,-0.857479065776056,-0.77392068860566,1.10912791156994,-0.259424614065107,-0.97801666185539
330,1.58742308038134,-1.37426598819933,-1.38433010742936,0.818607575946689,0.362646030111986,-0.225362661631415,1.35553168488587,-0.933269572162551
331,-1.3002378385165,1.78121252081144,0.548069820714771,1.19130887134099,-0.661721386744634,-1.21099720121843,1.00349753797816,-0.229931054904571
332,-1.12112097110109,-1.32738253442968,-2.04319272364739,-0.659541204234676,-1.33283550240049,0.823875155195135,0.390434992264887,0.767807928925241
333,1.11865461102219,-0.526850828118701,-1.17256681154427,1.32327758386675,0.857540090733239,0.50303517960301,0.328436751011718,-1.85638987000321
334,-0.10946563478859,1.18314691051493,0.625397069564113,1.42368290922733,1.11630593148691,1.21297128337125,0.598698378507657,-0.294929346958603
335,1.27787394240943,0.622757331615455,0.425672781568596,0.296812828163217,-0.711676443397889,-0.613007887466938,-0.816856209620748,0.0202398780408663
336,0.68804704302186,1.19296495224261,0.478570368414072,-0.739355533908512,0.351395319197036,-1.02991348570132,0.797548973697694,-0.22675985473438
337,-1.60987713301391,-0.0860060561096322,-0.055470064482481,-0.570096959268034,-1.14511438329431,-1.44312338611073,2.13302055521946,0.0674014618666732
338,-0.687104537522524,0.439105497044277,2.37681675736855,0.350334300512604,-0.803661787231133,-0.853946531782368,1.06523997016699,1.35743554395314
339,-2.31944037824214,-0.129457068596639,-1.39157866772508,-1.35762444030723,-1.24689660376788,0.403229799268776,-0.503365641588173,0.532032260740822
340,-1.34207936548288,0.673231573949876,0.103157575749793,1.47759859822517,-0.0262480298927481,0.193362555251036,0.124644270162208,0.209668835848112
341,-1.52258854750084,0.513385443479945,-0.513074039443888,0.0205453253716833,-0.95380613978039,1.20125283115168,0.637249875393268,-0.846383589337959
342,-1.36386099655964,0.960915022996931,-0.172013784158789,1.13979162774455,-0.483765318448386,-1.00637447549263,-0.403405476089997,-1.30109337353564
343,1.83000035680266,-1.22322844230529,-0.431189696022805,0.548287897006386,2.06151004744408,-0.383587238883194,2.04781483685916,-0.457415812813056
344,-0.374537211882327,-0.509760107807849,-1.6855053976652,0.509184265199011,2.53444490074584,0.0479759781119343,-0.957085840708732,-0.810574983714803
345,1.08792377412907,1.76683693955009,0.301985634159656,-1.98848033372996,0.432277525725208,-0.240374138416871,-0.739523610942913,-1.58531631768555
346,1.28107046979612,0.850314857272623,-0.075015481329566,-0.994416698620954,0.928753404622287,-0.159015546427239,0.756252614363846,-0.855095867777925
347,0.384560335114619,-0.342016028327703,0.798980066113589,0.63139971007278,-0.46622691130526,-0.167730899028307,-0.0896251241306487,2.53116009983051
348,0.580398605968864,-1.13480423465284,-1.57707095093821,-0.528205970057877,-1.16545876901316,-1.06461436624888,1.46460758451691,-0.761507753485606
349,0.560403163415454,1.35004450658988,-0.330238165450681,-0.104577108520964,1.34765664134542,0.652329375843299,0.748774796777641,1.01094539397352
350,1.18585641365158,1.37887072878695,-2.29892532514197,-0.270602967204972,-0.171953004599361,0.0716181816444347,0.209619900531895,1.05811492840891
351,-0.969444936800758,0.987078051913337,-0.252800269820758,1.82723838727027,-0.382697031148671,-0.374314822391709,0.653027985180931,1.05596689038074
352,0.148500293769424,1.12135039555311,1.21746402557674,0.120750530420302,-0.954985326139291,1.58251510646826,-0.776159361060459,-1.22856674720068
353,0.0770282894301074,-1.10368804300898,0.334538624790068,-0.48204100735793,0.289700680215289,0.737020713154091,-2.93975501634166,-0.384274249845108
354,0.970889388445467,1.25993625657628,0.288143785209442,-1.1099551209798,-0.588763550059088,0.774339173785881,-0.0308577358872476,-0.344608357025903
355,0.0312847103982716,0.125215341882985,-2.55189056330668,0.177338503367247,0.81496255973373,-1.06016818394891,-0.181514034394392,0.685047872344459
356,0.492150727769225,1.67390483141769,-1.05148534119089,1.36456824946122,-0.075530867817463,0.0823177932072769,0.219390066479905,0.797489769621147
357,-1.55216917456862,0.583211792169933,0.0631147227063682,-0.47342382513238,-0.840744357150663,1.02523505689677,0.65331278630392,-0.365752438398022
358,0.174788358554787,0.757356615356594,0.498362040798494,1.8862144618809,0.602214206067621,-1.37546973382495,-0.52426820987528,0.831396600709282
359,0.953491883857441,0.5851753350688,0.00251996811318327,1.80543748063572,0.0841108260270133,0.909298186238869,-1.32597450668798,1.40954781153133
360,1.75075974548462,0.70564459766817,-1.50844216379714,1.62679328900519,-0.594234718627169,-0.733390932754628,0.113765470971754,-0.816787359633956
361,-0.545073395226958,-1.48807301603702,0.139200368128461,-1.41471814058955,-0.294363237802763,1.69085219739729,-0.338589269617579,-0.206398679430032
362,2.71846516609773,-0.805365492437081,1.83581517895701,-0.149439752985727,-1.20498119183457,-0.151341664312381,-0.279642323208758,0.419661480751216
363,0.487927668090465,-0.380113724830478,0.451839781582812,0.384727355777669,2.28256475393804,0.846605882795597,-0.369828393909093,-0.480531723695039
364,1.02526721035356,-1.18599882452888,1.2133362046525,1.11624940089885,-0.977982394264547,-0.761433248527367,0.662740473716108,1.07979702186681
365,-0.058146716914519,-1.16453033612483,0.419221982741469,0.36628109827111,-0.916696727596689,-0.343238262146059,-0.170765529577279,0.0922426785417127
366,-1.19728823361814,0.997480183730081,0.543256858303439,-2.11725594446756,1.8474762940834,0.164677717952628,-0.0749424097829316,-0.706832970235323
367,0.07802538670522,-0.225845821755118,1.45288606894958,-0.63914727434248,0.388062137060929,-0.278919875254082,0.0519828370778778,-0.00669049793696853
368,0.603646529088758,2.17535378921428,-1.28057902923749,0.555086124904503,-0.44938118731155,-1.10718912037686,-0.449243641194088,-0.772341936034956
369,0.751203713185807,-0.867353061162843,-1.38110431448177,-1.47401555627596,-1.23547706863549,-0.454186846665302,-0.354106266553545,0.291574503175381
370,0.792913922242796,0.605774871594862,2.0906648123083,-1.3446036334754,1.57624247734126,-0.542156007744257,-1.08494787108068,-0.11508589998411
371,0.0143485185397603,1.68516029882729,-0.257614991215821,0.0668342678830475,-0.339637008326155,1.33157445149467,-0.680028704634438,-1.04797731972297
372,0.125619417298692,2.49896527523989,-0.339278334798918,0.409107083434777,-0.359563699297318,-0.848532222166679,0.337694977845065,-0.627505180368482
373,1.07726770477438,2.32787351359897,-0.956722950999259,-1.46433679433579,1.08548885290044,-0.273754612590146,-0.159455597325377,-1.10682740784095
374,-1.61177107828373,-0.0735198347024874,0.806643185982441,0.567931410475332,0.955352961954052,2.73129848441818,0.895158516816024,0.465457662640136
375,-0.234857610294331,0.923680274295056,-0.311137792833993,1.21497380939871,1.25225843366135,-0.879994902635308,0.278343356481732,1.22848108221121
376,-0.715838844467631,0.57930241475926,-0.611919745850116,-1.90340012145374,0.810830757358332,0.608301715534951,0.106365368766148,1.41085843552564
377,-0.851673446442928,0.592135795817113,1.23507050052603,-1.71172426689115,1.8908336864133,-1.44794910566052,-1.07769208432707,0.0160578650819698
378,0.0935130962437007,-1.55362839483236,1.08574303103057,-0.376895688870097,-1.60057093782312,-0.190609207675603,-1.0772418541901,-1.02696144882627
379,2.62939750258798,1.11270714605386,0.294332573748368,0.320491974139079,-0.36915156126764,-0.196015475170766,-0.728737150814323,0.519657140599214
380,0.604693562084181,-2.57914275847313,-0.916866479901452,-0.813522675564935,-0.569862803644885,-1.94080003703569,0.241501256928189,-1.33863469520239
381,1.02485659338833,-0.0636520646141418,0.182621694339986,1.31035689839204,1.01149380743613,1.33359785765776,0.430797765192206,-0.761090516573528
382,2.37848090747448,0.83174714049761,1.11516033235974,0.407780479697454,-1.0643183734863,1.72586983327794,0.400577217927309,-0.262373899023177
383,1.17023270944773,2.46217480996501,0.11653705092882,1.07835070769015,1.37707301283847,-0.842823210575255,1.07523947613164,0.233923226211202
384,0.252022801967954,-0.710312259337674,0.232687313412421,-0.734318285578164,-0.659510319411253,-0.113956265861413,0.560565749134897,2.80716994237176
385,-2.13078483610917,0.766386400292568,0.716770960749737,2.2930690177186,-0.58612398736263,-0.713146034119312,0.855769967781892,-0.932047211889792
386,1.31667032550721,-1.14596203436588,-2.34110767183627,-0.781919250127415,-1.11325223753254,-1.19803731561131,0.716415845632498,-0.842159834032851
387,1.67947585567555,-1.33189013221369,-0.141490709065151,1.02826097700444,-1.50352933044827,-0.843711922252095,0.310827291344549,-1.08752422797136
388,0.756877284139862,-0.0832507160510446,1.19157841622634,-1.35277291167336,-0.119552229591019,1.63495493911711,0.813472167427143,-0.53758188597279
389,0.808655534533636,0.932897054286581,-2.27659277722013,-0.529354092004426,1.05942835133258,0.143385757573416,-0.980236103296909,-0.188293156653399
390,0.701695372357905,-0.0193155673190343,-1.41026235063388,0.00361149380639761,-0.602835142909001,1.30997513172486,-0.242997485641778,1.00525869379816
391,-0.206142506013703,-0.794331508442047,-0.167204578145237,-0.545128458038016,2.34033964676043,-0.413028687623918,1.15281078530087,0.932310128704595
392,1.55798625265646,1.82308157525561,2.06507295437491,0.0239468791559866,-0.896437676755759,-0.217918888991752,-1.01498815960515,0.588108185065461
393,1.50432200415961,-1.0299210471417,0.587968727803353,-0.809096651954192,-0.330495460372389,-0.330382558492748,-1.91204606778842,-1.06739201596235
394,0.970333249114997,-0.596698785632246,1.30419569471183,0.347055015710754,0.343537195630087,1.22467178868213,-0.485803548990041,-1.44337900577772
395,0.296304775906921,0.288963645326904,-1.86356049525053,-1.09893091366364,-0.93584553764296,-1.3154594293289,0.747751970575838,-0.435898139157214
396,-0.120106694851772,-1.02067463992211,-0.831525155878998,-0.859387948318111,-0.945015856736223,-0.387082168957755,-0.266509798328033,1.7956730482002
397,-0.122068961188677,0.423228933772483,-0.369135227642774,-1.00942520961221,-0.612992189685971,-0.407723714597285,-0.92350839859045,2.11947927364187
398,1.7479902652941,-0.633910210483313,0.377476395130873,-0.907712617159847,-1.61327580133761,-0.582523849672462,-1.08350094271623,-0.0501096484799493
399,-1.03203264562639,0.419164607246719,0.443255599428087,-0.437167624731357,-1.89989587615353,0.694951365284191,0.530752074045614,-0.492624742864561
400,-0.341172833512395,-2.16097399320134,0.526582454095091,0.485779367667275,-1.78469079445931,-0.156413767892275,0.0326945295835395,1.78437069288318
401,-0.62204765842981,1.22930548588777,1.51360447501111,-0.0905651464768905,-0.328623076914795,-0.563192251405621,-1.34861741285182,-0.0458378056119405
402,-1.0624625971944,0.532859414288336,0.787635343429088,1.27741303043267,-1.12875980867994,-0.55307723348716,-0.614257593327097,-1.99660003578309
403,0.606745680181643,0.661492848490523,-2.68199404312699,0.710125958327199,-0.493738969617113,-0.191912333759248,0.173811282691464,0.943508623695925
404,-1.4875396366492,-0.907505658356965,-0.920860009585809,-1.1351577950476,0.293106376869844,-1.82628613736445,-1.89088993069186,1.38132022515445
405,1.02939869346295,-0.741963612896199,2.63928151964217,-0.615413716128474,1.44462549491517,-0.265697927138754,0.524361905841071,0.622159180509997
406,1.25976195388704,1.51497816793095,-1.6334467426494,2.00083229652862,-0.0427578944282532,0.156464881956148,0.0437355408527308,1.05063901948306
407,0.13624065409327,0.0164666466971554,1.46246726163118,-1.36540493506726,1.25562324111829,-1.07320301851562,-1.81101096822204,-0.638585365458004
408,-0.0108345583289043,0.936529122052074,-0.284121816643633,-2.06074400963117,-1.6546978299079,0.509298741076616,-0.736711337794346,-0.825135215366516
409,0.301205122646276,1.64572435250382,-0.67013595994975,0.628932624529374,-0.0320123369460124,-0.272684243214146,-0.086092394527222,1.06730587533402
410,-1.68418057934008,-0.27231548660123,0.960443510688218,1.43204266017256,-0.447959503092711,0.00989188551697509,-1.2813718009115,1.02433465686132
411,1.49850868277297,-1.9489395491257,0.0868482622191119,0.0836910699324459,-0.167409859011852,-1.03986896235581,1.75549880142888,-0.324245254551883
412,-0.48008522647875,-0.727570063458143,-0.498937532473514,-0.928601809499565,0.0817129535961051,-0.209823287733373,0.71519495648399,-0.18867753431743
413,-1.61118583865705,0.0582300029231182,0.478589800556332,0.545821426430346,2.21207976828863,-0.756499539466284,0.557833760953894,-1.32816131960944
414,0.533318501950907,0.578831410897622,-0.536173608725244,-2.28788562281417,-0.938693699719115,0.621909225296725,0.401535729541375,-0.243180266258877
415,-0.764299836411349,-0.77881727484595,-1.2382494025616,0.0485426515143935,2.21559317275818,1.714191849068,-1.04240586752866,-0.487869332220005
416,0.390474339883311,1.11232583571898,-0.109648913555347,0.476489991659188,-0.346638294918873,-0.0809862110584625,-1.43517762735638,1.50849914027855
417,-0.858745503931133,-0.126179225257398,0.878327673315423,0.175699752745271,1.25663047111418,-0.554934737081263,-1.94705404684129,1.04453152423978
418,0.283724169984047,-0.0953052667678151,0.0114614268089046,-1.79378843831829,1.59647667961929,1.37126909515927,-1.38098570383609,-0.176823472647964
419,0.46785592061178,-1.66166412365183,2.11800804613858,1.08891017886192,-0.0687029327315247,0.837549975457272,-0.407088969328521,-1.08342883147386
420,-0.492002283230176,1.02662194265313,-1.27433628968341,-2.52698669304621,-0.624803177423136,0.957448490837036,-0.620021978472225,0.99116986595635
421,-1.98390138983509,0.30640723959231,0.616084040167832,-0.361126386284357,-1.37351531500867,-1.53730843436383,-0.0648442342017717,0.647373338939901
422,-1.93352223324914,1.15434710771363,0.227669521457469,-1.19495751093239,-1.20630463777943,0.305190866434675,1.10900838121391,0.0870274558873473
423,-0.9709428785134,-0.198219540062236,0.942837979502462,-2.20279651225767,1.74272991020343,0.265996729042262,1.03039271196199,-0.260582388044153
424,-1.42581057143746,1.58114919298637,0.503493281363242,1.62892144035139,-0.740286101521286,-1.22202883360036,1.13184287846169,-0.176636898419212
425,-0.350480101910634,-0.950097369422041,-0.281475183233089,0.0107848809462233,0.171156333319542,2.46809980429654,-1.48242566363628,-0.859475952022057
426,-2.97008501155309,-0.0259183988743039,-0.707440096317814,-0.157666609602287,-1.08296287764761,-1.44874547946452,0.0815642736637272,-1.58860676646899
427,-0.75022351570451,-0.714917705395208,0.407404609291884,0.161516695082234,0.613847586280518,0.295157200856331,-0.451221100546119,-1.30888354724334
428,-1.36964621844395,1.86529330247894,1.24502316323645,0.409026119268883,-0.811197000874223,0.646276053978991,1.07163205817467,0.232903176888845
429,-0.642457163675733,-0.203688906340371,0.111196742898585,0.00874480788224023,0.19608938058009,-1.00562181232493,-0.107367581748663,-1.44479518918754
430,0.440618161866812,-1.46492311382572,-0.555736392399274,-0.294082637929525,0.271118885691787,-0.752391030129186,1.17800816148927,-0.974557711308875
431,-0.500813432446701,-0.506500604168006,-0.561776780278787,0.0660350482336937,0.948087601382369,-1.3915774423189,0.20537580939581,0.918281081065649
432,-0.415129155832377,1.06033165307367,1.58659174745547,-2.08420486018761,2.11906956840516,-1.17410528096582,-0.828757518776819,0.22987379188708
433,-0.577788086653336,-1.26245113213727,-1.42643009147753,0.965790659344758,0.359225076470093,-0.259075916518237,-0.336410443074434,-2.74293985881868
434,1.23048891988173,0.00560957150897245,0.635059175650772,-0.358603266475487,0.0920041641757102,0.114043966678884,0.464407846714237,-1.65426444014324
435,1.33266103506782,-1.13883827263204,-1.00099623821628,1.2620140192232,0.566047379755409,-1.50369301556426,0.942236348177732,-0.595153372178538
436,-2.32864297526476,-0.279678648488388,-0.762557724155696,-0.233241649959002,0.485429431547276,-1.91913489329375,-0.0695953323335116,-1.302886530293
437,-0.976093337697142,-1.88283012079931,-0.889887205128156,-0.189649471281782,-1.51422582734491,-1.62281383532663,1.72004467003523,-0.620752524298347
438,-0.238495050201716,-0.968928605559186,0.261546298068525,0.954198215416233,-0.783816045331089,-0.601377815252911,-0.571264936480657,2.15345134275768
439,-1.10560459873488,1.42731223275253,0.695305855704166,-0.459181061479424,0.603433555928514,-0.289339335708965,0.0308385637100417,-0.0534333980605542
440,-0.796898987076612,-0.744650694454096,1.48065912736369,1.16472753075724,-0.809631166592734,-0.540188680184697,-0.716204541767815,-0.494461261245185
441,-1.82434978596755,-0.166322207390158,-0.37134783183691,0.106371785202055,1.01540024676963,0.392849740564611,-0.231950859669194,-0.651162308484885
442,-0.202369518438638,-0.3016826954075,0.269096262580339,0.809117872997444,0.331523864428481,-0.0708823115132318,0.447822649511625,-0.221322177057636
443,-0.991287330866767,-0.102770055139498,-0.355112523903742,-1.94785036449559,0.462971675151753,-2.19876821864014,1.16914017085458,-0.117198316227192
444,-0.545122721706914,0.728949766406766,0.276354690438495,1.12273382933922,-0.0864519520773627,2.16119344647414,-0.0019432042281418,0.930742670108592
445,-0.216239257479377,-0.171079753631823,-2.72455195084126,0.544328006635147,0.67946392369363,-1.18350553350111,-0.228399972753618,0.617931334610327
446,-0.0268242552347782,-1.2079528154819,1.46473448716589,-0.676040369582923,2.1148309003452,-0.401780617517376,-0.79858333512552,-0.726139812919333
447,-0.657062339705629,0.348956641691955,0.714958837723594,0.49193495265871,-1.00261948323147,0.500131382541382,1.41254612228469,0.548578581995382
448,0.640904090336427,-2.11855690324943,1.13673658276364,0.690647705418212,-0.122879932552013,-0.502127430426407,-0.638936660231918,-0.418084611026216
449,1.827058843823,-0.795042386606069,0.539921294699178,-1.05128915627953,-1.496103131229,0.921715049933794,-0.170196876207845,-0.904740099885761
450,-0.441708899676512,-1.24760662162494,0.158750675442413,-1.80214545807382,0.61220483969985,-1.18676247336309,-0.246990386824021,2.26986197403036
451,-0.436129057672758,-0.610640973355536,-1.01364977553481,-1.30609231520194,-1.22521926943895,1.70205848701449,-1.74880165285221,-0.524303613788603
452,-0.839406023024719,-0.849099554276009,1.47604818096003,-1.53406088373841,1.67101519257164,-1.46441123210687,-0.0456998457111994,0.385433765063128
453,-0.709607925378613,1.30821090446842,0.296387788074906,-1.03904969011356,1.1457503056469,-0.06071504218615,-0.0138176043224189,-1.54894601865574
454,-0.28005250253768,-0.780590429422368,-0.639409121511928,-0.115691091227127,0.655459061948726,-0.292950331245904,-0.320196105611992,-2.20906569747361
455,0.113714147490621,-1.00841116267698,0.528018165322016,-0.0426193261124102,1.65293764826751,-1.01511943809722,0.15055076548766,0.406019365138455
456,0.127791546667316,1.05367618792582,2.30175008717488,1.0533515062139,-1.31861773299524,-0.482157862977597,-0.551408199980661,0.392662680589995
457,-0.676616467083741,-1.75043434248567,-0.195238003139866,-0.280946880539011,0.0418365658163201,-0.973890527190543,1.36671971052854,-1.27698926324774
458,-1.718751897987,-1.56546719604393,0.48582753415149,0.912744359623575,0.0830868536689517,1.50909623538109,0.750429413517564,-1.62238027829608
459,-0.947222755448334,-0.291394477777303,-0.360664168477412,1.08107192331289,-0.922726500808277,-0.0599121083613786,-1.70249701165269,-1.16928497106817
460,-0.446326992423332,-1.41249637568566,0.948448780975323,1.63192103609273,0.657536669537988,-0.926588723124559,0.205266970167659,2.60452864302344
461,-1.81703928370355,-0.699786984527696,0.735012196205568,-0.426021987285998,0.78374277235639,0.389883971470695,-1.55289474001764,0.269090535908523
462,0.355095933351912,-0.583714632006347,0.269105859185067,1.72435324794175,-0.631594294443402,0.083702096179021,0.192578923473274,2.21218458696507
463,-0.811280114166817,-0.399128419971844,2.29626717797587,0.46129157984654,-0.00582437351855811,0.44887336248181,-0.84484242987694,-0.988510632200885
464,-0.431458667124916,0.441590401476689,-1.06113122283875,-0.0776543067860126,0.606795304591719,1.98651677662054,-0.0428050697790061,0.354171263332798
465,-1.87339994806901,-1.08942506227351,-1.33430219184935,1.04999457449385,0.800078309498942,-0.849932316502639,0.106807757449807,0.30571640616245
466,1.11500616583256,0.926803331791756,-1.74053131706167,0.90064235153439,1.15350874404741,0.68226394095943,0.217843572045917,0.549313711792556
467,0.390252928222917,-1.06188852622992,1.14507143791164,-1.30276965085732,-0.410934077842789,-0.621906919310574,-1.17824195498327,-0.498154417669476
468,1.04709227120408,2.3316711128221,-0.647419132384141,1.79039504073586,-0.280587773560737,-0.498240751175051,0.779993214283095,0.00541747135164092
469,0.506735502044115,0.947632258747422,-1.71736679246682,1.19503850215876,0.14531790760815,0.325488440136277,-1.17394409404592,-0.253181290306132
470,1.68669426228053,0.0546842561626954,2.42582516639819,-1.02480281000877,0.212794162619672,0.47507621087501,0.398530465469724,0.617662470786705
471,-1.3640751170181,1.20757450597285,0.568617093654008,0.387228095399365,0.562583907652187,-0.559588232545499,1.44468657231413,-0.564775528243887
472,0.0323422705640501,-0.367033344282046,-0.778696288975513,2.63865051616103,-0.631623232022915,-0.294164496328112,0.341609924148595,-1.67680385271715
473,-0.0572467472579514,-0.388408843722895,0.76921450655286,1.30809777792283,0.609429043567228,1.80440681729179,-0.783660805543256,0.206103650560211
474,-0.167315122347023,-0.198865704933893,0.54574704888483,0.763754875033063,0.695560478195273,1.3681266867555,-0.0500573800638622,-0.671688033288923
475,-0.141362956803303,-0.906991390856239,-0.311536575455587,1.09074825306398,-0.849847050362927,-0.444434823034495,-0.730191848021777,1.60176777199715
476,1.27458182488609,1.41264568156178,-1.8841530688714,-0.82602697507062,1.29908428456086,0.456339044223195,-0.653509957909988,0.0749570168725706
477,-1.81611107686836,-0.85090331910295,-1.44129124961673,0.106135420962483,0.864999474209173,-0.997449508757445,-0.402036065276171,0.022876701243793
478,1.54189249888776,1.2957379127592,-0.199924259664785,0.989120439342243,-0.544035824736088,0.307679287885308,-0.536381270423267,0.616209480946041
479,-1.31197923391265,-1.1084166952331,-2.1924199431632,0.00291126000324316,0.543389432186051,0.83809257794383,-1.04160325828488,-0.0743349022505127
480,-1.35074454856029,-0.748196330851388,0.470097432966122,-0.367866899069783,0.0792213329174862,-0.0899495770204241,2.35144095929992,0.93821030523389
481,0.41320029298087,1.63829307178514,2.29074026941554,-0.597816555701629,-1.11439876532064,-0.591663077831457,-1.24036122191495,0.0434631739632143
482,-2.38885009335542,0.381260148910213,-0.0524619662602158,0.439087851413895,-0.82177364225171,-0.860154956783308,1.07414774615917,-0.924340656117064
483,-1.35973702309945,0.0561256624360217,0.50836873022444,1.48781675308656,-0.816515117142977,-0.656681428356875,-0.983153002010522,1.7306615355013
484,0.857784952919456,2.06588104928451,0.899444552057888,-1.17957119842619,-1.0821805425884,0.946685738453238,-0.880324641149781,-0.690763251336566
485,0.761355384143551,-1.3351719669501,-0.791454288101261,0.293181345934187,0.529217620437813,0.311626806096272,-0.629538340822066,1.45771764786122
486,-0.744533851845449,-1.31146232415375,0.00576464366788946,0.193420231755994,-1.67896561469805,0.993043338918865,-0.579351492865562,0.200757706290036
487,-0.14911905420978,0.235385357680913,2.09917760270868,-0.450667046726662,0.742434388776002,-1.55602823124363,0.362750502133707,1.30981847329476
488,-0.0518026103817254,-0.0353292459569341,-1.17169515503623,2.99713307554431,1.37107285515082,-0.050582685323612,-0.0981466246199616,0.312759281357995
489,-1.1685015665328,-2.10552047839257,-0.0274930757948018,-0.56406995179857,0.145715910675888,-1.72207928846736,-1.34780289452293,-0.724855696941098
490,-1.18521362520849,-0.661216269888025,0.00691623263944312,-0.652218318180096,-0.93815266766967,1.3949809958173,2.06695247364132,1.96681583270527
491,-1.21985734349674,-1.01640812034123,-0.861240137187453,0.878376411198897,-1.23002776960316,0.119875592567349,-0.500827366587508,-0.599405373451349
492,0.210283406513933,0.92483380652774,0.14205090370809,1.58909959227552,-0.583108803545612,-0.601458232087049,2.0548122367394,0.146979942931041
493,-1.76258108927589,0.223089109246779,-1.62151085286001,-0.555763323023197,-0.85958584964753,-1.05899725512714,-0.0300375221895051,0.459230838218884
494,-0.926651244543478,1.00585934764458,2.1333408612468,0.142596037932264,0.530217043834518,-0.158531150411207,0.765174091644345,0.79359376425785
495,0.0166354428645596,0.346576182649416,-1.38335050679739,1.37951875331532,1.46777679512764,-0.327263811528951,-1.0025369254984,-0.19536559785575
496,0.843092966464377,1.46480974771041,1.02886395109858,-1.62053937164455,0.151992877596368,1.71195066052134,-0.166035405307033,-0.860831039979972
497,-0.330525258294433,2.11512596117212,-0.765002576827507,-2.36202360538181,-0.548094488424516,-1.39347303906853,0.133013186118688,-0.418645801866341
498,0.763363734664958,0.365708213202405,2.24705062558759,-0.266245159579533,1.5196437466775,-0.344816886952813,-0.464586182464228,0.236284509753778
499,-1.30527749864627,0.704599653480878,-0.355617700096314,-0.941043348215954,-0.766755583480555,1.30218268284229,0.85058002411054,1.47407527952901
500,-0.568844942223694,-0.741181357595668,-1.13184161746141,-1.68037131854774,0.801253462949163,-1.36409042802974,0.695314579649123,1.11276086264702
501,0.711971063820832,-0.84155006297446,2.19668803184938,1.47065865842768,-1.18826318830807,0.244189264424522,-0.907940651541454,-0.753561499055145
502,0.00498609652590593,-1.29066731937256,1.028914179198,0.289956317553959,-1.42582924723734,-0.358909466468226,-1.33021706994052,1.13385730185553
503,0.830589505779863,0.457878264717724,-1.48568299345428,-0.500392336426294,-0.592910401248595,-0.160178574941923,-1.32217240510589,1.79843051209449
504,0.523312909086306,2.39408747195678,1.76069204518887,-0.51236778891076,-0.27669157476468,-0.669120886621658,-0.44743126374437,1.13998850291765
505,-1.54329067904227,0.0132659232204991,0.635107360907489,1.08317303209475,2.224317698124,-0.591886556441684,0.956730219445785,-1.08811603367614
506,-0.317775695821001,0.0633598122752704,1.95570836385877,-0.351538055371008,0.656006185306354,-1.67100486566156,0.239483306225995,1.21165706339559
507,0.1792087000388,0.0323824014041904,2.24743679507501,-0.71260707903444,-1.44333050541797,-0.865621959205219,-0.652881214809193,0.117638077464474
508,0.303040691720595,-1.60014947189082,-0.983221589702973,-0.285784822194515,0.491159277465952,-0.899517533409849,-0.2620574694145,2.13528404260057
509,0.390021117677997,0.894462778014496,1.4829378792804,1.94238167627477,1.23055966898973,-0.253022255180649,-0.168396517317805,0.588247152069503
510,-0.14289354317363,-1.12046577428663,-0.0968972586328967,-0.465062376376369,-0.863336664543011,-0.375565385180266,0.294403260571079,2.5902232857054
511,1.79803440491448,0.382887174353035,0.271118970332562,-0.549275636502219,0.404587218147794,-1.30665958993315,-0.833743829355545,-1.46129161499454
512,-0.756136659478588,-0.591829210626431,-0.25737824131219,0.20688649459928,0.851968348187866,0.749654836806157,-1.75899943257164,0.0761750179906577
513,-0.603491908957211,0.777782470269136,-0.597215764856147,0.843255569349546,-0.629289622999189,1.11880709649497,-0.322498086654405,1.21964322659037
514,0.354220161020242,2.5217633981762,0.0370886113743149,1.33797317173319,-0.283960243144755,-0.474747770906637,1.14808691934556,-0.125108718339293
515,-1.41647511448664,-0.0128091075461117,1.19988311928484,1.34316251973405,-0.313448793514779,0.206426290444708,-1.04428667748361,1.20392805903772
516,-1.0053751082768,0.0396513308070295,0.152446554201777,-0.110219184434952,0.56604522180264,-2.27343184116791,0.645174778232086,-0.344550014553271
517,0.139063367435932,2.0712230731027,1.37411030173546,-0.635562091321337,-0.459962597539421,-1.00261839988232,-0.939458881481903,0.795097786628274
518,0.875163608366785,-0.786508767571993,0.177513499945057,1.63922144085622,-1.07015940378463,1.24939264106443,2.09262925867665,0.157678477082435
519,-0.47524966800099,0.30881161999524,-1.18189539814419,0.199819173132604,1.2457724825077,0.873232643664065,-0.451332822266569,-0.804897527333115
520,0.243178935488855,-1.65392720014541,-0.532296749138506,-0.27496566013506,-0.0805791647746524,1.21748190975704,1.24484745279078,-1.00947209933019
521,1.39388168552145,0.198570920135015,-2.34343330365685,-0.0621607963779546,-0.884699849582517,-0.925839847342033,0.324633639012743,-0.829439484400789
522,1.85716488249574,-1.29488646943642,0.0116709387631262,1.79918204677314,-1.02380598405499,-0.575116030291822,0.238088790930837,0.724216386640842
523,1.61568105103058,0.328813694362202,1.03155901709747,-0.460641636616868,0.516825896236927,1.03743948334328,-1.34309356962208,1.26471707556381
524,0.385475155012598,-0.165230926364742,-0.996465624637488,0.609798217694375,-0.561267618278806,0.0132840954238505,1.11824904147667,-1.24932330078948
525,-0.290312697000224,0.417526647753367,0.926237335256177,-1.59131219835238,0.482432281566332,1.23475074574749,1.54760070097954,0.10789980183033
526,-0.452106566642143,-1.42659140709352,-0.933051654821679,-0.470566936368917,-1.54558633293979,-0.541739715551699,0.340279326661498,0.265487819704764
527,1.96741433706722,1.34207301098814,-0.79346192575797,-0.640577122807338,-0.54566033605385,1.04894545011076,-0.405854150183594,-0.644944896262451
528,0.813565794467395,1.31742951788585,-2.23571941648915,0.961349037221463,-0.220549028551649,-0.414549100853901,-1.07000402052635,0.338743610629249
529,1.55289128641086,-0.570661594007895,1.37008335712762,0.26941456990373,-1.04781018088271,0.000488382576764942,-2.11574141550445,-1.0810948306365
530,-1.15981859528332,0.0922275680865691,-1.78314926967276,-1.04817638323231,-0.338216735764899,-0.410175929735849,-0.97967785367905,-0.241181583364555
531,0.473562996395098,2.01456092541047,1.31485021293132,1.1845331428333,-0.475586256944723,-0.310162467987496,0.178154954866717,1.01486524092942
532,0.487602796435327,0.144023289546135,0.714290962965883,-1.70395810700599,1.99158297847795,0.834918938835676,0.673988639716767,-0.557199719588019
533,-0.114783341206663,-0.0399316173949034,-0.353588247853661,0.580712032757705,0.626108327013985,0.402501325901807,-0.924018229440022,1.14214031143734
534,0.0983426355083856,0.502070789378604,-2.10645087332399,1.20073165131402,0.989570199243618,-1.23664103490694,-1.10997461303125,0.238640679845241
535,0.50710067833444,-0.764599141578762,-0.998266452212401,2.52858885292263,0.856527353612813,-0.905336614191292,-0.0115182193555717,-1.53410954997312
536,0.0378508457504141,2.6513695582173,0.0646872225736554,-0.767982380556897,-0.248292733552324,-1.21125584196131,-0.122789992625663,-0.42992501471441
537,-0.731137205600618,-0.364465896021355,0.612168532945707,-0.226982754230764,1.92897807436254,-1.20993127466258,1.86954922690438,-0.174839535873156
538,0.50483545041446,-1.49381969761489,-0.0860983164805561,-0.263302032522378,-0.143538058308709,2.09705535226304,0.104169482504032,0.447646342214476
539,0.829745301143013,-0.178317392591108,0.989677190049575,-1.29965589558862,-0.213451659651204,1.67297518883896,0.0764810295936467,-1.50707827081211
540,-0.148869537347466,-1.64600015105691,0.414475614743641,-1.23864648601624,-1.62318321081905,-0.355624691189966,-0.801742913347332,1.33652365642172
541,-0.464687681311023,-1.07877000471734,0.1884389050779,0.50773565120706,0.394656785783129,1.76003341734855,0.473278187780776,-1.34850366312144
542,0.981137361308234,1.13249892409423,-0.140435834578696,-0.787313599512607,-0.895174374271083,1.56701100947356,-1.60361413366856,0.347398638205971
543,0.752673266666238,1.11579522540151,-2.82199027560179,-0.919471842361272,-0.358636805462515,-0.408887777339058,-0.653637132849779,0.492142806120381
544,0.188609172689397,1.55515306792357,-0.069739834500757,0.945242368408373,1.42697025541371,-0.719291638378103,0.0162013977467964,-1.0159400362715
545,1.21040580552167,-0.536547502595759,0.0183926570779558,-1.08894494752173,-1.17181716930684,2.06642422281376,0.994679833871096,1.5755177002394
546,-0.00653059016592382,1.77613402346218,2.04045880058871,-0.424006942336379,1.03006911953944,-1.37345808024866,-0.377363132726465,1.13316790979487
547,-0.733428632807858,1.39941990829848,0.999397022554703,-2.03011327735461,2.07112391472266,0.55464845583929,0.481768449932509,-0.311876896004495
548,0.62916403190005,0.56467802470623,-0.357870373767142,-1.77859666680773,-0.911677988137737,0.803191644530305,0.813820839786378,0.00909100319040639
549,0.227185405483263,-0.795644469597635,0.553689086899345,-1.20643805059706,0.752684710553984,0.196740429169803,-0.375546588857577,1.76366789900102
550,0.0025628291967152,2.31901979546594,0.493025712650333,0.716214162383647,-0.577864698694224,1.18900996000201,1.00668322443578,0.171585807753339
551,0.773252298536001,-0.78924080019277,-0.52052893808557,-1.80842049606454,-1.35768561233345,1.56826013214827,0.0843879523666076,0.981896591975537
552,0.450212460707332,0.678671227563777,-0.919284237759602,1.68135419694685,1.66821291263461,0.082422440475924,-0.348826860039426,0.25036291785908
553,-0.846817370457494,1.70566670266447,0.239549758858498,-0.0691691199251931,-0.854696536256699,0.295614490097589,-0.0442902062508549,-0.0935377497781437
554,1.18955805092068,-1.8511317562488,-0.000614129990236713,0.946455296256035,0.252292370667888,-1.582873120352,-0.410934653435821,0.282169745184256
555,-0.386944065951396,0.699879378584455,-0.519526268044953,-1.18571850216312,0.780119954823863,1.74405963167959,-0.317799843362022,0.679729998091456
556,-0.84447590710785,-0.933413818587747,0.433033433388209,0.835340278987059,0.541384327482748,0.357669787080901,-0.145925069799865,-1.14890996246342
557,-0.52958666899535,0.771269264039934,1.38204870721459,2.65265350904123,-0.498790020853343,0.124324203925746,0.0645628719611665,0.304316721110597
558,1.41227983493105,-1.12564882805595,-2.19301659377512,-0.447906225959681,-1.07950355599318,-1.05287267496413,1.02239263869361,-0.650961876321228
559,0.174790830908051,-0.917855493743374,-0.286773884141804,-0.17853991348256,-1.25013946459705,0.0210175402432123,1.1980978118889,0.859796645031494
560,2.27100130837159,-1.43234836718632,2.26612308813282,0.36081011400933,0.125618806636361,-0.703114200200341,0.135198278683468,0.62416414915171
561,1.10065865620754,0.00381054497957206,-1.79315427708578,-0.457380381163847,-1.1588530653797,0.831230410511226,0.383788159321711,-0.408108399432024
562,0.958623125454341,1.2829174533116,-2.60966580553731,-0.823489268193493,-0.261577645184787,-0.224000139925356,-0.371797200507757,0.687402270723872
563,-0.369299715156113,-0.0852301111465761,-0.0675815469145404,-0.358754626693994,0.646474115276545,-0.0452788939826299,-1.42189982504039,1.29117008479874
564,-0.626066359703732,1.85147951067818,0.336241140593599,0.00851699536138346,-0.0784236717088939,-0.646406964065586,-0.286275096284241,-1.11402743527579
565,0.593104571603004,0.0099683042472988,1.18713138830213,0.0264895373009017,-0.40287168131018,-0.330499934419361,-1.28930264196845,-0.368420632777296
566,0.160538872202204,0.737568272422584,2.26695675662433,-0.61118298049316,-0.0134154584143619,0.0703535691435738,-0.525903053887592,-0.165153802529235
567,0.837380181398106,0.772517080600155,-1.0667439708419,-1.83773089038029,-0.661381585446179,-1.1152055439678,0.38739630961987,-0.636906557973716
568,-1.4679662576422,-1.38868363709602,0.210951203698743,0.796429937642024,-0.0884331058362537,2.40474917442105,-0.826575456761119,-0.893749208477498
569,0.943642974332818,-1.14395848901933,0.380439815467978,-2.09081800039287,-1.07439804823749,-1.04425980171224,0.254127939665761,0.756182499391348
570,1.20430667270611,-2.97256487172976,1.3848890898814,-0.138436332316842,0.847129342892874,-0.793711520748646,-0.328777626250776,-0.393228057172853
571,0.548001375870293,0.852838526342536,-0.370008898435019,-0.21777231154828,-0.811369571869116,0.700335930176153,0.550714133324562,0.0026009178052095
572,-1.49286545258431,0.520897372698719,0.648397764200144,2.15960126579163,0.982806057410351,-1.1982282933718,0.66575461670837,-0.669207371254728
573,0.372365520370623,0.871905877457907,1.78887300152155,-0.671045710410447,-0.563259588841329,-0.885457864916054,0.203722111471625,1.26420666799966
574,-1.11276761905719,1.37659213305671,0.793519503841565,0.145415194684139,-0.468072924943637,1.06452977556265,-0.115373710637112,-0.659959741607567
575,-0.39790577542469,0.129213074649712,0.792509115236261,1.60460130066429,-0.143190055929319,0.405059407199151,-1.17406513861924,1.52417175027306
576,-1.4364580128591,0.670473252480781,1.54004242387248,-0.490770926611914,0.305421395521438,-0.697326941826062,-0.171955160629444,0.172765597232748
577,-0.0926211857184319,1.30938729693054,-0.344494563503749,0.902903590301442,1.29096638091071,-0.953573249446968,-0.314973444347746,-1.25174977430831
578,1.48616075405352,-0.322928851807214,0.341075657711323,1.59357282830053,0.168202799315338,-1.11759879230482,0.123949539878426,-0.962097631670767
579,-1.55925239434202,-0.03210265225743,-0.0280916839763149,0.638793169068273,1.12435843333847,0.714647692091349,0.378223247769983,-0.257790218865979
580,0.592907970426216,-0.648601116986633,0.495093516412861,-0.419668938590017,0.369849933105255,0.734401227798643,0.883019172011322,0.244785483457427
581,-1.19785531648159,0.420079924568006,0.527859545788376,1.37541346056293,-0.775992610363085,-0.673572173021637,-1.43431533976183,-0.66476353891201
582,-0.317699598757919,1.95042129786421,-0.600360534740702,-1.47100934934732,-0.57663082052133,-1.20054225200026,0.686062459574706,-0.099039760956904
583,0.0106872576741178,-1.42324290559272,-1.09497399091819,-0.0834636014100419,1.85602770031381,1.30783193383083,0.542879068428596,0.805455407009485
584,2.07577272558602,-0.393388700353822,-1.67661349895111,-1.11845225382867,-0.728533428142869,-0.658068849114128,1.33756092545713,-0.36226266965055
585,0.821710484076458,0.095280304355398,1.50945161628557,0.639427215217987,-0.314921528744847,-0.0214710317500722,-0.670059692141214,0.0242319601781969
586,0.125058821443567,0.00655332852410078,-1.30521879369419,-1.62842389024415,-1.46311838841437,1.14789647875071,-1.4221349366835,0.23680333726599
587,1.03444340178467,0.240731086465943,0.366935625088213,-1.51195005551962,-0.833689041439126,-0.790041231245984,-0.208136460664628,0.730643643744554
588,-1.15013669959731,0.26727005284743,0.369968035690062,-0.208893572625374,-1.9666253666873,0.647000439093472,0.540550476406992,-0.506179237903852
589,0.547288627511341,-0.951535355645526,-0.573127425619783,-0.0167010438561928,2.1160776625053,1.75197853943675,1.1662929178573,1.25052103190318
590,1.22814806348422,2.37525515790376,-0.736273999199131,-1.01469156979794,1.14177375124598,-0.0605491711327791,0.276537149980773,-0.832007188261315
591,-1.68587205478188,-0.117832279691455,0.180139460052958,-0.762585448259852,-1.00486245871479,-1.11430001598636,-1.29054556872164,-0.261023063819382
592,2.18730130670148,-0.98626353149449,0.0746494334864429,-1.81092384909028,0.0801134903745077,-0.150875338729704,0.141775914950049,-1.67988922136782
593,-0.493662364927099,-0.404006459768596,0.251903728122942,-0.459640187028884,0.82606038077943,0.579711749254036,0.511954460861726,1.53044689873492
594,-0.56034323931562,0.812399367089837,-2.09742478217681,-1.71609681544175,-0.543871613357841,-1.004463292698,-0.820512559385529,0.429975357017422
595,0.410864222343056,-1.29373779692389,-1.72480291537492,-0.727074989998987,-1.00838415291779,-0.606068864621313,-1.00419359729877,1.68771311032803
596,0.677012013740922,-1.01096943434123,0.0609812291294033,-0.759092270194348,-1.14697329269731,0.987834640196194,2.39383300494092,0.698880826187233
597,1.20783588560638,-1.28443486832992,2.05287476127064,1.686043773131,0.29750260510384,-0.283340503222364,-1.04122286423591,-0.481218987032817
598,0.240691137300432,0.491466757760496,-1.61584698941469,-0.757632228558171,0.80792865886787,0.989471917083921,0.0971685747760837,1.31404390619936
599,0.771199356438896,-1.32103594199252,0.0947164876571621,0.454197871094511,0.149388773578542,1.7905252775727,2.25972824005919,-0.341046413403738
600,-2.25441574045086,-0.300299271899293,-0.616118778882182,0.209995993711138,0.504444103687642,-1.76873400659104,0.279236656432536,-1.09055651941716
601,-1.48318483761162,-1.46277319802997,0.587286223812175,0.667239383819589,2.15590587808588,-0.08766148417822,-1.33103669887128,0.719019904760909
602,-1.53093904124734,-0.245709253787651,0.883963827327537,0.410600492722988,-1.65204108669614,1.40678069147214,0.589673254299782,-1.02223893586282
603,-0.311132278589677,0.0915326559319574,-2.22613013844088,-1.25666948786424,0.557317853463639,0.444505578681078,-0.804334778234703,0.706846206535507
604,-1.53584156253141,-1.03586574785212,-0.835368347513482,-0.0982338223491731,-1.04771808065848,-1.05210970912632,0.344057680131954,-1.75895792474412
605,0.585632137584585,-0.275570235339565,0.142672303726796,-1.93549741394382,0.23391677953304,-0.815991297622277,-2.13886737113535,1.18157251282821
606,-0.379564730367291,-0.177489782782922,-0.983659115742981,0.856565711080431,-0.920182239522717,-0.180758529821004,-0.421329532834252,1.88976605438619
607,0.663986893132656,1.29720207944847,0.945925172368903,1.77306410547755,-0.19828624825493,0.229455213003968,-0.565459838012372,0.365774939966576
608,2.08974028200719,0.472673236685365,0.0354535777993836,0.944131449476373,-1.08054226886215,-0.469122088652695,-0.205489759735721,-1.09221555326206
609,2.72997427066985,0.350277533751773,-0.531052132178537,0.732705333184944,-0.298870506331157,-0.193858289057523,1.54787777786459,-0.0595095842488068
610,2.46028080982904,-0.340893804013111,-0.765546488657214,-0.417557952866279,0.838197460466464,0.22145166058085,1.55594350712923,-0.676454899363686
611,-1.00008049016725,0.0590936589454648,-2.16555121772349,-0.145185396894206,-0.403549904006994,-0.0459036740369777,-0.606842932669443,-0.477396592429462
612,0.00916673074018567,0.717776786108949,-0.0214393506407129,0.946119287353815,2.56323666036902,0.00438088489822036,0.818830198181936,-1.16204470769946
613,0.976653923892025,-0.230133830659084,-0.0138556190335159,0.609865875774585,-1.05312153703738,-0.35043214576421,0.665812426103394,0.746807656051428
614,-0.683402640298333,1.28937017487867,-0.0185865015441034,1.60586436905517,-0.234033820096846,-0.190229500360731,0.829869810522118,1.20395059825362
615,-1.31312529321535,-0.421099625942884,0.252437551163137,-1.84923088103596,0.155516255754712,-0.363424642336179,1.49600514217452,0.453186785168109
616,-1.03402273322804,-1.17777997831218,-0.240608389214764,0.836428315413172,0.149740812766507,0.924153555093194,-2.13031710753696,-0.72568269069573
617,0.0455605428192815,0.945518141258658,0.728678364289811,0.691898730834054,-0.774749311662044,1.15579760569618,1.94985536035466,0.49495785668491
618,-0.102262132712964,1.4275507648056,-0.978443781969402,-0.145518267046118,-0.453551291130395,1.36924579510698,-0.723256637858212,0.5947417926602
619,0.578836420363319,0.464167804208921,-0.608751080414318,0.324888448877828,1.002948534602,-0.930420318832209,-2.12461007197757,1.41159976754321
620,-1.11512226423433,0.204784595112567,1.53386303012563,1.6197916777107,-0.176749602984452,0.504875512242504,-0.54948972961638,1.53694633358238
621,1.15344927978064,-0.68808593926812,-0.315343477853022,2.45311805945093,-0.819676636473219,-0.433839029171252,2.27056861461199,-0.129955304837027
622,-0.817729049031708,-1.52004051693434,-0.268156140691431,0.550951195256268,1.93579059412139,-0.885033801762203,0.0912544710987507,-2.02115986853083
623,-1.04450399692615,-0.626568249599423,0.511002950834226,-0.974626905407175,0.549225603916837,1.86916759236937,1.40129114155209,1.10547309923368
624,0.274370772054076,0.743060206778553,-2.438490983334,-1.26050315521194,-0.72550100380325,1.2108194147304,-0.762784931257012,0.786789324026296
625,1.19918836225709,0.532561436430944,-1.02549855831993,-0.513431263289324,-0.339117330834282,1.60307931838603,-0.0153103161547637,1.21677386920896
626,0.604750223699579,-1.79201381914264,0.128288126464606,-0.509978131564122,-1.66322892980097,-0.479827672455957,-1.99694573518296,-1.24262966070628
627,-1.74118758745882,1.1790542070962,0.829799184420833,-1.23133616489762,0.295167374757568,0.879422077671216,0.672502091374741,-0.634366198052283
628,-1.45364558536573,-0.0129943218491203,0.00722485920240284,0.108211222651626,1.07804331053322,0.927008314268049,-1.01061818319451,0.2430839534179
629,0.182526035601938,0.445621133286898,-0.651121969836814,0.171110290843463,-1.00545910825395,0.486865717458973,0.388920303893384,-0.149643164205873
630,0.765080516696273,-1.01807889917163,-0.0067522509541918,-0.895489226839671,0.617095311314087,-1.34019172466263,2.38240050321842,0.31062894382874
631,0.187741374065527,0.331689936271558,0.969222745537703,0.0876118864814933,-1.10958562785946,-0.191059358166802,-2.1652500955458,0.909233581322313
632,0.0820258722900333,-0.766668355573141,0.641996199538901,1.39587084667043,-0.644183051767041,-0.253720999890249,0.0442188317702262,2.55887264500693
633,-1.07584538608676,2.11015708107162,1.54233782143759,0.513336909329092,-0.671461474439764,0.903344854024924,1.45396133354684,0.500123741982838
634,0.171865329025036,1.24353499657593,0.0323057349986021,-0.39346069364088,0.979585258505422,2.23102357572726,0.209672011840291,-1.08936913895908
635,-0.475124594200565,1.3716751967372,-0.770249386899698,-0.0489743440964188,0.588414452529956,-0.556905985151153,0.40488274961899,-1.26426918012617
636,2.32917915484747,-0.973328687672663,0.0190373464521271,-0.438339875683709,-1.30997548396741,-0.18310309734115,1.7498849129412,-0.231565207367875
637,-0.401883142927783,1.05788820435116,1.47818321777547,1.64093043283269,-0.819619384216786,0.0513540129103596,0.323412264314374,-1.35097604319458
638,0.605273615965499,0.999464490606211,1.12655536553667,-0.164735021577295,-1.35540432812095,-1.02086113110272,-2.16427604735134,-0.226454797674509
639,-0.42345109537837,-0.0879409330955315,0.68081517352736,-0.365947808611346,1.72383549556172,-0.479343127599762,-0.719594441351602,-2.26274417205371
640,2.46316389393618,-0.391598229372817,0.280570625318817,0.00164877830882273,-0.656943872480307,-0.457446082317928,-0.191101366803124,0.57621877205034
641,1.10066096883683,-1.35457829899627,-1.64506476610832,-0.754450915928666,-1.36612603077476,0.707617221139289,1.11521337779331,-0.21328942498336
642,-0.548121261060627,1.93161798386966,0.561699733359451,0.153085758633839,-0.717173233420427,0.580786716666286,0.414720662985171,0.218503146127225
643,-0.452875476892369,1.13623956665008,1.88719122144853,1.15246193994854,-0.294384145088923,-0.172683969396048,-0.412709528260568,0.518970162918052
644,1.37527286147978,-0.0110374264318575,-0.350815595778488,-0.532931905604328,1.95398804433296,1.16602723737749,0.605258085192299,-0.699377305503451
645,-0.629478939945841,-0.782973517728653,-1.19963779678902,-1.3181933859366,-1.31938839902996,1.54447276090116,-1.96619861226862,-0.680518087367709
646,0.909058523823348,-1.25428035072986,-0.151593890391722,0.63414259404624,0.102965197893119,0.325909126997181,-0.590764961115613,-2.56535510531173
647,1.0882271924393,-0.890152014383832,-0.908742498824997,0.554705019104967,-0.959196297023339,-0.435256956627243,2.67158717006317,0.0139288061459771
648,-0.444572565738452,0.679716814137169,1.63341719993101,0.329219396701709,-1.5704878534131,-1.0897423760448,-1.61142422216268,-0.308877982048914
649,0.392652692574781,-0.411245746298879,1.1976717291364,0.837509262101278,-1.14749564513266,2.03732084611991,1.04591489565689,1.3185535839698
650,0.577356529379079,-1.644008236699,0.940228317085277,0.402201555725801,0.101414878603493,-0.846208290976947,-1.44278122233481,1.4305192027456
651,-1.17176164515211,1.02425285490536,0.340852463524966,-0.965055050951613,-0.635331068692831,1.22962223058712,0.76916173116406,-0.237461790362546
652,-0.0314721238061887,0.705101381248744,-0.0808910328942854,0.824571959139151,2.54809371167054,-0.0531346295810228,0.701132954559261,-1.23621817414145
653,-1.04004692384538,0.14902926487702,-2.15286122559233,-0.588670863780731,-1.07703859448247,0.96616076867171,-0.38976450817052,0.558152870516415
654,0.115087153773853,0.351291824885567,-2.60218001508966,-0.582525249329,0.885672540286787,-1.14870041715008,-0.55022314177755,0.486969756810612
655,1.00421075495328,-1.41058440288561,1.04074021020061,-0.647374851805888,-1.77832675362486,1.45651905408688,2.19533964316823,0.0146596871853057
656,-1.13761385396058,0.560297459248108,0.864977602191279,0.17126697533877,2.4585211982913,-0.453377212685499,0.845744206106583,-1.08595481380488
657,1.37826560424437,2.28977249868085,0.717729243684071,0.106372589209399,-0.731591003863318,-0.445495926916178,-0.15362452909785,-0.624003645579392
658,-1.33427226601906,-0.688708279410695,-0.131190443770011,1.68961122405604,-0.837138260779222,-0.963978556755504,0.0242807969619912,-1.83405585781928
659,0.344853894478487,-0.729481330777181,-2.95949354522152,-0.618406065393132,-0.788903327054107,-0.737048123381701,-0.00340478900094607,0.574116231353621
660,0.444122189859997,-2.17274087625968,0.129682072025071,-0.103088254226133,-0.521775984571462,-0.527124060554091,0.675786753838507,-1.88572671142079
661,0.649962613570976,2.09007588812424,-0.450098580122524,-0.0239856120811783,0.164210632812394,-0.126747685095827,-0.102219084384395,1.11468516050934
662,0.577927311432739,-1.92995836903231,-0.138666057046625,0.0709496838642485,-1.86898604777824,-0.811508339918288,1.54993638232431,-0.860103096428637
663,-0.428000124538215,0.604082730075077,-2.37581181401443,-0.0528344309474231,-0.652320063408925,-0.506325200474675,-0.0174350451440343,0.436327348887167
664,-0.4706806749368,0.943274539775204,-0.736674994103362,0.0388653490807444,1.18278017613346,-1.31025337868167,-0.689491313059246,0.634518845296944
665,-0.309002224105154,0.497211424624074,0.738002614924241,0.611097011040286,0.517545671611279,-1.05469694339888,-1.00114079812251,-1.8280244559201
666,-0.104195157125307,-1.22105324906866,0.044084242151854,0.826796064753859,0.106398243642976,-1.43910894545107,1.06330460039283,1.39668854571761
667,-0.0838031086335558,0.920322173072161,-0.872731632280347,-0.909366907387916,0.809464867580257,2.0949197059583,-0.168309743265147,0.338574219868839
668,1.30703987362046,-0.452016892576336,-0.910873709434528,1.80547240390558,0.930911293586397,0.75299913172849,0.824873020614821,-1.5407763170225
669,1.15148395468739,-0.585102973183012,0.579719681518663,-1.68104129354579,0.166022231015193,2.11911795942448,-1.11131436645454,-2.38986128266191
670,1.3551355695145,0.830556701470621,-0.486133700298312,-0.924525031557872,0.66345574588674,0.633041154128345,-0.900094314986862,-0.200716966604311
671,2.49144674708856,1.0300869785014,0.249467174379468,-0.0383812806661122,-0.845523410858311,-0.348270876578509,-0.363510621197737,-1.11770331936613
672,1.4366275787304,-0.602400398887187,0.198808159850874,-0.250959379926926,0.395785861813364,0.567694743277042,-0.553096774908033,-2.45805151915539
673,-1.03300632547985,2.37094972390331,1.39105497166773,-0.609078577860038,-0.606636608892955,0.707635160788221,0.821381046413152,0.143896356367715
674,-0.230428810763431,-1.03901389175727,-0.0545799218472941,-1.43592546423027,0.113767815736391,-2.08654696846405,-0.944142978570361,0.141661506608054
675,0.182626814047683,1.6079924996904,-2.1745732856499,-1.12212251235276,-0.771701650051118,-1.34868484538845,-0.300958877711555,-0.83134177038281
676,1.43187234888879,-0.0554774777726642,2.03408174006948,1.01969086801431,-1.34344824680651,-0.209021025492598,-0.486663633759432,0.0876392495135252
677,0.042719106841674,-0.0521757665519305,-0.078534695509643,0.29923150294277,0.172593205716887,0.739525246865638,-1.37350539345329,0.366110003908669
678,1.09952970380863,0.022728004480269,0.393353050213824,-1.04325296188383,0.054652626983503,-0.1313524689034,-0.0921315640283897,-1.99505914005918
679,0.0571084437510993,1.18413484766773,0.274613461702632,-0.380066117289251,-1.50533882774045,0.468267559817552,-1.26651572699162,-1.04251748884951
680,1.71157462541702,0.140950123980916,-1.05388440622163,0.434615812452165,1.24484777917784,1.00258297967251,1.49521141884595,1.15445788697015
681,-1.3388561848855,-0.627563830287114,1.28945186322037,-0.00381574403739722,-1.65179778399307,-0.497084117418229,-1.07600423785498,-0.704889567838148
682,2.33524053820372,-0.972724191988745,0.0290167730552053,-0.41371085061519,-1.30797084687245,-0.173192145981983,1.77137257805674,-0.218244089056496
683,0.436137541124275,0.320140474082868,1.71949114785773,-1.53048403884002,1.40886847981572,-0.866464093377975,-1.58505447975961,-0.46015338715912
684,-0.853555923072371,0.0751306795463173,-0.933751316948468,-1.60303356505137,-1.0526475828138,-1.7201895374864,0.935138328143994,-0.26817618129544
685,-0.594867544177175,-0.74469458154754,0.445410506152089,-0.300180609466508,-1.36045907681205,-1.17662965947134,0.149444270907762,0.442004187050677
686,-0.842746263986617,0.60779152599583,0.927097510711486,1.06089346516528,-0.546774639313993,-0.329463251165305,-0.679754067685268,1.98881167318228
687,0.532754450403361,-0.28196848141374,1.00382256196175,1.00476116371318,-0.408276279409026,0.0276828248766624,0.297293004896311,2.77736877680364
688,-1.65340961440754,0.428221545780014,-0.868194518107816,-0.112162779709782,-0.758348412330921,-1.05523458260736,0.145025888804405,-1.10900545867242
689,-2.0668380182479,-0.112312467505476,0.720569519731693,0.0572449206168918,-1.35759863616972,-0.0478407713503598,1.01245109447417,-0.139414124709549
690,0.519562027047139,0.298848759737484,-0.841494072245045,1.27692103916401,-0.277570261886595,0.0236201354064398,1.10730820638738,1.08660751432345
691,-0.212061210238277,-1.10664778469732,0.864529069431092,1.00941778723498,0.435349037814148,-0.354015057216875,-2.75621609970526,0.290928684934247
692,1.03862039150662,0.320820137006251,0.272219680984949,0.730091674101007,-0.845716932390529,-0.716122576689609,-0.814647507279756,-0.017346753177011
693,0.210442299322769,0.298248063215621,-0.0241766566178344,-0.324838391306938,-0.765301755163319,1.98183336116783,-2.0731160752303,-0.529738467886542
694,0.517927196381227,0.299562747977752,-1.50246126291664,1.10982322946157,1.37826079694991,1.18444024965024,-0.216281492121536,-0.279317194728694
695,-0.999415540693141,0.187381754874174,-0.932390290639929,1.82530203170765,-0.190205785487257,-0.132532828386599,-0.687312196121147,0.0284855750442473
696,1.43923860393133,1.59936175681852,-1.76031699433732,-1.01767213129261,1.3871694671118,0.549142824635829,-0.590566149773077,0.137835276829198
697,-0.532846179129843,-0.873396126255533,-0.955143138618992,-0.847725834750694,0.786340651217552,-1.16453474198206,1.23822506958633,1.4303092121299
698,-1.81839886774822,-0.715461447986748,-0.0173350673270412,1.99261634318332,0.825873153791375,1.0206728054056,-0.266751546406252,0.610925577808094
699,1.16158850129855,-0.234640174401532,0.884401491662347,0.152252678958929,-0.76361837686579,1.12332718057524,1.85121186138385,0.541801221698263
700,0.160371880171202,-0.0123713386786363,0.48772139731014,0.810060549075384,1.18029752641408,-0.914730153337853,0.313676533476462,-1.15683899280326
701,0.584430861142072,0.551068842800166,-0.551490579717495,-0.235148329709739,0.604699963373312,-1.00875874145286,-1.72513667336052,-0.182786772670108
702,0.602001784172356,0.578293960687604,-0.77465965367832,-0.33620705721951,2.37422434476952,1.79309725688544,0.121252408645739,0.884531334871882
703,2.01120181250431,0.96840107247506,-0.620951906504455,0.873427868610892,1.13224774009478,-0.976300150075948,0.533188690490565,-0.4946899180633
704,0.185509571267608,2.30023885330028,-0.0309721587978162,-0.940713846127421,-0.351037323310512,-0.688166865173203,1.55365932474246,0.480796205420778
705,0.691639961298132,1.67173897334031,1.61583674907305,-0.561254078884682,0.381898466651283,0.642738980604041,-0.0944435782190544,-0.227548352997632
706,0.504997650315055,-0.946033616924148,0.953452833038422,-0.574280399362473,-1.78913782188782,-0.807928805764935,0.0106729950573504,0.705090563634305
707,-2.34780096804596,-0.850125985334589,-0.687010639315207,1.17162788996091,0.717556118789104,0.191295867583245,-0.156141499514028,-0.692646088829858
708,-0.480575135748582,0.0086180437135378,0.208096802644345,-0.324912593676719,0.288365160415963,-0.944153916434588,-0.133364010834903,-1.43343096373903
709,-0.288917344442384,1.09936213682429,-0.556715191226959,0.080150805934125,1.27013754554187,-1.15598010205805,-0.467024961883425,0.791762164589329
710,1.50455617946798,2.02009744569562,-1.6460850048604,0.565954808259594,0.133129806890346,0.0587144235370965,-0.558477193382992,0.744644079455194
711,-2.46001399991021,-1.22211893025766,-0.217614270344292,0.0671948240760013,-0.956160876272869,-0.45220689756286,-1.3295970043606,0.794890549953068
712,-0.642433565416124,1.10126456274994,-0.149818020747552,-0.668056578704336,1.09900323684652,0.243964050261869,0.495594534672907,0.440907955568835
713,-0.131422777720897,-0.550201153532557,0.447210072733092,2.19559517964417,0.983331755336757,-0.86479783539945,0.834967954167364,-0.904936408127144
714,0.353113482130221,0.426161302573309,-0.552154982264012,-0.132707784799053,-0.195726063354998,-0.449886962764178,0.420637748006535,1.14154979779842
715,-0.147725357114263,1.13144116021612,-0.286099883190428,1.55058515957301,1.23868704381051,-0.86501461913585,0.0170398226416573,-1.07007931422568
716,0.00746714411386096,1.25301059467103,0.767587241188662,1.60465233093298,1.16647186491477,1.34387023331632,0.835242896567862,-0.14013177034562
717,0.742785956512566,0.795798064383087,-0.393555077851064,0.199986689180457,-0.859840155833876,0.91090272333573,0.166814726359095,-0.744375067708125
718,-0.0941266187375602,0.267953824307099,-1.93592393900744,-0.776222501228839,-0.399610480677899,1.95275435517644,-0.782104576918479,0.233432977419636
719,1.53156350080781,0.464213019259747,2.16779241820432,-0.391390582004439,-1.11202432172789,-0.386972870447426,-0.383832037532415,0.721068062030937
720,-3.02977313344609,-1.11073801165011,-1.04359722606101,0.123650317888915,-1.1272847329909,1.07531053174059,-0.290852274158585,0.0562646332455373
721,0.896088738710075,0.618619746854274,1.19074424287218,-0.852535867734402,-1.29509097708404,0.981728562478488,0.270334670114395,-0.249028516372222
722,-1.36907400614738,-0.045220860908751,1.50665174021492,-0.506685216244906,0.230116068709028,1.26375114461387,2.42642657237257,0.207932863284082
723,-0.534179027043044,-0.966696200272454,0.303390035878385,-1.21254227780876,2.05978108931771,1.26031922852288,1.00944740991881,1.23171555380509
724,-0.403088644956582,-0.399711572991441,-1.60366215900944,0.397148698156838,0.809215957326896,2.37282267919112,-1.03130366313303,-0.461832115955492
725,-0.869899631209786,1.61342921513462,-0.375805190202912,-2.33020230997124,-0.959420828281888,0.253670450332028,0.183107616856013,-0.0424913193612508
726,-1.56432005736572,1.56995763100418,1.16310186999796,1.012549475328,-0.930068277760182,0.613820288594262,1.22528431261317,0.289504834121089
727,0.896129192439006,-1.53236785297992,0.723983540389997,2.13659764755806,-1.61217077843642,-0.572869912244647,1.52496761240795,-0.74700122348919
728,-0.667341227794528,0.727072986168499,-0.823698800964945,0.614329241976793,0.0196556928127417,-0.114370751134595,-1.05921985729195,-0.131109641722671
729,0.346206184833615,-1.18031741758191,-1.28836493877846,1.2539812169756,-1.1679568942509,-1.32721090393925,0.667951191624546,-1.18116495743957
730,1.16545085519703,-0.96285960859701,-1.21640697569772,0.18346293145706,-1.18928865872788,0.511803216564289,0.132568744275802,-0.691173733621869
731,-1.05369959240883,-0.732538862358837,-0.818811672996381,0.202563777062158,-1.12229016722577,0.114637746191171,-0.729201534417594,-0.703538260502827
732,-0.800044085524635,1.91267033690282,0.936178544161639,-0.600299664104506,0.877254226820685,-0.309548289731489,1.45999737648567,-0.464386609391336
733,0.890375144913277,-1.5030690490933,-1.21756669281761,-1.57928747769741,0.132734550995633,0.0724399090245714,0.979945485332027,-0.286103864922123
734,0.647224149662845,-0.599843941790375,0.156590883884592,-0.190345952734297,0.0322191771686271,0.315949423302319,-2.23178016827307,0.597216706905929
735,-2.67129624282358,-0.989703285800499,-0.236898944337201,0.359244260930933,0.444884792685177,1.83857054237321,-0.382285756808052,-0.440030300524481
736,2.21790080978116,1.07126581554587,-1.01521186954132,1.91248114623103,-0.376738560020786,-0.30008957944034,0.79417275025285,-0.350280332526174
737,1.72611326168409,0.832990835265906,-0.771344614447376,0.830283585552105,-0.721244151705794,1.15687403162978,0.221925789480426,-0.32370372466087
738,-1.07768226420485,-1.20505655749777,0.835747582352517,1.84099891788251,-1.27231481093689,0.091505788570101,-2.39120098602488,0.091583072474515
739,-1.20792225603594,-1.59252435547405,0.290013248835556,0.582669714272455,-1.46866957282463,0.169136297677258,-1.6735375182307,0.406704195122263
740,-1.42957140676349,-1.20852500435413,-2.30960010987479,-0.028210153496186,0.487045773317108,0.73738083406769,-1.18819766525426,-0.177596347994669
741,-1.1444995279411,0.205376589546023,0.354035461390014,0.416506270002081,1.21731989161421,1.23820018781335,-0.488194237321584,0.593229380077193
742,-0.964170631403097,-0.583494073326587,-0.792569977530011,-0.141818536081128,-1.06501110871107,0.115865615974384,-0.840298929466533,-0.752783323217184
743,1.37139867864595,-0.140366973929155,-0.0156255655487816,0.146731099711243,0.168560403980565,-1.50623767228913,-0.876161048586124,-1.55493022430807
744,2.04264152785687,0.111956587969137,-0.0991103304459772,-0.859627333771772,0.19101637781218,-0.00920165974391298,-0.350976172804451,-1.76117070606041
745,-1.80263696397374,-0.344505081736055,-0.16592769349431,-0.144008200405931,-1.25611593778028,-1.51041466575809,2.18139438876277,0.063870267631717
746,-0.516794869344279,0.212739605117018,0.174532549616423,0.645695161969857,-0.333846805372962,-0.316115249850113,1.34109996421016,1.29940527608522
747,0.707642231719081,0.467966892117952,-0.373068046858317,1.73073372423157,-0.68254539623037,-0.927853688443216,0.785029118468349,-0.353921011134559
748,0.610014347525729,0.484639997059464,-0.44972292713941,0.217438066394393,0.599538948565013,-0.895463528649236,-1.42349971208549,-0.00545265904764122
749,1.06775619301575,-1.09551850482045,-0.46780318108985,0.481373639427514,0.671843177558983,0.595997517442574,-0.1827660925243,1.7639832039796
750,0.284054733348233,-1.59330260568949,-0.899327074772189,-0.553485286571713,0.0694565987241283,-0.937650609841953,0.287589315959046,0.62312496364984
751,-0.183154573154361,0.739603798803957,-0.200784182724502,-0.455720441874375,0.851348969834049,2.05717610195103,0.345308176037823,1.09353674057188
752,1.16831707415317,1.59039437208447,-0.967182246192179,1.1616937617838,-0.200798546985154,1.98440604068727,0.0535263761717415,1.47639756623584
753,0.641528989265115,1.21634898449428,0.377751659040344,-1.070003348694,0.34154470234789,-1.13500716619069,0.546946311174131,-0.378193324758205
754,1.53740030207961,-1.39036967471744,-0.793630442498353,0.0566431246143788,1.93749645687078,-0.719089340360177,1.4324311807134,-0.858245295513533
755,-0.732141142548714,-0.480226964952412,1.70780527924418,0.503274188378684,0.419780539105295,-1.82818743368271,0.306484115466433,1.18283151054085
756,-1.29767666889583,0.705683041460308,0.152030265422238,1.51638615946747,-0.0060290903175798,0.236933145149184,0.196356584371795,0.258052140494987
757,0.678361793177847,0.428081829995841,-1.40238469942314,0.812061053934934,2.5128026550644,0.0164210741554005,0.282112751331097,0.554299271332375
758,-0.932585023223638,-0.694347854054134,0.876815394559996,-0.701707230171537,2.47890486500784,0.0734198708738021,-1.5610989860957,0.676351110580962
759,1.21869347355217,-0.00913349218288811,1.19247951114465,-0.197537970270556,0.611046689686096,0.0545925702871296,0.163878353024939,0.472134707353906
760,1.43547348126943,0.889425279557178,0.158689039182273,-0.48687876251284,0.984500567389736,0.0688827404533941,1.23110110674628,-0.557395252657376
761,-0.277607842880837,-0.306429428903344,-0.512278984267794,-2.13231609694753,0.227855013858261,-0.294135967782649,0.206871716704669,-0.447639777582434
762,1.01943287108749,2.05135695280563,0.302162598756449,-0.32754908673874,-0.890279921152328,-0.822297658494521,-0.806044406794792,-1.05685297019694
763,0.850523169879476,-1.02857288141919,0.374967053997402,-1.19524357450281,1.04410199441464,0.741583353104544,-0.640129166954271,-1.64679688877453
764,-1.19227407992582,-0.551785261312211,-0.315085246072885,-0.596446734199702,0.311788641890511,-2.08298606819817,1.76844341801343,0.1942405181771
765,-1.96489537710161,-1.47394650216567,-0.866565416877433,-0.252313085765093,-1.69660107528991,1.36374175110088,-1.37757197805338,-0.788778356139667
766,-1.18524365215413,-0.362968412873681,0.73527102098815,0.68362617328414,-0.870951502552608,1.02266980927204,0.194395072160922,-1.27719769534052
767,0.170270020154688,-0.00397943243626703,-0.820950623990151,-1.19404823013538,-0.487885925304112,-0.580143114529801,0.140080405339597,-1.36965743951043
768,-1.06319031799127,-1.51010400463348,0.181946651571392,0.110220949934306,-1.53287190268573,0.00204768776836147,0.803194450242478,-0.650540616420944
769,-0.559858985916819,0.647958186047228,2.41669152223958,-0.124060387152176,-0.722841076509284,-0.849112643658703,0.916456883277645,1.29267909333662
770,0.683435810925111,-0.723680398060595,2.04532524681026,0.744603068107551,-1.17386184874635,0.0724698331588098,-1.37824908792755,-1.02821463098898
771,1.99742389961859,-1.41261448251232,0.114327334090993,-0.523328058209191,-0.0631385392009366,-0.0392607473800606,0.714542127654974,-1.38188198707844
772,-2.10905962461715,-1.07812245253672,0.556195278351984,0.152379890681423,0.618203364062596,0.274187413641199,-1.52020961985715,0.240432070699589
773,0.567801025237284,-0.456649912507441,0.776498530124638,-1.08931323449864,-0.349888216099472,1.50596006062816,-0.0808528335252973,-1.6399483252755
774,1.40542605230463,-1.30080921724076,-0.500067985608266,-0.24913411651502,0.332871824360779,0.758271343432531,2.34436779891878,0.580898469594541
775,-0.782341639394966,-2.16201705472562,0.649498967208215,0.473652372045861,1.76245417335414,-0.566122570557442,0.136430858937157,1.93266099408987
776,-1.57476200778053,-0.295745044431715,-1.276696216198,-1.02281469154066,-0.688383539196279,1.33546193812428,-0.798297303355684,0.230555988196074
777,-1.35223593413505,-1.29581190896587,-0.681464609191068,1.04232277297543,0.527543711333643,0.442713714484675,-1.90117643485904,-0.102259690189252
778,2.11311397425851,-1.72185972426311,2.24290291089267,1.10291209081596,0.0193393513064268,-0.677653693494629,0.412667087213771,0.757826942719443
779,-2.83977392904691,0.422380434432736,0.675733806755126,0.75322085450617,-1.01906494037465,0.475768338422182,-0.229371580791825,-1.23521315742281
780,-1.60758278104925,-1.20334806060987,-0.481461117598506,0.0120097558552903,-1.53202956375706,1.70455928996323,-0.829420647383946,-0.416039786628618
781,-0.440895678015446,-0.332740147220441,1.09113655913996,-1.09958068856816,-1.80354213143223,0.97065752424588,1.68339360499129,0.0400280191656148
782,-1.0049500304266,2.31507943770779,0.598060194391411,-0.158242539137376,-0.464451730000661,-1.25075139605687,0.507773322715558,-0.466587408006979
783,-1.0917585695248,-0.27269491911321,-1.05942928312769,0.31707515692573,1.04765922722654,0.351671431343921,-0.703143058523294,-0.573377866261694
784,0.836052812948339,-0.938767356664466,-1.29505101173654,-0.579166854956695,-0.806039697479282,-0.234664162239168,-0.452732331131958,2.07337506365778
785,-0.6784009811992,1.54406028037987,-0.0167259094818475,1.52277250018187,-0.942700951290577,0.808071067242933,0.754827902204038,-0.0836006877121946
786,1.07078606056953,-0.213854242713166,-0.70300303856324,-0.898558796294667,1.81923220961178,0.846821011768561,0.053207415999344,-1.06577571308903
787,-2.26222738414647,-0.287254029527154,-0.660587544121379,2.12939794415819,-0.502114621145697,-0.41117267926562,-0.480723253779094,-0.287323701048276
788,1.13813428979625,2.6473167680361,0.127301483070962,0.57058452721655,-0.334429877344862,1.39806037416661,0.757728377309812,0.44240766538869
789,0.746405247021181,-0.821789835761478,-0.442515371613117,1.11714594561397,-1.21965857179506,-0.573005653753818,-1.47230659696484,-2.52011305955096
790,1.10130426742963,-0.701774091360633,0.526895333734616,-1.70152578951899,1.18663748607938,0.838981047170323,-0.67398434035064,-1.62550743120435
791,-0.934061866727347,0.56420436125453,-0.136986035454127,1.70204593054147,0.820541072419195,0.372137158766471,1.05374926793318,-1.44868603766622
792,-0.239752212817707,-1.8340421885091,1.08065741927334,1.14752995248959,1.64053341425562,0.51952320912023,-1.70567387719216,0.311803380913847
793,1.05351729876685,1.08017035312978,-0.303166196647471,0.216308455602033,-0.454071951382495,-0.960823001321893,0.244510049449558,-0.608080154483578
794,-1.73641850392566,-0.421052634961237,-1.01978530940144,0.91939115344088,1.0540022195738,-1.20686127468257,-1.4439141230127,-0.48659520533753
795,1.76718983353241,0.0606595840633678,0.373595925162249,1.0848022852646,0.748510563596728,-1.02841751787352,-0.610795746778741,0.486346255497583
796,0.634368356558188,1.32327839459749,0.789603466245779,-1.8585341911493,0.059124314603575,1.49572713858534,-0.536815574872205,-1.10760453909158
797,1.87305300936275,-0.379215332441651,1.75926174144236,0.764101713781203,-0.910424428794457,0.358724078650591,-1.46857113135614,-0.65753962692004
798,-0.702301708027014,1.22100830584184,0.976323547267407,-0.362002983883768,-1.55966380441825,0.534824783933123,-0.686045656613676,-1.06191742198219
799,-0.743549034587679,-1.33032213392832,0.255056230120046,-0.330994366483449,1.92285309040078,1.27306428075136,1.31535286611224,1.3733439567506
800,0.837834853392382,0.385090293415921,-0.624033407454052,-0.86068782936199,0.571408559916969,-0.493658519778759,-0.207769405768749,0.653773394143952
801,0.0708244781888591,1.29335307166318,-0.0474389643156804,1.73044923717391,1.33863623477495,-0.652825070421779,0.363322727909285,-0.835774858597809
802,-1.05945977005567,-0.286292681389897,-1.058476354679,0.152351335050057,2.11428231554884,-0.891867753382802,-0.263472925947642,0.205714000473368
803,-0.3966333907429,-0.330087535778603,-1.6526814138284,0.0747442917005903,0.824972911065668,2.31191392357167,-1.21936296594019,-0.568754604217807
804,-0.740509145402224,0.643301437652241,0.429739300692126,-0.0577564727071696,-1.09484740166428,-1.14972730986381,0.0750186609084174,1.15893788281126
805,-1.7501314817118,-1.18148230805055,-1.41192077294308,-0.562571401372758,-1.07210737454491,-1.11312659622445,0.890536962641025,0.76466785292959
806,-0.0785701802794522,1.19241361810219,-1.59128829643559,-1.43632408606045,-0.318982186643752,-0.560636653052776,-0.127786569482072,0.905931179551219
807,0.919893722863177,0.984809966646251,2.4145599636801,1.11238017263577,-0.726115903265841,0.431587431703237,-0.961676976478066,0.0326693207905135
808,-1.38123309295146,-1.42315544842349,-1.05979043030291,-1.98434685191522,0.269411334538519,-0.00479088260586613,0.245602738022888,1.15762331662344
809,1.59632589343685,0.144625861275361,0.194423967300365,0.114625120877147,-0.764463631763767,-0.0966984519345715,-1.15544767401878,-2.20016738358788
810,0.0942920467321561,-1.89430080998178,1.34073902169924,0.336928477092566,-0.159815483444736,0.589801645869791,-0.207702241744501,1.21505403330883
811,1.49023898382041,-1.16962285419436,1.34781383235253,-0.782234602449132,1.23112539714429,-0.633582995820433,-1.31881316131965,-0.690087717764866
812,0.42078027008045,0.520053397573793,0.0901268492103755,0.196570798898547,0.903268336358879,0.753388198783014,-0.574554276017577,1.42975406655247
813,0.929392401597053,-1.11782213549559,-0.565539855028416,-0.184232496095412,0.207254025394783,0.380536003508644,-0.00357911797952207,0.0197444484733523
814,-1.33782706793414,1.23390416236887,0.591328023129337,0.374038072915943,0.575947314697745,-0.541235774401556,1.46522443082507,-0.548721414563944
815,-0.426044742489284,-0.301149153681079,-1.59026406498477,2.63133656972758,1.20217942929201,-0.425781386457163,-0.726089260440384,-0.108539363685567
816,-0.866640933964525,-0.0364103038888041,-0.940465686442931,-0.229918440852369,2.22360062754532,-0.81554702908885,-0.285269680194977,0.224513522642739
817,-0.0479231800411716,0.202514092748009,-2.0340821667547,2.42764996832387,-0.174340857743021,0.133204786432359,-1.03078227388827,-0.261063974003142
818,-0.501164344819104,1.30097554262998,0.663799750988008,-0.0504550627833601,1.20915337060411,0.309142624612415,0.810812683430662,-1.04164838802791
819,2.42575167991252,-0.964756532191379,0.346487945406097,-0.684165071237197,0.575675101493584,0.239403678438742,0.350356763931702,0.303233396194212
820,-2.01114223637393,-0.951953058849532,0.616751339217757,-0.0380751138726203,0.673574084645761,0.313696833047143,-1.52905821561393,0.251253570370318
821,0.715485572035238,-1.80677745484758,1.17332313992382,-0.753626850017639,-0.509596381263125,1.63052141284661,1.19388332330401,-1.10921372314884
822,0.799860751791092,-2.01435848549454,-0.932283270353456,0.591418391141704,0.00361380101070424,0.444785313621812,2.1950015450315,0.396798903431163
823,0.964055203322667,-3.06550517103656,1.04898760429591,-0.766008607074883,0.754050672634436,-1.11508231755424,-0.969528263614578,-0.800120132349482
824,-1.10965232357623,-1.3423317761985,0.759535243619007,-0.87628493107646,0.403523157629173,-0.13594170355808,-0.233620866072406,1.39871162887679
825,-0.213315295099121,2.00118739388002,0.191721016629763,1.37095639898922,-0.454808948756709,-0.974296912362161,0.898496655034438,0.115638774551094
826,-0.45329189492372,1.09070163039751,0.240748783475046,1.23689594960828,1.07404562145471,0.662463239419529,1.29466490980511,-1.23229179001748
827,-0.584058044603762,0.749132517078722,0.334439090294824,-0.808461584613848,-0.114138695767187,-0.667701456152043,-0.447515860689955,-1.91853304522305
828,0.0694713816765658,2.65236740939497,0.118611063952908,-0.628604861245417,-0.23826079360815,-1.15731994871257,-0.00410289755633681,-0.356647815821468
829,-1.16767781263856,-0.819985873322805,-0.375569239193172,0.264382489636249,-0.649386792014524,-0.0471284245215167,-1.20080267695279,1.30804876167619
830,0.596854925728954,-1.29834663519159,0.373893156717929,2.22778914383626,0.23330679263728,-0.762722097706598,-0.370510181664442,-1.8728261511714
831,-0.243023193537932,1.46944120876484,1.55726354733175,0.48005682177125,-1.36775518669856,1.07586513803482,0.322455528712271,-0.408318136776066
832,-0.0492514399752598,-0.467081747227443,-1.16473804241422,2.55007108646974,-0.605741538848667,-0.171708796046384,1.25961895861719,1.08167878960206
833,-0.759597684107839,-0.193535429319349,-0.0462949667961285,-0.64035166768116,0.10732717488198,1.10425375224174,1.26602477179429,-0.606186459790864
834,1.30182051408209,-0.475713716117263,-0.274853288305631,-0.52339725735733,-1.73671481601502,1.11134237881045,0.287897771947994,-0.577677459992663
835,-0.906477196096073,1.34214605999261,0.458843428669394,-1.74105318419246,0.56921922024039,0.047683727460811,1.09211571874727,0.512456441508561
836,0.655578378310162,0.997392516269698,-1.56927172916133,1.24238912313217,1.26070130912726,-0.781087636257514,-0.479331467160618,0.691207890541912
837,-0.201903423606376,1.99645966488623,-0.439537953807301,-1.17481537273153,-0.531523369031363,-1.0469361045683,0.991089446031219,0.0948911921232817
838,0.00388775968731166,2.48630996655326,0.148568596967453,-0.088872952245107,-0.291451787708322,-1.09929568770135,0.251208753148176,-0.22071605045997
839,1.74483165631127,1.56806812723488,-0.206500067363018,0.686000365931692,-0.00998725256305582,0.376371530406602,-1.23154125203083,2.07469876527943
840,0.0380989433873361,0.698565605970548,0.0393728143362669,1.94626428244224,-0.681345967849937,-0.666372163337493,2.08383828742866,0.13568200656465
841,1.32883565293106,0.901110846804848,0.312895803321244,1.54200870522037,1.32250609566302,-0.0792831752583611,-0.573307261635946,2.42405168181053
842,-0.75320051696147,2.43718965652661,0.928660339518345,0.374416875062431,-0.362036435825377,-0.939612316731468,1.103588949376,-0.0836266704452521
843,-1.59039410682566,1.09229198221583,2.00366515662805,-0.147934862553689,-0.482271964284919,-0.679706056898389,-1.04079829790169,-0.255706516552995
844,0.293888279086963,-0.174001289022884,-1.01627872409799,-0.138382669249974,-0.767444852090952,0.453731200537891,-0.865977775759259,-0.333879689026302
845,0.197628935625858,-1.27898920971989,0.125589990243695,-2.20886638069565,0.244586081585531,0.00868652254943995,1.58806761726966,0.197411146687022
846,1.79947000290615,0.758527428350619,-2.12489262120942,-1.03979532757345,-0.647971485680972,-0.800874670555746,0.173782006729584,-0.850180756431144
847,-0.297945737564953,0.836792647196301,-0.806663195079275,1.94649074284765,-0.631075941829067,1.64109303318865,0.32991674990957,1.16762312249047
848,-0.055048038978133,-0.761583589044913,-0.822525349456309,0.447664783333487,0.444763059069225,0.721341255413645,-1.51397320836058,-1.26459824878595
849,-2.87456226178628,-0.0482602912638555,0.367301389618304,0.351214038427318,-1.20215630732482,0.805500973741535,1.11012396517006,-0.547577158752083
850,-2.06677047345337,-0.820754776486592,0.116672076181527,-0.165278966471408,-0.754590527086308,-0.184400033985743,-1.04299676939096,1.02329950075059
851,-0.970248490405165,-0.50742385912101,-0.709174244447504,-0.360447183095126,-1.73069759177936,1.20120710554878,-0.450349355017638,0.387520454760928
852,-2.89901431317094,-0.0205200055608682,0.300948045921158,0.0993314977943756,-1.20428350699141,0.734254112041771,0.931153527171979,-0.654300779768056
853,0.4019373253546,-1.61092308574953,1.05685273710349,-0.388054488155212,1.67935367481481,0.973214038755639,2.2882764491092,0.130586287943498
854,-1.33980227691983,-0.0980710564700755,1.71042913320534,0.0842112619259108,-1.11274968487788,-1.43209095946249,0.195062729475177,0.751841195380882
855,-0.121385380031635,-0.70695782270307,-0.557252438077574,-0.0190923790880541,0.537402054515995,2.18454075563467,1.24069084030657,0.916307009276795
856,1.05866670144168,1.74498467956509,1.16010649971038,-2.05198239012082,0.27437071097175,1.79644571985927,-0.19286150647172,-0.841223635704369
857,-0.340032872756001,-2.24371550767308,0.890353198738065,0.119212567227739,-0.363904462658552,0.196758432963945,-0.811327815056605,0.797959156561203
858,0.61732831393522,-1.35528041530802,-0.527704844620742,-0.234312104866537,0.22011821316392,-0.604873820153181,0.842809763702206,0.996018207685821
859,-0.625377463189673,1.87741581158045,0.315007655292753,-0.119421521365001,-0.0730875675125554,-0.672079447811213,-0.36293666772708,-1.15792940217741
860,0.160742686043484,0.928524291623122,0.448728237071833,0.81058234633837,0.214497771721174,-1.57525130718325,-0.458098266009666,-0.957539590683953
861,-0.584767174284681,1.58881485748354,-0.0528966505488819,1.53063444828991,-0.225921889618071,-0.250236482932217,0.332482274305419,-1.22828500487188
862,-0.296688780389983,0.12902598065426,-0.703329722044954,0.673913373072809,-0.977275999280238,-0.755703988221242,2.57077621131639,0.285117763846573
863,-0.543845848273469,0.246152240410124,0.438531844778689,0.347024424961099,-0.165488709879485,0.0302054688155868,-2.09353472743332,0.972574418250925
864,-0.790171462767463,1.24489289678657,-0.51866067496521,-0.853074369412458,0.573862309695958,-1.02549600306662,-0.0768608865195909,-1.11580422890325
865,0.285380131005835,0.30482046958237,-1.97669248000097,-0.359831275585608,2.3662328179837,-0.539045753789089,-0.853924124820955,-0.161755713095966
866,0.488093291254381,2.10178263597524,-0.527256204752405,0.35883576804747,-0.64434188729755,0.83319294171559,-0.0766627847507977,-0.142209304544274
867,0.5518208515417,-1.56897879585915,0.0363714660422787,0.895451586680707,-1.30934070516081,-1.13545807575047,-0.332337056147644,-0.0446089807212603
868,-1.12466278075837,-0.674480738119873,-0.102050477545722,-0.455298890436215,-1.27738826227954,1.99616763494005,-0.58747510922332,-0.198705078709417
869,1.15248963848793,-0.265314038947471,-0.551287203139408,-0.0622023200318499,-0.912446301692199,-0.282922890770502,-0.684411112058208,0.242866063515393
870,0.634643569409482,0.681007155807225,-0.726427256786522,-1.57538372928439,-0.897684442324834,0.931598183664893,1.44394926111892,0.4537449211383
871,0.955988343934697,-2.46015657297482,-0.533800519509431,0.335960884687942,-0.0199534162824183,-1.45533909089738,0.586437617255288,0.741099857128461
872,0.0644924029897342,1.26900961537147,-0.0373603492380379,1.82456319916818,1.33185949246995,-0.638612974099886,0.413387197635126,-0.80805958354036
873,0.0856838778715501,0.252907761297771,-0.865699350731141,-0.478499041804664,-0.31311797131012,-0.735299963963726,-0.0791485019359988,0.811176133179501
874,-0.108823082827697,0.284159402112944,-2.04216731553659,-1.30621759118608,0.658281234298452,0.59664148137832,-0.614504749560908,0.84868861972925
875,-1.03343466936913,0.439246167528307,-0.385969681519213,-0.0243110236301146,0.763721664624121,0.298662155476374,-0.722277876339018,0.959291871458139
876,-0.575964759137674,-0.903563896945221,-1.00376563953969,-0.892190493503941,0.766972087356533,-1.20823891775061,1.16447298522037,1.38096335085186
877,1.20982848412304,-2.85035758848384,0.9985347277043,0.0590925020253133,-0.563791383882344,-1.17618942096122,0.420205193118113,0.539700138657257
878,1.27551558002893,-0.518416418377547,0.670189883971366,-1.83255870058205,1.27703119139192,0.95187390204209,-0.563985661669889,-1.53406182136263
879,-0.4310630718146,-1.0667185024863,-0.546724620356379,-0.342411494724777,1.86114343027406,-0.0396587435709657,-1.80827435293975,-1.45563311335341
880,2.21458434862342,0.571231352594369,0.0438284131417826,1.16259025607253,-0.605099585210251,-0.35616332945065,-0.669915444620416,0.486062997310066
881,0.480035042959953,0.294520561482515,-0.74060434729199,0.540955108181989,2.28025033426776,1.87505818548742,0.51946810482277,1.09335224787348
882,-1.54341942418605,-1.32116505777705,-0.601800009204179,1.30908986164105,-1.1064152268182,-0.769712387924412,1.18733496600319,-1.27603628882631
883,-1.44405868507003,0.732705606230545,0.549811500386793,1.31201473961283,1.03981372737359,-1.33281565362848,0.205945367419534,-0.925272261386397
884,-0.392415872466217,-1.98930121865972,-1.17245019955364,-1.27346876517103,0.0652863603643126,-2.34621407935089,0.896078754381892,-0.730692716014715
885,-0.827240026242206,-0.411359964085624,-0.188566285754093,-1.02968182859671,0.803791394117946,-0.0411352525749311,0.987165299586916,0.468005969585819
886,0.598772323611084,-0.755054685582167,1.59458228246204,0.294916478280918,-1.13537334583969,0.118442425685253,-0.682065687161975,1.60241233715003
887,-2.18666685774451,0.623741946797327,0.538126373643219,-0.459368495683494,0.0469489238643902,0.680298347306658,0.655571987888357,-0.716432031431125
888,-0.723043507843955,-0.88949160922696,-1.07699602890384,1.56724054748006,-1.04321822639688,1.15961930840446,0.549746321158313,0.999682635511009
889,-1.9125764226886,0.833542554476306,1.56182197561026,-0.5017857967709,0.707956321937859,1.82975336824025,1.01574346738986,-0.947554363801258
890,-0.593962632094576,0.470612132330237,-1.860131736058,-0.142216668609242,-0.621823515276356,-0.70881537337695,0.0952466455106683,0.950282027025745
891,1.03853653717776,-0.629619336669745,-1.48786186110767,-0.907720990398797,-1.70450483432435,-1.25195013629607,-0.847570909372984,-1.7073312967399
