"id","DR1","DR2","DR3","DR4","DR5","DR6","DR7","DR8"
1,1.9205080796494,0.524655497822421,0.00675712053784052,0.0234052150266505,0.798712708040632,-1.24602135415106,-0.166535448207947,-1.0769696475528
2,1.0020931268344,-1.44754041047156,0.519377601583016,1.19600656738796,0.849854701260718,2.01825384730382,0.425282468487888,1.23761014036876
3,1.13672002152869,-0.517572451182893,0.0488098182976964,-0.476594941858845,-0.437754711947538,0.984216463080838,1.95143787487335,-0.0684925717178977
4,1.50711642446499,0.916221319428161,-0.243154562922463,1.40530106250834,-0.821205316369007,-0.933417787424101,-1.45118886352337,0.965401582171889
5,1.0945000621152,-2.08764863436809,0.422206229884637,-0.116656744174358,-0.272886539488906,-0.196820542615815,1.02659180416621,-0.3343506847162
6,-1.36900021111917,-0.0362823333905442,0.563029848578089,-1.52430976238686,0.899448337903138,1.7066233557896,0.2047230591161,0.447256927747199
7,0.0575103430597406,2.18389408761554,-0.363479892142272,1.12683779453946,0.824415628352003,1.2563700959287,0.356025667778986,0.692133839889091
8,1.83013597214056,0.246252403646119,-0.0468229370143332,0.0150641960422595,-1.02849940125959,-0.937379044592095,0.423594597539811,-0.216557564506336
9,-2.30947791894362,0.408134302271468,0.753129014569593,-0.872850723972068,0.508853929489827,-0.183070724732477,-0.789849575554686,0.189733060944852
10,-1.700824662268,0.473837801394483,0.662905528022313,0.644334304989982,-1.33864715141723,0.500227356057678,-1.90988119452595,0.0518332116292449
11,-1.56185982667711,0.701901030109652,-1.2215304679064,1.62995827896606,-1.12624233802908,-0.145710082887701,-0.246705685272981,-0.53594040203048
12,-0.139325726521221,-1.30085450140237,-0.0325786912731826,0.0953841386410385,0.643396032739477,0.447373226324633,1.18450190355264,-1.99321088734337
13,-0.902069581906368,1.3335972123494,0.962263233832446,0.621740696602508,-0.949629480827721,-0.204706189462481,1.14492425995085,-0.957020506320613
14,-1.89601427714985,-0.268190625740405,0.426722142385562,0.619970599767759,1.80004751252544,-0.742361602379573,0.411838485178272,-0.126828860919286
15,-0.394000120052532,0.0945183768676568,0.289658838771354,0.563173243099592,-0.14683130304077,-1.76671363976738,-0.475133589610406,0.52218791212496
16,1.10907485732917,-0.189033450259689,0.258238950603588,-0.370240161520848,-0.222206267264962,-0.229063706096637,1.0390732690557,-0.418945961755419
17,-0.159785248929611,0.537356575089669,-2.48171658250355,-1.28802641682443,1.4023625323947,0.239170420551745,1.65837130242449,0.198637575981967
18,1.41565305233915,2.09619849301184,-1.33513859474634,0.927258825446995,-0.90667325660394,-0.129270024995696,-0.667184929177213,0.744718257514306
19,1.02479799153341,-0.113313593587483,0.449486816451883,-0.279781517755034,-1.54326548737317,-0.932937553286232,0.788940333616031,0.0402755271251939
20,-0.236751489380072,-1.19502961339665,0.225145141054762,0.209334385687499,-0.961746854739439,-0.392835003121059,0.886168015436304,-1.41878412112929
21,1.85065951052645,2.2542107793763,0.00543130044015258,-0.186101769051813,-1.37346265450515,-1.0861959662873,0.396202621897631,-0.060457233211595
22,0.868235978598669,-1.26096600918889,-0.407990372707306,0.0421480043293821,1.69762487342947,-1.38622894696623,-0.276262348541603,0.732786016799241
23,-2.17171138847048,-0.670953973949492,-0.25053593495358,0.582383979016684,0.251244105137728,-2.10201291811611,-0.0801431879483027,-0.173545397969832
24,-2.15500941937098,-0.661440446840871,-0.239324287313463,0.57702857722535,0.408528914396071,-1.99806427295331,-0.0428713512388045,-0.206164318006502
25,0.887784965609869,0.779689031871657,1.08006677410298,-1.83088730629444,-0.483484747946491,1.26107524507983,0.174474209364822,-0.0420714622472372
26,-1.72192225726298,-0.69984945464548,-0.600351917520319,-1.64830004278509,-0.452350266317278,0.180651528080445,-0.350834184186552,0.0350494764639825
27,0.588257699614779,0.959544096096495,-1.92336352357028,0.326531410973116,-0.313651610367313,1.38831444146141,0.710408277541035,0.448345976123891
28,0.794935285185962,-1.58779508804629,0.341647213712116,-1.76974295880425,0.537342528792891,1.42121768109859,0.200142855054578,-0.81496468604528
29,0.402305015526009,1.4014515393849,-0.900945019041481,1.46270970496395,0.965283475971635,1.59955030569842,-0.139267929464981,-0.614241644378133
30,-0.735575410707549,-0.0298733425006914,1.65147051671357,0.959731876266044,0.806792400468842,-0.213926173089869,0.641838959167628,-1.42160415939974
31,-0.140174078371263,1.64423606875689,0.924406605930733,0.0174306320706198,1.244727983902,1.94006892602423,-1.29866421666775,0.732224317923197
32,-1.43173571379778,0.816942325112194,1.22376998482042,0.655381552240389,0.386194388196403,1.89977900219514,-1.40460849475317,-0.0216485719543543
33,0.699644892816842,1.67101092666978,0.727709320537243,0.49088844896688,-1.60770411558698,-0.489555228480976,0.521616922170304,-0.698190207045706
34,0.44973277191731,1.52261916980097,-0.680519539035589,1.49577591408521,1.01056416731265,1.75824004326538,-0.0806573161622673,-0.482659492784662
35,-1.9895903903227,1.17341456964265,-0.140226537092556,0.277364156961602,0.574286320035139,-0.33237622471623,1.05928731144142,0.282503038687831
36,0.451883843667813,-0.844145648083826,-1.51205725576973,0.703410049557183,-2.21172050898426,0.424331078899599,0.343705203998402,1.16207423128028
37,1.16976068567515,-0.383846441142305,0.301146689448603,-0.428274977781067,-0.616426598609258,1.02327968605246,1.96753229298824,0.140608152105293
38,1.9803582600515,0.927400064759814,0.785349401582566,0.193229807900934,-0.20916533083841,-1.40794780652409,-0.217897168509745,-0.315970205825985
39,-0.577708282691522,0.790110560212728,-1.72922989771157,-0.106704176981514,0.739873042298833,-0.910654111493495,0.319637020925189,-0.546700546024796
40,2.18519720869952,-0.621927452463828,1.54589582643242,0.491466260493366,0.85022308213211,-0.335299908098169,0.146744805580082,-0.125736597555131
41,-1.14647117824268,-0.780893362247901,-0.968918387102643,-0.186012321383893,-2.06758505057106,0.842624251787964,-1.48083506477334,-0.342424854689279
42,1.2776157486472,0.337285183722664,1.23330487307806,-0.203650834378981,-0.469386570895963,0.196082034496359,1.19933267034138,0.276621457957238
43,-0.041852514709923,0.607758534072499,0.48623722057394,1.59771118228341,-1.60526608765903,0.223420789659977,-0.0316541184908677,1.82525941095459
44,-0.292868691370374,0.0622755088119187,-0.950101573293382,1.39279688275819,-0.309824815292973,-1.29748030646222,-1.06788888987096,0.132697019146876
45,0.280827566813992,0.520345764759202,0.9263517158757,0.348307265334893,-0.412884831752401,-1.71169622211538,0.194109600122284,-0.416923173517467
46,-1.62137953588362,0.23484231513976,0.146884425027158,0.473121710898987,0.621189852711628,1.40673232133372,-1.59000962691422,-0.780211578747733
47,2.052697617627,1.02058774266152,0.938031149233577,0.196687069395212,0.250472453345459,-1.03308355450203,-0.0825412473284781,-0.333460512427824
48,0.602941312749555,1.42342058620563,-1.00111115615341,0.555372603489183,-2.11713208046912,0.819368129075647,0.514683752945402,1.50439587845962
49,0.647039890659319,-1.88951616279193,-0.193244015672465,-1.83382644900001,0.0716600317642111,0.816024073739191,-0.0208071444565945,-1.04401523386714
50,-0.506998555013334,-0.699976965714632,1.51970617714376,0.494864951667276,1.20870260306117,-0.807186196273638,0.466511525289225,1.86383460197002
51,1.0452017626643,1.44632511517642,0.0654299597792752,-0.631704598714994,-1.92205908886064,0.109437706291528,1.66410397839546,0.353477421404442
52,1.91080450389738,0.503414100266704,-0.0312323225626469,0.0184596724284427,0.774319176452535,-1.28363379208635,-0.180307303512591,-1.09543929127257
53,-0.423837394586783,-0.134100208429799,-1.06038374673202,-0.271158634807225,-1.67241135147289,-0.0901973372021478,1.48917697128486,-1.60650486027655
54,-1.33487767606939,-1.4697274658682,-1.10173876826816,-0.187258310593643,0.924700717129997,-0.429260449057912,0.831276695995271,-0.416861728673106
55,1.18245184855061,-0.574271514061757,-0.0862366843685017,-0.533685065166256,0.345646977921771,1.38879501122618,2.09500001925589,-0.354857599113097
56,-1.57632222732435,-0.286531084345915,-2.1168365172616,-0.571757793825331,-0.951055067671221,-0.687066208479524,1.23611727549421,-0.133528697381899
57,0.635335507293297,-2.40376661898002,-1.22370492481906,0.930441712400781,0.58171668064403,0.819001489203104,-0.0183007914320105,0.174271815917897
58,-0.496620464351694,1.38291375135645,-0.579922795778894,0.147554727230698,-0.826621246641639,-1.19838483473776,0.226400570906523,0.596607440638735
59,-1.43999318720078,0.920966382914117,-0.839975017309892,1.66761031143601,-0.616532417926517,0.395816525120758,-0.0498166339348387,-0.417580582198406
60,0.0294304410891379,-0.839458061381703,0.81234643126968,0.228554805380897,0.675515903020347,0.968150916553766,1.37786920517879,-1.45295722995186
61,0.117091669241076,-0.521050739660586,1.64901883458699,2.06064318416918,-0.938589258405231,-0.179198947910597,-0.671454803576574,1.94446832735553
62,0.378999806260392,0.632883284855091,-1.56735003687752,-1.99810905362987,2.29027692653583,-0.508739031825544,-1.35125506045311,-0.358153933811576
63,-0.0543689485390408,0.544866937390738,0.366143130989827,1.57313425704207,-1.48543226650392,0.226357364942893,-0.0316144100290412,1.7169157210823
64,0.682588680003949,0.148914328483444,-1.456863958756,-0.339344057802956,1.46000151142509,-2.12143660669336,-0.522644185343743,0.146969139267829
65,-0.0453652646587306,0.509682282645466,0.291439422592355,1.54957797788029,-1.2287962916191,0.340833888397113,0.00869979010618435,1.60333241340609
66,-2.23878772181512,0.829572974882758,-0.711909387814389,0.253751573644056,-0.911791999143037,-1.59063415516195,0.60445762845278,0.288399944080593
67,-1.57729671920311,0.670962359386762,-1.27625099611976,1.62355352713898,-1.17721094470368,-0.209681687948703,-0.270045751051406,-0.558528537057854
68,-0.626985737571987,0.716834123247263,0.423123941044852,-1.06791691732235,0.930013182386672,0.143144761080813,-1.19541135643448,0.112858873054239
69,-1.04507479109235,-0.710933302773988,0.528006849369401,-1.27398859889311,1.37118223148125,-0.130030894057936,-0.704113599273767,0.95614649873507
70,-0.609767554254673,-0.839804158230839,1.28789627680314,0.486138768169095,0.58743282485981,-1.32895218024038,0.277949986096091,1.87096511313843
71,1.17152231930486,-0.00885271506713566,0.589814214954986,-0.316119332452531,-0.250574283863287,-0.0500413713715569,1.10589118733881,-0.196540470249942
72,0.00956632486050586,1.43023680136465,1.65380854846962,-1.11188678035185,-1.01530005491828,-0.488543542590754,-0.76677187894341,-0.0147698353907686
73,0.969833013115,-0.75986234642145,-0.819741602370299,-0.577601971040336,0.561766900324415,-0.383142653522067,0.974895581277445,-1.31746989213584
74,2.11260232779685,-0.509451187210817,1.80528067835199,0.593613114027692,-0.489145201125146,-1.01010590888832,-0.0924185842444977,0.382353551293292
75,-0.481710679446974,-1.1086666510132,-0.715194185625241,1.3315501475279,0.714478296220413,1.54956392300602,0.178605195802425,-0.660615707105734
76,-2.17636802357155,-0.676125992092515,-0.258708556615958,0.582585274628864,0.218132350674798,-2.1273420870136,-0.0892709994115695,-0.170450942188136
77,0.607344068106283,1.15315796134979,2.0405323912335,0.472707404926242,0.757235431621575,-0.327285477504313,0.698623151410805,0.0094335540826457
78,-0.762707503664127,0.168769644481668,2.06209657771431,1.07820327078006,-0.361368950734404,-0.693155390895936,0.473896756545275,-0.858777755289784
79,-0.891319107060364,-0.256837532125685,-2.3150456978092,0.880185375373736,-1.74066958273132,0.586659194274226,0.326344790837903,-0.609853780812622
80,-0.478703396286218,0.17934091266012,-0.773061896427965,-2.23002343000854,-0.387673867035718,-0.195081024750859,-0.392615626259661,1.07249190502072
81,0.179116776711665,0.842028351862844,0.359329467811208,0.358794564017485,1.16775157531448,2.13211346293178,-1.84824421462593,-0.536815820868391
82,-0.388591268015775,-0.821172278074817,-0.183073792869449,1.42190013968111,0.591970965035277,1.78923997209825,0.268803609511876,-0.284167063308268
83,1.42205386422831,0.828339846826436,-0.373322643859556,-1.60840254429997,0.0892756383874021,-0.745670504615337,-1.39524848539514,-1.36651950648886
84,0.0319322094166475,-0.44484931266673,-0.579058336641935,-0.690977200904453,-0.111201140691387,0.397191782067331,1.70550542254684,1.78280077913473
85,0.522162423549575,-0.601853242773439,-1.52137034809329,0.705547612326674,-0.468588760821579,0.0263879953821465,-0.278892718991052,0.282168468988145
86,1.52957465063726,-0.688765907476397,0.497469405463869,-1.23401940071848,-0.141449055548085,-0.405773642072981,-1.29174906141493,-0.777488733001366
87,0.190893852998638,0.0162891470329437,-0.0717947511509713,-0.999643812514164,-0.118763447356833,-0.382258459125552,-1.3567895295388,-2.28398783971072
88,-2.34911300503344,0.524399794910436,1.00462425803228,-0.788955255670669,-0.456249954582455,-0.631020913374348,-0.947943805505253,0.597768895098614
89,-1.523307118567,0.839375463538544,1.31170996645292,0.722988451487052,-0.794119997647234,1.22172958731856,-1.64637457017904,0.334820204485991
90,0.654284999662508,-2.43931980924637,-1.30381783017839,0.900602765205431,0.957734265746588,1.0041248705032,0.0472349170952848,0.0268960691462769
91,0.461212113926355,-0.0377555666011219,-0.312910754270354,1.82778710497119,1.77015884736151,0.941690597607673,-0.875192200078201,-0.903128648847866
92,-2.15328660860986,-0.522545548869205,0.0380742394507498,0.64718690771148,-0.16314479218051,-2.18726817576914,-0.10820635389871,0.11888910081437
93,-1.78060757760536,0.0882913093354413,1.0865580438334,0.732036506616949,1.64745873441863,-0.445579858716684,0.523535591107373,0.340144155724502
94,0.293310708167982,-0.992750802951833,-0.823200738850338,-1.56099224163115,0.233566585848408,-1.37354019186128,-1.67968457091451,0.611846993712126
95,1.08776994085929,-0.363946642366002,-0.0821078462918079,-0.446867919715198,0.271051140151136,-0.125689267143692,1.07318145339573,-0.764965545946396
96,1.34246542986778,1.5849412436301,-2.32481879684197,0.709969590887269,0.405787007412118,0.0959398782238908,-0.594965982126723,-0.230546784073182
97,-2.08995649940905,0.766102900279462,1.36704556806117,-0.823812793070741,1.58319300802325,0.845508766286636,-0.416809574241619,0.31568723085279
98,0.943778875891977,-1.09810279412776,-1.02338310785448,-0.656029744579825,-0.248508051948396,0.465649955616459,1.75694900030389,-0.812405459033422
99,-0.432667863019919,-0.939569109956839,-0.399523202555041,1.38820133976713,0.574574274879827,1.65015743917126,0.217239019784437,-0.420241415041443
100,0.124494637788805,0.684327819518196,-2.20687705447485,1.26523971647862,0.731502526966159,0.680713667613614,-0.478881280963833,-1.40256103488021
101,0.0303036336322245,-0.555577381853535,-0.800082727529445,-0.746751634763929,0.341519313248301,0.546227987075887,1.75694872333054,1.52451007907407
102,1.56770786772869,0.528673387344399,-0.586252191508435,1.24850544619591,-0.39495362060852,0.597658177508486,-0.426288586368701,1.0663020979249
103,0.642159211897766,1.33522952762026,-1.19617714348395,0.486127003307759,-1.27664551101079,1.22367930981464,0.657645222097944,1.16459524919049
104,1.67814897710905,-0.303059997574087,-1.07572005168678,-0.173456877345288,-0.487216232402836,-1.21249582025203,0.316540453672953,-1.02166454235402
105,-0.050897587873285,2.22710456313331,-0.226015510164775,1.21541320186461,-0.643901252040653,0.42951237205275,0.0614546648899385,1.1537994578576
106,0.998810335320519,0.919304807905557,-1.22071345758986,-0.374593939009166,-0.365939699941075,-0.0667517435890663,-2.55391600828699,-0.00737487760355618
107,0.0232400845377628,1.38073826710077,1.54824073378059,-1.14564335609709,-0.642328679594669,-0.320395396357767,-0.707521603134957,-0.17789447893257
108,0.81768912096973,1.66418728080775,0.658602405652792,0.415065137383511,-0.180352546251574,0.352485101411981,0.822193234987152,-1.10509722054869
109,-0.177407462058142,-1.51402605292197,-0.201608423771862,1.73196424136558,-0.194153208991358,-0.815794464812582,-0.914707400556082,0.554484657784972
110,1.00844570568498,-0.382608291274105,-0.0822329106592465,-0.407834786078428,-0.589013662961073,-0.657829710000098,0.882859039346603,-0.546888115998265
111,-0.583932061457259,0.752762109458608,0.474867975464193,-1.0758746261345,1.28684113582197,0.394567111304703,-1.10505410887772,0.0559327573625206
112,-0.583948935996667,-0.160147695690357,-1.40363217899214,-2.33960221358053,-0.187162692033245,-0.444866398419853,-0.48725809912918,0.612358126634123
113,0.0323212409058638,0.107456738315763,0.0654118930692099,-0.48706939418733,-0.51745419633601,-0.942845946508721,0.751466432286659,1.87243425251473
114,0.479338421816235,1.08494623309113,-1.62102840556019,0.457561241504371,-2.13839193997096,0.438702970001733,0.373321440057206,1.10742951989058
115,0.262515092087191,0.317942945364112,0.378907713634716,-0.520187214927681,1.31199011553802,0.374766099576124,1.22535167692705,1.61186429520794
116,-0.364266153058835,0.0462741865861987,-1.0933407451707,-2.36836384262169,1.53510075097652,0.804540101686503,-0.0377937029695572,0.376895175209025
117,0.532987328415527,0.643788331903208,1.51680287031525,0.336133257993699,0.104292995320184,0.42907689159389,1.44492519425453,0.26683600626506
118,0.903363027769969,-0.773907832167419,0.551093912445704,0.270349338083957,0.0374832364337939,-1.84466530940891,-0.432152780474357,1.77638335424176
119,0.315483757769284,-1.48197444555568,0.859475786871793,0.51855586132281,0.561661918345061,-1.18206518813141,0.35757765815425,-0.742209925588543
120,-2.46220490277606,0.107705710359592,0.22309577959243,-0.933311261067456,-0.0195695579860875,-0.82419808898166,-1.02361049423972,-0.0202499090258715
121,-1.8003234445086,0.124560568549548,0.0100296026170765,0.526215729675588,-1.02833725535239,0.305143603395673,-1.98514719271172,-0.450628955533655
122,-0.319615525120562,-0.305628703554412,-0.546773589262259,0.312435908343927,2.44001905245497,-0.662269522434201,-0.0871647787040877,-0.676864977017077
123,0.144506166916566,-0.964329465120929,0.748252718107795,1.81656967268402,1.27574988382311,0.65665692642612,-0.380088603890988,0.798148320831186
124,0.847819348901096,-1.40540354763264,-0.687711362128475,-0.0193985905644464,2.07149271950899,-1.32077155165864,-0.255205137111601,0.456399381850902
125,-1.67135876588246,-0.675556944149963,-0.575440798816795,-1.6668246674801,0.0430330267653193,0.501881395627454,-0.235735896303114,-0.0744376891086071
126,-0.749894417132646,1.61010704630676,1.44464615714973,0.670275756392252,-0.325781606022483,0.467204940535367,1.38929410275715,-0.802169849647515
127,0.998885480288607,-0.983622127936727,1.45602613430687,-1.58493131830451,0.377717153659205,1.98311859075579,0.41048537281666,-0.0511844106519764
128,-0.719931182201199,0.0172344518409765,0.429415133896727,-0.0381354823682984,-0.417368200841133,2.69249738801415,-0.80745664082134,0.146583794517904
129,-0.136175518390171,0.472204090922817,0.0189493400856384,-0.136543662694895,-0.849536152378849,1.05873629402391,1.90917830872495,-1.11468606730384
130,0.280708024717382,0.318878266417347,0.984487469080027,0.324115504607339,-1.49899334169615,-0.87835135330676,0.972840893525007,0.328014708488286
131,0.523606819641318,-0.505725570541325,-0.0511926874590634,0.621770358423329,-0.441875234493498,-1.7344938288181,-0.435780048632603,-1.96584815522965
132,-0.580689006939415,-0.878587487649817,-0.201948964479522,-1.51060331776507,0.104721635321733,1.17828132720688,0.0400213180158838,-2.18931375038825
133,-0.552515105742915,-0.708200096797454,1.52461187987835,0.518536414572676,0.704601087103735,-1.11613279478284,0.356057281247158,1.99488586704408
134,-1.43444270439618,0.0855603432942535,-1.43816754906571,-0.467908299312847,-0.856606662286264,-0.226293549800255,1.40662461881428,0.283006082199246
135,0.972403624075087,-1.5784956219781,0.271016800752414,1.14705401251745,1.05641058910801,1.99879782897216,0.416234073948275,1.02401721640587
136,1.45040167884093,0.0874654077376488,-1.87652366837812,1.01513182896668,2.03981287318739,-0.13182145511856,-1.17824036594901,-0.82044893541597
137,0.134743728583578,1.62824658947991,1.99163463747111,-1.08705878747359,-0.376617684323779,0.106845345901941,-0.55098682098691,0.0424929848795504
138,-0.852787725798137,-1.48784687782483,0.103994951822731,0.302772168879571,0.471272349035636,-2.10267971543061,-0.00873787018193734,1.13201522576511
139,-2.00541773850415,0.967010425233801,-0.546222496635929,0.181234367886395,1.2666664651662,-0.144737054941322,1.12298056463081,-0.156634530970206
140,-1.96465256492874,-0.371536507061644,0.25195523291526,0.609037432504359,1.42755220149575,-1.07640947377708,0.290894802993468,-0.145776998596035
141,0.04224367772621,0.766447452859675,0.524527242259387,-0.09499580558135,0.0095844732643773,1.88994637300884,2.21071700004474,-1.00445844496209
142,1.94612037999288,2.195669038892,-0.15666118703537,-0.274605232527067,0.00684708645281376,-0.328383128912593,0.665872308240519,-0.515784456083869
143,0.279065050843916,-1.57949945880706,0.68123630130847,0.490866489980306,0.546002511869502,-1.29742052350554,0.314820688044166,-0.853924689104233
144,-0.874008504825889,1.51839246708542,1.31923087532982,0.699295721039092,-1.40498368920321,-0.274778841098498,1.12286640392825,-0.60982740307089
145,1.94348247612051,2.14755433878917,-0.251796449588789,-0.297658272658398,0.180703675180314,-0.277229527702089,0.683366979717579,-0.621631624305833
146,0.081956544032326,-0.209692303758383,-1.75158690979563,-0.91658489335324,-0.865217348994545,0.809098380292179,-1.40535809593049,0.0105427122029177
147,-0.799691395291294,0.149095827145552,2.04005912422219,1.09077587481596,-0.715587003090438,-0.925351851890803,0.390665670673531,-0.783232512345451
148,-0.896640471166364,-0.20669165422032,-1.30006340989918,-1.37620980289658,1.67268809476411,-0.418988510772465,-1.41095996658523,-1.19396285429213
149,0.228420756013067,-0.272530110529055,-0.673836405473957,1.85004333437917,0.0134826749086141,-0.359022923110942,-1.34343275628462,-0.69180106034099
150,-2.24686294694109,0.672207477889422,-1.02332128735879,0.178015109766989,-0.336627822968982,-1.41943548564145,0.663066799383323,-0.0596153185997569
151,1.47532231285497,0.638749456700343,-0.778091133926595,-1.73824603714556,1.52843934708967,-0.0953170938962032,-1.16605399659304,-1.99428478360648
152,1.72611337310565,-0.972676766837397,-0.16942008021777,1.52075916295365,1.85340879088624,0.731294409520314,-0.880572980431344,0.300150062249322
153,0.779296015237629,0.528394612318504,0.627673444918409,-1.89326015170554,-0.697346568024564,0.860574985356767,0.0274274995808227,-0.281451762144075
154,0.522634255615053,1.01698023001753,-1.77749862698035,0.396186870347665,-1.33581652067208,0.842442177624319,0.516403116374356,0.80229588170992
155,1.45837932831962,-0.710289706245832,0.487793713047932,-1.2014342588025,-0.893024063696977,-0.876460501436649,-1.46017281388181,-0.593129000382229
156,0.0931575815174877,-0.493950855225242,1.72045057883601,-0.931560339492869,0.205831667733575,0.272788688972558,-0.519311783590226,-0.315943573747607
157,-0.0777609072157421,-1.46137775056312,-0.142952121637099,1.6979053542832,0.761756387912167,-0.189661281968385,-0.690275720387791,0.350085704351229
158,1.4587693336583,-1.02852856980873,-0.149824550284901,-1.36483993183104,0.468183507901031,-0.412376651343873,-1.29955747881186,-1.35225220379405
159,-0.159162194373866,-0.924971340142491,0.975614129908326,-0.99795799339097,-0.945606832742437,-0.881102042595703,-0.938271325603711,-0.50731511062018
160,0.578051769523769,-1.89764898595145,-0.177134077226036,-1.79572784957424,-0.710853138468037,0.341484588868976,-0.190391817735547,-0.835071687731257
161,1.2110244226022,-0.307099808386327,0.43549145265057,-0.414207560510212,-0.45480255571061,1.20291123219766,2.03290844648214,0.186808457685946
162,0.586288639144165,-0.430958852586593,0.164477073435199,-1.45245664388275,1.30915893264897,-0.122603963924272,-1.2239730081257,0.980074043203324
163,-0.991375854983263,-0.865472679081973,-1.21117148826467,-0.32440324185952,0.130102800999663,2.05857331208219,-1.04798634503495,-1.05711151155609
164,-1.03569517838295,-0.675120042203343,0.349356424290906,0.0368444312296796,1.08134248859866,0.527914019480348,1.18582318420389,0.485242845600457
165,-0.834054126599933,0.560930144449981,0.238849918059846,0.123631329868505,-0.0688948147465708,-2.3232874412045,-0.0611109398869703,1.39124197833222
166,1.36044675827371,-0.219012120492245,-1.98653298206245,0.99214094186231,0.337218078501116,0.220459862343282,-0.572977559403219,-0.0282720572541427
167,1.46572569669838,-1.34715217770262,1.7310818746414,0.0355621185217724,0.967788515332389,1.34666125497315,1.58963583064771,0.200476867085064
168,-0.915725759567841,1.63716044442554,1.21044552759995,-1.36743758086842,0.865356237072565,-0.00476327141488332,-0.628175689593681,1.56207320554541
169,-0.414072536820597,-0.198875286714655,1.08126935053984,-1.26418730654026,-0.819139651370537,1.3674941623965,0.118491758812074,-1.12209654823798
170,-0.337756642657918,1.43759891141912,-0.544997851198491,0.0782582512679239,0.822049146260707,-0.157754436876924,0.598878523672291,0.201084258095081
171,-0.089483248945925,1.97544682507898,-0.711966426229426,1.11002491838572,-0.0281921712713411,0.522319461317112,0.090558183894778,0.682214800899717
172,1.09659962792805,1.41446875756475,-0.0225174337814971,-0.679528959649954,-1.17744116655016,0.517945589644293,1.80946778787495,0.107519846062591
173,-0.571613888226133,0.655981368036788,0.30598409084731,0.0115708513937287,2.63459208086725,-0.611015513845612,0.551852320921022,0.749066195344949
174,-0.889165668661759,-0.165502965869243,-2.13311315513108,0.925694836768621,-2.1045023287181,0.469436753242559,0.285950813185981,-0.39948244696028
175,-1.28260149283059,-0.00130455925316105,0.743143601298068,-0.783372947304867,0.694771250673573,0.342839983708618,-0.571142084363712,-2.20555103562033
176,0.05345452496405,1.57458403188509,1.92232530217895,-1.0647673219784,-1.11075624672299,-0.388408051537337,-0.728698661136524,0.183724518495747
177,0.199027523405347,1.86230608509164,0.154282926791271,-0.052603974501653,-1.07438956556076,-1.07424582088364,0.921185821470237,-0.283850774529833
178,0.462200295334335,-1.13185413703859,0.182799305830588,-0.404258500008544,-0.401595034509397,2.20908612521393,-0.91376460557676,1.11377853759523
179,-0.630229654483317,-0.902695208682799,-0.226970323693936,-1.4926106360567,-0.379333533806764,0.863994079851088,-0.0725948520239126,-2.08277155706452
180,0.376253314365503,0.252730912346061,-0.963564889899097,-0.859805453108342,0.64958578429318,2.21338146385611,-0.896481705370769,0.137775186294476
181,0.12593974609682,-1.89201815061629,-1.18189186032016,-0.587984082709843,-1.14426099293114,0.940600455999952,-1.37892525345388,0.416401927179541
182,-0.361430911880706,-1.37346110911902,-0.0736993402482273,0.194239422287188,-1.67798880933275,-1.01309503539943,0.661815752191666,-1.43107254744014
183,-0.451581216009152,-0.116871544912266,1.26313936103424,-1.19916127832699,-1.61300479891342,0.984201499936631,-0.0170634258644111,-0.802686499411576
184,0.0939709112518617,0.774089588535121,-2.01274811148688,1.32996380127362,-0.0126949888823309,0.335414758499974,-0.600744748445419,-1.08779266972635
185,1.55750032861637,1.29887606141473,0.505553319279776,-1.45013717735079,-0.312127362485306,-0.472957802519078,-1.29031655906419,-0.694265290263803
186,1.32460624472241,-1.64502138756275,-1.32756542204892,1.42203617442074,-0.0364757011539042,-1.12445187727171,-1.55403082130699,0.0278287927867305
187,0.431797530320345,0.796163088053542,-1.26509551166523,-1.94674131933207,2.2196505750189,-0.373241756998751,-1.30025071630775,-0.144060166687721
188,0.379537422378889,0.51749931160455,-0.434773948254817,-0.726066135619157,-0.440167218868428,1.85271152411344,-1.02102655419122,0.757408265921763
189,1.06214569903897,-2.31003080686235,-0.00803199336864589,-0.210852788946429,0.291838032368109,-0.102525430011411,1.0566963283567,-0.75684245640701
190,-0.0377219595240564,1.99345962406025,-0.700196164106586,1.08754669321587,0.508148481749658,0.861096537047636,0.211821697332452,0.55380954100883
191,1.55108585087296,2.33936843663734,-0.911672750984493,0.968957838229111,-0.339021741750671,0.472947535683626,-0.448236940037336,0.875583034802022
192,1.77905476211256,-0.178139770153786,1.40309027959295,-1.12506667580819,0.637010118485468,0.612698757462814,-0.919869259727866,-0.387152042439769
193,0.289652046015936,-0.0438222604789227,-0.238579872267576,-1.09097231460984,1.30729509811721,0.401074204852112,-1.07803210078752,-2.75396518206085
194,0.656424997365241,-2.3284993453283,-1.08284855954633,0.956111227571587,0.510677873783949,0.858559975590251,-0.00296732476659631,0.283714283082518
195,-1.20145983665448,0.595839097452177,1.90111940719213,-0.526921595264963,-0.889587841597415,0.0491966385013594,-0.666420253215499,-1.05208512961865
196,1.14396000019663,0.999662139008857,-1.12792613023574,-0.42232528802567,1.01084776694403,0.839985583883055,-2.22883834828659,-0.296378216027461
197,-0.490539033858581,-0.668526216204013,0.170556985588141,1.56262702776537,-1.26632537884984,0.849279800103529,-0.0643997749870128,0.41672167686977
198,-0.118612406893063,1.13424315655362,1.12112954123111,-1.18511394912656,-1.2718485674958,-0.963048022250704,-0.940961969381036,-0.295432139334016
199,-0.380389121496685,0.350843846941393,-0.475713073950259,-2.20232715861614,0.0458012974047849,0.249362848585139,-0.231157038072242,1.15553440707051
200,-2.03859331668574,-0.285287824640857,0.459438101577422,0.698561542059173,0.184044614267499,-1.72268236298048,0.0614996083239786,0.304310606472329
201,0.601354663334152,-0.359532397054447,-1.97551500424504,-0.471231365661845,0.72166183676827,-1.41489323486738,0.205882702638843,0.429329113799093
202,0.540233504013377,-1.86117393518038,-0.0863130184538601,-1.75385550929839,-1.31430582005196,0.0220101120683525,-0.30388842520334,-0.623056035017661
203,-1.86250228801431,0.170937640640772,1.29056092447426,0.824586950404364,0.32509058821137,-1.14270174342053,0.275924842566219,0.807976336052419
204,0.409180877508312,0.398454627552736,0.621922028158715,0.207170518057513,1.62708985297914,-0.630174967022565,0.578356676635309,-1.1319611900124
205,0.834557531002276,-1.02630223335849,1.4477136244205,-1.50613181243215,-1.38685233098224,0.88656591595427,0.0182306154114954,0.391009877274839
206,0.314886352339741,0.0419768308089492,2.68978399474423,-0.792632047656189,0.547713809715758,1.05895067950889,-0.229982254435164,0.226485289024576
207,-0.317461335367144,0.214254120506442,-0.412586296755975,-0.157726898566488,-1.8973240091823,0.154705412732076,1.58221812433178,-1.12900021546251
208,-0.812605518776272,-1.06340048025355,-0.46321208025496,-1.4632669240853,-1.8545677444436,-0.188691691038369,-0.451078475310524,-1.86190633255484
209,-1.09109738410091,1.37103023373197,-1.51623693413966,-0.442604055524452,-0.538987247295057,-2.15019718984567,0.491613833024751,0.837731357886609
210,0.454173090993277,1.00205965502291,1.8098174840735,0.489083189606148,-0.413012049653939,-1.18801919490705,0.388838167834867,0.156524988838102
211,-2.31009724169288,0.152508807792548,0.241399879570853,-1.00353500327246,1.59119763587565,0.183130521562247,-0.663182869791379,-0.416946610628271
212,1.56840691756334,2.35765528960045,-0.883178815677059,0.967721360599841,-0.211802477176314,0.568542247016047,-0.413807482072261,0.861807467317229
213,1.05425898416971,1.08634470116019,-0.65986750776538,-0.821822236900196,-0.280250368370553,0.695131357735211,1.86747556238941,-0.533729725628603
214,0.716431422253101,1.59030749465808,0.191904960154705,-1.71396216603531,2.20593417847638,0.482044062833154,-0.982095266787597,0.805089221801106
215,0.862744502841299,0.973986971771042,0.11115382111373,-0.0266946126106622,0.0768751402978702,-2.04750016408355,-0.483006110838697,1.51553049871529
216,0.80469322414383,-0.986224831471966,1.54201467121397,-1.4672858063889,-1.91144445358715,0.617940434654089,-0.0770504381846335,0.585280954728882
217,2.12883282180168,-0.969908028859066,0.875359183500024,0.347584422251973,1.66594342025344,-0.228189024736718,0.179410864537864,-0.767860721239387
218,0.0453630041222347,-2.03302129892861,-0.268044168775181,-0.374413792618406,0.790003039902571,-0.365304725400667,0.929826476194391,1.28967895981362
219,-1.19178683935122,-1.04111759119578,-0.310431768829759,-0.055172965814487,0.792570741195267,-0.0418805658019629,0.97648275340658,0.13025351617959
220,-0.507033587495324,0.0551273863241673,-1.00855744195511,-2.27635224187081,-0.193755029241586,-0.214727700787984,-0.401623951744405,0.870454644753982
221,-0.422910449431618,-0.913987246839507,-0.35286505549317,1.39533933019302,0.581103003137399,1.68185725514356,0.228969156255955,-0.391613851983517
222,1.30244732253483,-1.59318740140139,1.31495443678199,0.00945477603939423,0.0825132210646434,0.552300983101638,1.30202927085203,0.154941543247731
223,0.037941321076051,0.979526791785164,0.731796531151743,1.66040339782336,-0.301353077102361,-0.295139335283874,-0.695246333769198,1.22218873420932
224,-1.71156539347514,0.347616766681001,1.57356365667977,0.822695710157204,1.35982893961853,-0.334800308273806,0.567254218534321,0.729194847948015
225,2.01081577525172,-0.672919953487735,1.52565510558516,0.57216353874391,-0.997998406066034,-1.49067419681957,-0.266648022550909,0.329934290790795
226,1.56905231441677,0.931741547473162,-0.241155409869903,1.37531095964442,-0.153718620476492,-0.519301887818404,-1.30306245281615,0.797388680454297
227,-1.5498417346044,-0.114426364559358,0.491438347027864,-1.45357551318264,-0.9095530740365,0.545069077698864,-0.211312163078004,0.859650133557343
228,-1.47276488732421,0.562090532057174,-1.54341521598531,1.50368723135836,0.525093613784447,0.68503750479851,0.0477046808035455,-1.16372802835208
229,-0.603213529451728,-1.11362202413364,0.736358730274236,0.341731886990958,1.83229704490019,-0.885810138725852,0.431799780974851,1.19722375573942
230,-1.27882813621343,0.0329143557537387,0.804002346943002,2.25262212499864,-0.949848266482048,-0.340160696539426,-0.804794302641551,0.267601586656619
231,1.63858747148104,1.15112274668518,0.171519879218185,-1.57557433855358,1.27821283367973,0.312853411629686,-1.01208002802621,-1.314466260664
232,0.50212357579584,-2.4061793160328,-1.16597501834106,1.01082251129553,-0.985927512018572,-0.116573555565828,-0.352425764192894,0.609380291084272
233,-0.0842801789803848,-0.853505190746338,0.837613744048218,0.291022134385936,-0.611535091869023,0.186915487336263,1.09867101682395,-1.11009218825948
234,0.505398198413418,1.00579530790779,-0.51349577273416,0.268833899352572,-1.07292582163126,-0.894561262714766,0.366321035385822,-1.63944627839298
235,-0.521170736279275,-0.916581603142883,-0.311913942455212,1.45421241005387,-0.571755739101511,0.992935884868335,-0.0170807021105093,-0.0726075553476638
236,0.882071702928412,-1.19803111379608,-1.1945597887926,-0.669457303089188,-0.553470927953181,0.175508459528176,1.65173875414711,-0.846153199720867
237,0.840968637473178,0.510799500087849,-1.71251821577701,-0.98623328423303,-0.353295794114441,0.0258872025204813,1.61926089328087,-1.19842732929072
238,-1.64739455002688,0.461836920369515,0.613774381393707,0.605445059053016,-0.65459662717441,0.894278025911598,-1.76936141356914,-0.153567428126426
239,-0.0394631448585331,-0.490287830923797,1.54409296870138,0.449791108284435,-1.62898806878457,-0.023686016076174,1.02929372733179,-0.393469206360779
240,-0.279643572378219,-0.367888417112202,0.91967020384041,0.289337746418811,0.198505583172875,1.25642010759055,-1.56860584514235,0.959844930972707
241,-0.707352162936227,1.64594263778684,1.49644531182452,0.662584019073421,0.0253822854357614,0.715155980663649,1.47841029139208,-0.857623479214805
242,-1.55015132092624,-0.159955055590677,0.400389395305634,-1.47672920112006,-0.719140608077534,0.608887263358112,-0.189253585869311,0.752255737444531
243,1.47707663803225,0.386774828834485,-1.28953221049918,1.15224956405034,1.0798890356794,-0.377670794299781,-1.26122959511936,-0.195972296020861
244,-0.242379851210261,0.563576854094011,-2.39040685336064,-1.22397779479701,0.312236829484178,-0.381087378633172,1.43730289871392,0.534416804913905
245,-0.685512903196256,0.667884637310573,0.383318747649583,0.0874588388582361,1.23468820401773,-1.43119798493669,0.259162760645621,1.15435123919067
246,1.1116608423633,-0.414947024421858,0.0138334365789258,0.0902761843754589,-1.31300176189602,0.0456428570811735,-2.52872242176698,0.999453591339771
247,-1.57009685079312,-0.245842506318258,0.23772346949084,-1.50854476459339,-0.589279637948533,0.592788607117473,-0.196380108147367,0.61373725662346
248,-0.732819468166319,0.618196096564243,0.306009563389657,0.0909669761338644,0.886142164757587,-1.69265295003647,0.165002198213662,1.19258348586335
249,-1.01040324044613,0.777600977116109,2.17546084736453,-0.55078782165152,0.598711776673412,1.13255222713489,-0.276646892467891,-1.2515357381597
250,-0.589230218202102,2.29753142387181,0.103852364924552,-0.275060229859643,1.45626926985985,0.0445957731766684,1.29021972210214,1.38315062457503
251,0.745349463183046,1.24186337807348,-0.153341805106783,0.242854069038121,0.763047218500337,0.454750599342376,0.85193641649773,-1.87138867264185
252,-1.03771282348115,-0.508223904211868,0.930577941146922,-1.17456650409198,0.594277465394128,-0.371990369428896,-0.787263465256644,1.41450112977709
253,1.34908721826912,-1.62544100836189,-1.29984317031771,1.41707609588501,0.17004043109915,-0.980258824600759,-1.50222653843642,-0.00656158044004946
254,1.00980606531058,-0.76983516016376,0.509260875320628,0.207220714330002,1.2809669703055,-1.10020297760394,-0.166245979358758,1.43381727961507
255,-0.636810579798035,0.541829579813666,0.0772025864212585,-1.15162525803022,1.55964438595165,0.327579988166458,-1.13235848693691,-0.271370608605436
256,-0.445201845199753,-0.0550886850057176,1.3838948936837,-1.17139269516582,-1.80080736379313,0.939609203506407,-0.0319958413880893,-0.676672976046149
257,0.367614884083104,-1.02913032877969,-0.93096595182889,-1.62517021542085,1.26879690378717,-0.796998110280119,-1.47438967228683,0.279311704094726
258,0.238056295418174,0.239782040069874,0.384467625977905,0.230662857175896,0.276465005837404,-1.60649191580862,0.227176349628759,-0.943490660240131
259,-0.82427499444347,-0.311264400508562,-0.179566069147159,-0.142632103611041,-0.253022941199381,2.43313742458109,-0.905341822390933,-0.29036391470995
260,1.51812568079614,1.92415892821067,-1.72786122141332,0.77626696489815,1.04051079523408,0.842503910975916,-0.322932221546544,-0.00408984887205963
261,1.23450877652205,-1.80467534283793,0.923249447255364,-0.0573534728895719,0.179294241206098,0.37995390116143,1.23709279518256,-0.123844522380535
262,1.95190764440541,-1.12313245740908,0.651541720198902,0.377424105285063,0.22338465537985,-1.25329497256677,-0.18910421831931,-0.54721972202897
263,-1.11137789263375,-0.0017947610834161,0.65583722348094,2.13223078628128,1.18160017392513,0.890589654360865,-0.365860134865622,-0.369215138352358
264,-1.17747192938777,1.31052250157184,-0.182983133360362,1.7064980856975,0.832499417372724,1.68173098832675,0.415622333768107,-0.358710447320336
265,-0.990070381269345,-0.863071459472996,-1.20697493692259,-0.323971946678972,0.135330554277029,2.06429527633971,-1.04590455714696,-1.05571376719809
266,0.495019997949514,2.25574382586659,0.803330082028476,-0.0322335569664163,0.754570730900506,0.441995764566249,1.46893500796902,-0.326507440470849
267,0.676168916794036,-1.95032342967625,-0.334631714422438,1.13791180561399,-0.867537785982901,0.449521823611691,-0.142964765637936,1.11893596516207
268,-0.0370156646840814,-0.593723885019288,-0.844874197834466,-0.725064056105275,-0.29328398576212,0.12696209632907,1.60662031757072,1.65645824534517
269,-0.0180236523892788,1.30399163434479,1.41389597057862,-1.15971077336794,-0.803952722493317,-0.500026942502969,-0.772897756628861,-0.224094784513222
270,0.646142911571676,1.32728775434717,-1.21395551345027,0.479614335705823,-1.19560340853335,1.2632750345055,0.671657131138756,1.13249952151876
271,0.686903226964289,0.0937863839415603,-0.199458483801583,-2.05948322746687,0.0608843862834384,0.839284633484399,0.0128528208066266,-1.01063209406085
272,0.137634179543151,-0.266759902158331,-1.8920426094237,-0.97995768469422,0.0375659510924944,1.28432378628339,-1.23657444315588,-0.309614754287696
273,-0.64170388314161,-0.602008621754239,-0.989157267740698,0.357817489652014,-0.111791438045642,-2.50317281412954,-0.749291010098659,-0.316719198972605
274,2.1525071851973,0.791700920616813,0.894314380648495,0.0972112080396919,0.464932556862449,0.54445627870521,0.961496171959846,0.0154756930772994
275,0.106513768869156,1.60307093566938,-0.321518450343262,-0.128836041521537,-1.06517142503547,-1.35061825768752,0.818336764806403,-0.595009185691522
276,-2.12004418391972,-0.516539891336806,0.0344914228468382,0.629898760645738,0.20501923632773,-1.96163301955455,-0.0275375239803477,0.0231775027265733
277,0.548355518243122,1.06671301202266,1.8950862209023,0.464527332433359,0.426998455510484,-0.617808289003534,0.593493043363761,-0.00120285921248167
278,0.671243312930024,0.283282928026976,-1.18239421745863,-0.263499678151034,0.752826626098999,-2.39620260596572,-0.618605331093522,0.50449199459253
279,1.16192761823327,-0.645105927420588,-0.218479465935293,-0.557428104002689,0.404485043428383,1.34679521297165,2.07886589267917,-0.455614633063993
280,-0.109065094746829,-1.22884259166926,0.337519653353694,1.83631007485862,-0.600299947728671,-0.74743326633889,-0.885721203971509,1.00742783828625
281,1.47478975006809,2.29743479289359,-0.959833968799923,0.994203694107004,-1.06401372369421,-0.00410997075485228,-0.619263017512457,1.02822074858154
282,0.157701022051275,-1.84166184465665,0.062491222651041,-0.345128960234857,1.30494866440135,0.149214032664797,1.11662677993849,1.37359601385647
283,-0.53630976354178,1.0834184973931,-1.1611743351633,0.0183154891405149,-0.0200633912136765,-1.04401021397607,0.276721938153884,0.0147581570856069
284,2.05789317291679,-1.03252765836694,0.783248123067794,0.358942352564897,1.09258013671005,-0.637499010308523,0.0322450293683849,-0.682209951519337
285,1.70776884569999,1.02825960931644,-0.112976703349478,1.33980703135183,1.07797682738489,0.318657920558822,-1.00228543413192,0.568159339000561
286,1.50421821413545,1.26110018057803,0.454911689969332,-1.43686003867226,-0.782236555461598,-0.793806354655149,-1.40549498505737,-0.607889452083532
287,-1.23027016052412,-0.166188518076993,0.382392531252204,2.12078747993753,0.474068491087809,0.290776167245215,-0.582685906469595,-0.367227154017453
288,-0.0659220955227296,0.705763939092492,0.45377736839739,-0.0598370606007478,-1.01298494126469,1.21540550653159,1.96887042591609,-0.791000349482521
289,-1.0183668789385,-0.297440577051718,-0.93229121104633,-0.124512752851542,-0.536573027177902,-1.83612699270978,0.583462537457095,1.18144718857159
290,-0.324344834022558,-0.102546187949845,1.23207700950573,-1.26977307581883,-0.166923759966974,1.86038295766927,0.296043683335254,-1.18965138307036
291,0.733133877245699,-1.71589023649947,0.114096396897296,-1.79755441394027,0.351332905424999,1.17124388281758,0.108824310773999,-0.915475145492929
292,-1.30667358003076,0.932060011090135,-0.880367515865128,1.59161440819665,0.915382168075049,1.3195663259637,0.2802249011598,-0.832373218688477
293,-1.92729889234239,-1.13105055540933,-1.36759683787169,-1.74355196972393,-1.04696545824367,-0.642053430765796,-0.651532867726264,-0.312106622532238
294,0.396746455261044,-0.97791981159689,1.83093665695754,0.727204656334048,-0.624443747377163,-1.33990888589526,0.309299091519139,0.189179499331798
295,0.665162468304094,-0.64792907929529,2.36585012212694,0.731940531594701,1.14832814025098,0.0739093160355777,0.819455888869466,0.0866964438581773
296,-0.226307699668734,-1.17581985652484,0.258717551791392,0.212784747131883,-0.919924828520514,-0.347059289060856,0.902822318540235,-1.40760216626523
297,-0.000607893118633609,0.545383770317009,-0.150444985704619,0.316815411723393,0.303403196393888,1.29518141968933,-2.15186469383372,-0.648441187568142
298,0.213899081123952,1.8065278393135,0.0355742555215525,-0.0903141507217219,-0.660460830298744,-0.888550466467135,0.986601322832924,-0.465893512389931
299,-2.30449810671924,0.603917226200463,1.14294509155455,-0.775520429192543,-0.266741910498243,-0.431782162589185,-0.875521628436074,0.639477000539563
300,0.972929664500928,2.46972713244508,-0.443057904185889,-0.466387918447058,1.03395140135133,-0.279583856219789,0.65021729097671,1.37944459815281
301,-0.932615646844342,-0.283199357090815,-0.072469711162219,-0.0618632494294637,-1.6559809789467,1.62870953262342,-1.19214627990314,0.135012742512811
302,0.0420482584267285,0.907623505285296,-1.72089325393958,1.43024158638594,-1.19696000637966,-0.224189326317794,-0.798432656729648,-0.597970288502424
303,-0.510295586695668,0.615351207088512,-0.746990858298104,1.09392212900751,-0.945313636192771,2.0083032945031,0.847994195074873,0.206151573142369
304,-0.909582298359333,-0.309940504312987,-2.41283414455225,0.864148241874792,-1.73063448263858,0.534894148550152,0.307008024615984,-0.67586908190862
305,-1.11609247322596,0.916578879183196,2.50347135572609,-0.414776476597106,-1.24563859105949,0.186030750359887,-0.612412532920161,-0.570813353125122
306,1.7349280452067,1.03749699563524,-0.107229372926671,1.32790299003361,1.36030730883802,0.496724733663106,-0.938551030108527,0.500275493744049
307,-1.5810038605705,0.527965462857593,0.715050228086322,0.598673320007655,-0.150074704754981,1.26643359865993,-1.63540682752917,-0.215807903388474
308,-0.87661967741211,1.26673785924304,0.816390925314243,0.571867775539662,-0.363161034056104,0.0716245428507933,1.24252715517115,-1.20045921080815
309,-1.81769286315683,-0.851404517608783,-0.858939613321308,-1.66732717067281,-0.940728766848388,-0.274778248658788,-0.515895741974826,-0.00890857612405191
310,-0.0585598490686177,-0.610140647596669,1.55897506285618,-0.898176915178068,-1.09600611623198,-0.628303383942916,-0.842948399987498,-0.0905337565357888
311,-1.02210676739497,-0.627311921267542,0.589364597307788,0.828969856822458,-0.0404842813321395,-1.3677424280507,0.220236301904938,-1.89605208594501
312,0.201495858100755,-1.60120069756421,-0.634866762809449,-0.485169402295577,-1.48897566732028,1.05164737384918,-1.33460595079693,0.858888221276989
313,0.220803922256692,1.20842376293021,-1.20233985595148,1.47494512949437,-0.361804554743691,0.599887474770445,-0.499336014198624,-0.473242030215664
314,-1.50160605013486,0.931488948238801,-0.789961946594164,1.71075510126608,-1.39120793380214,-0.0537751062629084,-0.210193357640786,-0.1886201644519
315,0.107218065043723,1.34996949390791,-0.979443381936141,-1.03497602212304,1.10107995000285,0.943397277222361,1.9228810955153,1.25011357551652
316,0.744323471333941,-0.243474297126589,-0.446250867320865,0.832209620741443,-1.30823951611247,1.61511108897844,0.778559179445472,1.6246675270637
317,0.426215589217322,0.455065572356762,0.69655998623757,-0.918854994020644,0.798266968561714,0.640561829332321,-0.984509758489127,-2.01789321932444
318,-0.92426344233054,-0.349790962286149,1.0992895877334,0.911312000219917,-0.0645210154090064,-1.0803073781427,0.327329072454494,-1.55898685867499
319,-0.031875296344022,-2.19205511810468,-0.550315513803359,-0.408629999581505,0.553024809860076,-0.679250128742683,0.815167866135388,1.16658036533859
320,-1.72946436474615,0.386379640235351,0.501176646550087,0.617040256903072,-1.30507523489808,0.425116428191684,-1.93810571847496,-0.0616530050765632
321,-2.20275210142012,0.578991516837851,1.04523400085177,-0.85063920613328,1.04471851821691,0.321606076162568,-0.60689265574066,0.243400582272513
322,-0.390057173662984,-1.48040516793978,-0.2744649496744,0.156946373229009,-1.56119324683774,-1.05986350938414,0.643399492452613,-1.59100564422984
323,0.781158407807751,-1.98115927162804,-0.445704142727677,1.05777554222515,0.507536250578853,1.23434251092939,0.136793668298997,0.698051508079014
324,1.97668519560169,0.192609670726974,-0.223096153995718,-0.102228864592598,0.936081340733877,0.17347742430651,0.819411894897918,-0.829291319159524
325,1.06906445011942,-0.784259306296116,-0.705896885165804,-0.0729783329845136,-0.243263301087972,0.280734188868343,-2.45069778887695,0.260967542873917
326,0.282649437460534,0.00845640556128501,-1.40888800253018,-0.927699023998007,0.582116958219034,1.90763657494272,-1.00957942525508,-0.134149291872611
327,-0.361149288526178,-0.645150349193292,0.156611560960609,1.49533623995563,0.166682301343777,1.72752125429262,0.249588132233693,0.044182687389577
328,0.144143815164504,-0.279094310064992,-0.647404155402803,1.89831352643221,-0.956817157965648,-0.943614332812423,-1.55229091605132,-0.428525011134125
329,0.0101457922952264,-0.439656142167307,1.86818956411107,-0.85286184934547,-1.00891134979089,-0.391108118115237,-0.755512948098817,0.0880708600689613
330,1.85554459715403,-1.56928481017457,-0.196848566508708,0.2077146961544,0.983797153186275,-1.28583859524872,-0.207882541924358,-1.29075120635792
331,-1.97459844847044,-0.453452027748697,0.0925488140999831,0.573131648825149,1.65892997851196,-1.02777389413484,0.306948070274359,-0.307929999174368
332,-0.555927414019554,-1.77173465413265,-0.684750193743497,-1.96495273058685,-0.956822037831297,-0.528432129238087,-0.536489421235732,1.23949401246545
333,1.98193338971991,-1.23247251881891,0.418431169512433,0.302966991012111,1.04514175522715,-0.88312491966746,-0.0586735455495857,-0.906962481142304
334,-0.147790727272579,-0.12536523660558,1.34352188939037,0.33289855965416,0.726508664186796,1.83433849760061,-1.35834526845522,1.10101711113142
335,0.829463105176985,0.567314373718857,-0.226163592578811,-0.135780683812882,-0.527296135065032,-1.15045329071372,0.315180713578383,1.8815532586317
336,0.233519920268365,1.11446749758401,0.9102310251945,1.609760530399,1.44009999757466,0.887968195898686,-0.270603476639037,0.896276151704318
337,-1.96197426391596,-0.299595443735567,0.394795927384,0.644281921434652,1.15260716346187,-1.16181815083186,0.261550148473328,0.0166749690479805
338,-1.90216397357786,1.39275397642896,0.258052586688545,0.336257936972134,0.674874851691061,-0.034031981105873,1.16934230730697,0.515492550925999
339,-1.87774465399703,-0.9618606196217,-1.05198097505693,-1.68716674897802,-1.1812054176072,-0.537988604504953,-0.61165798482243,-0.0732048165923752
340,-1.07926027641599,-0.711140423145956,0.29766751012701,0.0450681115351495,0.718850473186313,0.273020359160849,1.09422487772531,0.543641447416603
341,-1.01593695728617,-0.439328736805675,1.05834857009441,-1.15258461790269,0.558531956495399,-0.318355984953843,-0.767005831958815,1.50649798874784
342,-1.0518365922419,-0.699809439789192,0.458113980339003,0.810014304865769,-0.0835993314124247,-1.4722258080262,0.181763114735445,-1.97030436965621
343,1.73118734525393,-0.831011070331683,0.111954516866743,1.59028490264706,1.30961908549523,0.56169771134445,-0.938861959515974,0.62071128093049
344,0.652199365165628,-1.96981141414584,-0.362409086409091,1.14260591265641,-1.06838985625891,0.308800081036351,-0.193527989586684,1.15185385226442
345,0.417444947851663,1.0235740631565,1.87016027834223,0.522617033751778,-0.939777764638422,-1.47812121959817,0.285590223587553,0.329306708557095
346,0.853568792350259,0.240308309576314,1.28815380987288,0.802110255561382,0.286416390195206,-0.489926014862453,0.0206130486820284,-1.28127546933528
347,-0.152204702168095,0.311236242814025,-0.29594254748006,-0.209253792339362,-0.353232535183807,1.17908596804397,1.94957192578382,-1.44495675472463
348,0.847133348042035,-0.987611160346409,0.14945245308247,0.195231296980959,0.282402485377913,-1.93125963718711,-0.466503182108822,1.45357218841351
349,0.130207665546318,-0.613375926020811,1.2178611323706,0.282725774392824,0.905505242749047,1.35083660068696,1.51815001417856,-1.24809443761066
350,1.33688762031911,-1.51117739917511,1.46304637937453,0.0304014802115948,0.140875222277341,0.676200910011626,1.34758855065166,0.236257290515385
351,-1.18828783030946,-1.25269166693968,-0.735859706002797,-0.165794567291203,1.73591484811526,0.289493631532077,1.09141968329141,-0.385154364883001
352,0.0720943559586278,1.41121809437927,1.58634782932024,-1.15994840882395,-0.193566808427524,-0.0201840470898808,-0.599829599727576,-0.266991064062434
353,0.841291964702069,0.865978518290102,-1.00124352890015,-0.804324790415769,-1.86352216303333,-0.486718279209943,1.44191147759029,-0.353698054566811
354,0.392785069837761,0.804146538295348,1.41147260997378,-0.719392381644322,-1.08578749084246,-0.101150118708299,-1.24376906301989,-1.07597986038832
355,0.666640145141156,-2.14259744062503,-0.715283005147004,1.04516770210203,-0.1607833071188,0.661078848644924,-0.070503961886059,0.69260232002536
356,0.211387107936327,-1.56562233158749,0.5901871711147,-0.236491610923758,0.76417336431389,0.127511826358124,1.11330537550085,1.85326816989671
357,-1.19268516997356,0.315926309497654,1.33633076357165,-0.675814019904574,0.407561862335461,0.516828508390621,-0.503923114938862,-1.74768955358481
358,-0.182951951907918,-0.318526564485319,-1.30285265851047,1.20923879342662,0.671941262918083,0.571533393678144,0.0777944326559953,0.0864236642235449
359,1.24815638704235,-0.254918696703735,0.522571745980775,-0.410203820091767,-0.237402559321986,1.38902737342226,2.10020611164456,0.188183852839968
360,1.88036211346713,-1.46086347905751,0.008664796813991,0.248098755326318,0.815588724198132,-1.26806125796257,-0.199795083515523,-1.11469550396594
361,-0.532994838855096,0.204178400907396,-0.697814397404318,-2.18402489760186,-1.1366469252242,-0.613812180684983,-0.54174268155948,1.31131127503969
362,2.01587582163789,2.40965059466878,0.239185233577886,-0.207631659910873,-0.079042118434225,-0.14684277261925,0.734131630719801,-0.237073132222024
363,0.960532552349933,0.347822330450861,0.174958614592577,0.923877457277904,0.675741582557947,1.7399662207494,0.348247054193743,1.09291185593524
364,0.598153810422517,0.832000243212541,-0.905171114547684,0.122895497176789,0.76664105264281,0.0112577814402747,0.686993623501893,-2.36027714841522
365,0.653051059991994,0.999990090897677,-0.59446836639579,0.175391793329004,0.700806145703557,0.15472767468651,0.740920484501407,-2.14191540645093
366,-1.74840041641949,0.402446932840079,0.542252823955484,0.63688020312715,-1.59786917402478,0.26833550077287,-1.9938331627923,0.0392758616111586
367,-0.425411776390972,1.30266759625611,-0.774099447094038,0.0627821326306756,0.358936794717056,-0.580073084004697,0.445907363256315,0.169855388261951
368,0.273278121392038,-1.34668502891142,1.15028335956564,0.613780188062075,-0.514985921588326,-1.6757143811326,0.183469869384618,-0.280364780728743
369,1.04240161304829,-0.175094366686066,0.317471927835145,-0.322243208929895,-1.0713872062416,-0.719281060399388,0.864244237298416,-0.165102763426485
370,-0.0134964342517104,2.30098800262397,-0.0955916970276632,1.23037918142152,-0.515825272304619,0.586065403462381,0.118543735886746,1.20596444970238
371,0.0568872476162845,-0.229832349297576,2.26651639621934,-0.773919559529915,-1.34968334364517,-0.3657767161243,-0.74310127710148,0.43304405953005
372,-0.603643856878032,-0.736925467585853,1.49108717746889,0.535134562933315,0.221418535374606,-1.43492135046247,0.241759653275022,2.09568759940294
373,0.478506983869651,-0.618854997661481,2.51174790318749,0.861209577397682,-1.1865902226303,-1.28405885246856,0.335002870941811,0.773652438864114
374,-1.36252675543867,-0.110900757115425,0.410528285549954,-1.56653418602459,1.29421129485442,1.86042823652834,0.258448493062147,0.248142290525334
375,-0.451254081336598,-1.01871487551383,-0.549323873066374,1.35900951930203,0.691798194955675,1.63386812522515,0.21015256656125,-0.547204232166354
376,-0.778758143502708,0.0260949554068265,0.474790691226818,0.00245024033466989,-1.15195897417772,2.26495427313783,-0.959986681040711,0.362366578910981
377,-1.48244105631491,1.07786573263518,-0.505768804553692,1.77406284880705,-1.78816833648954,-0.13086708779102,-0.235374075791901,0.0965266454765839
378,0.783635975982929,2.1215502891435,-1.05155784878732,-0.528925719626519,0.275927176133328,-1.10926867356096,0.348358047217958,1.17677166624179
379,2.06194510851603,0.751520689959189,0.856365233946902,0.132096713558211,-0.436517963769,-0.0357105323733158,0.753678725840617,0.21950093767894
380,1.26240032355215,0.0903119065392358,-1.78252787057497,1.13177813079015,-0.199244793664886,-1.46125651203594,-1.65292518872157,-0.191495484190091
381,1.40225646784707,-0.0246496611060266,0.65912500251761,0.1123430786767,0.465418285471476,1.52839199750866,-1.99298349453076,0.967179070036169
382,1.8140594025616,1.59857488611231,0.985360414447707,-1.45366785437045,1.44932435230758,0.901187965020021,-0.79481241503954,-0.829643883635791
383,0.317447944850111,-0.474027038465256,1.6491110144838,1.96199646410398,1.23422899728349,1.16503739961286,-0.190684532766471,1.39338480798749
384,-0.0293555409427655,0.588944078065919,0.202612846467376,-0.142136699942231,-0.0818654290547131,1.6425278345998,2.11951830233573,-1.19020126688972
385,-1.99138128690356,-0.592902337511953,-0.178889313147918,0.511915701305778,2.05458145510031,-0.94392995012098,0.334650975323986,-0.584466117655549
386,1.81329871374196,-1.29325364433727,0.375884805824099,0.375124477520257,-0.693281011908627,-1.98379758738187,-0.45268989899683,-0.493619981572678
387,1.76242449379137,0.08034477925839,-0.808957503376803,-0.107544299929326,0.820179296632463,-1.71633136429069,-0.341607057852704,-1.61185655281154
388,0.0588107517256476,1.30704587749654,1.38392861223073,-1.2052206026817,0.0931506133789812,0.0371867817936781,-0.581014091812,-0.471098744584963
389,1.0302224889698,-2.00398491761484,0.619973109731968,-0.0343785408202982,-1.39091214582269,-0.77122591803965,0.822818447844443,0.0776017646498864
390,0.661952295835109,-1.42776370809797,0.724646439635984,-1.60621446614445,-1.72005600568382,0.251769727382733,-0.214890280174756,0.00621946573730066
391,-0.438293354015737,-0.776017339584501,-0.069285648190866,1.47550392961919,-0.189249181335611,1.37340815314333,0.121037820298485,-0.0121531883252434
392,0.477416376434633,2.31752459896517,0.935344970645213,0.0102281342084451,0.282692449768938,0.228339271679406,1.39363110428663,-0.12112914991917
393,1.60292871594004,1.43208746366138,-1.5249425817183,-0.455836423982404,-0.803351306993848,-1.64077517343579,0.184978224335381,-1.19836146348886
394,1.29508573995316,1.64409520365951,0.0919029526088776,-0.184506476455632,0.0538826769076775,0.97113943597467,-2.1716662544357,0.738092931757282
395,0.291541387743803,-1.21129800051598,1.41288742208582,0.672005773273797,-0.87578040891501,-1.74323177289664,0.161531859933577,-0.018404039958997
396,-0.0456154522130611,-0.402559654249694,-0.45793178606092,-0.62178174066664,-1.21004506647675,-0.210782748079781,1.48908106267764,2.14014410756814
397,-0.176160738047836,0.354546416890937,-0.197941031643512,-0.172370234555437,-0.821620346717899,0.947424241861793,1.86754219037208,-1.26254030803243
398,1.83881571191332,1.87529674927809,-0.747974260623824,-0.373121129154512,0.101478367571231,-0.620396196845303,0.556457335473757,-0.923581409888854
399,-1.15407600541995,0.810235732896657,-0.333951135226308,-1.64538138016695,1.56704993615507,-0.486254308850113,-0.81337791885256,0.381691102959007
400,-0.120782475968154,0.67865582288226,-2.21701053834819,-1.23947645317829,1.26203015347328,0.309284776678374,1.68567531989064,0.406041588381469
401,-0.923468508194557,1.37736936008265,1.05998914839177,0.657294396919836,-1.38969698247656,-0.41901136516661,1.06909981914821,-0.781966490250549
402,-0.820918820338322,0.385742898361814,-0.118220552020145,0.0257618241335773,0.83348398111617,-1.97673063785345,0.0598312999256628,0.930592701735154
403,1.14044716542947,-2.20926989120864,0.157018927286823,-0.207165527883782,0.789815324292274,0.303389955165663,1.20326184888922,-0.776029474432539
404,-0.958598083289053,-0.353441728276332,-2.47694735197604,0.871875951118575,-2.12580194381417,0.252420665171249,0.205441177707968,-0.617246254793211
405,0.0962843239801894,2.32731737082331,-0.0944119358784986,1.17661696784611,0.672318816776796,1.32179248602603,0.38168829636766,0.905353055019882
406,1.22936745078882,-2.01347966345176,0.507427258386269,-0.161261111152172,1.00848449118572,0.646403204907122,1.32889000456331,-0.604062219989705
407,-0.285721417922328,1.72562237399425,-1.12020425563196,1.10216896113627,-1.28773186472406,-0.498896622702679,-0.278117535774917,0.736733791757042
408,-0.130011836961659,1.01741912191112,0.892483731235669,-1.23802737244066,-0.908880487789544,-0.874054087095726,-0.91105706927881,-0.535903522368712
409,-0.0425858894686547,-0.906602945913724,0.711676907386958,0.238252230852768,0.108689298853369,0.557810932753737,1.23026297099879,-1.3745194073211
410,-1.3469894813124,0.183643898549166,-1.28277749696963,-0.471200972957636,-0.238811451444683,0.248018039060776,1.57757091877271,0.227156394595868
411,1.67087888883834,0.707616395932619,-0.737902484073458,1.19800972516328,2.00784307132774,0.523423511709142,-0.934309119188019,-0.0733144579898941
412,-0.174316766403247,0.0960847796685061,-0.968812793808889,0.192881803399802,0.161048296350964,0.721952762615122,-2.36376774117745,-1.14349622570093
413,-1.29500561796273,-0.407412955325953,-0.0703792277922037,2.03677029576149,0.735551568382239,0.184116609715231,-0.624642937854463,-0.727426057883778
414,0.397805054044163,0.776903656823165,1.35454727154263,-0.736435993204168,-0.910193618435073,-0.0262693199449403,-1.21746677192547,-1.1574674403928
415,0.241198447881122,-1.48575945367877,-0.422283182933267,-0.450306068602221,-1.51079110230449,1.16418008194499,-1.29256950248841,1.00239974539872
416,0.00619975009788846,-0.297922333498675,-0.272677204199558,-0.599879066296017,-1.04232860402021,0.00279926819963419,1.56702808160923,2.21784220668915
417,-0.600548077055094,0.620699667462207,-0.693891053277467,1.15196132246345,-2.03717662278319,1.36431829776533,0.618118171746951,0.517571213856821
418,0.272919430633546,0.519891140577679,-0.379910295059947,-0.659515854377005,-1.71328018872444,1.09764460431618,-1.29061646301741,1.1159474626179
419,0.862798547542801,1.96262242895048,-1.40707012785831,-0.658913100171921,1.89110516370498,-0.320825489839344,0.627355169112375,0.53632959893171
420,-0.500731558003186,-0.130081904675576,1.25976220159556,-1.17582046279605,-2.13888994537969,0.656868352721158,-0.134163363526102,-0.671485750804676
421,-2.21200561232079,0.561574933645834,-1.26128983245268,0.0999350423936604,0.547870267325548,-1.01333167585236,0.806308391326907,-0.43842565556423
422,-2.33305724007495,0.3172596228634,0.582180226581533,-0.904996934819858,0.616931269109995,-0.217555929679383,-0.803621791452367,0.0513640636566207
423,-1.67838930134173,0.575332657878419,0.855663876552447,0.682626564140297,-1.50554665430633,0.511252730858075,-1.90431592301563,0.219278222573916
424,-2.00736999848828,-0.647759766189358,-0.281260153021153,0.493585472173053,2.09903723575503,-0.977117789433316,0.321919833666821,-0.662186565980546
425,0.580729228499508,-0.053152072670308,-0.443913158423881,-2.06976926800001,-0.570404589772971,0.303824066840688,-0.18071302312866,-1.00916730209089
426,-2.20792818474658,-0.731631227292777,-0.355063876717437,0.573463399956217,0.0809018393642405,-2.26936119522351,-0.140875297600834,-0.198181604049014
427,-0.197317086872933,0.319293287724253,-0.51092226293639,0.321416874766224,-1.06288900834226,0.236238949729653,-2.53363145546832,-0.535844911164339
428,-2.26728564820945,0.374614839496981,0.666173785606829,-0.915887598027283,1.15151873621341,0.162953576899327,-0.666824826667975,-0.0297197641573042
429,-0.00527416875871415,0.601441184056409,-0.00521607826030531,1.49302995630132,0.798450928389677,-0.0516940696663245,-0.614379322134744,0.464859333191589
430,0.517133138802426,-0.677959315440876,-0.393137971762358,0.537429426922724,0.215639970257046,-1.53045139709249,-0.36568115555976,-2.35456983702902
431,-0.63108620168108,-1.07718821955847,-0.581988887173542,1.43921082649089,-1.18909873900571,0.450914013444345,-0.213208801999177,-0.0913091185211664
432,-1.31834152380562,1.53409015451283,0.330983696326792,1.90743481115909,-1.7891602206716,0.364581433540624,-0.0511345856290137,0.639874758649799
433,0.592363913073315,-1.65726485642119,-1.07221783397665,0.00798304106650329,0.119192230057449,-2.75648485069507,-0.771927129378772,0.702042601818137
434,0.960816319735561,0.920247670504697,-0.0425455636776343,-0.11433548572482,1.46764038781057,-1.27824339819379,-0.209172848719826,1.06299876455903
435,1.45913739084083,-1.33055714373006,-0.760873042030211,1.50084147658639,0.216582341826141,-0.631942164316428,-1.37311489914,0.331452940589456
436,-1.48594117285543,-0.68226385773643,-0.531235603772924,2.01283396511938,-0.354494623339824,-0.763439331474894,-0.967416696385395,-0.75005193042407
437,-0.597169929213827,-0.734712029326988,-1.27587852960336,0.262492515106659,0.98141227911921,-1.9968590366796,-0.570619315597394,-0.780111571723255
438,-0.395534384980602,-0.300051111603147,-1.40607720840556,-0.373585627853528,-0.629739932282959,0.349894181024874,1.64366787104153,-2.09535559853701
439,-1.73584381060834,0.242312724120662,0.215605498123495,0.547083222029122,-0.766513282784432,0.588991162110023,-1.88189852727832,-0.383611968115738
440,-0.527602150234639,1.06550331016302,-1.2011481074598,0.00379497278281839,0.159449308372027,-0.956655488469431,0.3076282040348,-0.0567209871135618
441,-1.24066791711103,-0.950341566942874,-0.105649792684391,0.0213185405676915,-0.173397809157536,-0.518059260320523,0.807899445906318,0.508189301151001
442,-0.220937105355863,-0.124543979739627,-1.38883894594834,0.108325408268359,0.549314329520067,0.713138570579476,-2.37045458563107,-1.51460046656961
443,-1.30629692204198,-0.0218517215963815,0.707206064797965,2.24137247837944,-1.04176628197621,-0.454409323984464,-0.846470129456248,0.228091035800319
444,-0.322285780706241,-0.203946562894547,1.02800418475287,-1.32302441447616,0.289715521151027,2.0218930894211,0.352090958905459,-1.43793364732572
445,0.580398010688999,-2.43101471747211,-1.25248187333199,0.950130870875159,0.0471212624217683,0.471221796824915,-0.142927220734366,0.291196153879046
446,0.268177990917298,1.48981904020095,-0.660951848352687,1.59019579421349,-1.00017783454005,0.525924959324167,-0.521233233408711,0.0400730813871496
447,-1.31597854963784,-0.0593034087936668,0.642646850109955,-0.792660145664743,0.546648924108601,0.191627601145574,-0.626069229362789,-2.23320695571479
448,1.51668557496511,1.86976451659359,-1.83613734054742,0.749260324291984,1.25532474389998,0.911204720369934,-0.29927232451525,-0.128855111412321
449,1.5027378612696,1.34744751815398,0.628561370474189,-1.39168122465183,-1.16785293195721,-0.929415344393084,-1.45253465632891,-0.397368634698349
450,-0.575394168081212,0.653393838079184,-0.640217809917558,1.15331261591747,-1.87859083854464,1.4942447946429,0.665038357039974,0.512182112520071
451,0.627349717557715,0.332044799154108,0.305744225269849,-1.90083596944301,-1.66018939740996,0.0740733839001059,-0.25657573002096,-0.246172181874715
452,-1.48938568687891,1.01165001243575,-0.635137920909079,1.74436778931151,-1.58816503025637,-0.083833479493411,-0.219641000356922,-0.038172311102568
453,-0.778938372932933,0.217806205089209,2.16793999368057,1.11328970399188,-0.762660635943266,-0.878660087606969,0.408441186127718,-0.688290681125845
454,0.525194923232532,-0.501107920785908,-0.0426893442640162,0.623164891771063,-0.442747851892867,-1.72999252049427,-0.434098590700262,-1.96010769426478
455,-0.214458050088272,-0.122839165499542,-0.89609242731914,1.32887472172,-0.535432213424826,0.0657543510408966,-0.0996759113852748,0.656687240722062
456,-0.741580487286142,1.86291797847495,-0.695131173877222,-0.404550535586747,1.5043109335382,-0.399355069837249,1.12471632293118,0.852382210623881
457,-0.616940354770391,-0.662495868615074,-1.12194383993366,0.311632197570685,0.439383710764623,-2.24091797990417,-0.656612281510779,-0.542712295266271
458,-0.927204669896515,-0.223040304634783,-1.31845551460366,-1.36586561861332,1.38033841545594,-0.610749906553718,-1.47969867535078,-1.13174472823407
459,-0.16001424783584,-0.444814381112975,-0.950462017461715,-0.652386271774976,-0.441496726996712,-1.49810884168476,0.544326914762824,1.19381159783499
460,-0.664584167991559,-0.140087110942753,-2.1876789712639,0.801126798057952,0.447379721852122,2.01577171713321,0.838542225242225,-1.08219281632976
461,-1.38529213724376,0.345622871681988,-0.940343542295608,-0.364683759705456,-1.38299967752183,-0.256807715049124,1.39990022945709,0.739641652613589
462,0.0263064182096476,-0.610433767126957,-0.908083245386324,-0.772428417903499,0.528012952028954,0.597572245991859,1.77440332575273,1.40710724715594
463,-0.779439149936946,1.87556666602278,-0.652015547020367,-0.374869644109861,1.00194670126065,-0.684574470793597,1.02306969850647,1.00779306391543
464,-0.365314811091765,-1.44064248888371,-0.111090425753926,-1.91198263519811,-0.11034641336007,0.335317106241891,-0.22274012537903,1.39711780865058
465,-0.61994297041481,-1.49525674763452,-1.4246170196018,1.2180322994186,0.725037167320143,1.1355202669143,0.024551810311934,-1.12374685030362
466,1.21924668809519,-2.00664662695389,0.525867071417928,-0.151556785630406,0.859473644983687,0.565151759068952,1.29998538846065,-0.554296658824848
467,0.0149690953860943,1.42196416635618,-0.641283156172926,-0.165604047642972,-1.3775197444595,-1.73341788982531,0.678736769146372,-0.723325048766471
468,0.510443409476309,-1.19123895319505,1.35025922480151,0.548170973161947,1.63166176323818,-0.229168598094694,0.702513342682911,-0.695074981297925
469,1.16130823872437,-1.72045830110104,1.12631528355367,0.0306754555114189,-1.04678485139131,-0.258155711917063,1.01058004831236,0.318955393832111
470,0.562756708365819,2.51266806360317,1.28613914353277,0.0579943513932897,0.461713182823036,0.547053350751601,1.51057184750797,0.0611455073946571
471,-1.93835477080259,-0.431746569728676,0.119003299955961,0.562054225943072,1.99571953623716,-0.803740709264885,0.38729670834681,-0.376187553262983
472,0.819771937674876,-1.36283253140587,-0.589268884248368,0.0196127391660307,1.5577924121585,-1.58020375860568,-0.347163343897918,0.650595717538525
473,0.448027562292002,0.506053842371171,-0.489865494399741,-0.77389776452288,0.419905535362627,2.35212215276933,-0.842874675624123,0.503490325826409
474,0.246095677812195,0.228361792193791,0.207187242070427,-0.55605702668194,1.49936432283688,0.388879235967744,1.22895428593486,1.45288049217773
475,-0.206485014756437,-0.927492367263032,-1.43382451236707,-0.792360640208293,-0.877903833190001,-0.583858837238641,1.34743754521928,1.42248939598907
476,1.20977235470096,-1.53630772267593,1.47240941087187,0.0953991723875477,-1.25771177735429,-0.183463337765723,1.04020626799572,0.597091132766577
477,-0.637492603987815,-1.26456739655804,-0.954302195469394,1.3470633418467,-0.466224691609832,0.677386277088237,-0.135343363549496,-0.516319761066292
478,1.25917730293232,-0.0384895123204152,0.489284579296252,-0.385020117240839,0.914056842148253,0.610842150732445,1.34141189910071,-0.557202479764309
479,0.152439600977828,-1.75081234095895,-0.911501017925709,-0.531821593563535,-1.43229529195555,0.922711403802663,-1.38304803898891,0.664960809296597
480,-1.61565980991111,0.0994573735522819,-0.126978993460313,0.400203017673576,1.26606005629017,1.64331390955437,-1.50770012930447,-1.12153708670373
481,-0.695767340613824,2.42986003549957,0.418942497727206,-0.141938599306787,-0.369779985842858,-0.898263735797256,0.955655071516825,2.05084485978902
482,-1.94171929783283,-0.33274741439295,0.318879573366742,0.61487426941985,1.53385250184179,-0.97097280527424,0.329167644888614,-0.129303033365633
483,-1.48876147867358,-0.344334710384056,-2.27374028879703,-0.655042475240294,0.332529310977212,0.0139850114317471,1.48552968913231,-0.560953425656468
484,0.0301039958737269,1.48158531706185,1.74701460208247,-1.09814274248669,-0.990914474449039,-0.418201290454942,-0.740829488156735,0.0395403184762282
485,0.902434494789701,-1.05793404091395,-0.923507503332813,-0.610103156023051,-0.909473970702183,0.115963686183578,1.63272326155023,-0.579924484110681
486,-0.642910529415287,-0.203280384132614,-1.46233618945407,-2.32559183630318,-0.701711763426567,-0.797986739644629,-0.614046454429265,0.704773392844947
487,-1.25460225397028,1.48930583835157,0.211345392642786,1.84542058124089,-0.843245968266586,0.878830591106292,0.131781183351015,0.322288555575937
488,0.79646059316384,-2.0844978491214,-0.659878798083483,0.99541649691383,1.12930594643067,1.49201932713005,0.22715019466967,0.401326685250385
489,-0.0591192715803186,0.670644008654734,-2.14805215481623,1.37072248355145,-1.38511936877059,-0.59382911059131,-0.934229698107521,-0.827491636126793
490,-1.39808405698347,-0.138978321380967,0.370988063368736,-1.55914439212403,0.992715035090574,1.65047094974629,0.18302402162211,0.29895423642008
491,-0.0442580151458724,-0.512681729031411,-1.14076542703917,-0.758105938466069,1.2189699030348,-0.583705734596706,0.869764114477917,0.64911117197115
492,-0.536903484170579,-0.930578095675776,1.07185494469049,0.394954153773227,1.83747709146447,-0.683709289265201,0.506904781755061,1.41366456098076
493,-1.38280318852475,-1.36362122005275,-0.866699008641122,-0.103492194054523,-0.0952985519140458,-0.920926355303539,0.657408960961813,-0.00558195520480448
494,-1.89270285572112,1.18875313843706,-0.155006177480036,0.225866335063785,1.65655846635135,0.32839334938318,1.29548883654306,-0.00161204156028229
495,0.754093668436125,-1.71537766053756,0.0993695100576411,1.21062883530835,-0.946025645212999,0.658260687553499,-0.0646567646194793,1.42053439111697
496,0.102510556928592,1.4773435066554,1.70451270996379,-1.14468048584877,-0.115158460385887,0.0983752309735199,-0.556432245925669,-0.210184388545106
497,-0.818829282561105,0.210599416050331,2.17223937360526,1.13403548047077,-1.20445747015316,-1.14942227506447,0.311638590225682,-0.573436763420489
498,0.0213877067075466,2.06909960684898,-0.576449313806568,1.09011266039287,0.885879497175568,1.16813655850215,0.322676631923211,0.538314912896363
499,-1.4405320762032,-0.146647084076184,0.375563044570654,-1.53706875817855,0.522597890995436,1.36235221181074,0.0800161311109699,0.421170584747574
500,-0.498210362633229,-0.669912137173028,0.171383789419813,1.56661660016516,-1.35128630850558,0.797210148669393,-0.0830156588143271,0.438808968736184
501,0.88259615470229,2.18057069774786,-0.979815810327317,-0.559296977727378,1.1965434750755,-0.49721138880467,0.567865560753835,0.98981832100192
502,-0.223564615694183,0.887450752860251,-1.7505212476263,-1.06944982885408,-0.84550081963972,-0.717953411122105,1.3222064137957,1.24340073832877
503,1.05567305064605,-0.592844941854525,-0.0638981570568116,-0.465531686995425,-1.07690519571711,0.521997485552142,1.78517568781116,0.0204768790831093
504,-0.746920045546688,1.66477864211765,1.5527569155175,0.696484482518461,-0.523603368757236,0.408918061428176,1.36935738249131,-0.681822045480536
505,-1.24348663633054,-0.450074279476025,-0.180025941384153,1.98333182951065,1.52766353000754,0.609141703023288,-0.47355430183126,-0.999514674633224
506,-1.31995673394697,1.32159213145625,-0.0938930382917986,1.79947292461556,-0.902456733522114,0.661242529918575,0.051391755037609,0.139191738831483
507,-0.817230233844412,2.20220614630315,0.0199945189524928,-0.184241498925444,-0.838096237307337,-1.42449378978412,0.764090516766748,1.91069671515621
508,0.614529604491822,-0.669681908786055,-1.23899099340083,0.693209017135991,-1.02884392877444,1.31798526820832,0.665620654001507,1.03926764297589
509,0.186685804242441,0.664204411049165,0.491966490382676,1.48662847791335,0.861210773436914,1.75266657047893,0.515332674186267,1.20334707408119
510,-0.180763685418216,0.189146751893244,-0.52707618089879,-0.254353394541121,-0.171078130043458,1.15474732597754,1.93892221142161,-1.64117881226008
511,1.54951068090122,1.0018336727699,-0.0915826323086241,1.42322143244794,-0.683982756177295,-0.758668865013673,-1.38741402985207,1.02897275417999
512,-0.103325484806845,-0.529915644852732,-0.685923564919297,-0.65172096774921,-1.35074219402824,-0.432986065595923,1.40769098977163,2.02785375912507
513,-0.636864773778269,-1.00566629405905,-0.430106104104234,-1.5413404593276,-0.0189833062986111,0.966491939977564,-0.0376455781246642,-2.30602155720461
514,-0.46862847044422,-0.712533258531189,1.47653543003146,0.464918088697071,1.71673089731577,-0.51849548522168,0.569399208635757,1.70695126255405
515,-1.2402635887361,0.43678516932369,-0.825856894910316,-0.406801003406071,-0.0537062499515442,0.633412402467707,1.71925306291377,0.476769355597279
516,-1.4691179372819,-0.518987184749929,-0.212092044609702,2.08624136143772,-0.85123454923455,-0.881538351333029,-1.0069695844781,-0.416911012520839
517,-0.911059825090805,1.34929596943304,0.997930214275979,0.635297974793017,-1.12304180973669,-0.290840259035423,1.11441832402559,-0.889884078728306
518,0.596476605317155,-0.535221377392627,-0.0491463793661596,-1.51215597426087,1.87428800873028,0.100359751320298,-1.14602707097324,0.698074081618972
519,0.136813817892576,-1.46866107735957,0.819424480063485,-0.141087424559735,-0.532492324206226,-0.53874958289618,0.876944295365821,2.3309593024971
520,0.349499990755504,-0.802873837996089,-0.469264711402426,-1.49806564932712,0.0897357862106641,-1.2526907882388,-1.63348418623696,0.878053360118328
521,1.89640473794092,-1.31938152861035,0.28451995642575,0.310809883999513,0.402508752978946,-1.36006847810135,-0.230380436364442,-0.830871696629042
522,1.78768750260407,-0.255120696297945,-1.03114165047526,-0.215990880288923,0.60593977804894,-0.509803157598961,0.568235361066437,-1.27001385422133
523,1.19969150408151,1.41577063103436,-0.068326541226872,-0.742024992611179,0.0381585661359845,1.2428007168093,2.06832856541527,-0.230554028424402
524,1.11432475670479,-0.530084864999151,0.940395846517579,0.266107226371769,1.497010333882,-0.710955988690464,-0.0234029144056105,1.65884642709973
525,-1.15769290302497,0.586423182094738,1.86170424937835,-0.558564935001173,-0.331019298249055,0.371379794575715,-0.551522310606408,-1.21935061367203
526,-0.0839873362123941,-0.424583065177305,-0.945644319453194,-0.688594366791326,0.372819271599414,-0.991488225431309,0.725561586403555,0.990384287364711
527,1.6410113163621,-0.0969759281646694,1.63049379625551,-0.998874472100287,-1.34413445185831,-0.478092481684015,-1.30807992733557,0.262969450251492
528,0.999617742993645,-2.20872804366883,0.224244341557876,-0.120602708761559,-0.880654601356594,-0.690167363000399,0.848479273467905,-0.308675788061597
529,1.85061903833325,2.14810035994491,-0.20708974725231,-0.240481669563554,-0.921614817964831,-0.932658452954913,0.449327380613674,-0.313007472307394
530,-0.203966423613568,-0.937923716409482,0.724732995999099,0.321070013081101,-1.6693898532406,-0.534431091429417,0.839729740580841,-0.915028994733261
531,-0.550415073156992,0.609941164139615,0.665429912993093,0.0540078478892533,1.13844980948327,0.147297369891345,1.30628369419367,1.79357678145778
532,0.052122702514752,0.888377118031759,0.511808795054512,0.460366602590328,-0.534100772236274,1.16968398762161,-2.19117644641112,-0.00616758035104496
533,-0.100270694204039,-0.83901160363606,-1.30648002160659,-0.812071602588964,0.00305608079397788,0.0366290910489081,1.57042818178444,1.28168396376741
534,0.501787108082258,-2.41273621174086,-1.17895051415541,1.00766682530065,-0.96196233801132,-0.10944027766914,-0.349983715404121,0.594879655139257
535,1.47138448538294,-1.45393598727265,-1.01375370380729,1.43007925926372,0.887591311791514,-0.366750754808142,-1.2803964620903,-0.00288384557650612
536,-0.834266250139895,0.0973766891192992,1.95270322961476,1.08544227693092,-0.904666689593813,-1.09411144263736,0.329573300120218,-0.791970338121611
537,-1.26317626760628,-0.330205392317619,0.0693196121161832,2.0568544095726,0.783458063040205,0.296572608110169,-0.583247233830809,-0.648905799332138
538,0.624119297275024,-0.092951246959048,-0.544009243967331,-2.11675974253006,0.113217576889016,0.667395576656005,-0.0515230486877143,-1.24753822151135
539,0.524298219424641,1.48630441617814,0.0738206723089519,-1.64956799277703,0.373411852348023,-0.721623961516713,-1.41358380221869,1.19327232292661
540,-0.116636812468617,1.17743978354286,-1.21988910176752,-0.986281067020481,-0.81507847744451,-0.384551989448433,1.44591341839432,1.58009225676669
541,0.246288858632166,-0.0429948815134456,-0.216557242632005,-1.06397984202233,0.790120223406941,0.0941876027993552,-1.18760554680854,-2.6084880228082
542,0.720065307690379,0.545843652276315,0.690441530426708,-1.84802356185387,-1.47333100999924,0.41773531645885,-0.130427037226613,-0.0438806529502652
543,1.12957312334462,-1.76949903532452,1.04299057952198,0.0249752383269682,-1.21364459868617,-0.410779408119269,0.955292642412503,0.307197854040675
544,0.184316732580684,-0.511071065279694,1.6374361690153,2.02457170888387,-0.184832706757916,0.280234640643489,-0.507234695940556,1.74575744232422
545,1.01909935729986,0.896523500553992,1.25241580426198,-1.85143942304878,0.573925753606556,2.01740229220794,0.446426750056134,-0.198423915143798
546,-1.17475300607619,1.65314209674559,0.502009840355122,1.88049937856509,-0.59581223166936,1.20421992296336,0.250603369186001,0.448182638766975
547,-1.55294270843723,0.795044773801756,1.23683348536084,0.718416796157017,-0.956188300364412,1.0770785095358,-1.69873945922474,0.327330639534996
548,0.459646709019247,0.764257056083306,1.30017228871849,-0.780809992694743,-0.123753669905666,0.428014277468028,-1.05544865934205,-1.39224306087059
549,-0.199753349769453,0.447725747560782,-0.000221860123352115,-0.1101405410064,-1.49828542754148,0.646031708057378,1.76141215891851,-0.962571545889267
550,-0.870921699368789,-0.164112429086058,1.54150317698793,-1.10032595720648,1.10308296362194,0.30495680370548,-0.540010814058015,1.68196345116292
551,0.807060946692141,0.648175278361575,0.854555406739616,-1.84885781617765,-0.879064664465228,0.882662973261278,0.0372364849768679,-0.0880999350910637
552,0.946415491323571,-1.39047281207161,0.659833301211083,1.25937935872894,-0.0529285988263199,1.5430284413126,0.25649881571328,1.55776760685938
553,-1.39911153028134,-0.0764877854054704,0.647269539639044,-0.750536001914234,-0.364828745496741,-0.369503978409398,-0.826720444742135,-1.99900692016437
554,1.26183656301659,-0.208677474842045,-1.9195206368849,1.05785733669955,-0.874899135706398,-0.489670683916532,-0.82639363319087,0.322680483520595
555,-0.538267568900257,-0.502810704798772,0.530811973335003,-1.3439271429169,-0.994646061470622,0.932585407427413,-0.0416864225847402,-1.43485457985296
556,-0.206832417829939,0.107533379113834,-0.930610281614896,0.218673770282992,-0.272910883502299,0.476138428644165,-2.45136238750648,-1.00862543638495
557,-0.622512423153995,0.248291384536676,-0.0250973220516948,-0.0872429793751358,1.82607826563087,0.163314850244207,1.30620175311872,1.17096868622319
558,1.86738832071437,-1.2726548362845,0.391741378778128,0.35254560454432,-0.140384481656163,-1.6323559272026,-0.326862479827523,-0.623572469354412
559,0.187779988323403,0.0727465780746249,-0.077123552409208,-0.600114178897845,1.47195638594523,0.203372306163262,1.16021485598324,1.27529991109888
560,1.64050396734916,2.39016884437083,-0.851914043740835,0.940218381013118,0.503606615611858,1.02965451661564,-0.248626438305464,0.700633803856831
561,1.5281479855021,-0.762646216755111,0.350156558375825,-1.27102504229591,0.156588539093674,-0.308730378797683,-1.25828090017368,-0.948700875625526
562,1.2188567578093,-1.60612370718285,1.3283009505279,0.0540373391109145,-0.852493313848266,-0.0182145285119369,1.09809527771774,0.400771984260726
563,-0.389410687603961,-0.197172420958162,-1.20288630773982,-0.324589833089308,-0.995754221768163,0.243925010802789,1.60747753822046,-1.87063311227249
564,-0.796407512436295,0.167012057779617,2.07440321853505,1.09794983716681,-0.753061844550212,-0.928174479169127,0.389945148871969,-0.751435751739408
565,0.670036109285563,1.50542438540159,0.409943767760141,0.424130339981524,-1.2525657391185,-0.458238961013066,0.530143337217489,-0.994518971838247
566,-0.703008266909373,2.13406161419091,-0.170143529858632,-0.289163251136579,0.805378206793028,-0.520504612982891,1.08580453971638,1.37041374766566
567,0.772939083462023,0.219245441059234,1.28383219416336,0.840712094017604,-0.578876166194369,-1.02778842197638,-0.171791153255091,-1.06459578374516
568,-0.519711684938888,-0.185353719458719,-1.48428887497765,-2.39188341402078,0.681191976372966,0.0445116153601432,-0.31290953543729,0.339746317519734
569,0.661624566551593,1.50607010511648,0.415187603955671,0.429615093535135,-1.35495516340508,-0.518471888572113,0.508645005590881,-0.965143991116114
570,1.27571131625327,1.46894354454909,-2.52581229921819,0.691395194167517,0.109542354282172,-0.206484886902197,-0.704820272124877,-0.285858624262099
571,-0.0330829130770257,-0.551403683610005,1.66466052998438,-0.883670934757901,-1.04460915197654,-0.533852618843309,-0.808278527693207,-0.0349753418436263
572,-1.27337797468632,-0.535593194682519,-0.337282670237083,1.95779893407088,1.53814288991881,0.522396188936776,-0.505902332501386,-1.10424071635888
573,-0.835988328666231,1.51876517622244,1.30212136035711,0.676192173045281,-0.956213866917216,-0.00729730603113351,1.21838787185359,-0.734764498347977
574,-1.22136504443374,0.451493953739701,1.62134329751551,-0.588734161652111,-0.510055933540845,0.118125343904561,-0.644121982863677,-1.32994425069141
575,-0.134964429758543,0.28187036933065,-0.362859476003268,-0.234873167566558,-0.0238363719967008,1.34319083106494,2.00770134983506,-1.57194192105353
576,-2.13099881342017,0.85987322971864,-0.701840441682064,0.203245693869613,0.235831038699661,-0.87470493494373,0.860596234413289,0.00383641323395526
577,0.0662722792694106,-0.75109958804209,1.21209623656833,1.97382966532891,-0.559906114391491,-0.203958376785125,-0.68398668173852,1.56482813680596
578,1.51423540881135,0.317700088985671,-1.445340988854,1.09406685081347,1.81449571125368,-0.0155873078245033,-1.13304062586406,-0.483436100708384
579,-1.10788653819826,-0.818084481966718,0.0969019007008382,0.00777506247696995,0.835646035681322,0.226251885176137,1.07580861798626,0.383708350626904
580,0.210484613483897,0.278227818574775,0.323793931704969,-0.508671228896292,0.864973479169608,0.065552133660573,1.11429675765499,1.68947995840807
581,-0.954398591903757,-0.0974967600037295,-0.561844579507326,-0.0611908372919113,-0.631172503820934,-1.67503318157916,0.644195368295713,1.44588210178768
582,-0.774618355651032,0.0518532151078951,1.83350588797431,1.02555581895927,-0.00406493300519413,-0.607632765836566,0.50256059772568,-1.09777665220005
583,0.257604196301861,-1.62354457147124,-0.705972830746461,-0.531002611015025,-0.729110793877383,1.47957180413643,-1.1821560486873,0.619994109491593
584,2.11223890363873,-0.559320343803751,1.70556302266837,0.568266978262579,-0.280867931835662,-0.94037510126608,-0.0683182882026838,0.264801235842328
585,0.791256619673675,1.59012009525853,0.522659155042925,0.393284546806401,-0.177718791815776,0.273521548039441,0.792807790226057,-1.19399962373775
586,0.566880589670319,0.0850950187785011,-0.160499111887911,-1.9904025830538,-1.32376458831483,0.0057888951272906,-0.284921182320667,-0.634124096805903
587,0.744192287440497,1.5188216214354,0.401951330720646,0.385564473450253,-0.431276752446274,0.0451010028502443,0.710096880881529,-1.20802945988025
588,-1.19290382417668,0.662471984127277,-0.611687795451464,-1.6973530013013,1.73701155106079,-0.545764076984447,-0.836998828608113,0.158313968490063
589,0.482226469376451,-1.1628820722808,0.111244863921743,-0.432436942362841,-0.032114128783258,2.39523950474224,-0.847788498038945,0.973615737912904
590,0.560482563612216,-0.571564546312177,2.56797150215441,0.835230482920971,-0.417158362269739,-0.774729556941373,0.51763887772384,0.614975297054048
591,-1.15510284047089,0.701068460376511,-0.185860870193544,0.452463318490132,-1.25053040951496,-1.07151041441687,0.825248349903916,-1.62588899385276
592,1.94598539090496,0.994812742849792,0.936520666551745,0.248853454010709,-0.903687263873658,-1.74798277649202,-0.338239454278467,-0.0416840344918904
593,-0.880935076650504,-0.230555228347903,0.00870530290711773,-0.0665359204844589,-1.2682228145469,1.91671432255438,-1.08845757605227,0.0893433234515696
594,-0.263708703184719,-1.08513518359922,0.457924970208561,0.282195671000536,-1.74951958272444,-0.742177195446716,0.763183696197505,-1.06787627876252
595,0.852584411029552,-0.96300234056197,-0.709946582715174,-0.530887258826542,-1.90463544833961,-0.373070250489194,1.45961611737321,-0.188885807552263
596,0.504167147198361,0.568755489964047,0.887672139032629,-0.908324417981605,1.23698578851727,1.0252680385248,-0.845310453377789,-2.00513399321109
597,1.55714189445347,2.04597227834163,-1.5021919052119,0.814817927573022,0.983402062288512,0.940960720983825,-0.285819939870437,0.156867283443544
598,0.482482292914799,-1.03940979060296,0.358440727459732,-0.369287250540333,-0.55542117864565,2.21805150355788,-0.909080132087476,1.26679765436131
599,0.599504814739397,-0.476209316020125,0.0676330829629911,-1.48375480030697,1.65860144266501,0.0361602502501127,-1.16800551007219,0.828579805124103
600,-1.43591605983776,-0.70137600285706,-0.593011524683217,1.97238486214746,0.319536703047955,-0.383083244297939,-0.831901220170736,-0.961118289378182
601,-0.739345927988705,-0.0994595142845525,-2.07118993406852,0.867763191168665,-0.611379461394208,1.42984570349345,0.629964548859606,-0.73802712124978
602,-1.04492763536921,1.01184578531941,0.0186142977637598,-1.6088866135076,2.00051714947672,-0.00908062131359448,-0.639748795183104,0.500574115156025
603,0.23269274522325,-1.4309965065406,-0.308597866837299,-0.417016759962486,-1.84498666118813,1.0248324147051,-1.34145090791178,1.1609574470344
604,-0.526418450071153,-0.399289832556272,-0.637253277815968,0.391120598391537,0.389644519000612,-1.98434340544571,-0.560769179367351,-0.215506020268718
605,0.636439485925251,1.47061446920773,-0.922313724996478,0.559045696533171,-1.92151571458933,0.987097721593982,0.575335724488195,1.50592075714649
606,-0.0581053799144108,-0.915843327295425,-1.48017741043862,-0.877298926414415,0.830032982799795,0.445250922406265,1.71511117792419,0.959179459159308
607,0.505262719048632,0.465549972875243,1.17281072463223,0.261733919551992,0.535682029688418,0.492016265333219,1.46454100148837,-0.0658564610396476
608,1.94803062826143,0.501477984526015,-0.0525935091328802,-0.00534114223923513,1.22352530743821,-1.0184029111809,-0.0856265645534163,-1.22324661703209
609,2.22612455296578,-0.469453659207763,1.83208070959718,0.544566443482121,0.685052911804065,-0.267817521544395,0.173288232189797,0.101908511754255
610,2.16219673812424,-0.563287056824363,1.67415512575064,0.535624428434232,0.327804551906778,-0.58244884600741,0.0594306426351372,0.0900238376339619
611,0.0444212547776219,-1.65641713711209,0.486739398674915,-0.18074514518273,-0.826539531600058,-0.91788724723289,0.738545289572742,2.18961528960157
612,0.207949591337123,-0.744992145142577,1.15779119785618,1.89015656070824,1.09226269922717,0.785936973579858,-0.330405096184152,1.11050260025561
613,0.955932166654125,0.375790998064024,-0.669182303167012,-0.311464653346689,1.78718727900071,0.0187272955957874,0.729613173577719,1.00693350497518
614,-1.07977192349268,-0.958084986501648,-0.196724216948968,-0.0812312721098653,1.7654645729111,0.627396361529582,1.21680814582237,-0.0427223854802132
615,-1.66480985169396,0.415383238621536,0.528906310209569,0.59229764005563,-0.662862639111874,0.838851012386445,-1.78989916965801,-0.206554579401836
616,0.0238562809414704,-0.265661599422949,-1.8364072726526,-0.9096838025456,-1.31484388644221,0.480658525147606,-1.52353917688757,0.0695392481504289
617,-0.873990230878649,-0.164666797473665,1.54183389852059,-1.09873012824657,1.06909859175964,0.284128943131825,-0.547457167588941,1.69079836790949
618,-0.329999442072661,-1.0618187667088,0.631110899598208,-1.73939041161578,-1.30687578116164,0.0351102231609046,-0.323864409718269,2.18234970426601
619,0.53766831898515,-0.63376435661454,-1.13095017914505,0.758716848392288,-2.09239455659845,0.724086636149118,0.454120460764728,1.37916536321543
620,-1.10367338930135,0.649849038211687,-0.463237339644473,-0.381247039897754,0.655991074146502,1.28743224717482,1.95621626065097,0.532111239144647
621,0.976845895233762,-1.18504466859042,-0.306927595108196,0.0145298409990407,2.66049950729025,-0.730646602311651,-0.0409412608679661,0.554144395940989
622,0.119379911529308,-0.630027344244864,-1.33869566209554,1.73355655994965,0.245804629393811,-0.609456979597222,-1.43859576627439,-1.1822591132092
623,-1.4935450015027,-0.162720637104809,0.368264935067117,-1.51282938036156,-0.0368353186334461,1.0119405498597,-0.0453708890478177,0.558336019618606
624,0.687213880481561,-1.38638860635776,0.795657090918655,-1.60047827703505,-1.5971998281063,0.369870980334318,-0.172053532547976,0.0211462030768544
625,0.844920676538379,-0.890177090516891,1.71550640288077,-1.44268744516014,-1.84437218061846,0.762286906726793,-0.0239646667443319,0.680873112642288
626,1.66209229506072,1.59435196821987,-1.22771141167976,-0.408889557264939,-0.7942444821324,-1.45893021143239,0.252516664420057,-1.00775273258942
627,-2.39469705945357,0.284469927303207,0.545451137428,-0.884042594760022,0.0265678485166036,-0.604550031337495,-0.942340267905273,0.177272801897176
628,-0.954741421448778,-0.339165522543433,-0.174179107970118,-0.0770018206423599,-1.67949394201658,1.55386597216378,-1.21977012862216,0.0749621276809452
629,-0.167102712329939,-0.948059588919578,0.933097413933089,-1.00493066012964,-0.941243745745594,-0.903608584214866,-0.946678615265415,-0.536017415444526
630,0.551666890199026,0.40516401397398,0.531779063394181,1.99945896236117,0.953542038484276,0.937270465171616,-0.869665194657533,-0.147742533757071
631,-0.137120645645553,1.13043173340728,-1.30442645141899,-0.997832657057952,-0.857328861244273,-0.460806863547241,1.41792930877452,1.53594002223784
632,-0.243816879341701,-0.101577263023578,-1.07978607664859,-0.364780600455551,0.321338464448655,1.13170381645223,1.92602971176584,-2.12481997607508
633,-2.14134107408252,0.613905247813218,1.08632500211372,-0.87036433653261,1.62331750615652,0.703908211791378,-0.469815568165225,0.123307046763247
634,0.19960099432208,-0.0784579021808764,2.50269562059664,-0.783746704682934,-0.304481534564441,0.420838833336953,-0.459778860839432,0.321217549994437
635,-0.774122760196726,-1.25493274937005,0.533579143938953,0.373994017420108,0.410212984436372,-1.88577757536389,0.0724525786358123,1.4263259628643
636,2.20406506475086,1.06742248077839,0.960752281575858,0.127958508344027,1.84381115257636,-0.0339182200830354,0.275003929320569,-0.722869525174506
637,-0.532113058989443,0.89914296443042,0.774487358478307,0.112042296230603,2.06594073071308,-0.685054738992767,0.529314357426069,1.19739004137767
638,0.0755457488404693,1.51302676543874,-0.487333642646684,-0.156029441802354,-1.04815538574778,-1.43839377000226,0.785548335125756,-0.706948174506474
639,-0.0706688207174272,0.656753282562272,0.136286906221211,1.56145620601537,-0.21194954926131,-0.59287436747411,-0.806743094423952,0.812994036046328
640,1.95956641482456,0.622590858712653,0.646199533382017,0.1287186638826,-1.09961771930813,-0.570522416199741,0.560633419025589,0.251290004130516
641,1.4954035420344,-0.749073581894611,0.392720982678232,-1.24400386575222,-0.289135073413373,-0.559236678797941,-1.34751693538018,-0.808014883578259
642,-1.2659936086022,0.144610251486882,1.02761234461576,-0.718735342297299,0.26949053810092,0.24839145170246,-0.602528097123932,-1.91304179506971
643,-0.799287292074747,1.28937039478769,0.825405174664842,0.53609097570386,0.456382717817387,0.583967123361769,1.42584361469987,-1.40248877692042
644,1.28601546947215,-0.242698671866546,0.276963229111212,0.0717653597802356,0.01801304711646,1.0250498005519,-2.17622089772887,0.832621902835391
645,0.546935209909029,0.163775680467204,0.00646619385157653,-1.93784124310158,-1.89542239265372,-0.248874636089576,-0.374597255944646,-0.380751698279476
646,1.82266475458496,0.247134538841029,-0.503167869887771,-0.0589369283708075,0.822749442117492,-1.53345640405906,-0.273628218757508,-1.41403487482281
647,1.10424416599319,-0.746277633902453,0.512094244133136,0.161437645554163,2.29918920007542,-0.468615197908565,0.0596668134675275,1.1773804686654
648,-1.00968698906015,1.49617188099653,-1.30381130310154,-0.428321174622757,-0.108114032814968,-1.75770901993922,0.63377572404512,0.866314222536566
649,-0.144932903266481,0.677045351857036,0.0670899996760246,-2.17933989812256,1.44430878584795,1.4363252383677,0.197930599404073,1.15310566629155
650,0.478086560780216,0.840033310419347,-2.11100310027231,0.33275703901318,-1.10920633487701,0.784915696245556,0.493022260354976,0.528353375849477
651,-1.05698303215274,0.745366693347505,2.13277135869469,-0.538775864558444,0.184370586068251,0.850918084278742,-0.377733271310518,-1.17414430025883
652,0.185850773177228,-0.757646049710316,1.14282396091755,1.89720843926558,0.884437640875068,0.648495883394658,-0.37968719215621,1.15350366492969
653,-0.4995632522801,-1.67060624636183,-0.50866039814252,-1.94763624748379,-0.720264214250795,-0.277695700135195,-0.445331153174631,1.29378181712846
654,0.668080401077775,-1.92363491659167,-0.277375654458618,1.15655124613375,-1.07711603025259,0.353813164274677,-0.176713410263276,1.20925846191312
655,0.744613540649225,1.68201372664756,0.362357665843765,-1.68420969862739,2.14883339664966,0.547771058640543,-0.957153520593526,0.930205843969487
656,-1.11569798496845,0.0818741726897575,0.825455713410053,2.17777621960112,0.773763858220998,0.738844770078578,-0.418704770790622,-0.155674606951899
657,0.531155492868391,0.955337136312994,1.68007734978655,0.417961253033962,0.698032617484893,-0.577603352892551,0.606063187615363,-0.209503772809031
658,-0.602311029788671,-0.696664181316401,-1.19725387114103,0.285150231982393,0.758324367396998,-2.08825704539825,-0.602646433235523,-0.67249295031118
659,0.95445110067352,-2.22988017670523,0.203088812152873,-0.103774560832552,-1.32549764534543,-0.977904785525011,0.745391244847025,-0.209570767126421
660,0.627301274990195,0.13459523194492,-1.45957967512934,-0.312811584352183,0.866147621234227,-2.49042547505614,-0.654636830067285,0.295839721367862
661,0.0729958393333584,-0.474301455606524,1.52329780854214,0.389084931926539,-0.365029630503088,0.745914826920809,1.30436840896553,-0.727574073073011
662,0.829703463430856,0.428840680689744,-0.965261128922878,-0.285956835252328,2.00934396312931,-1.4901511996146,-0.292726650588781,0.326702576523356
663,0.00656229191563588,-1.97290467439683,-0.129407437576794,-0.319818060556956,0.0741337850581754,-0.725976898236782,0.801997767839874,1.56124438419812
664,-0.600050903120236,-1.00228948142784,-0.446541718862678,1.45859767362813,-1.14075593564806,0.561119357677366,-0.172653826941693,-0.015659090451961
665,-0.0784478251646459,0.646686430470028,0.11977630213012,1.56106088275977,-0.261180872256022,-0.633118774982256,-0.821275540585022,0.814765489236438
666,-0.127005052162872,-0.271607778869052,-1.23514922255448,1.19901669293688,1.13464115911859,0.897913252366271,0.195094715592033,0.0130012340974405
667,-0.257996552210741,-0.975187984515148,0.77081715143487,-1.73908883611638,-0.823272822970521,0.417107753079654,-0.18606643974823,2.15035876171916
668,2.08082628990712,-1.15830667811453,0.520541231964995,0.280402286054833,1.90039921152398,-0.293497466829453,0.153067422609453,-1.05762686563643
669,1.59187357302689,1.64288366436545,1.1784601331963,-1.29481856489668,-1.37140236561978,-0.729335019991718,-1.37634815166027,0.0111757367708419
670,1.1961783221091,0.0865472193650832,0.769321466393541,-0.282312616763688,-0.365188302859876,-0.0145261681964262,1.12010380224701,-0.0509585258724166
671,2.07109536599029,1.04339985064879,0.975083547991505,0.197111096606995,0.371155038543397,-0.936458844941385,-0.047671390352883,-0.34002313282332
672,2.0019859783807,0.88150388161139,0.683261574914828,0.156446897923099,0.242666603464218,-1.18895066479066,-0.140431338829629,-0.496839424627338
673,-2.17265870230948,0.865926304368716,1.60583350505845,-0.721960614985921,0.178037524539821,0.117793773539594,-0.675069315958903,0.827096060782171
674,0.0121300386792016,0.861076385402067,-1.80007652688463,1.42470669288872,-1.35292793842011,-0.367619748166866,-0.850397215819695,-0.609802570060282
675,0.263332387955934,-1.26403243718219,1.32050817230465,0.662251307808421,-0.985126919040002,-1.86564367646659,0.116973585319588,-0.0506269019595793
676,0.882084657731185,2.09819424680845,-1.14457630584901,-0.601219457946837,1.5416388003324,-0.381400261412165,0.607899277504976,0.7953453674526
677,0.167014246086214,-0.0167652692668229,-1.40509952876104,-0.86978191433558,-0.680096245263714,1.12903311529807,-1.2880170227535,0.188474652909883
678,0.876808568068424,0.935385798776833,0.0272302062004278,-0.0551030545333263,0.408016538283713,-1.89239791771025,-0.42823960265214,1.37706441045665
679,-0.265794694010515,0.622610067822913,0.165447888059127,-1.35725997367194,-0.834271700143528,-1.25891594878341,-1.05482172249395,-1.02671293486504
680,1.4256059199764,-1.43451898753446,1.57492755089737,0.0153486529483899,0.864986635702661,1.19048953897446,1.53246662154116,0.125200547847962
681,-0.878211008808503,1.70831180257185,-0.940640545281246,-0.400107496181249,0.544942671512579,-1.1384022761882,0.858328332564104,0.93638096732821
682,2.20764501817903,1.06806924389726,0.960366439787745,0.126096707890794,1.88345958641571,-0.0096190494137719,0.283691341773315,-0.7331769280455
683,-0.169022760412588,2.02170737013256,-0.58195069066525,1.1824767124245,-1.16755714829542,-0.10545293117543,-0.132872130494823,1.05560599316899
684,-1.02155479823066,-0.438825050896746,0.966646140521947,0.925272237553659,-0.837427443129354,-1.6370910687756,0.127077826437755,-1.44902889329989
685,-0.549108977353786,0.853742358148613,-1.61520644815466,-0.0916015776935701,0.807389575086055,-0.801288107783229,0.359711527917284,-0.489819128741047
686,-1.29380160180817,0.193252950601004,-1.28851000353589,-0.498862008262824,0.350250994168501,0.609034289004116,1.70664104664209,0.0740178376553937
687,-0.0746704061814648,0.370716538266761,-0.213216754329994,-0.226261799893126,0.311628357391755,1.63943560682168,2.1149132457701,-1.5599077634004
688,-0.988891224096573,-0.58233446841188,0.663855236611755,0.83167971169926,0.161232455224388,-1.19879217959867,0.281288603403381,-1.89886992386501
689,-2.59047786950633,-0.216454763236298,-0.365957363522787,-1.02092232646882,-0.157164817926714,-1.25853487083434,-1.18390888280114,-0.367674931729323
690,0.19911298189689,-1.56783980513792,0.591510057245375,-0.230108295084099,0.628235876864693,0.0442003840635069,1.08351996137714,1.88860783688298
691,0.476471575797257,0.874387455987193,-2.04143298755948,0.351360507607989,-1.27478100942936,0.723729480159163,0.471724274002715,0.615506675052405
692,0.749532987949273,0.273541332670201,-0.77705451989893,-0.237430830447781,-0.221793585815564,-1.28805003339413,0.261333269502521,1.44650413692281
693,0.700092971484548,0.581212053080139,0.770664676296935,-1.81765267167188,-1.8606767190559,0.225669314967537,-0.198444863597551,0.10644006607021
694,1.25994531537323,-1.76976474207451,0.981229482468241,-0.0550389412683672,0.331779654767913,0.508659742105311,1.28361265051993,-0.124890907110424
695,-0.249456543268176,-1.47882298006442,-0.33732845183704,0.071612763767291,0.0975122461573449,-0.070998157247377,0.996540678996461,-2.05254412786949
696,1.26943391504408,-1.35446492572454,1.80862218860891,0.152079068582965,-1.32616453649165,-0.02648951954799,1.09917750279225,0.832674257625481
697,-0.446974085931133,-0.797073947677683,-0.107385331802245,1.47002644403434,-0.202314588969601,1.34273833539926,0.109748082837488,-0.0335678042938724
698,-1.02315144255622,-1.02062383273683,-1.50701723998882,-0.384483359555712,0.415090890245123,2.05948712921237,-1.05014899221876,-1.32141929044333
699,0.506926242491974,0.688349279736617,1.12592369733201,-0.848697031453384,0.759863851870649,0.871349209781475,-0.898355073984093,-1.72947242672297
700,0.437081349000275,0.258871277077002,0.292568224967412,1.99465767538164,0.219863638141285,0.34157697096886,-1.08472937021943,-0.116902761064978
701,0.597341820805107,-0.176850936236384,-0.705394946757967,0.877392061372654,-1.38976858636497,-0.0597416080038959,-0.302830935848175,1.04544020706602
702,0.510650895562255,-1.01050171715999,0.40311454532559,-0.371724233873921,-0.344986219214283,2.3747184829721,-0.852671874430405,1.24241571693984
703,1.74229077980215,-0.614633511965846,0.540145878740295,1.69442254047802,0.518768343255899,0.32629954075377,-1.01944956954547,1.09923226711597
704,-0.543549583340477,0.394585029688587,2.41147985974513,1.05970661420349,1.27200678432245,0.524437345233532,0.912311829573116,-1.04632134050656
705,-0.224316387102716,1.68966506122906,1.05491842379391,0.092276169549274,0.0543864490844731,1.2810547426712,-1.53326406135374,1.11886788531232
706,0.233709753715337,1.59356992940855,-0.4002862337871,-0.211639287812341,0.481998063217358,-0.440181724110611,1.14329385704915,-1.03857886877236
707,-1.41042019727187,-1.61546270416563,-1.35816936217853,-0.215695088553625,0.651120263027097,-0.750529788002085,0.714216106202364,-0.513904023506956
708,0.0470390898274679,0.80794085340847,0.383835727076692,1.56685411186268,0.537848419613461,0.017734365339306,-0.586274284164254,0.783477265945821
709,-0.523149070367562,-0.849812557959829,-0.17724586964885,1.48965819459635,-0.879812531598316,0.88219803891607,-0.0555531680939167,0.0929388680780479
710,1.26784566134728,-1.52365068789624,1.47048761385958,0.0663076318096745,-0.623773144624389,0.207574047104406,1.18004559620583,0.435042917313116
711,-1.48989177302438,-0.106348262345396,-1.79652060887748,-0.532330072770705,-0.695347368017686,-0.338979677297824,1.36330668193603,0.00951202693732592
712,-1.06441544998354,-0.563378761184542,0.586663526319453,0.111732840683179,0.264813142028726,0.163465930838562,1.05747429932215,0.846383349071799
713,0.377029182896105,-0.263005105976622,-0.724551215653919,1.76387583851254,1.73318392355219,0.674778802563266,-0.974117734702225,-1.16092619990204
714,-0.0741727819298345,-0.75856827337444,1.02302627474764,0.33350526154822,-0.896507278876791,0.120542041805039,1.07649259304369,-0.91746542966669
715,0.0717900945926584,-0.923332289537657,0.864521274281393,1.88214217982146,0.239646948484983,0.0846161531687911,-0.583702044586323,1.13642407141346
716,-0.0915746383461074,-0.0567441231812407,1.45456884515327,0.333638698302873,1.09988454373471,2.13115524647376,-1.25125357968479,1.07838427769607
717,0.498701009101654,-0.334183431225188,0.399454300878515,-1.34917396052525,-0.14087273795118,-0.880340091598102,-1.49300195018372,1.50039253164569
718,0.834369136101676,-1.00035183472007,1.49978096844423,-1.49271115397268,-1.4997052129424,0.847618874080693,0.00473924349094257,0.45342987942818
719,0.428589061458308,2.33035703257154,0.983980034974822,0.046723636705537,-0.350381516680438,-0.134469607314035,1.26428085362621,0.0710191147166444
720,-1.82828487578674,-1.06768968124335,-1.2871860954503,-1.7717307799971,-0.144213962632011,-0.0359087679724984,-0.434067073023509,-0.48890204843396
721,0.0404400348596992,1.40983008660229,1.5984339891192,-1.14126572841047,-0.562603454335133,-0.241317894980636,-0.678816971713598,-0.165539005009768
722,-2.2290770020964,0.431321206203722,0.761812542387525,-0.910223352767784,1.36238205322562,0.350099716352154,-0.599086762495038,-0.0211314219139849
723,-0.832821019188961,-0.198043760385495,0.0512294308106287,-0.0793457920574918,-0.836889438010584,2.20876239569736,-0.983648020444177,0.00753442717742289
724,0.618440810479969,-1.70629579210339,0.187179382102047,-1.72236369314963,-1.04813466272485,0.348810757564582,-0.184705978467573,-0.513060332129646
725,-1.27013852157378,0.468666852907692,1.6786470658065,-0.550046211327327,-1.16099470332074,-0.250596157051874,-0.775513952357222,-1.12763806671745
726,-2.32136203964437,0.0876779651581498,0.116833637367438,-1.02987308116095,1.73412401363864,0.197701683065682,-0.659019654608439,-0.534050475480712
727,0.814131788682161,0.181340705542464,-1.45369245648254,-0.403313835930583,2.87993583286587,-1.24113515604783,-0.207775480101998,-0.211143956033769
728,-0.165138754962429,-0.954728080056385,0.672838424669973,0.288664730789886,-1.13783269367844,-0.236356448318856,0.945900201682317,-1.08354273961181
729,0.590950763686828,-1.6683470071534,-1.09375179324149,0.00316685023057227,0.14969408344112,-2.7503815710266,-0.769925479600519,0.680329018783825
730,1.32588042917855,-1.00489847349183,-0.0400824200386107,-1.27130444597015,-1.20664950474468,-1.38342742789077,-1.64593276457147,-0.856196212598766
731,-0.00512053501450974,-0.237105233022571,-0.607164199314647,-0.64079217768153,0.507836434936166,-0.707296589609735,0.830051671351817,1.17582814222665
732,-1.74844168448253,0.254339824259973,1.40404799533327,0.79746475813571,1.3206406678354,-0.459539575706548,0.521214470669294,0.629110489894904
733,1.15972113704136,-0.304491965812924,0.212504476298197,0.117462316687512,-1.21456296926314,0.224321114699029,-2.46314592299873,1.10343221540122
734,0.811360004047488,0.509781071235938,-1.70065253699983,-0.968614489792831,-0.699676192113851,-0.181361404987838,1.54523775698213,-1.10286521473576
735,-1.8094025868969,-1.00581338320155,-1.17211536103994,-1.75157472233609,-0.184314607408737,0.00750234392119652,-0.417572685546012,-0.404043394786086
736,2.08584634916632,-1.10326550337857,0.628431509310984,0.305547126207765,1.72523369669743,-0.337899105554208,0.138094938030906,-0.943169005967163
737,1.60554779947722,-0.590591000894199,0.658434015288149,-1.23023149184974,0.339972359144615,-0.0125228413446501,-1.14974744661404,-0.795128523136046
738,-0.305123308706318,0.48294964262479,-2.52243656583393,-1.22687440934846,-0.0872778164505635,-0.706513948793953,1.31980227050354,0.550060916559213
739,-0.176635065683707,0.742187922258997,-2.06352422265033,-1.17268200434911,0.329617617401936,-0.176545217305136,1.51320855940543,0.742172176941525
740,0.10249513213539,-1.84861558180811,-1.08394546473906,-0.551366496419238,-1.60698474248819,0.712410039913388,-1.45971392994381,0.597345887747315
741,-0.813548424749244,-0.125270101074027,0.187944364996723,-0.0538416005739146,-0.91882006012508,2.23912760773137,-0.971637400588575,0.117051636108464
742,0.0168303604379937,-0.0923905103850258,-0.327608570659813,-0.580043497267659,0.150960774787795,-0.7623400546305,0.812717636687278,1.44779731880171
743,1.40363386749769,0.492601803648171,-1.04306773413853,1.25150670308311,-0.241178135547655,-1.04881482728885,-1.49919199507699,0.299089703006975
744,1.94753287219738,0.72875186075754,0.402871730500047,0.111491183421146,0.248806729735183,-1.35137907985957,-0.200883686284161,-0.680384691970316
745,-2.02300865155795,-0.550978084404056,-0.0800609934796973,0.552788831489489,1.50123271391047,-1.22766132773729,0.234005356084922,-0.379962379096932
746,-1.0726386728697,-0.670967496316213,0.375024402714107,0.061608484064544,0.626035986936247,0.261462482641206,1.09074211528906,0.617392887966842
747,0.637922871447462,-0.710271386284986,-0.514587831947767,0.446855599413291,1.78416473143786,-0.632107474847915,-0.0454081762132537,-2.83125928330749
748,0.62767715244145,-0.24066230661489,-0.847456545722206,0.826088635037124,-0.758423952476644,0.246610259236168,-0.194458840287144,0.7930918440655
749,1.03724819573263,-0.823537423142954,-0.517323947238282,-0.572523067403,-0.311756911164927,0.726535180693279,1.85451362943453,-0.467903059374841
750,0.676813978686817,-0.290250105398089,-0.969858274106726,0.770558368764675,0.0349969352477126,0.664883390058475,-0.045892391162451,0.51239253586875
751,-0.422188234139784,-0.462351203139379,0.557336403302975,-1.39430367092907,0.207872361343838,1.69223034524938,0.23022568845866,-1.72266205001413
752,0.925092501133409,-1.19400237600203,1.06928937969855,-1.64758467114646,0.400429059399327,1.76789513173458,0.330255860129689,-0.307957926180248
753,0.19986030863661,1.13653627410521,0.97024309793056,1.64169854558472,0.947318654452482,0.618694031781221,-0.366405067355425,1.06022295467675
754,1.58882350695759,-0.995314519401959,-0.150285939650152,1.59326873282368,0.323675748383097,-0.20370866213221,-1.21481816035683,0.700591546327219
755,-1.45382861049249,0.79287540807687,-1.09004454605928,1.61041264027261,-0.234390608790686,0.483971119752982,-0.0203922018980022,-0.676820576018557
756,-1.0592205866252,-0.679370199841656,0.351891956041366,0.0490791199223587,0.820795637654364,0.368233755082332,1.12873447380012,0.552977207324128
757,0.82219335269378,-1.90228860345689,-0.306997467417296,1.07307216915651,0.657395860823716,1.40928209104529,0.200528432915429,0.750067016390956
758,-0.571639260448315,0.647576100221269,-0.653634267775467,1.14802915797604,-1.80931316872098,1.52914855330446,0.677408877203315,0.485901587579635
759,0.738202997022579,1.2210839541741,-0.191606849484496,0.236578668973317,0.766973996797495,0.434494711885129,0.844369855802195,-1.89722074698376
760,0.939528071766733,0.279656987652529,1.32659903887347,0.769618493482735,1.13689035303321,0.0589990053555914,0.217260964504869,-1.47204833881708
761,-0.143227329794936,0.504460208193312,-0.16543445842808,0.383214905215843,-1.21151125255768,0.349115734932691,-2.49035358764493,-0.273906519598578
762,0.36394725686721,0.72158415144892,1.29039698585483,0.400559025981211,-0.286149582590806,-1.41747197141792,0.302402999945748,-0.212785449636487
763,0.99770677225587,0.953751348204671,-1.15119846513247,-0.356256441907677,-0.525850312516369,-0.12446664957985,-2.57397293571743,0.0783059354749453
764,-1.33032068677065,-0.457100452668301,-0.153318090035774,2.03293187903028,0.529043387248031,0.00719374284376223,-0.688617756207069,-0.728876194804221
765,-0.631309338803015,-0.214176701998301,-1.48961006721345,-2.3382865241326,-0.517843927962865,-0.700408741556638,-0.579376942728017,0.640432453968654
766,-0.814516368294044,0.366810428724306,-0.189903276431327,-1.13248184264227,0.2007455757536,-0.671434159944231,-1.4919060345503,-0.100046719961353
767,0.803678311449696,0.31141364670505,1.45400929857519,0.869134703958927,-0.607656638135841,-0.94470487569095,-0.140644112451916,-0.946841592198918
768,-1.08715861395907,-0.262764822059966,-1.32290219468062,-1.28823064652033,-0.345018944045839,-1.68075275652406,-1.86242529133702,-0.69698761269581
769,-1.87030759172408,1.59555785653032,0.649309202243335,0.420720952266251,0.187709863832851,-0.103455949924604,1.14780498840462,0.893009928657336
770,0.839098485307,2.29397299712152,-0.73224151692949,-0.474502947139933,0.197891527840606,-0.968240092182113,0.401484248306172,1.40381884141981
771,1.92376508111265,0.581543523779749,0.119174670758579,0.0505771793200458,0.594790574629138,-1.30552888919194,-0.186872498429434,-0.952279126778952
772,-1.48068610344201,-0.0224011009744367,-1.63269715769835,-0.494929107937671,-0.944153639664733,-0.395778533064976,1.34437096685585,0.178952716371377
773,0.425257096318863,1.215063168711,-0.422963461535976,-1.72795653569965,0.356491226486488,-1.02660621960823,-1.52684179832248,0.875125189974883
774,1.43061339034233,-0.103976042509619,0.486915860582593,0.0542969851708657,1.13946551409695,1.84328845628457,-1.88180908928017,0.684431690787611
775,-0.756263398538935,-0.290903016055915,-2.44670762910845,0.779971898223677,0.00431371713741114,1.58811242115885,0.683409138828518,-1.13793075791322
776,-0.604146836438331,-0.568846852555582,0.429481006386944,-1.33742137536486,-1.493503921913,0.563901144774692,-0.174399949702888,-1.37408659071534
777,-0.313130188104706,-1.21526496779921,-1.96014986637288,-0.874566163874711,-0.914426546061945,-0.918480914846006,1.22333021066501,1.09014059415801
778,1.60767850444225,2.10923658416041,-1.39920733060049,0.816291304820553,1.31233806341939,1.20550568076827,-0.190338180406919,0.140273878038752
779,-2.58140683204107,-0.184500793873446,-0.306213480135677,-1.0100967070614,-0.185929387630494,-1.24091095294995,-1.17710291296204,-0.321601760477527
780,-0.472135780681809,0.0506052615119661,-1.03400493935653,-2.30005240873239,0.238895224512625,0.0378385956687212,-0.311507118516863,0.744194546885309
781,-0.958537353051275,1.41505441272111,0.785671621563973,-1.45508498611361,1.3050351367348,0.0154136732480364,-0.624533732717085,1.17484635907444
782,-1.91153158869269,0.0646382581309175,1.10066882922726,0.800125208906641,0.197458868293868,-1.3342352431926,0.205824507121206,0.717100603577978
783,-0.255741528995287,-1.34787089876982,-0.0720786170555044,0.14260498065833,-0.535157216067732,-0.30513843360065,0.915031841298013,-1.71990405312722
784,1.03471819269121,-0.616119023498131,-0.100674954537515,-0.464625856740613,-1.2259080908003,0.408016225513452,1.74410053622646,0.0344019301007437
785,-1.11705087461532,-0.918819936499047,0.145411525847719,-1.33647662804783,1.40478595247579,-0.336061078726012,-0.781020265150926,0.699298241440378
786,1.14424377232215,-0.441541055967202,-0.0547370996076254,0.0566776643486894,-0.813683739397423,0.313887022970415,-2.43336123006111,0.828293841278046
787,-1.43097130898096,-1.64732532220119,-1.41233868783744,-0.219440125447516,0.543511036581996,-0.849214494019177,0.678465451205729,-0.521767297290054
788,0.264941808444509,-0.138110466248353,2.35252393215374,-0.854365402224669,0.723783746417064,0.967931753107733,-0.265373369717103,-0.0370750721984537
789,1.67882048836998,0.0868943711385644,-0.756574261676949,-0.0529627358865341,-0.198050884256304,-2.31518932978554,-0.555349315196953,-1.31957923171465
790,1.07921155237892,1.27162793667038,-0.552767466663365,-0.243212760953772,-0.915449125141063,-0.0107110524568932,-2.52825229791918,0.565542398232602
791,-0.60901419981066,-1.19045792140894,0.585180053376782,0.305890779192888,2.09112251440228,-0.815316700281733,0.455739800797187,1.03344878550382
792,0.568796560168872,0.748152723007164,-2.33764234528692,0.230070974523452,0.356944904254914,1.55756706253005,0.767455837110801,0.00935788999869561
793,0.714690522399798,-0.116083317576232,0.639522144136882,0.704471485232562,0.160593514027209,-0.952300644886352,-0.150214486483958,-1.67035620491725
794,-0.806302384276082,-1.4834521335159,-1.31344917464222,1.33826558241749,-1.53275792026202,-0.195326103642242,-0.450493273361412,-0.478895018774719
795,1.52630942363174,0.317649506372172,-0.989492138279568,1.16567423178666,0.0142234256700449,0.611731842502942,-0.424648279270358,0.700788834488247
796,0.00587862070697196,1.33862505091441,1.47204136655783,-1.15659832726678,-0.668459494862651,-0.381735031845914,-0.73010107805695,-0.220723710869828
797,2.00450334801383,2.33613882091115,0.0972815834517072,-0.238354633454741,0.0996138659898027,-0.120446367189825,0.742378283568985,-0.374492835750769
798,-1.25181127954783,0.952815986079199,-0.00246063884345158,-1.51239636934514,-0.198439872598825,-1.38192679012467,-1.13092800543317,1.04466891273403
799,-0.880827701189115,-0.551010522057239,-0.633219752278683,-0.230904831680188,0.0990851277278476,2.38201882858085,-0.927441911026666,-0.674122596567117
800,0.911974351502237,0.300073035657169,0.102121582951953,0.929146747200676,0.304102986689924,1.4668766694291,0.24996298504067,1.13990427758807
801,0.169942855873336,-0.764850751941228,1.13586398487495,1.90326110773078,0.72671652291704,0.546797892393773,-0.416118299899538,1.18899281544879
802,-0.740625177492867,-1.61883185808346,-1.6154609830479,1.22861411915786,-0.177698426053821,0.463915975719965,-0.217255055354893,-1.01863244469634
803,0.607028089821092,-1.63906581666798,0.327201531614828,-1.6809012120669,-1.46990900346233,0.170897363862052,-0.247158893921229,-0.315193955732946
804,-1.01198557267774,0.597002202476825,-0.46152102132587,0.311419951050077,0.888343229905689,0.0882490015303278,1.23771958977291,-2.34734014721035
805,-1.39772865913243,-1.39446749604437,-0.921474657109926,-0.110162917374924,-0.140603096611598,-0.981426650268932,0.635309954105209,-0.0296425763566064
806,-0.0524373128752669,-0.713499469191494,1.10309147177981,0.343295698938548,-0.831164338469145,0.208431502124367,1.1086002093846,-0.882073370117991
807,0.539567617731555,2.35040668925663,0.972018939543301,-0.0109921773447092,0.87871993233938,0.618804683433127,1.53359063966136,-0.248510374284153
808,-1.0769849257791,-0.588614134279198,-0.616415486296295,-0.130000987906155,-2.06415023880551,1.05372771789628,-1.40236714812845,-0.114503127518194
809,1.98619932755084,1.02806232525836,0.984233510395341,0.241262364497968,-0.569079249646879,-1.51269632081249,-0.253687171375164,-0.0955904361683325
810,-0.0868804064411276,0.881829281908685,-1.82597440381518,-1.15607732385745,0.797521413523268,0.253746048242079,1.66910223667557,0.777669021615097
811,1.38550589044502,1.8872072961275,-1.73959118713726,0.838576238184724,-0.372886846830279,-0.0388275378978413,-0.638241325798809,0.346810299340242
812,0.104231244904533,-0.293203941780125,-0.309266405129103,-0.657522936496361,0.0987657055649119,0.687028672445553,1.81143655109822,1.90465111278459
813,1.0328323692022,-0.473478797066242,-0.275700410581883,-0.469367212953598,0.0872151091628194,-0.354186522033767,0.989829799766337,-0.843986647658996
814,-1.92808593529598,-0.406072311880076,0.165606326762386,0.568926244875653,2.00791232647178,-0.768569583196978,0.400267903740148,-0.349032476329485
815,0.62586079863509,-2.34484799574277,-1.10124066425082,0.966455411854845,0.218328194475779,0.666798579809,-0.0717060335321388,0.345932409140581
816,-0.677652777850207,-1.37576056961313,-1.15816195112875,1.31465842747436,-0.467938121933185,0.55546963693382,-0.18066258961296,-0.648200879725445
817,0.985970639549747,-2.44505347335264,-0.242708146992392,-0.233409490097202,-0.0349005230266603,-0.443783289006484,0.932669853098256,-0.826281223708837
818,-0.649642862577228,0.21301524331507,2.09762043317633,1.0316150195555,0.789300296887239,0.0397490643893873,0.736320795224627,-1.12759238936624
819,2.01189296400102,0.645036517986798,0.666583379210793,0.108166915047125,-0.575477807640602,-0.234186652336602,0.681096272551961,0.131570177453355
820,-1.44854716676372,0.100335153065217,-1.40194936606773,-0.451691306189145,-1.08665961096573,-0.347140720329286,1.36370809367081,0.364867371035829
821,0.481163598923496,1.23815559110402,-0.402965457495313,-1.75037008498836,0.920279571993368,-0.665971285075827,-1.39769153234336,0.745097960426727
822,1.21712105794373,-0.798653059698196,-0.804262007005643,-0.171071306156784,1.57186233488493,1.34531968029122,-2.0707738431733,-0.263289909984758
823,1.14904011896848,1.37676699167141,-2.65095197976088,0.721745016280953,-0.997980038783801,-0.965825219014108,-0.977453265562882,-0.0861537470633355
824,-1.41071531045187,0.208942317048797,-1.20217592123957,-0.41918574401071,-1.10150205787384,-0.237888664623611,1.40446341400264,0.498295717585831
825,-0.84462984599277,-0.532452790971151,0.696016756491645,0.768867199382235,1.65740948344607,-0.2541378084812,0.619417236313812,-2.25750621153155
826,-0.43068901351259,-0.677529219632519,1.52883066700525,0.459620094818112,2.01691823098056,-0.30178623595388,0.647345866974305,1.6647500081066
827,-0.894873162896784,0.32690936602795,-0.201332186958325,0.040908031234108,0.208271522379956,-2.41278110596191,-0.096822607607864,1.03523630753992
828,-0.815114847121416,0.0986712587610292,1.94630186805489,1.0743721220176,-0.683331963789184,-0.960981003070525,0.377133869105066,-0.852267527456724
829,-0.274286768042359,-0.00747502844503904,-0.876988429699233,-0.29786406783286,-0.440723854730353,0.780492285375599,1.80212452545113,-1.79989369158306
830,1.4527570278888,0.21564773390218,-1.62087958190053,1.0794100826436,1.52129726790268,-0.301036837883484,-1.23660948314338,-0.52299904412712
831,-1.0252781010227,1.19728675977032,0.380825775456666,-1.52584683551741,1.44277351681466,-0.139386200508658,-0.683304982832318,0.87714219912788
832,0.0196974480716569,-2.31266003290128,-0.816109139211067,-0.502064469717439,1.67803135538881,-0.140855219909507,1.00548955899843,0.70870422825355
833,-1.16710271891915,-0.696167883638871,0.614892134220173,-1.1916526197078,-0.137211440331595,-1.01166694864175,-1.01870182113143,1.39514923990978
834,1.56580389546659,0.96041318574404,-0.176290387947081,-1.6287606334109,1.22902921739809,0.0762301189184147,-1.09963568707949,-1.52773786835723
835,-1.47229955885312,0.796621744657204,1.20211837311642,0.669815956729523,-0.00767209799898083,1.64328337053101,-1.49652699307766,0.0642040738609723
836,0.733838477194611,-1.9290778585046,-0.319160983256523,1.11347113218482,-0.274992821891088,0.825262654460222,-0.00844993401588259,0.978676074509343
837,-0.713839866600185,0.0974795178903969,1.89635132952288,1.01171076536915,0.521375953642543,-0.245319150258656,0.632671799835577,-1.1902666601773
838,-0.818641112818891,-0.0622031512125124,1.6257251822501,0.994049466872973,-0.0393264264911619,-0.752627920726555,0.448954289165119,-1.22369308459507
839,1.24796806719454,-0.146684241857174,0.739454705781651,-0.35459470991952,-0.70101482851609,1.23079789406057,2.04543996405104,0.446549294667058
840,-0.592446787775476,-1.15065353010029,0.657127749002015,0.316148483688714,2.11768963836995,-0.756227718955502,0.477478546753011,1.07340778695864
841,0.900697461968326,-0.20439654282028,-0.441418345455795,0.756436449101685,0.377469409549967,2.66081476827951,1.15259838297897,1.20021781439644
842,-1.78425473451289,0.185074034524726,1.28212752539121,0.783893311926541,1.1916920707,-0.611591298792347,0.465806857604828,0.58268595901499
843,-1.99910519591014,1.53764305448921,0.593794754668925,0.469940214467815,-1.09105126576252,-0.927453808218517,0.852632949692532,1.18134059118346
844,1.20981168464594,0.0132223218779571,0.616048219789185,-0.328260641307885,0.108871521770113,0.187877053880836,1.19120406109854,-0.270687968836269
845,0.0300104436589842,0.895209111125652,0.535878286069815,0.477417482118938,-0.825149476564239,1.00390044355513,-2.25026680659314,0.0832803644069375
846,2.02128637130201,-0.774966048147328,1.31633844463677,0.513427446532973,-0.438969700661451,-1.26893113750869,-0.189102415354097,0.0522770458133054
847,-0.319488899198733,-1.633742835394,-0.519394024097706,-2.03906576530442,1.25562079834023,0.938292831556191,-0.0105201315267724,0.785624620668084
848,0.951718044734604,-0.615889911845994,-0.522855977720976,-0.492685856659377,-0.266534830018147,-0.719552893992633,0.857075843000277,-0.91467367578599
849,-2.37608425995632,-0.00449232729563236,-0.0420841110771102,-1.04360258308858,1.47882876932825,-0.054446059676371,-0.750538183570322,-0.572439899840703
850,-1.33756846038488,0.284952922166584,-1.08427922994497,-0.425030216813836,-0.559076936413804,0.167568695441647,1.55046832836003,0.437228761382528
851,-0.503332667804304,-0.119598929511645,-1.36027383532868,-2.36820505106548,0.594906218380473,0.0646535548127986,-0.30466216140202,0.442125321127898
852,-2.39718711567134,0.0220103529224274,0.0209118673812425,-1.01708464557534,1.11588454297853,-0.241629437432913,-0.816954690118657,-0.439490047247676
853,0.0544237634095676,0.518514641385828,-0.230109517092124,0.269321698162891,1.0698047492132,1.72207585174836,-1.99985519073461,-0.894548246442835
854,-2.18345991966095,0.867718434644528,-0.661488239525724,0.239410548992247,-0.419026558258546,-1.25590036264344,0.724600290133241,0.196134161402611
855,-0.254416823940957,-1.2213933900207,0.275984462315333,-1.86751599170795,0.268653772570663,0.799254236213259,-0.0535547002765994,1.55221503982692
856,0.172737098404288,1.74987515014834,2.21741419418342,-1.04797588181208,-0.445054541223446,0.198359535718632,-0.516356657154445,0.206395089444009
857,-0.275837627245545,0.540209334315154,-2.42149885260226,-1.21545943904203,0.0155320142980105,-0.583072046995781,1.36480094412805,0.589496725649092
858,0.828450765097689,-0.0571449270568703,-0.574162390403255,0.797168950277504,0.837492843358132,1.39592073968627,0.218894639975062,0.565663999160326
859,-0.801710126519993,0.19203850910536,2.12702176511323,1.11403021055947,-0.922555346280869,-1.00183462199879,0.364043187733206,-0.67429088834179
860,-0.153909852297475,0.219467693786533,-0.700505891058169,1.3882531955466,0.666099323964108,-0.545768515662522,-0.796936993772248,0.0471510345516986
861,-0.569916966714119,-0.774139676207065,1.40070708074027,0.49538999460402,0.779558721142128,-1.14321735442672,0.345327789368247,1.89545183568477
862,-0.549083525338909,-1.06919685285762,0.799920735143585,0.331344462813984,2.28410512584627,-0.568623554390859,0.545777217101076,1.12387606737974
863,-0.25018228408566,0.393142372865231,-0.0858690268119923,-0.107229022598549,-1.8629510353334,0.369661504346939,1.66184696178875,-0.925662301808171
864,-1.08236039383164,-0.692331726980408,0.487427307549835,0.83254993794799,-0.47703746002697,-1.69824227965172,0.101174422926821,-1.85148144417609
865,0.608647707828462,-2.02531769275009,-0.453134728526926,1.14083059199061,-1.34765822569539,0.082248874598132,-0.275318031855303,1.16380557399667
866,-0.012881859882978,-0.671180176037144,1.4152598562286,-0.957459486313172,-0.294739623032157,-0.217812213834581,-0.697344536771837,-0.38705670326914
867,0.535852410755664,-0.230617173463672,-1.68653381190915,-0.365001559890406,-0.603768421455626,-2.06353072623729,-0.023672407657081,0.953093417651276
868,-0.293016542588132,0.565842788166097,-0.0861026541305395,-2.1456258264333,0.164254632391225,0.55361971415849,-0.119060323373576,1.37836599997053
869,1.03260380231957,-0.224502593026645,0.223108348857954,-0.341572648154759,-0.976827485192799,-0.716725800527411,0.864364083869982,-0.250335125906462
870,0.180678383344614,-0.0818765072377803,2.5047350700481,-0.773905759430127,-0.514051827715286,0.292400359799418,-0.505698040946808,0.37569953659826
871,1.37592404794011,-0.164247086546108,-1.88410702193377,1.01073714248835,0.287098235869344,0.250176391560009,-0.561487476667876,0.050920877195283
872,0.171436724487853,-0.788399930970671,1.0879931921933,1.89027174445186,0.844797158154565,0.591466898524874,-0.400545140090993,1.12797055765346
873,-0.199767372594519,-0.928503627436112,0.741629441878304,0.323327136789931,-1.65980696408524,-0.518485854590534,0.845574774289165,-0.906493045052378
874,0.314116656012683,-1.24305670072953,0.0296066520240236,-0.370544428319286,-1.68164918796613,1.32638060100472,-1.23075552835441,1.3390388712742
875,-1.06516853392728,-0.74671670231471,-0.938645779764425,-0.218302787850359,-1.25022284219599,1.36622010310852,-1.29331496041376,-0.530103268389374
876,-0.466731145844619,-0.826627740835542,-0.157302985863632,1.46697867381432,-0.310360124114387,1.24630428354408,0.0748381568070238,-0.0385608475945355
877,1.42613678887413,1.64553027585805,-2.24275444675724,0.689769925413676,1.13861664371228,0.597945238148917,-0.414731955078597,-0.363167626242075
878,1.14546775982379,1.45033139956663,-0.225939956208493,-0.192182941999195,-0.892404275246256,0.197302418966752,-2.45110557830585,0.771825284135794
879,0.549079615477786,-0.324153754753408,-0.977777530276704,0.831437136778563,-1.33352451969993,-0.186426923888493,-0.350432295073978,0.854383025568065
880,1.92733301801119,0.224835607263715,-0.135369241456725,-0.0554683896309147,0.214119666331594,-0.221145218663819,0.679012321105714,-0.589223688315383
881,0.498564939265032,-1.28552175797326,-0.142076759898893,-0.505326931632065,0.684207336998514,2.6882013950154,-0.745141589614671,0.627499062751522
882,-0.468089695150467,-0.674580797139445,-1.21605729017598,0.214236491072282,2.25407303803784,-1.17408183431938,-0.275847606840958,-1.06409951764251
883,-1.29022779144041,-0.330761847513191,0.0809096896161389,2.0731433465462,0.465397974926045,0.106680551079895,-0.651065075520442,-0.56070611539932
884,0.0569192340161388,-0.543870013151362,-1.13678735116158,1.81600008699093,-0.861329161685554,-1.17466908066792,-1.63904627578635,-0.770381405609533
885,-1.17633620591817,-0.700528593301953,0.364514494538224,0.109986591892434,-0.476274555090052,-0.426696256812138,0.844531980703121,0.890176529818058
886,0.0219856339434944,1.41035912901756,-0.818453299569515,-0.951791988514169,-0.165948551414121,0.255010641759833,1.67803258760883,1.67599107590024
887,-2.54504211305757,-0.255884358599968,-0.466273930088017,-1.06897668697214,0.549113596643472,-0.881078120636587,-1.04975467267291,-0.611935795647485
888,-0.531460106327095,-1.97952054589457,-1.11243806138977,-2.08647916328965,0.218748610147735,-0.0547342179840755,-0.37066907555624,0.663714200301323
889,-2.15539154850818,0.797588635562078,1.46084312062736,-0.767577992155661,0.67388097967864,0.338583544323124,-0.597323363487745,0.607217134285478
890,-0.208865741768299,-1.41519013872455,-0.228934680263772,0.079368809048391,0.307066637070498,0.122899944691199,1.06680093006791,-2.03534509417886
891,1.6700859186183,0.061497297483768,-0.803342649249709,-0.0606326692990725,-0.193251488559777,-2.33994652556662,-0.564597333824828,-1.35115176702143
