id,ExtraCol2,ExtraCol3,ExtraCol4,ExtraCol5,ExtraCol6,ExtraCol7,ExtraCol8,ExtraCol9,ExtraCol10,ExtraCol11,ExtraCol12,ExtraCol13,ExtraCol14,ExtraCol15,ExtraCol16,ExtraCol17,ExtraCol18,ExtraCol4_quantile_bin,ExtraCol7_quantile_bin,ExtraCol10_quantile_bin,ExtraCol13_quantile_bin,ExtraCol3_freq,ExtraCol5_freq,ExtraCol6_freq,ExtraCol2_freq
1,A,high,27,D,high,57,C,low,90,Z,high,303,X,high,475,Y,medium,ExtraCol4_1,ExtraCol7_3,ExtraCol10_5,ExtraCol13_3,452,448,162,441
2,A,high,51,D,low,62,D,NA,97,X,high,388,Z,high,412,NA,NA,ExtraCol4_2,ExtraCol7_4,ExtraCol10_5,ExtraCol13_4,452,448,140,441
3,A,medium,26,D,unknown,65,D,high,51,Z,low,262,X,high,49,X,low,ExtraCol4_1,ExtraCol7_4,ExtraCol10_3,ExtraCol13_3,137,448,159,441
4,D,high,51,C,high,19,NA,NA,59,Y,low,72,Z,medium,343,Y,medium,ExtraCol4_2,ExtraCol7_1,ExtraCol10_3,ExtraCol13_1,452,152,162,155
5,D,low,17,A,NA,57,C,low,19,X,medium,NA,Y,high,332,NA,low,ExtraCol4_1,ExtraCol7_3,ExtraCol10_2,NA,157,144,0,155
6,C,high,18,C,medium,26,C,NA,41,X,low,NA,Z,high,442,Z,low,ExtraCol4_1,ExtraCol7_2,ExtraCol10_3,NA,452,152,165,153
7,B,high,92,D,medium,27,NA,NA,62,X,high,58,X,low,482,X,high,ExtraCol4_4,ExtraCol7_2,ExtraCol10_4,ExtraCol13_1,452,448,165,142
8,A,medium,55,A,low,94,D,low,42,NA,low,63,Y,high,372,X,medium,ExtraCol4_3,ExtraCol7_5,ExtraCol10_3,ExtraCol13_1,137,144,140,441
9,A,high,4,B,NA,NA,A,NA,NA,NA,medium,173,X,low,NA,Z,high,ExtraCol4_1,NA,NA,ExtraCol13_2,452,147,0,441
10,B,unknown,51,D,NA,NA,C,NA,13,Y,low,227,Z,high,176,Z,high,ExtraCol4_2,NA,ExtraCol10_1,ExtraCol13_3,145,448,0,142
11,A,high,51,B,unknown,NA,B,NA,15,Y,high,NA,Y,low,449,X,high,ExtraCol4_2,NA,ExtraCol10_1,NA,452,147,159,441
12,C,high,51,D,NA,24,A,high,33,X,low,79,X,high,471,NA,low,ExtraCol4_2,ExtraCol7_2,ExtraCol10_2,ExtraCol13_1,452,448,0,153
13,B,low,54,C,high,78,NA,NA,NA,Z,medium,466,Z,high,495,X,high,ExtraCol4_3,ExtraCol7_4,NA,ExtraCol13_5,157,152,162,142
14,A,high,64,C,medium,NA,A,NA,81,Y,high,75,Z,high,477,Y,high,ExtraCol4_3,NA,ExtraCol10_5,ExtraCol13_1,452,152,165,441
15,C,high,51,C,medium,71,NA,NA,86,Z,medium,100,Z,high,320,Y,medium,ExtraCol4_2,ExtraCol7_4,ExtraCol10_5,ExtraCol13_1,452,152,165,153
16,A,unknown,81,C,NA,NA,NA,unknown,NA,X,low,483,Z,medium,478,Y,low,ExtraCol4_4,NA,NA,ExtraCol13_5,145,152,0,441
17,D,high,51,D,medium,NA,NA,NA,NA,Z,low,188,X,high,391,X,low,ExtraCol4_2,NA,NA,ExtraCol13_2,452,448,165,155
18,C,unknown,96,D,unknown,72,A,NA,NA,Z,medium,286,Y,low,120,X,medium,ExtraCol4_4,ExtraCol7_4,NA,ExtraCol13_3,145,448,159,153
19,C,high,51,B,low,33,D,unknown,53,Y,low,217,Z,NA,15,Y,low,ExtraCol4_2,ExtraCol7_2,ExtraCol10_3,ExtraCol13_2,452,147,140,153
20,D,low,32,D,low,96,A,medium,70,Z,medium,129,Y,low,490,Y,low,ExtraCol4_2,ExtraCol7_5,ExtraCol10_4,ExtraCol13_2,157,448,140,155
21,A,low,72,C,unknown,86,B,NA,72,Y,medium,253,Y,low,213,X,medium,ExtraCol4_4,ExtraCol7_5,ExtraCol10_4,ExtraCol13_3,157,152,159,441
22,D,high,89,C,unknown,59,B,NA,96,Z,medium,388,Z,NA,436,Y,medium,ExtraCol4_4,ExtraCol7_3,ExtraCol10_5,ExtraCol13_4,452,152,159,155
23,B,high,51,B,unknown,NA,C,NA,57,Z,high,5,Y,medium,144,Y,high,ExtraCol4_2,NA,ExtraCol10_3,ExtraCol13_1,452,147,159,142
24,A,medium,98,B,medium,59,B,high,34,X,high,437,X,low,180,Y,high,ExtraCol4_4,ExtraCol7_3,ExtraCol10_2,ExtraCol13_5,137,147,165,441
25,A,high,19,C,medium,69,NA,NA,NA,Z,low,92,X,NA,412,Z,low,ExtraCol4_1,ExtraCol7_4,NA,ExtraCol13_1,452,152,165,441
26,A,high,41,D,low,NA,D,low,NA,Z,high,458,Z,high,262,Z,low,ExtraCol4_2,NA,NA,ExtraCol13_5,452,448,140,441
27,A,medium,31,B,medium,14,D,low,80,X,high,481,X,medium,338,X,low,ExtraCol4_2,ExtraCol7_1,ExtraCol10_5,ExtraCol13_5,137,147,165,441
28,A,low,42,D,high,56,A,high,NA,Z,low,466,Y,low,160,Z,low,ExtraCol4_2,ExtraCol7_3,NA,ExtraCol13_5,157,448,162,441
29,A,high,51,B,medium,80,D,NA,NA,Y,medium,325,Y,high,307,X,medium,ExtraCol4_2,ExtraCol7_4,NA,ExtraCol13_4,452,147,165,441
30,A,high,73,C,medium,31,A,unknown,31,Z,NA,452,NA,high,243,Y,high,ExtraCol4_4,ExtraCol7_2,ExtraCol10_2,ExtraCol13_5,452,152,165,441
31,D,high,51,A,NA,45,NA,unknown,5,NA,medium,429,X,low,465,Z,high,ExtraCol4_2,ExtraCol7_3,ExtraCol10_1,ExtraCol13_5,452,144,0,155
32,A,high,25,D,NA,NA,D,high,NA,NA,medium,319,X,low,246,Z,high,ExtraCol4_1,NA,NA,ExtraCol13_3,452,448,0,441
33,B,medium,51,D,high,70,A,NA,12,Y,high,445,Z,high,44,X,medium,ExtraCol4_2,ExtraCol7_4,ExtraCol10_1,ExtraCol13_5,137,448,162,142
34,C,high,51,D,high,86,A,high,8,Y,medium,171,X,high,368,X,medium,ExtraCol4_2,ExtraCol7_5,ExtraCol10_1,ExtraCol13_2,452,448,162,153
35,B,high,65,D,high,NA,NA,medium,70,Y,high,417,X,high,476,X,high,ExtraCol4_3,NA,ExtraCol10_4,ExtraCol13_5,452,448,162,142
36,C,high,69,D,unknown,NA,NA,high,43,X,medium,462,Z,NA,NA,X,low,ExtraCol4_3,NA,ExtraCol10_3,ExtraCol13_5,452,448,159,153
37,D,medium,66,B,low,4,D,low,NA,Z,medium,NA,X,low,50,X,NA,ExtraCol4_3,ExtraCol7_1,NA,NA,137,147,140,155
38,A,high,60,D,medium,NA,C,unknown,NA,NA,low,61,Y,NA,499,NA,medium,ExtraCol4_3,NA,NA,ExtraCol13_1,452,448,165,441
39,A,high,51,B,high,94,C,unknown,NA,X,low,107,X,medium,173,X,medium,ExtraCol4_2,ExtraCol7_5,NA,ExtraCol13_1,452,147,162,441
40,D,unknown,51,D,NA,8,D,medium,61,Y,medium,NA,Z,high,416,Y,medium,ExtraCol4_2,ExtraCol7_1,ExtraCol10_4,NA,145,448,0,155
41,C,low,90,A,unknown,NA,NA,medium,53,X,low,266,X,high,315,Z,NA,ExtraCol4_4,NA,ExtraCol10_3,ExtraCol13_3,157,144,159,153
42,C,unknown,38,B,NA,83,NA,medium,58,Y,high,216,Y,low,NA,Y,low,ExtraCol4_2,ExtraCol7_5,ExtraCol10_3,ExtraCol13_2,145,147,0,153
43,B,medium,51,B,low,NA,D,NA,70,Y,low,413,Y,low,170,X,high,ExtraCol4_2,NA,ExtraCol10_4,ExtraCol13_5,137,147,140,142
44,A,high,18,D,medium,17,NA,NA,38,X,low,141,Z,low,303,Y,high,ExtraCol4_1,ExtraCol7_1,ExtraCol10_2,ExtraCol13_2,452,448,165,441
45,C,low,35,A,medium,2,A,medium,NA,Z,high,82,X,low,341,Y,high,ExtraCol4_2,ExtraCol7_1,NA,ExtraCol13_1,157,144,165,153
46,C,low,51,D,unknown,NA,A,high,NA,Z,low,307,Y,NA,77,Z,high,ExtraCol4_2,NA,NA,ExtraCol13_3,157,448,159,153
47,A,unknown,64,A,medium,59,B,NA,14,Z,low,69,NA,low,387,NA,medium,ExtraCol4_3,ExtraCol7_3,ExtraCol10_1,ExtraCol13_1,145,144,165,441
48,C,high,21,D,NA,84,A,medium,21,Y,low,452,X,high,71,X,low,ExtraCol4_1,ExtraCol7_5,ExtraCol10_2,ExtraCol13_5,452,448,0,153
49,C,high,54,C,NA,88,NA,low,8,Y,high,40,X,medium,414,Z,low,ExtraCol4_3,ExtraCol7_5,ExtraCol10_1,ExtraCol13_1,452,152,0,153
50,A,high,51,A,medium,45,NA,high,NA,Z,high,245,Z,low,63,NA,high,ExtraCol4_2,ExtraCol7_3,NA,ExtraCol13_3,452,144,165,441
51,B,unknown,12,D,high,42,B,NA,43,Z,low,474,Y,NA,89,X,low,ExtraCol4_1,ExtraCol7_3,ExtraCol10_3,ExtraCol13_5,145,448,162,142
52,A,medium,6,D,high,93,B,unknown,NA,Z,medium,276,Y,medium,NA,Y,medium,ExtraCol4_1,ExtraCol7_5,NA,ExtraCol13_3,137,448,162,441
53,A,unknown,51,D,NA,NA,NA,low,92,X,medium,404,NA,low,91,X,low,ExtraCol4_2,NA,ExtraCol10_5,ExtraCol13_4,145,448,0,441
54,A,unknown,65,A,medium,20,NA,NA,NA,Z,high,211,NA,low,38,Y,low,ExtraCol4_3,ExtraCol7_1,NA,ExtraCol13_2,145,144,165,441
55,A,unknown,31,C,low,NA,NA,medium,55,Y,medium,377,Z,medium,26,X,low,ExtraCol4_2,NA,ExtraCol10_3,ExtraCol13_4,145,152,140,441
56,C,high,82,D,low,71,B,high,NA,Z,medium,353,Z,low,143,X,low,ExtraCol4_4,ExtraCol7_4,NA,ExtraCol13_4,452,448,140,153
57,B,high,84,D,NA,23,D,low,NA,Z,medium,256,Y,medium,245,Y,low,ExtraCol4_4,ExtraCol7_2,NA,ExtraCol13_3,452,448,0,142
58,D,high,53,C,high,97,A,low,76,X,low,50,X,medium,22,X,medium,ExtraCol4_3,ExtraCol7_5,ExtraCol10_4,ExtraCol13_1,452,152,162,155
59,A,low,51,C,NA,29,B,NA,90,X,medium,485,Y,low,68,X,high,ExtraCol4_2,ExtraCol7_2,ExtraCol10_5,ExtraCol13_5,157,152,0,441
60,D,high,51,C,unknown,NA,NA,NA,96,X,medium,NA,X,low,305,Y,low,ExtraCol4_2,NA,ExtraCol10_5,NA,452,152,159,155
61,A,high,82,D,NA,49,C,NA,38,Y,high,178,Z,NA,159,Y,high,ExtraCol4_4,ExtraCol7_3,ExtraCol10_2,ExtraCol13_2,452,448,0,441
62,B,unknown,89,D,low,69,NA,NA,48,Z,medium,320,X,medium,NA,Z,medium,ExtraCol4_4,ExtraCol7_4,ExtraCol10_3,ExtraCol13_3,145,448,140,142
63,A,high,51,D,high,90,D,unknown,NA,X,high,384,Z,low,420,X,high,ExtraCol4_2,ExtraCol7_5,NA,ExtraCol13_4,452,448,162,441
64,C,high,51,C,NA,39,NA,NA,5,X,medium,267,Y,low,15,Y,medium,ExtraCol4_2,ExtraCol7_2,ExtraCol10_1,ExtraCol13_3,452,152,0,153
65,A,high,51,A,high,NA,D,medium,11,Y,high,200,Y,low,474,X,high,ExtraCol4_2,NA,ExtraCol10_1,ExtraCol13_2,452,144,162,441
66,B,high,51,A,medium,75,NA,NA,4,Y,high,203,NA,high,341,X,high,ExtraCol4_2,ExtraCol7_4,ExtraCol10_1,ExtraCol13_2,452,144,165,142
67,B,high,13,C,unknown,NA,A,NA,73,X,low,487,X,high,411,X,high,ExtraCol4_1,NA,ExtraCol10_4,ExtraCol13_5,452,152,159,142
68,A,unknown,67,D,high,NA,NA,NA,22,Y,medium,166,NA,medium,239,Z,medium,ExtraCol4_3,NA,ExtraCol10_2,ExtraCol13_2,145,448,162,441
69,A,medium,92,A,NA,75,A,low,NA,Z,high,427,Z,medium,0,Z,high,ExtraCol4_4,ExtraCol7_4,NA,ExtraCol13_5,137,144,0,441
70,C,high,75,D,medium,70,NA,high,37,X,medium,25,X,low,442,Y,high,ExtraCol4_4,ExtraCol7_4,ExtraCol10_2,ExtraCol13_1,452,448,165,153
71,D,high,48,D,unknown,NA,C,low,79,NA,high,329,X,low,284,Y,low,ExtraCol4_2,NA,ExtraCol10_5,ExtraCol13_4,452,448,159,155
72,A,high,52,C,high,NA,B,NA,11,X,medium,340,X,high,18,Z,high,ExtraCol4_3,NA,ExtraCol10_1,ExtraCol13_4,452,152,162,441
73,B,high,25,D,high,1,NA,medium,32,X,NA,337,Z,low,NA,Y,low,ExtraCol4_1,ExtraCol7_1,ExtraCol10_2,ExtraCol13_4,452,448,162,142
74,A,high,51,D,medium,NA,NA,unknown,NA,Y,medium,210,Y,high,103,Y,medium,ExtraCol4_2,NA,NA,ExtraCol13_2,452,448,165,441
75,A,unknown,24,D,NA,NA,C,low,NA,X,medium,345,X,low,187,Y,low,ExtraCol4_1,NA,NA,ExtraCol13_4,145,448,0,441
76,A,unknown,34,A,unknown,NA,A,NA,56,Y,low,222,NA,low,221,Y,high,ExtraCol4_2,NA,ExtraCol10_3,ExtraCol13_3,145,144,159,441
77,A,low,26,D,medium,NA,A,NA,16,X,low,296,X,high,213,Y,high,ExtraCol4_1,NA,ExtraCol10_1,ExtraCol13_3,157,448,165,441
78,A,low,33,D,low,30,NA,NA,66,Z,low,446,Z,high,434,Y,high,ExtraCol4_2,ExtraCol7_2,ExtraCol10_4,ExtraCol13_5,157,448,140,441
79,A,high,36,A,medium,89,C,high,96,Y,high,336,Z,NA,471,X,low,ExtraCol4_2,ExtraCol7_5,ExtraCol10_5,ExtraCol13_4,452,144,165,441
80,C,high,8,D,NA,70,NA,low,4,X,medium,368,Y,low,339,Z,low,ExtraCol4_1,ExtraCol7_4,ExtraCol10_1,ExtraCol13_4,452,448,0,153
81,C,unknown,51,D,NA,56,NA,medium,8,X,medium,484,Z,medium,316,Z,medium,ExtraCol4_2,ExtraCol7_3,ExtraCol10_1,ExtraCol13_5,145,448,0,153
82,D,low,44,D,low,88,B,high,95,Y,medium,109,X,low,NA,Y,low,ExtraCol4_2,ExtraCol7_5,ExtraCol10_5,ExtraCol13_1,157,448,140,155
83,D,low,94,D,low,9,C,unknown,NA,Y,medium,293,Y,low,133,Z,medium,ExtraCol4_4,ExtraCol7_1,NA,ExtraCol13_3,157,448,140,155
84,D,unknown,51,A,medium,64,NA,unknown,91,NA,high,328,NA,medium,279,X,low,ExtraCol4_2,ExtraCol7_4,ExtraCol10_5,ExtraCol13_4,145,144,165,155
85,C,unknown,66,B,medium,15,D,NA,70,X,medium,NA,Z,low,321,Y,NA,ExtraCol4_3,ExtraCol7_1,ExtraCol10_4,NA,145,147,165,153
86,A,low,51,D,low,23,A,medium,NA,Y,medium,66,Y,low,NA,Z,medium,ExtraCol4_2,ExtraCol7_2,NA,ExtraCol13_1,157,448,140,441
87,B,medium,51,B,medium,18,D,NA,NA,Y,medium,380,Z,medium,NA,Z,medium,ExtraCol4_2,ExtraCol7_1,NA,ExtraCol13_4,137,147,165,142
88,A,high,49,D,NA,54,NA,NA,51,X,medium,97,Y,high,NA,Z,high,ExtraCol4_2,ExtraCol7_3,ExtraCol10_3,ExtraCol13_1,452,448,0,441
89,B,high,44,A,low,62,C,NA,36,Y,medium,204,NA,low,29,Z,high,ExtraCol4_2,ExtraCol7_4,ExtraCol10_2,ExtraCol13_2,452,144,140,142
90,B,high,65,D,medium,75,A,medium,83,X,low,357,Z,medium,161,Y,low,ExtraCol4_3,ExtraCol7_4,ExtraCol10_5,ExtraCol13_4,452,448,165,142
91,A,high,51,B,NA,NA,C,unknown,4,Z,high,131,Z,high,407,NA,medium,ExtraCol4_2,NA,ExtraCol10_1,ExtraCol13_2,452,147,0,441
92,A,low,31,B,NA,93,NA,medium,NA,Z,medium,62,NA,high,NA,Y,high,ExtraCol4_2,ExtraCol7_5,NA,ExtraCol13_1,157,147,0,441
93,C,medium,51,D,NA,37,C,NA,55,X,medium,337,Y,medium,108,NA,high,ExtraCol4_2,ExtraCol7_2,ExtraCol10_3,ExtraCol13_4,137,448,0,153
94,B,high,18,D,NA,NA,B,high,97,X,medium,140,Y,low,436,Z,medium,ExtraCol4_1,NA,ExtraCol10_5,ExtraCol13_2,452,448,0,142
95,A,high,51,D,high,3,C,NA,99,X,medium,413,X,high,76,Y,low,ExtraCol4_2,ExtraCol7_1,ExtraCol10_5,ExtraCol13_5,452,448,162,441
96,B,high,51,D,NA,12,C,medium,59,Z,high,449,Y,low,79,X,medium,ExtraCol4_2,ExtraCol7_1,ExtraCol10_3,ExtraCol13_5,452,448,0,142
97,D,unknown,95,A,unknown,NA,B,high,42,Z,low,174,Z,NA,449,Z,high,ExtraCol4_4,NA,ExtraCol10_3,ExtraCol13_2,145,144,159,155
98,C,unknown,51,D,NA,41,D,unknown,27,X,low,369,Z,medium,NA,X,low,ExtraCol4_2,ExtraCol7_3,ExtraCol10_2,ExtraCol13_4,145,448,0,153
99,A,high,39,C,NA,NA,C,unknown,99,Y,high,NA,Y,low,0,Y,NA,ExtraCol4_2,NA,ExtraCol10_5,NA,452,152,0,441
100,A,high,51,B,unknown,12,NA,unknown,NA,X,high,464,Y,low,216,X,medium,ExtraCol4_2,ExtraCol7_1,NA,ExtraCol13_5,452,147,159,441
101,C,high,80,B,NA,26,NA,high,12,Z,medium,122,Z,low,370,X,low,ExtraCol4_4,ExtraCol7_2,ExtraCol10_1,ExtraCol13_2,452,147,0,153
102,C,high,48,B,low,98,D,NA,50,X,medium,440,X,high,378,X,medium,ExtraCol4_2,ExtraCol7_5,ExtraCol10_3,ExtraCol13_5,452,147,140,153
103,B,medium,96,D,unknown,2,B,high,39,X,medium,393,X,high,43,X,NA,ExtraCol4_4,ExtraCol7_1,ExtraCol10_2,ExtraCol13_4,137,448,159,142
104,C,low,51,B,NA,42,C,NA,49,Z,high,156,NA,high,140,X,medium,ExtraCol4_2,ExtraCol7_3,ExtraCol10_3,ExtraCol13_2,157,147,0,153
105,A,medium,70,D,NA,19,A,unknown,NA,NA,medium,412,X,low,308,X,high,ExtraCol4_4,ExtraCol7_1,NA,ExtraCol13_5,137,448,0,441
106,A,high,75,C,high,53,B,unknown,26,Y,high,316,Z,high,330,Z,medium,ExtraCol4_4,ExtraCol7_3,ExtraCol10_2,ExtraCol13_3,452,152,162,441
107,A,unknown,51,A,unknown,97,C,unknown,NA,Z,medium,334,X,medium,310,Z,high,ExtraCol4_2,ExtraCol7_5,NA,ExtraCol13_4,145,144,159,441
108,B,unknown,51,D,low,22,D,high,NA,X,medium,189,X,high,168,X,medium,ExtraCol4_2,ExtraCol7_2,NA,ExtraCol13_2,145,448,140,142
109,A,high,58,C,low,37,C,NA,32,X,high,117,Y,medium,431,Y,high,ExtraCol4_3,ExtraCol7_2,ExtraCol10_2,ExtraCol13_2,452,152,140,441
110,D,low,51,D,unknown,44,NA,medium,0,Y,NA,348,Y,low,39,NA,low,ExtraCol4_2,ExtraCol7_3,ExtraCol10_1,ExtraCol13_4,157,448,159,155
111,D,low,11,D,high,79,B,NA,67,Y,low,26,Z,low,411,Z,medium,ExtraCol4_1,ExtraCol7_4,ExtraCol10_4,ExtraCol13_1,157,448,162,155
112,A,medium,13,A,low,NA,C,unknown,85,NA,low,174,Z,low,469,Z,low,ExtraCol4_1,NA,ExtraCol10_5,ExtraCol13_2,137,144,140,441
113,A,high,51,C,unknown,NA,NA,unknown,NA,Z,high,70,Y,high,342,Y,low,ExtraCol4_2,NA,NA,ExtraCol13_1,452,152,159,441
114,A,unknown,65,B,NA,48,A,medium,16,Z,medium,0,X,medium,214,X,NA,ExtraCol4_3,ExtraCol7_3,ExtraCol10_1,ExtraCol13_1,145,147,0,441
115,A,high,28,C,medium,NA,A,NA,76,X,low,3,X,high,190,NA,low,ExtraCol4_1,NA,ExtraCol10_4,ExtraCol13_1,452,152,165,441
116,A,high,73,A,medium,0,C,NA,14,Z,high,46,Z,NA,NA,Z,low,ExtraCol4_4,ExtraCol7_1,ExtraCol10_1,ExtraCol13_1,452,144,165,441
117,A,high,69,D,high,80,D,low,62,X,high,469,Y,low,NA,X,high,ExtraCol4_3,ExtraCol7_4,ExtraCol10_4,ExtraCol13_5,452,448,162,441
118,A,medium,51,D,low,24,NA,NA,70,Y,medium,385,Z,low,111,Y,medium,ExtraCol4_2,ExtraCol7_2,ExtraCol10_4,ExtraCol13_4,137,448,140,441
119,A,high,91,B,medium,NA,D,NA,15,Y,medium,494,Y,NA,317,Y,high,ExtraCol4_4,NA,ExtraCol10_1,ExtraCol13_5,452,147,165,441
120,A,high,88,D,NA,97,NA,medium,11,Y,high,42,Z,low,NA,Z,high,ExtraCol4_4,ExtraCol7_5,ExtraCol10_1,ExtraCol13_1,452,448,0,441
121,C,low,51,C,low,63,C,unknown,7,X,low,498,Y,high,248,Z,high,ExtraCol4_2,ExtraCol7_4,ExtraCol10_1,ExtraCol13_5,157,152,140,153
122,A,medium,76,D,unknown,NA,D,NA,70,Y,low,299,Z,medium,237,Y,medium,ExtraCol4_4,NA,ExtraCol10_4,ExtraCol13_3,137,448,159,441
123,D,high,51,D,low,60,NA,high,61,X,medium,397,Y,medium,38,Y,high,ExtraCol4_2,ExtraCol7_3,ExtraCol10_4,ExtraCol13_4,452,448,140,155
124,D,medium,40,A,unknown,21,NA,low,11,Z,medium,428,X,low,NA,Y,medium,ExtraCol4_2,ExtraCol7_2,ExtraCol10_1,ExtraCol13_5,137,144,159,155
125,C,high,51,D,low,69,C,unknown,50,X,low,131,X,medium,477,Z,NA,ExtraCol4_2,ExtraCol7_4,ExtraCol10_3,ExtraCol13_2,452,448,140,153
126,A,high,60,A,medium,61,C,NA,79,Y,low,370,X,medium,122,X,high,ExtraCol4_3,ExtraCol7_4,ExtraCol10_5,ExtraCol13_4,452,144,165,441
127,B,unknown,41,C,low,NA,NA,NA,23,X,high,323,Y,low,157,Z,low,ExtraCol4_2,NA,ExtraCol10_2,ExtraCol13_4,145,152,140,142
128,D,low,99,D,NA,7,B,NA,60,X,medium,206,Z,low,315,Z,low,ExtraCol4_4,ExtraCol7_1,ExtraCol10_4,ExtraCol13_2,157,448,0,155
129,A,low,17,D,high,64,D,high,29,Y,high,245,Y,medium,1,X,low,ExtraCol4_1,ExtraCol7_4,ExtraCol10_2,ExtraCol13_3,157,448,162,441
130,A,high,9,D,low,NA,NA,unknown,NA,Z,medium,104,Z,NA,51,X,high,ExtraCol4_1,NA,NA,ExtraCol13_1,452,448,140,441
131,A,medium,2,A,high,77,A,NA,NA,Y,medium,92,X,high,450,Y,medium,ExtraCol4_1,ExtraCol7_4,NA,ExtraCol13_1,137,144,162,441
132,A,high,81,D,NA,12,B,NA,35,Z,medium,461,Y,medium,86,Z,low,ExtraCol4_4,ExtraCol7_1,ExtraCol10_2,ExtraCol13_5,452,448,0,441
133,A,low,40,C,medium,53,NA,high,49,Z,medium,365,NA,low,288,Y,high,ExtraCol4_2,ExtraCol7_3,ExtraCol10_3,ExtraCol13_4,157,152,165,441
134,A,high,43,D,low,81,B,unknown,20,Y,high,283,X,high,441,X,low,ExtraCol4_2,ExtraCol7_5,ExtraCol10_2,ExtraCol13_3,452,448,140,441
135,B,unknown,64,C,high,89,NA,medium,39,Z,high,347,Y,medium,366,Y,low,ExtraCol4_3,ExtraCol7_5,ExtraCol10_2,ExtraCol13_4,145,152,162,142
136,D,high,51,A,NA,93,NA,NA,62,Y,high,202,Y,high,135,Y,medium,ExtraCol4_2,ExtraCol7_5,ExtraCol10_4,ExtraCol13_2,452,144,0,155
137,A,medium,57,C,low,NA,NA,NA,38,Y,high,124,Y,low,76,Z,high,ExtraCol4_3,NA,ExtraCol10_2,ExtraCol13_2,137,152,140,441
138,C,high,5,D,NA,NA,B,low,NA,Z,low,471,Y,low,358,NA,high,ExtraCol4_1,NA,NA,ExtraCol13_5,452,448,0,153
139,B,high,51,B,medium,57,C,NA,NA,Y,medium,494,X,low,202,X,high,ExtraCol4_2,ExtraCol7_3,NA,ExtraCol13_5,452,147,165,142
140,A,low,51,D,low,46,D,NA,13,Z,high,107,Z,high,483,NA,high,ExtraCol4_2,ExtraCol7_3,ExtraCol10_1,ExtraCol13_1,157,448,140,441
141,D,high,45,B,unknown,23,NA,medium,NA,X,medium,400,X,low,322,X,low,ExtraCol4_2,ExtraCol7_2,NA,ExtraCol13_4,452,147,159,155
142,A,high,16,D,high,NA,C,low,46,Y,medium,221,Z,high,5,X,medium,ExtraCol4_1,NA,ExtraCol10_3,ExtraCol13_2,452,448,162,441
143,A,unknown,51,D,unknown,14,A,NA,60,Y,low,353,Z,high,125,NA,high,ExtraCol4_2,ExtraCol7_1,ExtraCol10_4,ExtraCol13_4,145,448,159,441
144,A,high,33,D,medium,NA,A,unknown,73,X,low,54,X,medium,372,X,high,ExtraCol4_2,NA,ExtraCol10_4,ExtraCol13_1,452,448,165,441
145,D,medium,27,D,NA,NA,NA,low,NA,Z,high,239,X,high,350,X,medium,ExtraCol4_1,NA,NA,ExtraCol13_3,137,448,0,155
146,A,unknown,29,A,NA,NA,A,NA,97,X,low,62,Y,high,370,Z,low,ExtraCol4_1,NA,ExtraCol10_5,ExtraCol13_1,145,144,0,441
147,A,high,72,A,low,10,NA,low,42,X,medium,407,Z,high,116,Y,high,ExtraCol4_4,ExtraCol7_1,ExtraCol10_3,ExtraCol13_4,452,144,140,441
148,C,high,10,B,medium,26,B,NA,88,X,medium,199,Y,high,124,Z,medium,ExtraCol4_1,ExtraCol7_2,ExtraCol10_5,ExtraCol13_2,452,147,165,153
149,D,unknown,30,D,unknown,NA,D,high,41,Z,high,131,Y,medium,104,Y,medium,ExtraCol4_1,NA,ExtraCol10_3,ExtraCol13_2,145,448,159,155
150,A,low,46,B,medium,NA,NA,low,40,X,high,349,Z,low,347,X,high,ExtraCol4_2,NA,ExtraCol10_3,ExtraCol13_4,157,147,165,441
151,D,high,54,D,unknown,44,B,high,60,X,medium,477,Y,low,5,Z,medium,ExtraCol4_3,ExtraCol7_3,ExtraCol10_4,ExtraCol13_5,452,448,159,155
152,C,medium,88,B,medium,4,C,NA,19,Z,low,169,Z,medium,407,Y,medium,ExtraCol4_4,ExtraCol7_1,ExtraCol10_2,ExtraCol13_2,137,147,165,153
153,D,unknown,51,D,medium,1,A,high,60,X,NA,358,Z,medium,140,Z,low,ExtraCol4_2,ExtraCol7_1,ExtraCol10_4,ExtraCol13_4,145,448,165,155
154,A,low,51,D,NA,NA,D,unknown,NA,X,high,344,X,medium,244,X,low,ExtraCol4_2,NA,NA,ExtraCol13_4,157,448,0,441
155,D,unknown,53,D,NA,44,C,NA,NA,X,medium,244,Y,low,123,Z,medium,ExtraCol4_3,ExtraCol7_3,NA,ExtraCol13_3,145,448,0,155
156,C,low,2,A,NA,7,C,unknown,7,Y,medium,402,X,medium,212,Z,high,ExtraCol4_1,ExtraCol7_1,ExtraCol10_1,ExtraCol13_4,157,144,0,153
157,A,low,61,D,low,83,NA,low,69,X,high,63,NA,medium,382,NA,high,ExtraCol4_3,ExtraCol7_5,ExtraCol10_4,ExtraCol13_1,157,448,140,441
158,A,high,15,D,medium,NA,D,low,3,Z,medium,438,X,high,99,Z,medium,ExtraCol4_1,NA,ExtraCol10_1,ExtraCol13_5,452,448,165,441
159,A,high,7,A,high,34,D,medium,10,X,NA,202,X,high,284,Z,high,ExtraCol4_1,ExtraCol7_2,ExtraCol10_1,ExtraCol13_2,452,144,162,441
160,B,unknown,67,C,NA,45,A,medium,28,Y,medium,22,X,medium,28,Z,low,ExtraCol4_3,ExtraCol7_3,ExtraCol10_2,ExtraCol13_1,145,152,0,142
161,C,high,51,D,unknown,NA,C,low,NA,X,high,NA,Z,high,88,X,NA,ExtraCol4_2,NA,NA,NA,452,448,159,153
162,A,low,51,D,NA,93,NA,medium,0,X,medium,386,Y,low,342,Z,medium,ExtraCol4_2,ExtraCol7_5,ExtraCol10_1,ExtraCol13_4,157,448,0,441
163,C,high,10,B,high,78,B,unknown,NA,X,NA,408,Y,high,284,Z,low,ExtraCol4_1,ExtraCol7_4,NA,ExtraCol13_4,452,147,162,153
164,D,high,74,D,NA,19,NA,high,78,Z,medium,73,NA,high,305,Y,low,ExtraCol4_4,ExtraCol7_1,ExtraCol10_5,ExtraCol13_1,452,448,0,155
165,A,high,76,C,medium,73,NA,high,45,Z,high,375,Z,low,112,Y,high,ExtraCol4_4,ExtraCol7_4,ExtraCol10_3,ExtraCol13_4,452,152,165,441
166,A,high,51,D,NA,17,B,low,19,X,high,349,Y,NA,103,X,medium,ExtraCol4_2,ExtraCol7_1,ExtraCol10_2,ExtraCol13_4,452,448,0,441
167,A,unknown,83,A,high,45,C,low,42,X,high,451,Y,medium,NA,Y,low,ExtraCol4_4,ExtraCol7_3,ExtraCol10_3,ExtraCol13_5,145,144,162,441
168,B,unknown,43,C,low,NA,NA,medium,69,Z,high,185,Y,low,64,Z,high,ExtraCol4_2,NA,ExtraCol10_4,ExtraCol13_2,145,152,140,142
169,C,high,18,D,unknown,3,A,NA,73,Y,high,463,Y,medium,NA,Z,low,ExtraCol4_1,ExtraCol7_1,ExtraCol10_4,ExtraCol13_5,452,448,159,153
170,A,high,51,D,NA,NA,A,unknown,NA,X,medium,353,NA,high,133,X,medium,ExtraCol4_2,NA,NA,ExtraCol13_4,452,448,0,441
171,B,high,21,A,medium,22,NA,NA,16,X,medium,NA,X,high,359,X,high,ExtraCol4_1,ExtraCol7_2,ExtraCol10_1,NA,452,144,165,142
172,B,high,20,B,medium,NA,A,NA,95,Y,medium,106,X,NA,78,X,low,ExtraCol4_1,NA,ExtraCol10_5,ExtraCol13_1,452,147,165,142
173,B,high,32,D,unknown,49,D,medium,NA,Y,high,451,X,medium,325,Y,high,ExtraCol4_2,ExtraCol7_3,NA,ExtraCol13_5,452,448,159,142
174,D,high,51,D,medium,2,C,high,98,Y,medium,322,Y,medium,101,X,NA,ExtraCol4_2,ExtraCol7_1,ExtraCol10_5,ExtraCol13_3,452,448,165,155
175,B,medium,51,B,medium,NA,NA,low,NA,X,low,59,Z,high,140,Z,high,ExtraCol4_2,NA,NA,ExtraCol13_1,137,147,165,142
176,A,high,51,D,low,NA,B,NA,11,Y,low,62,Y,medium,206,Z,high,ExtraCol4_2,NA,ExtraCol10_1,ExtraCol13_1,452,448,140,441
177,B,unknown,62,B,medium,95,B,NA,NA,X,NA,413,X,medium,NA,X,high,ExtraCol4_3,ExtraCol7_5,NA,ExtraCol13_5,145,147,165,142
178,A,unknown,33,C,low,NA,NA,NA,32,Y,medium,84,Y,high,62,Z,low,ExtraCol4_2,NA,ExtraCol10_2,ExtraCol13_1,145,152,140,441
179,B,high,51,B,NA,19,NA,unknown,NA,X,high,109,Z,medium,376,Z,low,ExtraCol4_2,ExtraCol7_1,NA,ExtraCol13_1,452,147,0,142
180,A,low,51,D,unknown,60,NA,NA,71,X,high,307,Y,low,172,Z,low,ExtraCol4_2,ExtraCol7_3,ExtraCol10_4,ExtraCol13_3,157,448,159,441
181,A,high,51,C,NA,36,NA,high,NA,Z,high,431,X,low,283,Z,low,ExtraCol4_2,ExtraCol7_2,NA,ExtraCol13_5,452,152,0,441
182,A,medium,43,D,unknown,60,A,NA,58,Y,high,168,X,NA,323,Y,NA,ExtraCol4_2,ExtraCol7_3,ExtraCol10_3,ExtraCol13_2,137,448,159,441
183,A,low,29,B,unknown,NA,C,unknown,NA,Y,low,332,Y,medium,311,Z,low,ExtraCol4_1,NA,NA,ExtraCol13_4,157,147,159,441
184,A,high,51,D,NA,29,C,low,61,X,high,351,Z,medium,313,X,medium,ExtraCol4_2,ExtraCol7_2,ExtraCol10_4,ExtraCol13_4,452,448,0,441
185,D,high,51,A,high,65,C,unknown,39,X,high,300,X,low,487,Z,medium,ExtraCol4_2,ExtraCol7_4,ExtraCol10_2,ExtraCol13_3,452,144,162,155
186,C,unknown,51,D,high,26,B,unknown,NA,Z,high,342,Z,high,315,Y,medium,ExtraCol4_2,ExtraCol7_2,NA,ExtraCol13_4,145,448,162,153
187,B,high,51,D,medium,90,A,NA,71,Z,NA,NA,Z,low,174,Z,medium,ExtraCol4_2,ExtraCol7_5,ExtraCol10_4,NA,452,448,165,142
188,A,high,47,A,NA,94,B,unknown,29,Y,low,310,X,low,NA,Z,low,ExtraCol4_2,ExtraCol7_5,ExtraCol10_2,ExtraCol13_3,452,144,0,441
189,D,high,51,A,medium,NA,B,high,19,X,high,1,NA,high,400,Y,low,ExtraCol4_2,NA,ExtraCol10_2,ExtraCol13_1,452,144,165,155
190,D,high,51,A,low,72,NA,NA,70,Y,low,365,X,low,210,X,high,ExtraCol4_2,ExtraCol7_4,ExtraCol10_4,ExtraCol13_4,452,144,140,155
191,C,high,90,B,high,NA,D,low,NA,X,high,396,Y,high,NA,X,medium,ExtraCol4_4,NA,NA,ExtraCol13_4,452,147,162,153
192,A,unknown,67,D,low,NA,B,low,44,X,high,396,X,high,407,Z,medium,ExtraCol4_3,NA,ExtraCol10_3,ExtraCol13_4,145,448,140,441
193,A,unknown,51,A,NA,73,NA,low,NA,X,high,14,Z,high,117,Z,medium,ExtraCol4_2,ExtraCol7_4,NA,ExtraCol13_1,145,144,0,441
194,A,unknown,96,D,NA,93,C,low,18,Y,medium,455,X,high,111,Y,NA,ExtraCol4_4,ExtraCol7_5,ExtraCol10_2,ExtraCol13_5,145,448,0,441
195,A,medium,71,D,high,22,D,unknown,81,Y,high,217,Y,medium,26,Z,high,ExtraCol4_4,ExtraCol7_2,ExtraCol10_5,ExtraCol13_2,137,448,162,441
196,D,high,5,C,medium,NA,B,low,98,Y,high,40,Z,medium,NA,Z,medium,ExtraCol4_1,NA,ExtraCol10_5,ExtraCol13_1,452,152,165,155
197,A,high,72,B,medium,NA,NA,NA,NA,Z,high,267,X,medium,308,Y,NA,ExtraCol4_4,NA,NA,ExtraCol13_3,452,147,165,441
198,A,unknown,51,D,low,33,A,NA,14,X,medium,285,X,medium,251,Z,high,ExtraCol4_2,ExtraCol7_2,ExtraCol10_1,ExtraCol13_3,145,448,140,441
199,D,high,51,D,medium,23,C,NA,NA,X,medium,201,Z,high,148,Z,low,ExtraCol4_2,ExtraCol7_2,NA,ExtraCol13_2,452,448,165,155
200,D,high,48,B,high,NA,A,unknown,86,Z,high,374,X,medium,105,Y,high,ExtraCol4_2,NA,ExtraCol10_5,ExtraCol13_4,452,147,162,155
201,A,low,51,A,NA,33,A,unknown,8,X,low,271,NA,medium,347,X,medium,ExtraCol4_2,ExtraCol7_2,ExtraCol10_1,ExtraCol13_3,157,144,0,441
202,A,high,31,D,medium,72,NA,NA,NA,X,low,108,X,high,42,Z,low,ExtraCol4_2,ExtraCol7_4,NA,ExtraCol13_1,452,448,165,441
203,C,low,51,B,NA,37,NA,unknown,NA,Z,medium,310,X,low,350,Y,high,ExtraCol4_2,ExtraCol7_2,NA,ExtraCol13_3,157,147,0,153
204,C,unknown,61,B,high,37,A,NA,3,NA,medium,131,Y,medium,452,Y,high,ExtraCol4_3,ExtraCol7_2,ExtraCol10_1,ExtraCol13_2,145,147,162,153
205,A,high,51,C,high,94,NA,low,NA,NA,high,59,Y,high,227,Z,low,ExtraCol4_2,ExtraCol7_5,NA,ExtraCol13_1,452,152,162,441
206,D,medium,89,C,low,NA,D,NA,7,Z,high,133,Y,high,247,Z,high,ExtraCol4_4,NA,ExtraCol10_1,ExtraCol13_2,137,152,140,155
207,D,high,77,C,high,92,C,medium,17,Y,low,452,Z,low,NA,X,low,ExtraCol4_4,ExtraCol7_5,ExtraCol10_1,ExtraCol13_5,452,152,162,155
208,A,high,60,B,low,71,NA,high,48,X,NA,286,X,low,47,Z,NA,ExtraCol4_3,ExtraCol7_4,ExtraCol10_3,ExtraCol13_3,452,147,140,441
209,A,high,51,A,medium,NA,D,unknown,NA,Z,high,158,Y,low,313,X,high,ExtraCol4_2,NA,NA,ExtraCol13_2,452,144,165,441
210,C,high,33,D,high,NA,B,NA,NA,X,medium,183,NA,high,182,Y,high,ExtraCol4_2,NA,NA,ExtraCol13_2,452,448,162,153
211,A,high,76,A,NA,93,D,low,NA,Z,low,429,Z,low,234,Z,high,ExtraCol4_4,ExtraCol7_5,NA,ExtraCol13_5,452,144,0,441
212,A,medium,31,D,high,94,NA,medium,20,Y,medium,333,Y,low,11,X,medium,ExtraCol4_2,ExtraCol7_5,ExtraCol10_2,ExtraCol13_4,137,448,162,441
213,A,high,26,D,unknown,4,NA,NA,87,Z,high,386,Z,medium,438,X,low,ExtraCol4_1,ExtraCol7_1,ExtraCol10_5,ExtraCol13_4,452,448,159,441
214,D,high,86,C,NA,35,A,unknown,NA,Z,medium,305,X,high,166,Z,medium,ExtraCol4_4,ExtraCol7_2,NA,ExtraCol13_3,452,152,0,155
215,A,high,51,D,unknown,41,NA,NA,NA,Z,medium,496,Y,low,37,Y,medium,ExtraCol4_2,ExtraCol7_3,NA,ExtraCol13_5,452,448,159,441
216,A,low,51,A,NA,NA,A,NA,72,X,medium,328,X,low,NA,Z,low,ExtraCol4_2,NA,ExtraCol10_4,ExtraCol13_4,157,144,0,441
217,A,unknown,86,D,medium,77,A,low,48,Z,high,200,X,low,489,Y,medium,ExtraCol4_4,ExtraCol7_4,ExtraCol10_3,ExtraCol13_2,145,448,165,441
218,A,low,51,D,unknown,69,NA,NA,41,X,medium,126,Z,low,259,NA,low,ExtraCol4_2,ExtraCol7_4,ExtraCol10_3,ExtraCol13_2,157,448,159,441
219,C,low,51,C,medium,21,D,unknown,75,X,high,23,Z,low,16,Y,NA,ExtraCol4_2,ExtraCol7_2,ExtraCol10_4,ExtraCol13_1,157,152,165,153
220,B,high,52,C,low,NA,NA,low,NA,Y,high,383,X,low,495,Z,low,ExtraCol4_3,NA,NA,ExtraCol13_4,452,152,140,142
221,D,low,51,D,NA,NA,NA,NA,82,X,medium,466,Y,medium,104,Y,low,ExtraCol4_2,NA,ExtraCol10_5,ExtraCol13_5,157,448,0,155
222,B,medium,51,A,NA,44,D,NA,68,Y,medium,332,Z,low,NA,NA,low,ExtraCol4_2,ExtraCol7_3,ExtraCol10_4,ExtraCol13_4,137,144,0,142
223,A,medium,51,D,NA,NA,A,low,76,X,high,243,X,medium,354,Y,high,ExtraCol4_2,NA,ExtraCol10_4,ExtraCol13_3,137,448,0,441
224,C,high,51,D,NA,NA,NA,low,42,Y,low,65,Z,medium,165,Y,high,ExtraCol4_2,NA,ExtraCol10_3,ExtraCol13_1,452,448,0,153
225,C,high,79,D,high,92,NA,medium,38,Y,low,321,X,medium,42,Y,medium,ExtraCol4_4,ExtraCol7_5,ExtraCol10_2,ExtraCol13_3,452,448,162,153
226,A,high,59,A,low,90,D,high,57,Y,low,NA,Y,medium,341,Y,medium,ExtraCol4_3,ExtraCol7_5,ExtraCol10_3,NA,452,144,140,441
227,A,low,51,A,high,1,NA,high,64,NA,NA,311,Z,medium,131,Z,low,ExtraCol4_2,ExtraCol7_1,ExtraCol10_4,ExtraCol13_3,157,144,162,441
228,C,high,40,A,high,NA,C,high,92,Z,high,150,Z,high,430,X,high,ExtraCol4_2,NA,ExtraCol10_5,ExtraCol13_2,452,144,162,153
229,A,high,38,C,unknown,NA,A,NA,85,X,high,432,X,low,76,Y,high,ExtraCol4_2,NA,ExtraCol10_5,ExtraCol13_5,452,152,159,441
230,A,high,42,C,NA,82,C,medium,5,Z,low,468,X,medium,453,NA,high,ExtraCol4_2,ExtraCol7_5,ExtraCol10_1,ExtraCol13_5,452,152,0,441
231,A,high,99,D,NA,80,C,medium,15,Y,low,117,X,medium,361,Z,medium,ExtraCol4_4,ExtraCol7_4,ExtraCol10_1,ExtraCol13_2,452,448,0,441
232,C,high,51,A,low,NA,D,medium,94,Y,low,163,Y,medium,119,Y,low,ExtraCol4_2,NA,ExtraCol10_5,ExtraCol13_2,452,144,140,153
233,D,high,15,A,high,6,NA,NA,NA,Y,low,NA,X,low,289,Y,NA,ExtraCol4_1,ExtraCol7_1,NA,NA,452,144,162,155
234,C,high,4,A,unknown,NA,A,low,NA,X,NA,9,Z,low,469,X,medium,ExtraCol4_1,NA,NA,ExtraCol13_1,452,144,159,153
235,A,high,51,D,low,NA,A,NA,5,Z,medium,258,X,high,32,Y,NA,ExtraCol4_2,NA,ExtraCol10_1,ExtraCol13_3,452,448,140,441
236,A,unknown,80,D,medium,NA,D,unknown,NA,X,high,70,Y,high,409,X,low,ExtraCol4_4,NA,NA,ExtraCol13_1,145,448,165,441
237,B,high,51,B,NA,8,A,NA,40,Z,low,216,Z,medium,230,X,low,ExtraCol4_2,ExtraCol7_1,ExtraCol10_3,ExtraCol13_2,452,147,0,142
238,A,low,56,D,NA,NA,D,NA,NA,X,high,16,Y,low,474,Z,high,ExtraCol4_3,NA,NA,ExtraCol13_1,157,448,0,441
239,A,medium,79,B,NA,43,B,medium,77,Z,high,70,Y,medium,104,Y,low,ExtraCol4_4,ExtraCol7_3,ExtraCol10_5,ExtraCol13_1,137,147,0,441
240,A,high,51,D,medium,76,NA,high,89,Y,low,201,X,low,359,Z,high,ExtraCol4_2,ExtraCol7_4,ExtraCol10_5,ExtraCol13_2,452,448,165,441
241,A,low,90,D,medium,31,D,high,NA,Y,low,NA,Z,low,483,X,high,ExtraCol4_4,ExtraCol7_2,NA,NA,157,448,165,441
242,A,unknown,63,D,unknown,NA,C,NA,NA,Z,medium,398,NA,low,171,Z,low,ExtraCol4_3,NA,NA,ExtraCol13_4,145,448,159,441
243,B,unknown,73,B,NA,NA,C,low,54,X,high,289,Z,low,53,Y,medium,ExtraCol4_4,NA,ExtraCol10_3,ExtraCol13_3,145,147,0,142
244,C,unknown,78,A,low,NA,D,NA,54,Y,high,225,X,low,196,X,low,ExtraCol4_4,NA,ExtraCol10_3,ExtraCol13_3,145,144,140,153
245,D,low,62,D,unknown,29,D,high,3,Z,high,236,Y,low,299,Y,high,ExtraCol4_3,ExtraCol7_2,ExtraCol10_1,ExtraCol13_3,157,448,159,155
246,D,high,5,D,medium,25,C,low,NA,X,low,419,Z,medium,315,Z,medium,ExtraCol4_1,ExtraCol7_2,NA,ExtraCol13_5,452,448,165,155
247,B,high,42,D,unknown,NA,B,high,NA,X,high,422,Z,high,240,Z,low,ExtraCol4_2,NA,NA,ExtraCol13_5,452,448,159,142
248,B,high,14,A,NA,28,D,NA,NA,Y,high,23,NA,low,466,NA,high,ExtraCol4_1,ExtraCol7_2,NA,ExtraCol13_1,452,144,0,142
249,A,unknown,51,B,NA,68,C,NA,NA,X,NA,342,Z,low,289,Z,high,ExtraCol4_2,ExtraCol7_4,NA,ExtraCol13_4,145,147,0,441
250,A,high,51,D,low,NA,NA,high,44,Z,low,234,X,low,320,X,high,ExtraCol4_2,NA,ExtraCol10_3,ExtraCol13_3,452,448,140,441
251,C,high,51,C,unknown,NA,NA,NA,NA,Z,low,391,Z,medium,478,X,medium,ExtraCol4_2,NA,NA,ExtraCol13_4,452,152,159,153
252,B,high,51,A,high,NA,C,NA,NA,X,low,393,Y,high,469,Z,high,ExtraCol4_2,NA,NA,ExtraCol13_4,452,144,162,142
253,A,high,2,C,medium,NA,B,low,70,X,high,354,NA,low,170,Y,medium,ExtraCol4_1,NA,ExtraCol10_4,ExtraCol13_4,452,152,165,441
254,C,unknown,51,D,unknown,58,D,medium,63,Z,low,337,Y,low,143,Y,medium,ExtraCol4_2,ExtraCol7_3,ExtraCol10_4,ExtraCol13_4,145,448,159,153
255,B,high,50,D,unknown,NA,NA,high,10,Y,high,105,Y,low,374,Z,medium,ExtraCol4_2,NA,ExtraCol10_1,ExtraCol13_1,452,448,159,142
256,A,unknown,7,D,NA,25,NA,medium,29,Z,low,426,Z,medium,262,Z,low,ExtraCol4_1,ExtraCol7_2,ExtraCol10_2,ExtraCol13_5,145,448,0,441
257,C,low,51,D,NA,98,C,unknown,84,Z,high,350,Z,medium,223,Z,medium,ExtraCol4_2,ExtraCol7_5,ExtraCol10_5,ExtraCol13_4,157,448,0,153
258,A,high,75,C,high,20,C,unknown,NA,Y,high,136,Z,medium,349,NA,high,ExtraCol4_4,ExtraCol7_1,NA,ExtraCol13_2,452,152,162,441
259,A,high,70,A,medium,13,C,unknown,NA,X,medium,116,X,low,330,Z,low,ExtraCol4_4,ExtraCol7_1,NA,ExtraCol13_2,452,144,165,441
260,A,low,17,A,NA,82,D,low,52,Y,medium,250,Y,high,456,X,medium,ExtraCol4_1,ExtraCol7_5,ExtraCol10_3,ExtraCol13_3,157,144,0,441
261,B,medium,51,D,NA,89,B,NA,11,Y,low,171,Z,medium,182,NA,low,ExtraCol4_2,ExtraCol7_5,ExtraCol10_1,ExtraCol13_2,137,448,0,142
262,D,high,63,D,NA,9,D,low,12,Y,low,338,NA,high,NA,Y,medium,ExtraCol4_3,ExtraCol7_1,ExtraCol10_1,ExtraCol13_4,452,448,0,155
263,A,high,39,D,NA,59,NA,high,98,X,high,203,Y,high,113,Y,high,ExtraCol4_2,ExtraCol7_3,ExtraCol10_5,ExtraCol13_2,452,448,0,441
264,A,low,0,D,NA,NA,A,medium,3,X,high,84,Z,low,468,X,high,ExtraCol4_1,NA,ExtraCol10_1,ExtraCol13_1,157,448,0,441
265,C,medium,51,D,NA,22,C,NA,2,NA,high,197,Y,low,41,Z,low,ExtraCol4_2,ExtraCol7_2,ExtraCol10_1,ExtraCol13_2,137,448,0,153
266,D,high,79,C,medium,NA,A,NA,1,Y,medium,407,X,high,375,X,high,ExtraCol4_4,NA,ExtraCol10_1,ExtraCol13_4,452,152,165,155
267,A,high,3,C,low,68,D,low,62,Y,low,415,Z,high,50,Y,low,ExtraCol4_1,ExtraCol7_4,ExtraCol10_4,ExtraCol13_5,452,152,140,441
268,C,medium,51,D,unknown,57,NA,high,NA,X,low,155,Y,medium,440,X,low,ExtraCol4_2,ExtraCol7_3,NA,ExtraCol13_2,137,448,159,153
269,D,high,38,D,high,51,NA,high,NA,Z,high,397,Y,low,479,Z,high,ExtraCol4_2,ExtraCol7_3,NA,ExtraCol13_4,452,448,162,155
270,A,high,51,A,high,88,C,high,79,Z,low,46,X,low,408,X,low,ExtraCol4_2,ExtraCol7_5,ExtraCol10_5,ExtraCol13_1,452,144,162,441
271,A,high,47,D,low,NA,B,medium,71,Z,low,492,X,high,394,Z,low,ExtraCol4_2,NA,ExtraCol10_4,ExtraCol13_5,452,448,140,441
272,D,high,42,A,low,62,B,NA,NA,Z,low,382,Y,high,239,Z,low,ExtraCol4_2,ExtraCol7_4,NA,ExtraCol13_4,452,144,140,155
273,A,unknown,51,B,low,31,D,NA,7,Y,medium,20,Z,NA,122,Y,medium,ExtraCol4_2,ExtraCol7_2,ExtraCol10_1,ExtraCol13_1,145,147,140,441
274,C,low,5,B,NA,97,NA,NA,48,X,high,352,X,NA,492,X,medium,ExtraCol4_1,ExtraCol7_5,ExtraCol10_3,ExtraCol13_4,157,147,0,153
275,B,high,3,D,unknown,25,D,unknown,8,Y,medium,247,Z,low,264,X,high,ExtraCol4_1,ExtraCol7_2,ExtraCol10_1,ExtraCol13_3,452,448,159,142
276,C,low,9,D,medium,NA,B,medium,11,Y,high,441,Z,low,408,Y,high,ExtraCol4_1,NA,ExtraCol10_1,ExtraCol13_5,157,448,165,153
277,A,low,69,D,high,63,NA,low,46,Z,medium,119,NA,medium,357,Y,high,ExtraCol4_3,ExtraCol7_4,ExtraCol10_3,ExtraCol13_2,157,448,162,441
278,A,high,78,D,NA,NA,C,unknown,NA,X,high,446,Z,medium,350,Y,medium,ExtraCol4_4,NA,NA,ExtraCol13_5,452,448,0,441
279,C,high,51,B,unknown,75,A,medium,99,X,NA,435,Z,NA,176,X,low,ExtraCol4_2,ExtraCol7_4,ExtraCol10_5,ExtraCol13_5,452,147,159,153
280,A,high,7,D,medium,24,A,low,NA,X,medium,139,Z,low,213,NA,high,ExtraCol4_1,ExtraCol7_2,NA,ExtraCol13_2,452,448,165,441
281,B,medium,41,D,medium,26,NA,low,27,X,low,216,NA,high,NA,X,medium,ExtraCol4_2,ExtraCol7_2,ExtraCol10_2,ExtraCol13_2,137,448,165,142
282,A,high,98,D,NA,34,NA,medium,32,Y,high,320,Z,medium,NA,Y,low,ExtraCol4_4,ExtraCol7_2,ExtraCol10_2,ExtraCol13_3,452,448,0,441
283,D,medium,51,D,low,68,A,low,NA,X,medium,120,Z,NA,359,X,medium,ExtraCol4_2,ExtraCol7_4,NA,ExtraCol13_2,137,448,140,155
284,A,low,51,A,unknown,39,C,NA,NA,X,low,499,X,high,99,Y,medium,ExtraCol4_2,ExtraCol7_2,NA,ExtraCol13_5,157,144,159,441
285,B,medium,53,C,NA,56,A,high,51,Y,low,NA,Y,medium,113,Y,medium,ExtraCol4_3,ExtraCol7_3,ExtraCol10_3,NA,137,152,0,142
286,C,high,51,B,medium,55,D,NA,76,Z,medium,121,NA,medium,24,Z,medium,ExtraCol4_2,ExtraCol7_3,ExtraCol10_4,ExtraCol13_2,452,147,165,153
287,A,high,51,D,high,19,D,NA,84,Y,medium,250,Y,low,NA,Y,high,ExtraCol4_2,ExtraCol7_1,ExtraCol10_5,ExtraCol13_3,452,448,162,441
288,D,medium,47,C,high,23,NA,low,5,X,low,236,X,high,334,X,low,ExtraCol4_2,ExtraCol7_2,ExtraCol10_1,ExtraCol13_3,137,152,162,155
289,B,high,51,D,NA,30,A,unknown,28,X,medium,25,Z,high,105,X,high,ExtraCol4_2,ExtraCol7_2,ExtraCol10_2,ExtraCol13_1,452,448,0,142
290,D,high,51,D,high,NA,B,NA,25,Z,NA,455,NA,low,355,Z,low,ExtraCol4_2,NA,ExtraCol10_2,ExtraCol13_5,452,448,162,155
291,A,high,51,D,unknown,NA,NA,NA,55,Y,high,120,Z,high,1,Z,low,ExtraCol4_2,NA,ExtraCol10_3,ExtraCol13_2,452,448,159,441
292,C,medium,5,D,NA,NA,NA,high,NA,Y,low,51,X,high,433,X,high,ExtraCol4_1,NA,NA,ExtraCol13_1,137,448,0,153
293,C,high,0,D,NA,NA,C,NA,NA,Z,NA,259,X,medium,345,Z,low,ExtraCol4_1,NA,NA,ExtraCol13_3,452,448,0,153
294,A,unknown,41,A,NA,67,C,NA,91,Y,high,464,Y,high,341,Y,high,ExtraCol4_2,ExtraCol7_4,ExtraCol10_5,ExtraCol13_5,145,144,0,441
295,A,high,51,D,NA,NA,C,unknown,33,Y,low,1,X,medium,353,NA,high,ExtraCol4_2,NA,ExtraCol10_2,ExtraCol13_1,452,448,0,441
296,A,high,51,D,unknown,68,NA,high,NA,Z,low,244,Y,NA,179,Y,NA,ExtraCol4_2,ExtraCol7_4,NA,ExtraCol13_3,452,448,159,441
297,C,high,7,B,medium,NA,A,medium,43,X,NA,455,Y,low,497,Z,medium,ExtraCol4_1,NA,ExtraCol10_3,ExtraCol13_5,452,147,165,153
298,A,high,67,D,NA,NA,NA,unknown,NA,Y,high,446,X,low,NA,X,high,ExtraCol4_3,NA,NA,ExtraCol13_5,452,448,0,441
299,A,high,45,D,high,89,NA,medium,88,Y,high,85,Z,medium,90,Z,high,ExtraCol4_2,ExtraCol7_5,ExtraCol10_5,ExtraCol13_1,452,448,162,441
300,A,high,23,D,NA,20,D,NA,NA,X,medium,NA,X,low,461,X,medium,ExtraCol4_1,ExtraCol7_1,NA,NA,452,448,0,441
301,D,unknown,20,D,medium,16,C,low,33,NA,high,417,Z,high,369,Z,low,ExtraCol4_1,ExtraCol7_1,ExtraCol10_2,ExtraCol13_5,145,448,165,155
302,A,unknown,66,D,unknown,39,B,low,NA,Z,medium,335,X,low,155,X,medium,ExtraCol4_3,ExtraCol7_2,NA,ExtraCol13_4,145,448,159,441
303,B,unknown,52,B,unknown,83,C,unknown,38,X,high,328,Y,high,473,X,low,ExtraCol4_3,ExtraCol7_5,ExtraCol10_2,ExtraCol13_4,145,147,159,142
304,A,unknown,51,B,medium,96,C,NA,NA,Y,high,386,Z,medium,124,X,low,ExtraCol4_2,ExtraCol7_5,NA,ExtraCol13_4,145,147,165,441
305,D,unknown,28,D,medium,NA,NA,NA,30,Y,high,226,X,high,322,Z,high,ExtraCol4_1,NA,ExtraCol10_2,ExtraCol13_3,145,448,165,155
306,B,high,52,A,NA,NA,B,NA,10,X,medium,33,Z,high,335,Y,medium,ExtraCol4_3,NA,ExtraCol10_1,ExtraCol13_1,452,144,0,142
307,B,low,86,C,NA,23,C,NA,NA,X,medium,319,X,high,481,Z,high,ExtraCol4_4,ExtraCol7_2,NA,ExtraCol13_3,157,152,0,142
308,C,high,31,D,medium,59,A,NA,65,NA,low,313,Z,medium,285,X,high,ExtraCol4_2,ExtraCol7_3,ExtraCol10_4,ExtraCol13_3,452,448,165,153
309,A,low,39,D,NA,18,A,high,93,Z,high,425,Z,high,497,Z,low,ExtraCol4_2,ExtraCol7_1,ExtraCol10_5,ExtraCol13_5,157,448,0,441
310,D,low,16,D,low,53,A,NA,0,Y,low,461,X,low,142,Z,high,ExtraCol4_1,ExtraCol7_3,ExtraCol10_1,ExtraCol13_5,157,448,140,155
311,D,unknown,51,C,NA,NA,NA,medium,63,Y,medium,168,Y,medium,400,Y,high,ExtraCol4_2,NA,ExtraCol10_4,ExtraCol13_2,145,152,0,155
312,A,unknown,3,C,medium,7,A,low,56,Y,medium,478,Z,low,122,Z,low,ExtraCol4_1,ExtraCol7_1,ExtraCol10_3,ExtraCol13_5,145,152,165,441
313,C,high,24,C,unknown,96,B,unknown,62,Z,NA,4,X,low,499,X,medium,ExtraCol4_1,ExtraCol7_5,ExtraCol10_4,ExtraCol13_1,452,152,159,153
314,C,high,51,A,unknown,89,NA,unknown,98,Z,high,484,X,medium,381,X,high,ExtraCol4_2,ExtraCol7_5,ExtraCol10_5,ExtraCol13_5,452,144,159,153
315,A,high,1,B,unknown,NA,B,medium,39,X,high,NA,X,low,312,X,low,ExtraCol4_1,NA,ExtraCol10_2,NA,452,147,159,441
316,D,high,98,D,NA,62,A,NA,NA,Y,high,322,NA,medium,33,X,NA,ExtraCol4_4,ExtraCol7_4,NA,ExtraCol13_3,452,448,0,155
317,A,unknown,40,B,NA,NA,D,low,1,Y,NA,341,Z,medium,NA,Z,medium,ExtraCol4_2,NA,ExtraCol10_1,ExtraCol13_4,145,147,0,441
318,A,medium,51,D,high,57,B,NA,NA,X,medium,316,Y,NA,72,Y,high,ExtraCol4_2,ExtraCol7_3,NA,ExtraCol13_3,137,448,162,441
319,C,high,53,D,unknown,NA,A,NA,17,NA,medium,495,Y,medium,458,Y,low,ExtraCol4_3,NA,ExtraCol10_1,ExtraCol13_5,452,448,159,153
320,A,high,51,B,low,53,NA,NA,NA,X,high,276,Z,high,189,Z,high,ExtraCol4_2,ExtraCol7_3,NA,ExtraCol13_3,452,147,140,441
321,D,low,51,D,high,NA,NA,low,NA,Z,medium,65,X,medium,415,Z,high,ExtraCol4_2,NA,NA,ExtraCol13_1,157,448,162,155
322,D,high,88,A,low,39,NA,NA,27,X,medium,303,Z,low,453,Y,low,ExtraCol4_4,ExtraCol7_2,ExtraCol10_2,ExtraCol13_3,452,144,140,155
323,C,high,51,B,NA,84,NA,low,11,Y,low,145,X,medium,55,Y,low,ExtraCol4_2,ExtraCol7_5,ExtraCol10_1,ExtraCol13_2,452,147,0,153
324,B,high,51,B,medium,25,NA,high,NA,Z,medium,306,X,medium,379,X,medium,ExtraCol4_2,ExtraCol7_2,NA,ExtraCol13_3,452,147,165,142
325,B,medium,70,D,high,96,B,high,65,Y,medium,190,NA,high,151,Z,medium,ExtraCol4_4,ExtraCol7_5,ExtraCol10_4,ExtraCol13_2,137,448,162,142
326,B,high,30,D,unknown,75,NA,NA,28,X,low,21,Y,medium,54,Z,low,ExtraCol4_1,ExtraCol7_4,ExtraCol10_2,ExtraCol13_1,452,448,159,142
327,C,unknown,99,A,low,89,B,low,13,X,high,318,Y,low,130,Y,low,ExtraCol4_4,ExtraCol7_5,ExtraCol10_1,ExtraCol13_3,145,144,140,153
328,A,high,25,D,high,50,NA,medium,57,Y,high,44,X,low,274,Y,medium,ExtraCol4_1,ExtraCol7_3,ExtraCol10_3,ExtraCol13_1,452,448,162,441
329,C,medium,29,D,low,22,A,low,NA,Z,high,163,Y,low,NA,Z,high,ExtraCol4_1,ExtraCol7_2,NA,ExtraCol13_2,137,448,140,153
330,D,medium,71,A,low,3,D,high,NA,Y,low,309,Z,medium,345,Y,medium,ExtraCol4_4,ExtraCol7_1,NA,ExtraCol13_3,137,144,140,155
331,A,high,78,C,NA,53,NA,low,38,X,low,440,X,NA,116,Y,high,ExtraCol4_4,ExtraCol7_3,ExtraCol10_2,ExtraCol13_5,452,152,0,441
332,C,medium,12,C,high,39,D,high,NA,Z,low,157,X,high,147,Z,NA,ExtraCol4_1,ExtraCol7_2,NA,ExtraCol13_2,137,152,162,153
333,A,high,55,D,low,11,C,unknown,24,Y,high,149,X,low,152,NA,medium,ExtraCol4_3,ExtraCol7_1,ExtraCol10_2,ExtraCol13_2,452,448,140,441
334,C,high,51,B,medium,NA,D,high,28,X,high,150,Y,medium,368,Z,high,ExtraCol4_2,NA,ExtraCol10_2,ExtraCol13_2,452,147,165,153
335,A,high,61,D,NA,97,NA,NA,14,Y,medium,287,Z,low,259,X,medium,ExtraCol4_3,ExtraCol7_5,ExtraCol10_1,ExtraCol13_3,452,448,0,441
336,A,unknown,55,D,medium,NA,D,NA,NA,X,low,96,X,high,11,NA,high,ExtraCol4_3,NA,NA,ExtraCol13_1,145,448,165,441
337,A,medium,51,B,unknown,NA,C,NA,14,Z,medium,NA,Z,medium,38,Y,high,ExtraCol4_2,NA,ExtraCol10_1,NA,137,147,159,441
338,A,medium,51,D,NA,NA,D,NA,68,Z,high,400,Z,medium,37,X,high,ExtraCol4_2,NA,ExtraCol10_4,ExtraCol13_4,137,448,0,441
339,A,high,65,D,NA,NA,NA,NA,NA,X,medium,NA,Y,medium,480,Z,low,ExtraCol4_3,NA,NA,NA,452,448,0,441
340,A,high,67,D,NA,62,NA,unknown,NA,Y,low,482,Z,low,252,Y,low,ExtraCol4_3,ExtraCol7_4,NA,ExtraCol13_5,452,448,0,441
341,A,unknown,51,C,high,41,C,unknown,NA,X,NA,265,NA,low,245,Z,high,ExtraCol4_2,ExtraCol7_3,NA,ExtraCol13_3,145,152,162,441
342,A,low,51,D,medium,NA,A,medium,63,Y,high,313,Z,high,380,NA,high,ExtraCol4_2,NA,ExtraCol10_4,ExtraCol13_3,157,448,165,441
343,B,unknown,72,B,NA,18,NA,medium,75,X,high,308,Y,low,95,Y,medium,ExtraCol4_4,ExtraCol7_1,ExtraCol10_4,ExtraCol13_3,145,147,0,142
344,C,high,77,D,medium,66,A,low,56,Z,medium,472,X,high,15,Y,low,ExtraCol4_4,ExtraCol7_4,ExtraCol10_3,ExtraCol13_5,452,448,165,153
345,A,high,12,B,low,98,A,NA,NA,X,high,332,Z,low,NA,Y,high,ExtraCol4_1,ExtraCol7_5,NA,ExtraCol13_4,452,147,140,441
346,C,high,88,D,low,85,NA,high,25,Z,low,441,Y,low,NA,NA,medium,ExtraCol4_4,ExtraCol7_5,ExtraCol10_2,ExtraCol13_5,452,448,140,153
347,A,unknown,51,D,medium,4,NA,NA,NA,X,high,142,X,high,399,X,low,ExtraCol4_2,ExtraCol7_1,NA,ExtraCol13_2,145,448,165,441
348,A,low,51,C,unknown,11,A,medium,NA,X,low,108,Z,high,409,Y,medium,ExtraCol4_2,ExtraCol7_1,NA,ExtraCol13_1,157,152,159,441
349,A,high,48,D,low,62,B,low,NA,Z,medium,321,Y,high,317,NA,low,ExtraCol4_2,ExtraCol7_4,NA,ExtraCol13_3,452,448,140,441
350,B,low,48,D,NA,92,B,low,49,Z,medium,76,Z,high,454,NA,low,ExtraCol4_2,ExtraCol7_5,ExtraCol10_3,ExtraCol13_1,157,448,0,142
351,A,low,91,D,medium,84,C,NA,90,X,high,55,Z,medium,232,Y,low,ExtraCol4_4,ExtraCol7_5,ExtraCol10_5,ExtraCol13_1,157,448,165,441
352,B,unknown,96,A,high,90,NA,low,27,X,low,105,X,low,120,Z,high,ExtraCol4_4,ExtraCol7_5,ExtraCol10_2,ExtraCol13_1,145,144,162,142
353,C,high,80,A,low,14,C,NA,51,Z,low,135,Z,medium,165,X,low,ExtraCol4_4,ExtraCol7_1,ExtraCol10_3,ExtraCol13_2,452,144,140,153
354,A,medium,65,B,low,51,B,NA,NA,Z,high,48,NA,medium,70,Z,medium,ExtraCol4_3,ExtraCol7_3,NA,ExtraCol13_1,137,147,140,441
355,C,high,10,B,low,72,D,NA,63,Y,medium,364,Z,high,450,Y,low,ExtraCol4_1,ExtraCol7_4,ExtraCol10_4,ExtraCol13_4,452,147,140,153
356,A,medium,91,C,medium,62,B,NA,NA,X,high,291,X,NA,302,NA,NA,ExtraCol4_4,ExtraCol7_4,NA,ExtraCol13_3,137,152,165,441
357,D,medium,13,A,NA,77,B,high,41,X,medium,100,Z,low,386,Z,high,ExtraCol4_1,ExtraCol7_4,ExtraCol10_3,ExtraCol13_1,137,144,0,155
358,C,medium,16,B,unknown,21,A,medium,0,X,medium,141,Z,medium,140,X,high,ExtraCol4_1,ExtraCol7_2,ExtraCol10_1,ExtraCol13_2,137,147,159,153
359,B,medium,6,D,NA,45,D,NA,NA,Z,high,464,Z,high,359,X,low,ExtraCol4_1,ExtraCol7_3,NA,ExtraCol13_5,137,448,0,142
360,C,unknown,94,D,NA,44,NA,low,NA,X,high,NA,Y,high,165,Y,medium,ExtraCol4_4,ExtraCol7_3,NA,NA,145,448,0,153
361,A,medium,51,D,NA,93,B,high,NA,Y,NA,61,Z,medium,223,Z,low,ExtraCol4_2,ExtraCol7_5,NA,ExtraCol13_1,137,448,0,441
362,A,medium,51,D,NA,20,B,unknown,NA,Z,high,306,NA,medium,325,X,medium,ExtraCol4_2,ExtraCol7_1,NA,ExtraCol13_3,137,448,0,441
363,D,high,8,A,medium,32,D,high,14,X,low,161,X,medium,490,Y,low,ExtraCol4_1,ExtraCol7_2,ExtraCol10_1,ExtraCol13_2,452,144,165,155
364,D,unknown,41,D,medium,NA,NA,medium,NA,NA,low,179,Z,medium,279,X,medium,ExtraCol4_2,NA,NA,ExtraCol13_2,145,448,165,155
365,A,medium,72,A,high,15,A,high,79,Z,high,299,Y,medium,355,X,medium,ExtraCol4_4,ExtraCol7_1,ExtraCol10_5,ExtraCol13_3,137,144,162,441
366,B,unknown,99,D,NA,NA,A,unknown,45,X,medium,492,X,low,297,Z,high,ExtraCol4_4,NA,ExtraCol10_3,ExtraCol13_5,145,448,0,142
367,A,medium,51,D,medium,84,C,low,5,X,low,291,Y,medium,211,X,medium,ExtraCol4_2,ExtraCol7_5,ExtraCol10_1,ExtraCol13_3,137,448,165,441
368,A,high,60,D,medium,NA,A,high,6,X,low,476,X,medium,466,Y,high,ExtraCol4_3,NA,ExtraCol10_1,ExtraCol13_5,452,448,165,441
369,B,unknown,83,C,high,70,NA,low,67,X,medium,410,Y,NA,NA,NA,low,ExtraCol4_4,ExtraCol7_4,ExtraCol10_4,ExtraCol13_5,145,152,162,142
370,A,high,90,B,high,59,A,NA,NA,X,medium,389,Y,high,155,X,high,ExtraCol4_4,ExtraCol7_3,NA,ExtraCol13_4,452,147,162,441
371,C,low,27,B,low,NA,D,unknown,NA,Z,high,395,Z,high,447,Z,high,ExtraCol4_1,NA,NA,ExtraCol13_4,157,147,140,153
372,A,high,51,D,NA,30,D,medium,40,X,high,395,Z,low,225,Y,high,ExtraCol4_2,ExtraCol7_2,ExtraCol10_3,ExtraCol13_4,452,448,0,441
373,D,high,51,D,high,99,NA,NA,49,X,high,127,Y,medium,369,NA,high,ExtraCol4_2,ExtraCol7_5,ExtraCol10_3,ExtraCol13_2,452,448,162,155
374,C,medium,93,C,high,NA,NA,medium,16,Z,medium,488,Z,medium,258,Z,low,ExtraCol4_4,NA,ExtraCol10_1,ExtraCol13_5,137,152,162,153
375,A,unknown,11,D,NA,71,B,low,NA,X,high,459,X,NA,383,Y,NA,ExtraCol4_1,ExtraCol7_4,NA,ExtraCol13_5,145,448,0,441
376,A,high,9,B,high,NA,NA,NA,76,X,high,300,Z,medium,435,Z,low,ExtraCol4_1,NA,ExtraCol10_4,ExtraCol13_3,452,147,162,441
377,C,high,51,B,high,NA,C,NA,42,X,high,355,X,NA,211,X,high,ExtraCol4_2,NA,ExtraCol10_3,ExtraCol13_4,452,147,162,153
378,A,high,67,D,medium,NA,NA,low,49,Z,medium,440,Z,high,350,X,medium,ExtraCol4_3,NA,ExtraCol10_3,ExtraCol13_5,452,448,165,441
379,A,low,17,B,high,84,C,low,NA,Z,low,76,Z,NA,253,X,medium,ExtraCol4_1,ExtraCol7_5,NA,ExtraCol13_1,157,147,162,441
380,A,medium,89,D,medium,63,A,unknown,NA,NA,low,32,X,high,399,Y,medium,ExtraCol4_4,ExtraCol7_4,NA,ExtraCol13_1,137,448,165,441
381,B,high,10,B,medium,28,B,NA,98,Z,high,497,X,high,95,Z,medium,ExtraCol4_1,ExtraCol7_2,ExtraCol10_5,ExtraCol13_5,452,147,165,142
382,D,low,51,B,low,96,NA,unknown,81,X,high,277,Z,high,364,Z,medium,ExtraCol4_2,ExtraCol7_5,ExtraCol10_5,ExtraCol13_3,157,147,140,155
383,B,medium,51,A,medium,70,NA,high,NA,Y,high,361,Z,high,297,Y,high,ExtraCol4_2,ExtraCol7_4,NA,ExtraCol13_4,137,144,165,142
384,A,high,51,C,low,42,NA,NA,NA,Y,NA,251,Z,medium,225,X,low,ExtraCol4_2,ExtraCol7_3,NA,ExtraCol13_3,452,152,140,441
385,A,unknown,51,B,NA,13,NA,medium,72,X,medium,258,X,medium,NA,Y,high,ExtraCol4_2,ExtraCol7_1,ExtraCol10_4,ExtraCol13_3,145,147,0,441
386,B,low,84,B,medium,97,B,NA,33,Z,low,18,Y,medium,350,Y,medium,ExtraCol4_4,ExtraCol7_5,ExtraCol10_2,ExtraCol13_1,157,147,165,142
387,B,unknown,10,C,high,NA,C,unknown,51,Y,low,144,Y,high,173,Y,medium,ExtraCol4_1,NA,ExtraCol10_3,ExtraCol13_2,145,152,162,142
388,A,medium,51,A,unknown,NA,NA,low,14,Z,high,43,Z,medium,16,Z,high,ExtraCol4_2,NA,ExtraCol10_1,ExtraCol13_1,137,144,159,441
389,B,high,61,D,low,83,NA,NA,NA,X,low,216,Z,high,474,Y,NA,ExtraCol4_3,ExtraCol7_5,NA,ExtraCol13_2,452,448,140,142
390,A,high,2,D,unknown,60,D,high,NA,Z,medium,10,Z,high,223,Z,low,ExtraCol4_1,ExtraCol7_3,NA,ExtraCol13_1,452,448,159,441
391,A,high,74,C,medium,NA,NA,unknown,72,X,high,401,Y,NA,82,Y,low,ExtraCol4_4,NA,ExtraCol10_4,ExtraCol13_4,452,152,165,441
392,A,unknown,51,C,NA,23,A,unknown,60,X,medium,147,X,medium,112,X,high,ExtraCol4_2,ExtraCol7_2,ExtraCol10_4,ExtraCol13_2,145,152,0,441
393,C,low,75,D,NA,7,A,low,NA,Y,high,370,Z,medium,414,X,medium,ExtraCol4_4,ExtraCol7_1,NA,ExtraCol13_4,157,448,0,153
394,D,low,51,C,unknown,NA,NA,NA,50,X,medium,26,X,high,165,Z,medium,ExtraCol4_2,NA,ExtraCol10_3,ExtraCol13_1,157,152,159,155
395,C,unknown,19,B,low,NA,C,NA,NA,X,high,16,X,low,140,Y,high,ExtraCol4_1,NA,NA,ExtraCol13_1,145,147,140,153
396,A,high,51,D,NA,NA,NA,low,NA,Z,low,NA,X,low,243,X,low,ExtraCol4_2,NA,NA,NA,452,448,0,441
397,A,unknown,6,A,NA,16,A,NA,1,Y,medium,394,Y,low,14,X,low,ExtraCol4_1,ExtraCol7_1,ExtraCol10_1,ExtraCol13_4,145,144,0,441
398,B,medium,53,C,NA,57,C,NA,NA,Y,low,406,X,NA,280,X,medium,ExtraCol4_3,ExtraCol7_3,NA,ExtraCol13_4,137,152,0,142
399,B,high,51,C,high,12,A,low,NA,X,NA,272,NA,high,20,Z,high,ExtraCol4_2,ExtraCol7_1,NA,ExtraCol13_3,452,152,162,142
400,A,low,51,D,medium,NA,A,NA,36,Z,high,306,X,high,417,X,low,ExtraCol4_2,NA,ExtraCol10_2,ExtraCol13_3,157,448,165,441
401,D,medium,20,D,medium,79,A,high,87,Z,medium,344,Z,medium,214,X,high,ExtraCol4_1,ExtraCol7_4,ExtraCol10_5,ExtraCol13_4,137,448,165,155
402,A,low,76,D,NA,NA,C,unknown,64,Z,medium,336,Y,low,109,Y,high,ExtraCol4_4,NA,ExtraCol10_4,ExtraCol13_4,157,448,0,441
403,C,unknown,69,D,NA,94,B,low,60,Y,medium,370,X,medium,227,Y,low,ExtraCol4_3,ExtraCol7_5,ExtraCol10_4,ExtraCol13_4,145,448,0,153
404,A,high,51,C,NA,31,B,NA,NA,Y,low,15,Z,high,87,X,low,ExtraCol4_2,ExtraCol7_2,NA,ExtraCol13_1,452,152,0,441
405,D,unknown,51,D,unknown,94,C,low,50,X,low,214,Y,low,160,X,high,ExtraCol4_2,ExtraCol7_5,ExtraCol10_3,ExtraCol13_2,145,448,159,155
406,A,low,6,D,NA,78,A,high,70,X,NA,419,X,medium,65,NA,low,ExtraCol4_1,ExtraCol7_4,ExtraCol10_4,ExtraCol13_5,157,448,0,441
407,A,low,44,A,unknown,33,NA,unknown,NA,X,low,219,Y,medium,334,X,high,ExtraCol4_2,ExtraCol7_2,NA,ExtraCol13_2,157,144,159,441
408,B,high,51,B,unknown,NA,NA,unknown,60,Y,medium,73,NA,NA,488,Z,high,ExtraCol4_2,NA,ExtraCol10_4,ExtraCol13_1,452,147,159,142
409,A,high,11,D,medium,10,C,medium,17,Z,low,332,Z,medium,242,Y,low,ExtraCol4_1,ExtraCol7_1,ExtraCol10_1,ExtraCol13_4,452,448,165,441
410,B,medium,55,B,high,NA,NA,medium,67,Z,high,151,Y,medium,49,X,NA,ExtraCol4_3,NA,ExtraCol10_4,ExtraCol13_2,137,147,162,142
411,A,medium,51,D,NA,20,C,NA,7,X,low,255,NA,high,37,NA,medium,ExtraCol4_2,ExtraCol7_1,ExtraCol10_1,ExtraCol13_3,137,448,0,441
412,A,high,51,D,NA,26,NA,unknown,31,X,medium,258,X,high,416,Z,medium,ExtraCol4_2,ExtraCol7_2,ExtraCol10_2,ExtraCol13_3,452,448,0,441
413,B,high,51,D,high,41,A,NA,91,X,high,348,Z,medium,174,Y,high,ExtraCol4_2,ExtraCol7_3,ExtraCol10_5,ExtraCol13_4,452,448,162,142
414,A,low,8,B,medium,NA,C,low,NA,X,medium,464,Z,high,148,Z,medium,ExtraCol4_1,NA,NA,ExtraCol13_5,157,147,165,441
415,A,high,67,C,high,80,A,unknown,90,Y,medium,346,Y,high,50,Z,NA,ExtraCol4_3,ExtraCol7_4,ExtraCol10_5,ExtraCol13_4,452,152,162,441
416,A,low,33,D,medium,69,B,NA,35,Z,NA,499,Y,medium,331,X,low,ExtraCol4_2,ExtraCol7_4,ExtraCol10_2,ExtraCol13_5,157,448,165,441
417,A,low,51,D,high,15,NA,unknown,68,X,medium,9,Y,high,31,X,low,ExtraCol4_2,ExtraCol7_1,ExtraCol10_4,ExtraCol13_1,157,448,162,441
418,B,high,19,C,medium,16,NA,low,70,Z,low,NA,X,medium,452,Z,low,ExtraCol4_1,ExtraCol7_1,ExtraCol10_4,NA,452,152,165,142
419,A,medium,97,D,medium,NA,C,NA,NA,Y,medium,208,Z,medium,104,X,medium,ExtraCol4_4,NA,NA,ExtraCol13_2,137,448,165,441
420,C,high,25,D,NA,94,D,medium,NA,Y,medium,364,Z,low,34,Z,low,ExtraCol4_1,ExtraCol7_5,NA,ExtraCol13_4,452,448,0,153
421,A,medium,68,D,NA,NA,C,high,96,Z,high,42,Z,high,NA,X,high,ExtraCol4_3,NA,ExtraCol10_5,ExtraCol13_1,137,448,0,441
422,A,medium,51,B,NA,NA,B,medium,11,Z,medium,263,X,low,177,Z,high,ExtraCol4_2,NA,ExtraCol10_1,ExtraCol13_3,137,147,0,441
423,D,medium,18,D,low,14,A,medium,NA,NA,high,14,Z,high,348,Z,high,ExtraCol4_1,ExtraCol7_1,NA,ExtraCol13_1,137,448,140,155
424,A,high,30,D,low,23,C,medium,44,Y,low,332,NA,high,19,NA,high,ExtraCol4_1,ExtraCol7_2,ExtraCol10_3,ExtraCol13_4,452,448,140,441
425,B,high,1,B,NA,NA,D,unknown,67,X,medium,108,Z,high,430,Z,low,ExtraCol4_1,NA,ExtraCol10_4,ExtraCol13_1,452,147,0,142
426,A,low,51,C,NA,20,B,NA,55,Z,medium,72,Z,low,154,NA,high,ExtraCol4_2,ExtraCol7_1,ExtraCol10_3,ExtraCol13_1,157,152,0,441
427,A,medium,33,D,low,61,NA,NA,NA,Z,high,39,Z,medium,378,Z,medium,ExtraCol4_2,ExtraCol7_4,NA,ExtraCol13_1,137,448,140,441
428,A,low,49,A,unknown,92,NA,low,9,Z,medium,134,Z,high,467,Z,high,ExtraCol4_2,ExtraCol7_5,ExtraCol10_1,ExtraCol13_2,157,144,159,441
429,A,medium,15,B,NA,NA,C,high,51,Y,high,NA,X,medium,267,Y,high,ExtraCol4_1,NA,ExtraCol10_3,NA,137,147,0,441
430,A,high,82,D,high,60,C,high,83,X,low,492,X,medium,167,NA,medium,ExtraCol4_4,ExtraCol7_3,ExtraCol10_5,ExtraCol13_5,452,448,162,441
431,B,medium,21,B,low,NA,A,high,NA,NA,high,40,X,medium,156,NA,low,ExtraCol4_1,NA,NA,ExtraCol13_1,137,147,140,142
432,C,low,51,D,unknown,NA,A,low,27,Y,high,489,Y,low,343,X,high,ExtraCol4_2,NA,ExtraCol10_2,ExtraCol13_5,157,448,159,153
433,B,high,87,C,high,0,NA,unknown,86,Y,medium,293,Z,medium,2,Y,medium,ExtraCol4_4,ExtraCol7_1,ExtraCol10_5,ExtraCol13_3,452,152,162,142
434,A,low,71,D,NA,11,B,unknown,35,X,low,161,NA,high,73,Y,medium,ExtraCol4_4,ExtraCol7_1,ExtraCol10_2,ExtraCol13_2,157,448,0,441
435,A,low,60,B,NA,NA,NA,unknown,56,Z,medium,471,Y,low,323,Y,medium,ExtraCol4_3,NA,ExtraCol10_3,ExtraCol13_5,157,147,0,441
436,D,high,51,A,medium,NA,B,unknown,NA,Y,high,120,Z,low,12,Y,high,ExtraCol4_2,NA,NA,ExtraCol13_2,452,144,165,155
437,A,unknown,51,D,NA,32,NA,medium,52,X,medium,90,X,NA,144,Y,medium,ExtraCol4_2,ExtraCol7_2,ExtraCol10_3,ExtraCol13_1,145,448,0,441
438,C,unknown,96,D,unknown,52,C,NA,NA,Y,low,114,NA,medium,NA,X,low,ExtraCol4_4,ExtraCol7_3,NA,ExtraCol13_2,145,448,159,153
439,D,high,51,D,NA,57,A,medium,NA,Z,medium,72,Y,low,125,Z,high,ExtraCol4_2,ExtraCol7_3,NA,ExtraCol13_1,452,448,0,155
440,A,high,40,A,high,66,NA,NA,47,Y,high,242,X,medium,465,X,medium,ExtraCol4_2,ExtraCol7_4,ExtraCol10_3,ExtraCol13_3,452,144,162,441
441,D,high,25,C,high,NA,NA,medium,NA,NA,low,70,Y,high,487,Y,low,ExtraCol4_1,NA,NA,ExtraCol13_1,452,152,162,155
442,A,high,51,D,unknown,37,NA,high,65,Z,medium,111,Z,low,16,Z,medium,ExtraCol4_2,ExtraCol7_2,ExtraCol10_4,ExtraCol13_2,452,448,159,441
443,B,high,97,D,medium,88,A,unknown,41,Y,medium,185,Z,low,87,Y,high,ExtraCol4_4,ExtraCol7_5,ExtraCol10_3,ExtraCol13_2,452,448,165,142
444,A,unknown,69,D,low,5,A,high,52,Y,high,NA,NA,low,453,Z,NA,ExtraCol4_3,ExtraCol7_1,ExtraCol10_3,NA,145,448,140,441
445,C,high,3,C,NA,NA,C,unknown,NA,X,medium,429,Z,NA,16,Y,low,ExtraCol4_1,NA,NA,ExtraCol13_5,452,152,0,153
446,A,low,46,A,high,95,NA,unknown,86,Z,medium,37,Y,high,243,X,medium,ExtraCol4_2,ExtraCol7_5,ExtraCol10_5,ExtraCol13_1,157,144,162,441
447,A,medium,51,C,NA,17,A,low,12,Z,medium,315,X,NA,474,Z,high,ExtraCol4_2,ExtraCol7_1,ExtraCol10_1,ExtraCol13_3,137,152,0,441
448,C,unknown,51,D,medium,99,NA,unknown,87,Y,medium,51,Z,low,294,X,medium,ExtraCol4_2,ExtraCol7_5,ExtraCol10_5,ExtraCol13_1,145,448,165,153
449,D,medium,77,A,high,28,A,unknown,NA,X,medium,495,Y,low,153,Z,medium,ExtraCol4_4,ExtraCol7_2,NA,ExtraCol13_5,137,144,162,155
450,B,low,70,D,NA,36,A,NA,NA,Y,low,138,Y,high,3,X,low,ExtraCol4_4,ExtraCol7_2,NA,ExtraCol13_2,157,448,0,142
451,A,unknown,6,D,NA,NA,C,NA,2,Z,low,428,X,low,196,Z,low,ExtraCol4_1,NA,ExtraCol10_1,ExtraCol13_5,145,448,0,441
452,B,high,55,A,unknown,94,A,NA,NA,X,high,388,NA,medium,270,X,high,ExtraCol4_3,ExtraCol7_5,NA,ExtraCol13_4,452,144,159,142
453,D,high,51,D,NA,NA,A,unknown,5,Y,medium,162,Z,medium,40,NA,high,ExtraCol4_2,NA,ExtraCol10_1,ExtraCol13_2,452,448,0,155
454,D,medium,48,D,high,16,D,NA,NA,Y,medium,161,Z,low,264,Y,medium,ExtraCol4_2,ExtraCol7_1,NA,ExtraCol13_2,137,448,162,155
455,A,low,51,B,NA,48,A,low,NA,Y,NA,158,X,medium,202,X,high,ExtraCol4_2,ExtraCol7_3,NA,ExtraCol13_2,157,147,0,441
456,C,medium,51,D,medium,15,C,low,76,Y,high,235,Z,low,162,X,high,ExtraCol4_2,ExtraCol7_1,ExtraCol10_4,ExtraCol13_3,137,448,165,153
457,D,medium,86,D,high,78,D,low,70,Z,high,221,Y,medium,486,NA,medium,ExtraCol4_4,ExtraCol7_4,ExtraCol10_4,ExtraCol13_2,137,448,162,155
458,B,unknown,46,B,low,NA,D,NA,84,X,medium,328,X,low,446,Z,medium,ExtraCol4_2,NA,ExtraCol10_5,ExtraCol13_4,145,147,140,142
459,A,high,53,A,NA,49,D,unknown,0,Y,low,232,Y,high,347,Y,low,ExtraCol4_3,ExtraCol7_3,ExtraCol10_1,ExtraCol13_3,452,144,0,441
460,A,low,62,D,high,39,B,high,78,Z,high,NA,Y,high,295,X,low,ExtraCol4_3,ExtraCol7_2,ExtraCol10_5,NA,157,448,162,441
461,A,high,65,A,high,3,D,low,31,Z,low,233,Y,low,236,X,NA,ExtraCol4_3,ExtraCol7_1,ExtraCol10_2,ExtraCol13_3,452,144,162,441
462,A,unknown,63,D,medium,5,NA,NA,NA,Y,low,153,X,medium,35,X,NA,ExtraCol4_3,ExtraCol7_1,NA,ExtraCol13_2,145,448,165,441
463,A,medium,78,C,high,51,NA,medium,76,Z,NA,163,Y,medium,153,X,high,ExtraCol4_4,ExtraCol7_3,ExtraCol10_4,ExtraCol13_2,137,152,162,441
464,A,medium,98,C,low,39,A,NA,68,X,medium,365,Z,low,5,Z,low,ExtraCol4_4,ExtraCol7_2,ExtraCol10_4,ExtraCol13_4,137,152,140,441
465,A,high,82,A,high,12,C,NA,41,Y,medium,70,Z,high,183,Y,low,ExtraCol4_4,ExtraCol7_1,ExtraCol10_3,ExtraCol13_1,452,144,162,441
466,B,high,13,D,unknown,13,D,medium,61,Z,low,143,Z,medium,236,Y,low,ExtraCol4_1,ExtraCol7_1,ExtraCol10_4,ExtraCol13_2,452,448,159,142
467,B,medium,51,C,unknown,NA,NA,NA,46,Y,low,155,Y,low,305,X,high,ExtraCol4_2,NA,ExtraCol10_3,ExtraCol13_2,137,152,159,142
468,B,unknown,51,D,unknown,NA,D,NA,62,Y,low,322,Z,medium,177,Y,high,ExtraCol4_2,NA,ExtraCol10_4,ExtraCol13_3,145,448,159,142
469,B,high,50,B,NA,60,NA,medium,45,Y,medium,64,X,high,127,Y,low,ExtraCol4_2,ExtraCol7_3,ExtraCol10_3,ExtraCol13_1,452,147,0,142
470,B,low,52,D,low,83,D,high,39,Y,low,NA,Z,medium,NA,X,high,ExtraCol4_3,ExtraCol7_5,ExtraCol10_2,NA,157,448,140,142
471,C,high,71,D,high,6,C,NA,20,Z,medium,337,Y,high,75,Y,high,ExtraCol4_4,ExtraCol7_1,ExtraCol10_2,ExtraCol13_4,452,448,162,153
472,D,unknown,51,B,low,NA,B,NA,38,Y,medium,463,Y,low,62,Y,medium,ExtraCol4_2,NA,ExtraCol10_2,ExtraCol13_5,145,147,140,155
473,C,medium,26,C,medium,NA,A,NA,NA,X,high,218,Y,high,348,Z,NA,ExtraCol4_1,NA,NA,ExtraCol13_2,137,152,165,153
474,C,high,45,B,high,20,NA,unknown,87,X,high,491,NA,low,292,Y,NA,ExtraCol4_2,ExtraCol7_1,ExtraCol10_5,ExtraCol13_5,452,147,162,153
475,D,high,51,D,high,53,NA,NA,NA,Z,medium,303,X,medium,434,X,low,ExtraCol4_2,ExtraCol7_3,NA,ExtraCol13_3,452,448,162,155
476,D,high,31,C,high,NA,B,medium,18,Y,medium,387,Y,medium,369,NA,low,ExtraCol4_2,NA,ExtraCol10_2,ExtraCol13_4,452,152,162,155
477,A,unknown,2,D,unknown,NA,C,low,50,X,low,121,Z,low,450,Y,NA,ExtraCol4_1,NA,ExtraCol10_3,ExtraCol13_2,145,448,159,441
478,C,low,97,D,low,NA,NA,NA,NA,X,medium,457,Y,high,332,NA,low,ExtraCol4_4,NA,NA,ExtraCol13_5,157,448,140,153
479,A,high,51,B,unknown,66,B,high,NA,X,medium,129,X,medium,420,Z,low,ExtraCol4_2,ExtraCol7_4,NA,ExtraCol13_2,452,147,159,441
480,A,high,60,D,NA,75,A,NA,32,X,low,68,Y,medium,84,Z,high,ExtraCol4_3,ExtraCol7_4,ExtraCol10_2,ExtraCol13_1,452,448,0,441
481,D,low,51,A,medium,0,B,NA,4,Z,high,39,Z,medium,265,X,high,ExtraCol4_2,ExtraCol7_1,ExtraCol10_1,ExtraCol13_1,157,144,165,155
482,A,high,27,D,medium,NA,A,NA,5,Y,low,327,Z,low,472,Y,high,ExtraCol4_1,NA,ExtraCol10_1,ExtraCol13_4,452,448,165,441
483,D,high,34,D,high,50,A,low,NA,Y,low,314,X,medium,394,X,low,ExtraCol4_2,ExtraCol7_3,NA,ExtraCol13_3,452,448,162,155
484,A,medium,28,B,high,36,NA,high,72,X,high,99,Y,low,201,Z,high,ExtraCol4_1,ExtraCol7_2,ExtraCol10_4,ExtraCol13_1,137,147,162,441
485,D,high,51,D,medium,NA,NA,unknown,86,Z,high,439,Z,high,463,X,low,ExtraCol4_2,NA,ExtraCol10_5,ExtraCol13_5,452,448,165,155
486,C,low,15,B,low,NA,C,medium,49,Z,medium,138,X,high,156,Z,low,ExtraCol4_1,NA,ExtraCol10_3,ExtraCol13_2,157,147,140,153
487,D,high,51,D,low,75,C,unknown,NA,Z,medium,304,X,high,11,X,high,ExtraCol4_2,ExtraCol7_4,NA,ExtraCol13_3,452,448,140,155
488,A,high,45,D,medium,82,C,low,92,Y,high,261,X,low,398,Y,low,ExtraCol4_2,ExtraCol7_5,ExtraCol10_5,ExtraCol13_3,452,448,165,441
489,D,high,53,B,NA,41,NA,NA,27,Y,low,296,Y,medium,206,X,medium,ExtraCol4_3,ExtraCol7_3,ExtraCol10_2,ExtraCol13_3,452,147,0,155
490,A,high,1,D,high,93,A,unknown,15,X,medium,370,Y,medium,17,Z,low,ExtraCol4_1,ExtraCol7_5,ExtraCol10_1,ExtraCol13_4,452,448,162,441
491,B,high,84,C,unknown,92,C,high,13,Z,NA,463,X,high,102,Y,low,ExtraCol4_4,ExtraCol7_5,ExtraCol10_1,ExtraCol13_5,452,152,159,142
492,A,low,67,D,low,66,D,high,35,Z,medium,360,X,medium,35,Y,high,ExtraCol4_3,ExtraCol7_4,ExtraCol10_2,ExtraCol13_4,157,448,140,441
493,B,medium,7,B,medium,58,A,unknown,73,X,high,453,Y,high,NA,Y,NA,ExtraCol4_1,ExtraCol7_3,ExtraCol10_4,ExtraCol13_5,137,147,165,142
494,A,high,84,C,low,NA,NA,medium,NA,Y,medium,434,Z,low,423,X,high,ExtraCol4_4,NA,NA,ExtraCol13_5,452,152,140,441
495,B,unknown,3,C,NA,60,C,NA,NA,X,high,179,X,high,464,Y,low,ExtraCol4_1,ExtraCol7_3,NA,ExtraCol13_2,145,152,0,142
496,A,unknown,51,A,NA,NA,D,NA,34,Y,medium,279,Y,medium,NA,Z,high,ExtraCol4_2,NA,ExtraCol10_2,ExtraCol13_3,145,144,0,441
497,C,high,46,D,low,97,B,low,NA,X,high,99,Z,high,401,Y,high,ExtraCol4_2,ExtraCol7_5,NA,ExtraCol13_1,452,448,140,153
498,C,low,51,C,NA,19,D,high,68,Z,low,NA,NA,low,281,X,high,ExtraCol4_2,ExtraCol7_1,ExtraCol10_4,NA,157,152,0,153
499,D,high,95,A,high,66,A,medium,66,Z,low,483,Y,low,147,Z,low,ExtraCol4_4,ExtraCol7_4,ExtraCol10_4,ExtraCol13_5,452,144,162,155
500,A,low,51,C,unknown,73,NA,unknown,43,Z,low,443,X,medium,334,Y,low,ExtraCol4_2,ExtraCol7_4,ExtraCol10_3,ExtraCol13_5,157,152,159,441
501,B,low,51,C,NA,NA,D,unknown,NA,X,high,371,Z,medium,476,X,medium,ExtraCol4_2,NA,NA,ExtraCol13_4,157,152,0,142
502,D,high,57,D,medium,34,B,medium,NA,X,medium,424,Z,low,230,X,low,ExtraCol4_3,ExtraCol7_2,NA,ExtraCol13_5,452,448,165,155
503,A,high,51,D,high,86,C,high,65,Z,low,397,Z,medium,14,X,low,ExtraCol4_2,ExtraCol7_5,ExtraCol10_4,ExtraCol13_4,452,448,162,441
504,A,low,72,B,high,48,A,NA,81,X,low,114,Z,medium,421,X,high,ExtraCol4_4,ExtraCol7_3,ExtraCol10_5,ExtraCol13_2,157,147,162,441
505,B,low,88,A,high,38,C,medium,NA,Y,medium,131,Y,low,94,NA,high,ExtraCol4_4,ExtraCol7_2,NA,ExtraCol13_2,157,144,162,142
506,A,high,51,C,low,15,C,unknown,85,Z,low,265,Y,medium,91,X,high,ExtraCol4_2,ExtraCol7_1,ExtraCol10_5,ExtraCol13_3,452,152,140,441
507,A,medium,51,D,NA,32,NA,medium,NA,Y,NA,NA,Z,high,308,X,high,ExtraCol4_2,ExtraCol7_2,NA,NA,137,448,0,441
508,A,high,51,B,NA,97,A,NA,NA,X,high,368,NA,low,399,X,low,ExtraCol4_2,ExtraCol7_5,NA,ExtraCol13_4,452,147,0,441
509,A,medium,51,D,unknown,NA,NA,high,95,Z,high,368,X,high,396,X,high,ExtraCol4_2,NA,ExtraCol10_5,ExtraCol13_4,137,448,159,441
510,C,high,51,C,unknown,NA,NA,unknown,56,Z,low,488,X,medium,433,X,NA,ExtraCol4_2,NA,ExtraCol10_3,ExtraCol13_5,452,152,159,153
511,A,high,51,B,high,NA,D,high,27,X,medium,394,Y,low,441,Y,medium,ExtraCol4_2,NA,ExtraCol10_2,ExtraCol13_4,452,147,162,441
512,C,high,70,D,high,NA,A,unknown,60,Y,medium,NA,X,high,64,X,low,ExtraCol4_4,NA,ExtraCol10_4,NA,452,448,162,153
513,A,medium,51,B,NA,66,C,medium,62,Y,medium,170,Y,high,150,Z,low,ExtraCol4_2,ExtraCol7_4,ExtraCol10_4,ExtraCol13_2,137,147,0,441
514,A,high,51,D,unknown,37,D,medium,NA,Y,medium,163,Y,high,360,Y,high,ExtraCol4_2,ExtraCol7_2,NA,ExtraCol13_2,452,448,159,441
515,B,high,42,B,medium,84,C,medium,20,Z,low,316,NA,high,NA,X,low,ExtraCol4_2,ExtraCol7_5,ExtraCol10_2,ExtraCol13_3,452,147,165,142
516,A,high,49,D,medium,42,B,low,NA,Z,low,171,Y,low,357,Y,high,ExtraCol4_2,ExtraCol7_3,NA,ExtraCol13_2,452,448,165,441
517,A,high,51,C,high,85,A,NA,54,X,medium,489,X,low,227,X,high,ExtraCol4_2,ExtraCol7_5,ExtraCol10_3,ExtraCol13_5,452,152,162,441
518,A,low,55,C,NA,74,B,medium,14,Z,low,144,Z,NA,225,Z,medium,ExtraCol4_3,ExtraCol7_4,ExtraCol10_1,ExtraCol13_2,157,152,0,441
519,C,high,79,D,NA,77,A,unknown,77,Z,low,NA,Y,high,13,Y,low,ExtraCol4_4,ExtraCol7_4,ExtraCol10_5,NA,452,448,0,153
520,C,high,2,C,high,92,A,unknown,NA,X,medium,408,X,low,304,Z,medium,ExtraCol4_1,ExtraCol7_5,NA,ExtraCol13_4,452,152,162,153
521,A,high,75,A,high,79,B,NA,93,X,high,183,Y,low,431,Y,medium,ExtraCol4_4,ExtraCol7_4,ExtraCol10_5,ExtraCol13_2,452,144,162,441
522,C,high,50,D,medium,NA,NA,medium,67,Y,medium,22,X,high,NA,X,medium,ExtraCol4_2,NA,ExtraCol10_4,ExtraCol13_1,452,448,165,153
523,A,high,51,B,high,52,A,high,33,Z,low,166,Y,NA,168,X,NA,ExtraCol4_2,ExtraCol7_3,ExtraCol10_2,ExtraCol13_2,452,147,162,441
524,A,high,47,C,NA,NA,NA,unknown,37,Z,high,179,Z,medium,338,Y,medium,ExtraCol4_2,NA,ExtraCol10_2,ExtraCol13_2,452,152,0,441
525,D,high,47,C,medium,6,NA,low,69,Y,high,306,X,low,99,Z,high,ExtraCol4_2,ExtraCol7_1,ExtraCol10_4,ExtraCol13_3,452,152,165,155
526,D,high,12,B,NA,59,NA,unknown,8,X,NA,355,Z,low,316,Y,low,ExtraCol4_1,ExtraCol7_3,ExtraCol10_1,ExtraCol13_4,452,147,0,155
527,B,high,51,B,NA,NA,NA,unknown,71,X,low,274,Y,medium,204,Z,medium,ExtraCol4_2,NA,ExtraCol10_4,ExtraCol13_3,452,147,0,142
528,D,medium,70,C,unknown,NA,D,unknown,55,Z,high,203,Z,high,463,Y,low,ExtraCol4_4,NA,ExtraCol10_3,ExtraCol13_2,137,152,159,155
529,D,high,51,D,high,10,C,low,22,Y,medium,251,Z,low,355,X,medium,ExtraCol4_2,ExtraCol7_1,ExtraCol10_2,ExtraCol13_3,452,448,162,155
530,A,high,9,A,unknown,50,A,unknown,89,Y,low,72,Z,low,36,Y,low,ExtraCol4_1,ExtraCol7_3,ExtraCol10_5,ExtraCol13_1,452,144,159,441
531,A,unknown,21,B,NA,57,A,high,62,Z,low,90,X,medium,435,X,high,ExtraCol4_1,ExtraCol7_3,ExtraCol10_4,ExtraCol13_1,145,147,0,441
532,A,high,87,D,unknown,10,C,high,16,X,low,305,Z,NA,362,Z,medium,ExtraCol4_4,ExtraCol7_1,ExtraCol10_1,ExtraCol13_3,452,448,159,441
533,C,high,51,D,high,63,NA,low,65,X,medium,432,Y,NA,107,X,NA,ExtraCol4_2,ExtraCol7_4,ExtraCol10_4,ExtraCol13_5,452,448,162,153
534,A,low,50,D,unknown,16,NA,medium,41,Z,medium,261,Z,medium,141,Y,low,ExtraCol4_2,ExtraCol7_1,ExtraCol10_3,ExtraCol13_3,157,448,159,441
535,A,high,51,D,unknown,14,D,medium,76,X,NA,30,Z,high,86,Y,medium,ExtraCol4_2,ExtraCol7_1,ExtraCol10_4,ExtraCol13_1,452,448,159,441
536,B,unknown,51,C,unknown,40,D,unknown,49,Z,low,490,Y,medium,155,Y,high,ExtraCol4_2,ExtraCol7_2,ExtraCol10_3,ExtraCol13_5,145,152,159,142
537,A,high,85,B,NA,NA,C,NA,99,Z,medium,162,NA,high,471,Y,high,ExtraCol4_4,NA,ExtraCol10_5,ExtraCol13_2,452,147,0,441
538,D,high,89,D,high,91,C,NA,92,X,medium,374,NA,high,451,Z,low,ExtraCol4_4,ExtraCol7_5,ExtraCol10_5,ExtraCol13_4,452,448,162,155
539,A,low,28,D,unknown,NA,D,NA,4,Y,high,NA,X,medium,275,Z,medium,ExtraCol4_1,NA,ExtraCol10_1,NA,157,448,159,441
540,A,unknown,58,A,medium,NA,A,low,NA,Z,high,493,Z,low,181,X,low,ExtraCol4_3,NA,NA,ExtraCol13_5,145,144,165,441
541,D,high,51,A,low,73,C,unknown,NA,Y,low,58,Y,medium,NA,Z,medium,ExtraCol4_2,ExtraCol7_4,NA,ExtraCol13_1,452,144,140,155
542,A,high,51,B,unknown,NA,NA,unknown,NA,X,NA,93,X,medium,478,Z,low,ExtraCol4_2,NA,NA,ExtraCol13_1,452,147,159,441
543,A,high,0,A,high,98,A,medium,14,X,medium,322,X,NA,99,NA,low,ExtraCol4_1,ExtraCol7_5,ExtraCol10_1,ExtraCol13_3,452,144,162,441
544,A,medium,97,D,NA,74,A,high,53,X,medium,380,Z,medium,378,NA,high,ExtraCol4_4,ExtraCol7_4,ExtraCol10_3,ExtraCol13_4,137,448,0,441
545,A,high,35,D,high,NA,B,unknown,15,X,NA,NA,Z,medium,497,Z,NA,ExtraCol4_2,NA,ExtraCol10_1,NA,452,448,162,441
546,A,high,51,C,low,94,B,high,NA,X,medium,275,Z,low,427,X,high,ExtraCol4_2,ExtraCol7_5,NA,ExtraCol13_3,452,152,140,441
547,B,low,61,D,medium,10,D,high,45,X,low,79,NA,medium,359,Z,high,ExtraCol4_3,ExtraCol7_1,ExtraCol10_3,ExtraCol13_1,157,448,165,142
548,C,high,78,A,medium,45,B,low,99,Z,medium,356,X,NA,449,Z,medium,ExtraCol4_4,ExtraCol7_3,ExtraCol10_5,ExtraCol13_4,452,144,165,153
549,B,high,51,C,NA,NA,C,NA,87,Y,high,334,Y,high,108,X,low,ExtraCol4_2,NA,ExtraCol10_5,ExtraCol13_4,452,152,0,142
550,D,unknown,51,B,unknown,0,NA,NA,NA,X,low,233,X,high,NA,Z,high,ExtraCol4_2,ExtraCol7_1,NA,ExtraCol13_3,145,147,159,155
551,D,low,89,B,high,45,D,high,NA,X,high,318,X,high,NA,Z,low,ExtraCol4_4,ExtraCol7_3,NA,ExtraCol13_3,157,147,162,155
552,A,unknown,93,B,low,68,C,unknown,NA,X,low,106,X,NA,6,NA,NA,ExtraCol4_4,ExtraCol7_4,NA,ExtraCol13_1,145,147,140,441
553,D,high,15,D,medium,79,D,NA,66,X,high,405,Y,low,99,Z,high,ExtraCol4_1,ExtraCol7_4,ExtraCol10_4,ExtraCol13_4,452,448,165,155
554,C,high,90,C,low,41,C,high,13,Z,medium,22,X,high,NA,X,medium,ExtraCol4_4,ExtraCol7_3,ExtraCol10_1,ExtraCol13_1,452,152,140,153
555,B,unknown,90,A,unknown,86,A,NA,NA,X,medium,419,X,low,123,Z,low,ExtraCol4_4,ExtraCol7_5,NA,ExtraCol13_5,145,144,159,142
556,C,low,51,C,medium,67,C,NA,99,Y,low,419,X,low,316,Z,medium,ExtraCol4_2,ExtraCol7_4,ExtraCol10_5,ExtraCol13_5,157,152,165,153
557,D,low,21,D,NA,4,B,low,NA,Y,high,343,Z,low,55,X,high,ExtraCol4_1,ExtraCol7_1,NA,ExtraCol13_4,157,448,0,155
558,A,unknown,51,A,medium,27,B,high,1,X,medium,407,Y,medium,348,Y,medium,ExtraCol4_2,ExtraCol7_2,ExtraCol10_1,ExtraCol13_4,145,144,165,441
559,A,low,99,D,low,93,C,medium,NA,X,medium,456,Y,low,114,Y,NA,ExtraCol4_4,ExtraCol7_5,NA,ExtraCol13_5,157,448,140,441
560,A,high,51,C,unknown,0,B,unknown,NA,X,medium,81,Y,medium,261,X,medium,ExtraCol4_2,ExtraCol7_1,NA,ExtraCol13_1,452,152,159,441
561,A,high,51,B,high,10,A,unknown,NA,X,medium,272,Y,low,58,Z,medium,ExtraCol4_2,ExtraCol7_1,NA,ExtraCol13_3,452,147,162,441
562,A,unknown,19,C,medium,34,NA,unknown,63,Z,medium,322,Y,low,485,Y,low,ExtraCol4_1,ExtraCol7_2,ExtraCol10_4,ExtraCol13_3,145,152,165,441
563,C,high,8,D,NA,99,C,unknown,35,Z,NA,471,Z,medium,188,X,low,ExtraCol4_1,ExtraCol7_5,ExtraCol10_2,ExtraCol13_5,452,448,0,153
564,A,high,25,D,high,NA,NA,medium,35,Y,low,368,Z,medium,302,Y,high,ExtraCol4_1,NA,ExtraCol10_2,ExtraCol13_4,452,448,162,441
565,D,low,6,A,low,NA,NA,NA,NA,Z,low,297,X,medium,243,X,medium,ExtraCol4_1,NA,NA,ExtraCol13_3,157,144,140,155
566,D,high,19,A,NA,39,C,high,85,Z,high,278,NA,medium,297,X,high,ExtraCol4_1,ExtraCol7_2,ExtraCol10_5,ExtraCol13_3,452,144,0,155
567,A,high,7,C,NA,93,C,NA,49,Z,high,71,X,medium,227,NA,medium,ExtraCol4_1,ExtraCol7_5,ExtraCol10_3,ExtraCol13_1,452,152,0,441
568,A,low,76,B,low,21,D,medium,31,X,medium,158,X,low,36,Z,NA,ExtraCol4_4,ExtraCol7_2,ExtraCol10_2,ExtraCol13_2,157,147,140,441
569,A,high,58,A,high,57,B,high,NA,Z,medium,216,Y,medium,414,X,medium,ExtraCol4_3,ExtraCol7_3,NA,ExtraCol13_2,452,144,162,441
570,D,low,51,B,unknown,46,NA,NA,1,NA,low,440,Y,high,321,X,medium,ExtraCol4_2,ExtraCol7_3,ExtraCol10_1,ExtraCol13_5,157,147,159,155
571,A,medium,80,C,NA,NA,NA,unknown,48,Y,low,430,Z,low,126,Z,high,ExtraCol4_4,NA,ExtraCol10_3,ExtraCol13_5,137,152,0,441
572,C,high,41,D,high,75,NA,low,55,Z,high,321,Z,low,42,Y,high,ExtraCol4_2,ExtraCol7_4,ExtraCol10_3,ExtraCol13_3,452,448,162,153
573,D,high,40,D,NA,83,NA,medium,67,Y,medium,52,NA,high,443,X,high,ExtraCol4_2,ExtraCol7_5,ExtraCol10_4,ExtraCol13_1,452,448,0,155
574,D,high,20,B,unknown,11,D,NA,80,X,low,NA,Y,medium,166,Z,high,ExtraCol4_1,ExtraCol7_1,ExtraCol10_5,NA,452,147,159,155
575,A,low,51,A,high,NA,D,NA,36,X,high,229,Z,low,454,X,low,ExtraCol4_2,NA,ExtraCol10_2,ExtraCol13_3,157,144,162,441
576,A,unknown,51,D,high,NA,D,high,NA,X,medium,326,Z,high,382,X,high,ExtraCol4_2,NA,NA,ExtraCol13_4,145,448,162,441
577,B,high,58,D,unknown,NA,NA,low,NA,X,NA,216,Y,low,479,Y,high,ExtraCol4_3,NA,NA,ExtraCol13_2,452,448,159,142
578,A,high,51,A,unknown,66,D,medium,76,Y,high,360,Y,medium,329,NA,medium,ExtraCol4_2,ExtraCol7_4,ExtraCol10_4,ExtraCol13_4,452,144,159,441
579,C,high,53,B,NA,63,NA,unknown,NA,NA,high,108,NA,medium,90,Y,low,ExtraCol4_3,ExtraCol7_4,NA,ExtraCol13_1,452,147,0,153
580,A,high,29,D,high,37,D,medium,3,Y,low,72,X,low,17,Y,low,ExtraCol4_1,ExtraCol7_2,ExtraCol10_1,ExtraCol13_1,452,448,162,441
581,B,high,51,C,low,NA,B,medium,NA,Y,medium,109,Y,high,122,X,high,ExtraCol4_2,NA,NA,ExtraCol13_1,452,152,140,142
582,A,high,82,B,unknown,NA,NA,low,NA,X,low,461,Z,medium,219,NA,high,ExtraCol4_4,NA,NA,ExtraCol13_5,452,147,159,441
583,A,high,51,D,unknown,82,B,NA,NA,Y,high,NA,X,low,311,Z,low,ExtraCol4_2,ExtraCol7_5,NA,NA,452,448,159,441
584,A,medium,25,D,medium,89,A,low,50,Z,high,142,Z,high,447,Y,medium,ExtraCol4_1,ExtraCol7_5,ExtraCol10_3,ExtraCol13_2,137,448,165,441
585,A,unknown,71,D,high,29,C,medium,46,X,medium,171,X,medium,70,X,medium,ExtraCol4_4,ExtraCol7_2,ExtraCol10_3,ExtraCol13_2,145,448,162,441
586,C,high,51,A,NA,NA,A,high,37,NA,low,418,X,high,317,Z,low,ExtraCol4_2,NA,ExtraCol10_2,ExtraCol13_5,452,144,0,153
587,B,high,51,D,NA,32,A,NA,41,Z,high,179,Z,high,42,X,medium,ExtraCol4_2,ExtraCol7_2,ExtraCol10_3,ExtraCol13_2,452,448,0,142
588,B,medium,31,C,NA,3,NA,NA,1,Y,medium,446,Y,low,240,Z,high,ExtraCol4_2,ExtraCol7_1,ExtraCol10_1,ExtraCol13_5,137,152,0,142
589,B,unknown,35,A,unknown,16,NA,medium,10,NA,low,494,Y,high,36,Z,low,ExtraCol4_2,ExtraCol7_1,ExtraCol10_1,ExtraCol13_5,145,144,159,142
590,C,medium,51,B,unknown,30,A,low,75,X,medium,325,NA,low,186,NA,high,ExtraCol4_2,ExtraCol7_2,ExtraCol10_4,ExtraCol13_4,137,147,159,153
591,D,low,1,A,low,98,D,medium,36,Z,medium,171,Y,NA,303,X,high,ExtraCol4_1,ExtraCol7_5,ExtraCol10_2,ExtraCol13_2,157,144,140,155
592,A,high,51,D,unknown,20,D,NA,NA,Y,low,299,Y,medium,369,Y,medium,ExtraCol4_2,ExtraCol7_1,NA,ExtraCol13_3,452,448,159,441
593,C,unknown,12,D,NA,50,D,medium,39,NA,high,334,Z,medium,402,Z,low,ExtraCol4_1,ExtraCol7_3,ExtraCol10_2,ExtraCol13_4,145,448,0,153
594,A,low,51,D,low,NA,B,medium,99,Y,high,54,Y,low,NA,Y,low,ExtraCol4_2,NA,ExtraCol10_5,ExtraCol13_1,157,448,140,441
595,C,medium,55,D,NA,35,A,medium,NA,Z,low,416,X,low,129,X,low,ExtraCol4_3,ExtraCol7_2,NA,ExtraCol13_5,137,448,0,153
596,A,medium,51,D,high,91,NA,NA,18,NA,high,218,X,high,456,Z,medium,ExtraCol4_2,ExtraCol7_5,ExtraCol10_2,ExtraCol13_2,137,448,162,441
597,A,low,34,B,unknown,9,C,high,58,NA,medium,422,Y,high,466,X,medium,ExtraCol4_2,ExtraCol7_1,ExtraCol10_3,ExtraCol13_5,157,147,159,441
598,A,high,77,D,low,87,A,high,NA,Y,NA,305,Y,high,483,Z,low,ExtraCol4_4,ExtraCol7_5,NA,ExtraCol13_3,452,448,140,441
599,B,medium,51,D,NA,74,D,unknown,14,Z,high,430,NA,medium,395,Z,medium,ExtraCol4_2,ExtraCol7_4,ExtraCol10_1,ExtraCol13_5,137,448,0,142
600,A,low,1,A,NA,NA,B,high,NA,Z,medium,40,X,high,388,Y,high,ExtraCol4_1,NA,NA,ExtraCol13_1,157,144,0,441
601,A,medium,51,D,medium,76,NA,high,NA,Y,high,21,X,low,38,X,low,ExtraCol4_2,ExtraCol7_4,NA,ExtraCol13_1,137,448,165,441
602,A,unknown,2,D,NA,42,A,high,73,X,high,55,X,high,NA,Z,high,ExtraCol4_1,ExtraCol7_3,ExtraCol10_4,ExtraCol13_1,145,448,0,441
603,A,unknown,52,D,unknown,97,B,high,56,Z,high,437,Z,low,203,Z,low,ExtraCol4_3,ExtraCol7_5,ExtraCol10_3,ExtraCol13_5,145,448,159,441
604,A,high,87,A,unknown,3,NA,low,65,Y,medium,496,Y,medium,129,Y,medium,ExtraCol4_4,ExtraCol7_1,ExtraCol10_4,ExtraCol13_5,452,144,159,441
605,A,medium,51,D,medium,2,NA,medium,26,Y,NA,499,Z,medium,34,X,low,ExtraCol4_2,ExtraCol7_1,ExtraCol10_2,ExtraCol13_5,137,448,165,441
606,A,unknown,51,D,NA,NA,C,NA,28,Z,high,166,Y,high,106,X,low,ExtraCol4_2,NA,ExtraCol10_2,ExtraCol13_2,145,448,0,441
607,C,low,51,B,high,93,D,low,63,Y,high,132,X,low,457,X,high,ExtraCol4_2,ExtraCol7_5,ExtraCol10_4,ExtraCol13_2,157,147,162,153
608,A,high,78,A,low,6,C,unknown,35,Y,low,174,Y,medium,454,Y,medium,ExtraCol4_4,ExtraCol7_1,ExtraCol10_2,ExtraCol13_2,452,144,140,441
609,D,high,51,D,high,77,NA,NA,NA,X,medium,408,Z,low,371,Y,medium,ExtraCol4_2,ExtraCol7_4,NA,ExtraCol13_4,452,448,162,155
610,D,high,28,D,unknown,93,C,NA,15,Z,medium,125,Y,low,50,Y,medium,ExtraCol4_1,ExtraCol7_5,ExtraCol10_1,ExtraCol13_2,452,448,159,155
611,A,low,0,D,NA,NA,NA,low,30,Y,medium,273,X,medium,343,Y,low,ExtraCol4_1,NA,ExtraCol10_2,ExtraCol13_3,157,448,0,441
612,A,high,44,B,low,86,NA,unknown,10,Z,medium,323,X,high,63,Y,high,ExtraCol4_2,ExtraCol7_5,ExtraCol10_1,ExtraCol13_4,452,147,140,441
613,B,high,61,D,low,75,D,low,8,X,high,180,Z,low,341,X,medium,ExtraCol4_3,ExtraCol7_4,ExtraCol10_1,ExtraCol13_2,452,448,140,142
614,A,unknown,51,C,high,NA,C,NA,NA,Z,medium,236,X,NA,16,Y,low,ExtraCol4_2,NA,NA,ExtraCol13_3,145,152,162,441
615,A,low,93,A,low,85,B,low,48,Y,high,332,Z,medium,142,Z,high,ExtraCol4_4,ExtraCol7_5,ExtraCol10_3,ExtraCol13_4,157,144,140,441
616,A,high,51,D,unknown,69,B,unknown,14,X,high,395,Z,high,61,Z,low,ExtraCol4_2,ExtraCol7_4,ExtraCol10_1,ExtraCol13_4,452,448,159,441
617,A,unknown,78,B,low,1,NA,low,9,X,low,94,X,low,466,Z,high,ExtraCol4_4,ExtraCol7_1,ExtraCol10_1,ExtraCol13_1,145,147,140,441
618,B,high,2,D,low,NA,NA,unknown,87,X,medium,256,Y,low,284,Z,low,ExtraCol4_1,NA,ExtraCol10_5,ExtraCol13_3,452,448,140,142
619,B,high,85,D,medium,NA,A,high,51,X,medium,77,Y,high,461,X,low,ExtraCol4_4,NA,ExtraCol10_3,ExtraCol13_1,452,448,165,142
620,A,low,75,A,unknown,NA,NA,low,71,Y,high,7,Z,low,10,X,low,ExtraCol4_4,NA,ExtraCol10_4,ExtraCol13_1,157,144,159,441
621,B,high,51,C,NA,NA,NA,NA,72,Z,medium,322,Z,NA,369,Y,medium,ExtraCol4_2,NA,ExtraCol10_4,ExtraCol13_3,452,152,0,142
622,A,high,58,D,medium,NA,B,unknown,10,Z,medium,241,X,high,239,Y,medium,ExtraCol4_3,NA,ExtraCol10_1,ExtraCol13_3,452,448,165,441
623,D,high,51,D,high,29,NA,low,NA,Z,high,129,X,high,234,Z,low,ExtraCol4_2,ExtraCol7_2,NA,ExtraCol13_2,452,448,162,155
624,A,low,90,D,NA,19,D,unknown,NA,Y,low,27,Z,low,436,Z,low,ExtraCol4_4,ExtraCol7_1,NA,ExtraCol13_1,157,448,0,441
625,D,high,55,A,unknown,8,D,NA,44,Y,medium,472,Y,high,23,Z,low,ExtraCol4_3,ExtraCol7_1,ExtraCol10_3,ExtraCol13_5,452,144,159,155
626,A,high,51,D,low,63,NA,NA,86,X,NA,413,X,NA,472,X,medium,ExtraCol4_2,ExtraCol7_4,ExtraCol10_5,ExtraCol13_5,452,448,140,441
627,D,medium,61,D,unknown,95,D,medium,NA,X,high,NA,Y,low,14,Z,high,ExtraCol4_3,ExtraCol7_5,NA,NA,137,448,159,155
628,C,high,68,C,unknown,NA,D,NA,NA,Y,low,56,X,medium,181,Z,low,ExtraCol4_3,NA,NA,ExtraCol13_1,452,152,159,153
629,B,unknown,51,C,NA,NA,D,medium,10,Z,high,7,X,low,69,Z,high,ExtraCol4_2,NA,ExtraCol10_1,ExtraCol13_1,145,152,0,142
630,C,high,81,B,NA,NA,NA,unknown,61,X,low,108,Z,low,261,Y,medium,ExtraCol4_4,NA,ExtraCol10_4,ExtraCol13_1,452,147,0,153
631,B,high,20,C,medium,17,B,NA,88,X,low,50,X,low,297,X,low,ExtraCol4_1,ExtraCol7_1,ExtraCol10_5,ExtraCol13_1,452,152,165,142
632,A,high,89,A,unknown,21,NA,NA,57,X,high,229,Z,low,321,X,low,ExtraCol4_4,ExtraCol7_2,ExtraCol10_3,ExtraCol13_3,452,144,159,441
633,B,low,55,D,unknown,28,D,unknown,80,X,medium,322,X,medium,399,Z,high,ExtraCol4_3,ExtraCol7_2,ExtraCol10_5,ExtraCol13_3,157,448,159,142
634,A,high,32,D,high,68,NA,medium,53,X,medium,97,X,high,375,Z,high,ExtraCol4_2,ExtraCol7_4,ExtraCol10_3,ExtraCol13_1,452,448,162,441
635,A,high,51,D,NA,29,D,low,41,X,medium,198,Z,medium,474,NA,high,ExtraCol4_2,ExtraCol7_2,ExtraCol10_3,ExtraCol13_2,452,448,0,441
636,A,unknown,1,A,NA,82,NA,unknown,NA,X,high,269,X,low,224,Y,medium,ExtraCol4_1,ExtraCol7_5,NA,ExtraCol13_3,145,144,0,441
637,A,unknown,74,A,high,36,C,NA,15,Y,low,158,Y,medium,87,Y,high,ExtraCol4_4,ExtraCol7_2,ExtraCol10_1,ExtraCol13_2,145,144,162,441
638,C,high,37,D,NA,10,A,NA,NA,Z,low,230,Y,high,77,X,high,ExtraCol4_2,ExtraCol7_1,NA,ExtraCol13_3,452,448,0,153
639,A,high,84,D,unknown,9,B,NA,NA,X,medium,295,NA,high,137,Y,high,ExtraCol4_4,ExtraCol7_1,NA,ExtraCol13_3,452,448,159,441
640,A,medium,23,C,high,40,C,unknown,NA,X,high,476,Y,high,301,X,medium,ExtraCol4_1,ExtraCol7_2,NA,ExtraCol13_5,137,152,162,441
641,A,high,92,D,high,40,A,unknown,NA,Z,medium,155,NA,medium,27,Z,medium,ExtraCol4_4,ExtraCol7_2,NA,ExtraCol13_2,452,448,162,441
642,A,high,94,B,low,NA,A,high,99,X,high,44,X,medium,477,Z,high,ExtraCol4_4,NA,ExtraCol10_5,ExtraCol13_1,452,147,140,441
643,D,unknown,10,C,NA,47,C,NA,23,Z,high,434,X,low,494,X,high,ExtraCol4_1,ExtraCol7_3,ExtraCol10_2,ExtraCol13_5,145,152,0,155
644,C,high,64,D,NA,16,A,medium,72,Y,high,288,X,medium,82,Z,medium,ExtraCol4_3,ExtraCol7_1,ExtraCol10_4,ExtraCol13_3,452,448,0,153
645,A,high,93,B,NA,21,NA,high,87,Z,medium,236,Y,medium,390,Z,low,ExtraCol4_4,ExtraCol7_2,ExtraCol10_5,ExtraCol13_3,452,147,0,441
646,B,high,32,C,high,56,B,unknown,83,X,medium,360,Y,low,NA,Y,medium,ExtraCol4_2,ExtraCol7_3,ExtraCol10_5,ExtraCol13_4,452,152,162,142
647,A,unknown,51,C,medium,33,NA,low,NA,NA,low,490,X,low,240,Y,medium,ExtraCol4_2,ExtraCol7_2,NA,ExtraCol13_5,145,152,165,441
648,A,high,51,D,unknown,67,NA,NA,17,Y,low,63,X,high,367,X,high,ExtraCol4_2,ExtraCol7_4,ExtraCol10_1,ExtraCol13_1,452,448,159,441
649,A,low,47,D,NA,92,NA,high,46,X,NA,430,Z,low,287,Z,low,ExtraCol4_2,ExtraCol7_5,ExtraCol10_3,ExtraCol13_5,157,448,0,441
650,D,low,2,C,low,35,C,high,77,X,high,318,X,NA,161,X,low,ExtraCol4_1,ExtraCol7_2,ExtraCol10_5,ExtraCol13_3,157,152,140,155
651,C,unknown,84,C,NA,55,C,unknown,61,Z,high,292,Y,medium,281,Z,high,ExtraCol4_4,ExtraCol7_3,ExtraCol10_4,ExtraCol13_3,145,152,0,153
652,B,unknown,51,D,medium,NA,B,NA,NA,X,medium,432,Z,low,67,Y,high,ExtraCol4_2,NA,NA,ExtraCol13_5,145,448,165,142
653,D,unknown,51,D,low,21,NA,low,21,Y,medium,152,Z,high,127,Z,low,ExtraCol4_2,ExtraCol7_2,ExtraCol10_2,ExtraCol13_2,145,448,140,155
654,A,low,25,D,NA,51,D,low,65,Z,high,393,Z,high,486,Y,low,ExtraCol4_1,ExtraCol7_3,ExtraCol10_4,ExtraCol13_4,157,448,0,441
655,A,high,1,C,high,30,D,unknown,42,X,low,285,Y,high,92,Z,medium,ExtraCol4_1,ExtraCol7_2,ExtraCol10_3,ExtraCol13_3,452,152,162,441
656,B,unknown,51,C,NA,62,D,NA,NA,X,low,467,Y,low,299,Y,high,ExtraCol4_2,ExtraCol7_4,NA,ExtraCol13_5,145,152,0,142
657,D,high,2,A,low,74,NA,high,93,Y,high,233,Z,NA,NA,Y,high,ExtraCol4_1,ExtraCol7_4,ExtraCol10_5,ExtraCol13_3,452,144,140,155
658,C,high,79,C,unknown,14,C,medium,0,X,medium,360,Z,low,232,Y,medium,ExtraCol4_4,ExtraCol7_1,ExtraCol10_1,ExtraCol13_4,452,152,159,153
659,D,high,51,D,unknown,18,A,medium,23,Z,low,248,X,low,123,NA,low,ExtraCol4_2,ExtraCol7_1,ExtraCol10_2,ExtraCol13_3,452,448,159,155
660,A,low,51,D,high,2,D,unknown,91,X,low,196,Z,NA,284,Y,medium,ExtraCol4_2,ExtraCol7_1,ExtraCol10_5,ExtraCol13_2,157,448,162,441
661,A,medium,81,C,low,1,A,NA,NA,X,NA,187,Z,high,278,NA,low,ExtraCol4_4,ExtraCol7_1,NA,ExtraCol13_2,137,152,140,441
662,A,high,89,D,NA,NA,NA,NA,30,X,low,460,Z,low,308,Y,medium,ExtraCol4_4,NA,ExtraCol10_2,ExtraCol13_5,452,448,0,441
663,A,low,12,D,high,70,D,unknown,NA,X,medium,418,X,high,154,Y,low,ExtraCol4_1,ExtraCol7_4,NA,ExtraCol13_5,157,448,162,441
664,C,low,51,C,high,NA,NA,unknown,NA,X,high,112,Y,low,289,Y,low,ExtraCol4_2,NA,NA,ExtraCol13_2,157,152,162,153
665,A,high,12,B,NA,40,D,high,NA,Y,high,432,X,high,364,Y,high,ExtraCol4_1,ExtraCol7_2,NA,ExtraCol13_5,452,147,0,441
666,D,unknown,68,D,unknown,NA,B,low,30,Y,high,291,X,medium,359,X,high,ExtraCol4_3,NA,ExtraCol10_2,ExtraCol13_3,145,448,159,155
667,D,high,56,B,unknown,72,NA,high,53,Y,high,NA,Y,low,283,Z,NA,ExtraCol4_3,ExtraCol7_4,ExtraCol10_3,NA,452,147,159,155
668,C,high,8,B,high,80,A,high,NA,X,low,382,X,high,149,Y,medium,ExtraCol4_1,ExtraCol7_4,NA,ExtraCol13_4,452,147,162,153
669,B,high,23,D,NA,73,NA,high,NA,X,low,81,X,high,266,Z,medium,ExtraCol4_1,ExtraCol7_4,NA,ExtraCol13_1,452,448,0,142
670,A,low,53,D,high,NA,NA,low,79,X,low,436,X,high,268,Y,low,ExtraCol4_3,NA,ExtraCol10_5,ExtraCol13_5,157,448,162,441
671,C,medium,51,C,low,52,B,NA,62,X,high,227,NA,medium,475,Y,medium,ExtraCol4_2,ExtraCol7_3,ExtraCol10_4,ExtraCol13_3,137,152,140,153
672,C,high,34,D,NA,52,A,unknown,NA,Z,medium,458,X,high,188,Y,medium,ExtraCol4_2,ExtraCol7_3,NA,ExtraCol13_5,452,448,0,153
673,D,unknown,51,D,NA,64,A,medium,98,X,high,241,Z,high,NA,Z,high,ExtraCol4_2,ExtraCol7_4,ExtraCol10_5,ExtraCol13_3,145,448,0,155
674,C,high,99,A,low,79,B,medium,NA,X,NA,42,Z,high,NA,X,medium,ExtraCol4_4,ExtraCol7_4,NA,ExtraCol13_1,452,144,140,153
675,A,high,76,D,high,NA,NA,low,89,Y,high,383,Z,medium,317,NA,high,ExtraCol4_4,NA,ExtraCol10_5,ExtraCol13_4,452,448,162,441
676,A,medium,51,C,high,67,C,unknown,NA,X,medium,363,Z,low,213,X,medium,ExtraCol4_2,ExtraCol7_4,NA,ExtraCol13_4,137,152,162,441
677,A,medium,51,D,NA,83,A,low,92,Y,high,151,Y,medium,0,Z,low,ExtraCol4_2,ExtraCol7_5,ExtraCol10_5,ExtraCol13_2,137,448,0,441
678,A,unknown,51,B,high,NA,NA,medium,78,Y,low,102,Y,medium,352,Y,medium,ExtraCol4_2,NA,ExtraCol10_5,ExtraCol13_1,145,147,162,441
679,D,medium,51,D,unknown,41,C,medium,21,NA,high,431,NA,low,368,Z,high,ExtraCol4_2,ExtraCol7_3,ExtraCol10_2,ExtraCol13_5,137,448,159,155
680,A,unknown,44,A,unknown,NA,B,NA,20,X,medium,389,Y,low,465,NA,low,ExtraCol4_2,NA,ExtraCol10_2,ExtraCol13_4,145,144,159,441
681,A,high,83,D,medium,2,NA,NA,54,NA,low,148,Y,NA,251,X,high,ExtraCol4_4,ExtraCol7_1,ExtraCol10_3,ExtraCol13_2,452,448,165,441
682,D,high,51,A,NA,NA,D,unknown,50,Z,low,350,Y,NA,257,Y,medium,ExtraCol4_2,NA,ExtraCol10_3,ExtraCol13_4,452,144,0,155
683,A,high,51,D,NA,80,B,unknown,23,Y,NA,120,X,NA,104,X,high,ExtraCol4_2,ExtraCol7_4,ExtraCol10_2,ExtraCol13_2,452,448,0,441
684,A,medium,51,D,high,17,NA,high,26,X,low,90,Z,high,229,Y,high,ExtraCol4_2,ExtraCol7_1,ExtraCol10_2,ExtraCol13_1,137,448,162,441
685,D,high,6,D,low,NA,B,low,89,Y,high,NA,NA,high,0,X,medium,ExtraCol4_1,NA,ExtraCol10_5,NA,452,448,140,155
686,A,high,69,D,NA,90,NA,unknown,NA,Y,low,416,Z,low,250,X,NA,ExtraCol4_3,ExtraCol7_5,NA,ExtraCol13_5,452,448,0,441
687,C,high,65,D,high,49,NA,medium,NA,Z,medium,459,X,low,NA,X,low,ExtraCol4_3,ExtraCol7_3,NA,ExtraCol13_5,452,448,162,153
688,D,unknown,58,D,medium,48,B,NA,NA,Z,medium,230,Z,high,392,Y,high,ExtraCol4_3,ExtraCol7_3,NA,ExtraCol13_3,145,448,165,155
689,C,low,5,B,high,42,A,medium,15,Y,medium,71,X,high,331,Z,high,ExtraCol4_1,ExtraCol7_3,ExtraCol10_1,ExtraCol13_1,157,147,162,153
690,A,low,49,C,low,37,NA,NA,NA,X,medium,271,X,medium,402,Y,low,ExtraCol4_2,ExtraCol7_2,NA,ExtraCol13_3,157,152,140,441
691,D,high,89,A,medium,38,A,NA,NA,NA,high,340,NA,high,332,X,NA,ExtraCol4_4,ExtraCol7_2,NA,ExtraCol13_4,452,144,165,155
692,A,medium,23,A,high,55,C,NA,64,X,high,485,X,low,389,X,medium,ExtraCol4_1,ExtraCol7_3,ExtraCol10_4,ExtraCol13_5,137,144,162,441
693,C,high,69,A,high,NA,A,NA,NA,Z,high,56,X,medium,218,Z,low,ExtraCol4_3,NA,NA,ExtraCol13_1,452,144,162,153
694,A,low,85,C,unknown,NA,A,NA,23,Y,NA,328,Z,medium,301,NA,low,ExtraCol4_4,NA,ExtraCol10_2,ExtraCol13_4,157,152,159,441
695,A,high,51,D,unknown,86,D,medium,18,Y,high,256,X,low,319,Y,low,ExtraCol4_2,ExtraCol7_5,ExtraCol10_2,ExtraCol13_3,452,448,159,441
696,A,medium,51,D,NA,11,A,unknown,NA,NA,NA,294,Z,high,286,Y,low,ExtraCol4_2,ExtraCol7_1,NA,ExtraCol13_3,137,448,0,441
697,A,medium,51,D,low,30,B,NA,7,Y,high,46,X,medium,285,Y,low,ExtraCol4_2,ExtraCol7_2,ExtraCol10_1,ExtraCol13_1,137,448,140,441
698,D,high,69,C,NA,75,C,unknown,NA,Y,low,8,Y,low,390,Z,low,ExtraCol4_3,ExtraCol7_4,NA,ExtraCol13_1,452,152,0,155
699,A,high,51,D,low,54,B,medium,86,X,low,303,Y,low,119,Z,medium,ExtraCol4_2,ExtraCol7_3,ExtraCol10_5,ExtraCol13_3,452,448,140,441
700,A,medium,51,B,NA,33,B,medium,30,Y,high,99,Z,NA,158,NA,medium,ExtraCol4_2,ExtraCol7_2,ExtraCol10_2,ExtraCol13_1,137,147,0,441
701,A,low,51,A,low,31,NA,low,NA,X,high,306,Z,NA,259,Y,low,ExtraCol4_2,ExtraCol7_2,NA,ExtraCol13_3,157,144,140,441
702,C,high,71,D,NA,11,NA,NA,NA,X,low,13,Z,high,322,Z,low,ExtraCol4_4,ExtraCol7_1,NA,ExtraCol13_1,452,448,0,153
703,C,low,24,C,low,NA,D,low,25,X,high,400,Z,low,257,Y,medium,ExtraCol4_1,NA,ExtraCol10_2,ExtraCol13_4,157,152,140,153
704,C,medium,75,D,high,NA,C,medium,6,Y,low,166,X,medium,99,NA,high,ExtraCol4_4,NA,ExtraCol10_1,ExtraCol13_2,137,448,162,153
705,C,high,54,C,NA,41,D,unknown,NA,Z,low,NA,X,medium,411,Z,high,ExtraCol4_3,ExtraCol7_3,NA,NA,452,152,0,153
706,D,low,93,D,high,NA,C,high,2,X,high,172,Y,medium,272,X,high,ExtraCol4_4,NA,ExtraCol10_1,ExtraCol13_2,157,448,162,155
707,A,medium,65,C,high,27,NA,high,42,X,low,209,X,NA,216,Y,low,ExtraCol4_3,ExtraCol7_2,ExtraCol10_3,ExtraCol13_2,137,152,162,441
708,D,high,51,A,low,NA,NA,unknown,3,Y,low,265,Y,high,439,Y,high,ExtraCol4_2,NA,ExtraCol10_1,ExtraCol13_3,452,144,140,155
709,D,unknown,97,B,NA,NA,C,unknown,NA,X,high,322,Y,high,218,NA,low,ExtraCol4_4,NA,NA,ExtraCol13_3,145,147,0,155
710,D,unknown,99,D,unknown,40,C,unknown,NA,X,medium,344,X,medium,80,Y,low,ExtraCol4_4,ExtraCol7_2,NA,ExtraCol13_4,145,448,159,155
711,A,low,74,A,high,25,D,NA,32,Y,medium,495,X,high,492,X,low,ExtraCol4_4,ExtraCol7_2,ExtraCol10_2,ExtraCol13_5,157,144,162,441
712,D,high,59,A,medium,63,NA,NA,NA,Y,high,89,Z,low,191,Y,low,ExtraCol4_3,ExtraCol7_4,NA,ExtraCol13_1,452,144,165,155
713,A,high,11,D,unknown,54,B,NA,NA,X,low,435,Y,low,447,Y,medium,ExtraCol4_1,ExtraCol7_3,NA,ExtraCol13_5,452,448,159,441
714,D,medium,51,D,NA,57,A,NA,NA,X,high,300,Z,low,258,Y,low,ExtraCol4_2,ExtraCol7_3,NA,ExtraCol13_3,137,448,0,155
715,C,medium,47,D,NA,NA,NA,high,NA,X,low,154,NA,low,121,Y,high,ExtraCol4_2,NA,NA,ExtraCol13_2,137,448,0,153
716,A,high,78,D,low,72,NA,medium,36,Z,medium,458,Y,high,188,Z,high,ExtraCol4_4,ExtraCol7_4,ExtraCol10_2,ExtraCol13_5,452,448,140,441
717,C,medium,58,C,NA,NA,D,NA,NA,Y,low,353,Z,low,455,Z,medium,ExtraCol4_3,NA,NA,ExtraCol13_4,137,152,0,153
718,B,low,43,C,NA,83,C,low,25,NA,low,92,X,NA,472,Z,low,ExtraCol4_2,ExtraCol7_5,ExtraCol10_2,ExtraCol13_1,157,152,0,142
719,A,high,51,A,low,42,A,NA,NA,X,low,87,X,medium,68,X,high,ExtraCol4_2,ExtraCol7_3,NA,ExtraCol13_1,452,144,140,441
720,D,medium,51,D,NA,40,C,medium,73,Z,medium,329,Z,high,493,Z,low,ExtraCol4_2,ExtraCol7_2,ExtraCol10_4,ExtraCol13_4,137,448,0,155
721,A,high,51,D,NA,38,B,low,75,NA,high,364,Z,low,426,Z,high,ExtraCol4_2,ExtraCol7_2,ExtraCol10_4,ExtraCol13_4,452,448,0,441
722,B,low,51,D,medium,42,NA,unknown,51,Z,low,22,X,high,323,Z,high,ExtraCol4_2,ExtraCol7_3,ExtraCol10_3,ExtraCol13_1,157,448,165,142
723,A,low,51,D,low,66,B,medium,75,Z,medium,314,Y,medium,91,Z,low,ExtraCol4_2,ExtraCol7_4,ExtraCol10_4,ExtraCol13_3,157,448,140,441
724,A,unknown,87,D,low,49,C,medium,59,Y,high,265,Y,low,293,Z,low,ExtraCol4_4,ExtraCol7_3,ExtraCol10_3,ExtraCol13_3,145,448,140,441
725,D,low,11,D,unknown,12,A,medium,NA,Z,high,NA,Z,low,212,Z,high,ExtraCol4_1,ExtraCol7_1,NA,NA,157,448,159,155
726,A,high,40,A,unknown,56,C,medium,35,Z,high,370,Y,high,62,Z,high,ExtraCol4_2,ExtraCol7_3,ExtraCol10_2,ExtraCol13_4,452,144,159,441
727,C,high,51,D,NA,NA,D,unknown,51,Z,low,454,X,high,491,Y,medium,ExtraCol4_2,NA,ExtraCol10_3,ExtraCol13_5,452,448,0,153
728,D,high,51,C,low,10,NA,high,NA,X,medium,17,Z,high,301,Y,low,ExtraCol4_2,ExtraCol7_1,NA,ExtraCol13_1,452,152,140,155
729,D,unknown,16,C,NA,NA,A,low,76,X,medium,382,Z,medium,48,Y,medium,ExtraCol4_1,NA,ExtraCol10_4,ExtraCol13_4,145,152,0,155
730,A,high,51,D,NA,31,A,low,NA,Z,medium,166,Y,high,170,Z,medium,ExtraCol4_2,ExtraCol7_2,NA,ExtraCol13_2,452,448,0,441
731,A,high,59,D,medium,NA,NA,NA,5,Z,low,276,Z,low,419,Y,low,ExtraCol4_3,NA,ExtraCol10_1,ExtraCol13_3,452,448,165,441
732,A,low,51,D,medium,17,D,NA,49,Y,low,438,X,low,221,NA,high,ExtraCol4_2,ExtraCol7_1,ExtraCol10_3,ExtraCol13_5,157,448,165,441
733,A,high,16,B,high,NA,D,NA,7,X,high,434,X,high,247,Z,medium,ExtraCol4_1,NA,ExtraCol10_1,ExtraCol13_5,452,147,162,441
734,B,high,42,D,NA,NA,NA,unknown,19,Y,low,112,Z,low,71,X,low,ExtraCol4_2,NA,ExtraCol10_2,ExtraCol13_2,452,448,0,142
735,A,unknown,72,D,NA,13,B,medium,37,Y,high,120,Y,medium,NA,Z,NA,ExtraCol4_4,ExtraCol7_1,ExtraCol10_2,ExtraCol13_2,145,448,0,441
736,A,medium,73,D,unknown,NA,A,NA,0,Y,low,361,X,medium,488,Y,medium,ExtraCol4_4,NA,ExtraCol10_1,ExtraCol13_4,137,448,159,441
737,B,high,19,C,unknown,31,B,low,22,Y,medium,NA,Z,low,476,Z,medium,ExtraCol4_1,ExtraCol7_2,ExtraCol10_2,NA,452,152,159,142
738,A,unknown,51,D,medium,58,B,medium,54,NA,medium,306,X,high,47,X,NA,ExtraCol4_2,ExtraCol7_3,ExtraCol10_3,ExtraCol13_3,145,448,165,441
739,A,high,89,D,NA,56,C,medium,37,Y,high,27,X,low,274,X,low,ExtraCol4_4,ExtraCol7_3,ExtraCol10_2,ExtraCol13_1,452,448,0,441
740,A,unknown,22,A,NA,NA,D,NA,89,Z,high,81,Y,high,340,Z,low,ExtraCol4_1,NA,ExtraCol10_5,ExtraCol13_1,145,144,0,441
741,A,high,2,C,medium,58,D,NA,9,X,low,374,Y,low,440,Z,low,ExtraCol4_1,ExtraCol7_3,ExtraCol10_1,ExtraCol13_4,452,152,165,441
742,C,medium,95,D,unknown,56,NA,low,NA,Z,high,370,Z,NA,279,Y,low,ExtraCol4_4,ExtraCol7_3,NA,ExtraCol13_4,137,448,159,153
743,B,high,52,A,NA,8,A,high,59,Z,low,448,Y,low,434,Y,medium,ExtraCol4_3,ExtraCol7_1,ExtraCol10_3,ExtraCol13_5,452,144,0,142
744,A,high,77,D,NA,NA,NA,medium,64,Y,high,266,X,medium,NA,Y,medium,ExtraCol4_4,NA,ExtraCol10_4,ExtraCol13_3,452,448,0,441
745,D,low,32,D,NA,11,B,medium,67,Y,high,213,Z,low,7,Y,high,ExtraCol4_2,ExtraCol7_1,ExtraCol10_4,ExtraCol13_2,157,448,0,155
746,A,unknown,51,A,NA,43,B,low,5,Y,low,56,Y,low,232,NA,NA,ExtraCol4_2,ExtraCol7_3,ExtraCol10_1,ExtraCol13_1,145,144,0,441
747,B,low,51,D,medium,36,C,low,79,Y,medium,390,NA,medium,132,Y,medium,ExtraCol4_2,ExtraCol7_2,ExtraCol10_5,ExtraCol13_4,157,448,165,142
748,C,medium,51,A,NA,NA,C,medium,33,Z,high,474,NA,high,377,Y,low,ExtraCol4_2,NA,ExtraCol10_2,ExtraCol13_5,137,144,0,153
749,D,high,47,C,unknown,NA,D,medium,65,NA,high,22,Y,high,168,X,low,ExtraCol4_2,NA,ExtraCol10_4,ExtraCol13_1,452,152,159,155
750,C,high,51,D,unknown,NA,C,NA,NA,Y,medium,245,Y,high,203,Y,low,ExtraCol4_2,NA,NA,ExtraCol13_3,452,448,159,153
751,B,high,51,B,low,41,NA,unknown,39,NA,low,177,X,high,267,Z,low,ExtraCol4_2,ExtraCol7_3,ExtraCol10_2,ExtraCol13_2,452,147,140,142
752,A,unknown,51,A,unknown,6,A,NA,70,Y,medium,372,Y,high,480,Z,low,ExtraCol4_2,ExtraCol7_1,ExtraCol10_4,ExtraCol13_4,145,144,159,441
753,D,high,91,D,NA,0,NA,medium,93,Y,high,381,Y,high,35,Y,high,ExtraCol4_4,ExtraCol7_1,ExtraCol10_5,ExtraCol13_4,452,448,0,155
754,B,high,51,A,NA,54,D,NA,87,Y,medium,108,Z,medium,276,Y,medium,ExtraCol4_2,ExtraCol7_3,ExtraCol10_5,ExtraCol13_1,452,144,0,142
755,D,high,51,D,medium,NA,D,high,NA,Y,low,476,Z,high,194,X,high,ExtraCol4_2,NA,NA,ExtraCol13_5,452,448,165,155
756,D,unknown,51,D,medium,54,B,medium,53,Y,low,68,Z,high,18,Y,low,ExtraCol4_2,ExtraCol7_3,ExtraCol10_3,ExtraCol13_1,145,448,165,155
757,A,medium,51,D,NA,72,NA,NA,52,Z,low,390,Y,medium,407,Y,low,ExtraCol4_2,ExtraCol7_4,ExtraCol10_3,ExtraCol13_4,137,448,0,441
758,A,high,82,D,unknown,75,A,NA,96,Z,medium,NA,Y,low,456,X,low,ExtraCol4_4,ExtraCol7_4,ExtraCol10_5,NA,452,448,159,441
759,D,unknown,72,D,NA,87,A,medium,20,Z,NA,81,Y,low,86,X,medium,ExtraCol4_4,ExtraCol7_5,ExtraCol10_2,ExtraCol13_1,145,448,0,155
760,A,high,14,D,NA,NA,C,NA,95,Y,medium,336,X,medium,379,Y,medium,ExtraCol4_1,NA,ExtraCol10_5,ExtraCol13_4,452,448,0,441
761,B,low,58,D,medium,88,C,low,64,Z,high,135,X,medium,350,Z,medium,ExtraCol4_3,ExtraCol7_5,ExtraCol10_4,ExtraCol13_2,157,448,165,142
762,A,unknown,53,D,low,79,C,unknown,NA,Z,medium,137,Z,medium,352,Y,high,ExtraCol4_3,ExtraCol7_4,NA,ExtraCol13_2,145,448,140,441
763,C,high,51,D,low,43,NA,NA,NA,X,medium,43,X,high,230,Z,medium,ExtraCol4_2,ExtraCol7_3,NA,ExtraCol13_1,452,448,140,153
764,B,high,51,B,medium,50,B,medium,81,Z,medium,373,Z,NA,160,NA,high,ExtraCol4_2,ExtraCol7_3,ExtraCol10_5,ExtraCol13_4,452,147,165,142
765,C,unknown,51,B,NA,61,A,high,NA,Z,medium,403,Z,medium,35,Z,low,ExtraCol4_2,ExtraCol7_4,NA,ExtraCol13_4,145,147,0,153
766,A,medium,51,D,NA,NA,NA,NA,NA,Y,high,252,Z,high,17,Z,medium,ExtraCol4_2,NA,NA,ExtraCol13_3,137,448,0,441
767,D,high,51,B,unknown,67,C,NA,NA,Z,low,387,X,high,88,Y,medium,ExtraCol4_2,ExtraCol7_4,NA,ExtraCol13_4,452,147,159,155
768,A,high,51,D,unknown,58,B,medium,72,X,medium,174,Y,medium,263,Z,medium,ExtraCol4_2,ExtraCol7_3,ExtraCol10_4,ExtraCol13_2,452,448,159,441
769,A,low,51,A,high,52,C,unknown,91,Z,low,282,Z,medium,70,X,high,ExtraCol4_2,ExtraCol7_3,ExtraCol10_5,ExtraCol13_3,157,144,162,441
770,B,low,4,B,NA,NA,B,low,NA,Y,low,393,Y,low,343,X,medium,ExtraCol4_1,NA,NA,ExtraCol13_4,157,147,0,142
771,A,high,35,D,unknown,68,C,unknown,NA,Z,low,215,Y,medium,309,Y,medium,ExtraCol4_2,ExtraCol7_4,NA,ExtraCol13_2,452,448,159,441
772,D,high,51,D,medium,93,B,high,4,Y,medium,308,Z,low,172,X,NA,ExtraCol4_2,ExtraCol7_5,ExtraCol10_1,ExtraCol13_3,452,448,165,155
773,A,high,51,A,medium,97,B,low,63,Y,high,72,Z,medium,43,Z,medium,ExtraCol4_2,ExtraCol7_5,ExtraCol10_4,ExtraCol13_1,452,144,165,441
774,B,medium,51,C,low,82,A,low,NA,Y,high,253,X,medium,258,Z,medium,ExtraCol4_2,ExtraCol7_5,NA,ExtraCol13_3,137,152,140,142
775,A,low,51,D,high,29,C,high,96,Y,low,425,NA,low,411,X,low,ExtraCol4_2,ExtraCol7_2,ExtraCol10_5,ExtraCol13_5,157,448,162,441
776,A,high,44,D,low,NA,D,NA,NA,Z,high,386,Y,high,196,Z,low,ExtraCol4_2,NA,NA,ExtraCol13_4,452,448,140,441
777,B,unknown,75,D,high,29,C,low,91,Z,low,150,Y,low,NA,X,low,ExtraCol4_4,ExtraCol7_2,ExtraCol10_5,ExtraCol13_2,145,448,162,142
778,A,medium,33,A,NA,NA,NA,high,NA,X,low,272,Z,medium,143,X,medium,ExtraCol4_2,NA,NA,ExtraCol13_3,137,144,0,441
779,A,low,15,B,low,NA,NA,unknown,0,Y,medium,309,X,medium,40,Z,high,ExtraCol4_1,NA,ExtraCol10_1,ExtraCol13_3,157,147,140,441
780,B,high,84,D,high,88,A,high,NA,X,high,469,X,NA,324,Z,low,ExtraCol4_4,ExtraCol7_5,NA,ExtraCol13_5,452,448,162,142
781,B,high,77,D,medium,68,D,high,63,X,medium,414,Z,medium,444,Z,high,ExtraCol4_4,ExtraCol7_4,ExtraCol10_4,ExtraCol13_5,452,448,165,142
782,D,high,51,C,medium,68,A,low,NA,Z,low,409,Y,low,441,Y,high,ExtraCol4_2,ExtraCol7_4,NA,ExtraCol13_4,452,152,165,155
783,D,medium,51,D,high,95,C,high,17,Z,medium,376,Z,low,479,Y,low,ExtraCol4_2,ExtraCol7_5,ExtraCol10_1,ExtraCol13_4,137,448,162,155
784,D,medium,77,C,NA,68,D,high,91,Z,low,179,X,high,53,X,NA,ExtraCol4_4,ExtraCol7_4,ExtraCol10_5,ExtraCol13_2,137,152,0,155
785,A,low,74,A,unknown,14,D,low,NA,Y,NA,188,Y,low,21,Z,high,ExtraCol4_4,ExtraCol7_1,NA,ExtraCol13_2,157,144,159,441
786,A,medium,51,D,medium,NA,B,medium,41,Y,low,232,Y,medium,284,Z,medium,ExtraCol4_2,NA,ExtraCol10_3,ExtraCol13_3,137,448,165,441
787,B,unknown,51,A,medium,35,D,NA,29,Z,medium,213,Z,low,475,Y,NA,ExtraCol4_2,ExtraCol7_2,ExtraCol10_2,ExtraCol13_2,145,144,165,142
788,B,medium,59,B,unknown,63,NA,unknown,NA,X,low,478,X,medium,498,Z,high,ExtraCol4_3,ExtraCol7_4,NA,ExtraCol13_5,137,147,159,142
789,A,high,51,A,low,63,A,low,NA,NA,high,437,X,medium,139,Y,medium,ExtraCol4_2,ExtraCol7_4,NA,ExtraCol13_5,452,144,140,441
790,D,low,77,C,NA,29,NA,high,11,NA,low,447,Y,medium,187,Z,medium,ExtraCol4_4,ExtraCol7_2,ExtraCol10_1,ExtraCol13_5,157,152,0,155
791,A,low,46,A,unknown,NA,D,high,NA,Y,low,303,Y,high,332,Y,high,ExtraCol4_2,NA,NA,ExtraCol13_3,157,144,159,441
792,B,high,90,D,medium,8,D,high,98,Y,high,95,Z,low,456,X,low,ExtraCol4_4,ExtraCol7_1,ExtraCol10_5,ExtraCol13_1,452,448,165,142
793,C,low,51,D,low,29,D,high,23,X,high,71,Z,medium,87,Y,medium,ExtraCol4_2,ExtraCol7_2,ExtraCol10_2,ExtraCol13_1,157,448,140,153
794,C,medium,51,D,medium,82,B,unknown,77,Y,NA,137,X,low,487,Y,low,ExtraCol4_2,ExtraCol7_5,ExtraCol10_5,ExtraCol13_2,137,448,165,153
795,B,medium,91,D,unknown,65,B,NA,2,Z,low,325,X,medium,408,X,medium,ExtraCol4_4,ExtraCol7_4,ExtraCol10_1,ExtraCol13_4,137,448,159,142
796,C,low,47,D,unknown,94,NA,high,89,X,low,182,Y,low,34,Z,high,ExtraCol4_2,ExtraCol7_5,ExtraCol10_5,ExtraCol13_2,157,448,159,153
797,A,high,51,B,unknown,NA,A,high,65,Y,high,327,Z,low,420,X,medium,ExtraCol4_2,NA,ExtraCol10_4,ExtraCol13_4,452,147,159,441
798,A,unknown,51,C,NA,85,NA,high,22,X,high,439,Y,high,320,Z,high,ExtraCol4_2,ExtraCol7_5,ExtraCol10_2,ExtraCol13_5,145,152,0,441
799,A,low,87,D,NA,17,C,unknown,88,X,high,167,Z,NA,489,Z,low,ExtraCol4_4,ExtraCol7_1,ExtraCol10_5,ExtraCol13_2,157,448,0,441
800,C,unknown,75,A,medium,NA,C,low,NA,Y,high,463,X,low,104,Y,NA,ExtraCol4_4,NA,NA,ExtraCol13_5,145,144,165,153
801,A,high,16,A,NA,5,B,unknown,99,Y,low,255,Z,low,496,NA,high,ExtraCol4_1,ExtraCol7_1,ExtraCol10_5,ExtraCol13_3,452,144,0,441
802,A,high,49,A,unknown,9,D,high,59,Y,high,401,X,low,23,Y,low,ExtraCol4_2,ExtraCol7_1,ExtraCol10_3,ExtraCol13_4,452,144,159,441
803,A,low,37,D,NA,23,C,unknown,44,X,medium,NA,Z,low,NA,Z,low,ExtraCol4_2,ExtraCol7_2,ExtraCol10_3,NA,157,448,0,441
804,C,unknown,64,D,unknown,28,A,medium,5,Y,high,137,Z,high,223,X,high,ExtraCol4_3,ExtraCol7_2,ExtraCol10_1,ExtraCol13_2,145,448,159,153
805,C,low,51,D,NA,1,NA,NA,26,X,medium,465,X,medium,328,NA,NA,ExtraCol4_2,ExtraCol7_1,ExtraCol10_2,ExtraCol13_5,157,448,0,153
806,A,high,71,D,NA,NA,D,NA,5,Y,high,443,X,medium,83,Y,low,ExtraCol4_4,NA,ExtraCol10_1,ExtraCol13_5,452,448,0,441
807,D,high,74,D,unknown,52,A,NA,85,Z,NA,285,Y,medium,136,X,high,ExtraCol4_4,ExtraCol7_3,ExtraCol10_5,ExtraCol13_3,452,448,159,155
808,D,medium,51,D,low,65,C,unknown,NA,Y,high,16,Z,medium,194,Z,low,ExtraCol4_2,ExtraCol7_4,NA,ExtraCol13_1,137,448,140,155
809,A,low,15,D,NA,65,A,NA,11,Z,medium,29,X,medium,NA,Y,medium,ExtraCol4_1,ExtraCol7_4,ExtraCol10_1,ExtraCol13_1,157,448,0,441
810,D,high,62,D,NA,96,NA,low,NA,Y,low,211,X,medium,87,X,low,ExtraCol4_3,ExtraCol7_5,NA,ExtraCol13_2,452,448,0,155
811,A,low,51,D,NA,NA,NA,high,97,Z,medium,449,Z,high,74,X,medium,ExtraCol4_2,NA,ExtraCol10_5,ExtraCol13_5,157,448,0,441
812,A,high,94,D,low,34,B,high,97,Z,medium,188,Z,low,477,X,low,ExtraCol4_4,ExtraCol7_2,ExtraCol10_5,ExtraCol13_2,452,448,140,441
813,A,unknown,77,B,NA,NA,NA,high,71,Z,low,442,X,medium,468,Y,low,ExtraCol4_4,NA,ExtraCol10_4,ExtraCol13_5,145,147,0,441
814,B,medium,95,D,unknown,55,A,low,7,Y,high,267,Z,low,314,Y,high,ExtraCol4_4,ExtraCol7_3,ExtraCol10_1,ExtraCol13_3,137,448,159,142
815,A,high,53,B,medium,52,C,NA,50,X,low,67,Z,medium,341,Y,low,ExtraCol4_3,ExtraCol7_3,ExtraCol10_3,ExtraCol13_1,452,147,165,441
816,B,low,93,D,medium,79,D,medium,94,Y,medium,280,NA,high,68,Y,low,ExtraCol4_4,ExtraCol7_4,ExtraCol10_5,ExtraCol13_3,157,448,165,142
817,C,high,1,D,medium,56,B,high,9,Z,NA,182,X,high,25,Y,low,ExtraCol4_1,ExtraCol7_3,ExtraCol10_1,ExtraCol13_2,452,448,165,153
818,A,low,28,D,NA,23,D,unknown,79,Y,high,112,Z,medium,188,Y,high,ExtraCol4_1,ExtraCol7_2,ExtraCol10_5,ExtraCol13_2,157,448,0,441
819,C,low,0,B,high,NA,B,high,1,Z,medium,337,X,NA,492,X,medium,ExtraCol4_1,NA,ExtraCol10_1,ExtraCol13_4,157,147,162,153
820,B,high,67,D,high,96,A,NA,NA,Z,high,102,X,high,238,X,low,ExtraCol4_3,ExtraCol7_5,NA,ExtraCol13_1,452,448,162,142
821,C,high,51,A,NA,NA,C,unknown,NA,Z,high,452,X,medium,403,Z,medium,ExtraCol4_2,NA,NA,ExtraCol13_5,452,144,0,153
822,D,high,28,D,medium,59,D,NA,NA,NA,low,401,Y,high,184,Z,medium,ExtraCol4_1,ExtraCol7_3,NA,ExtraCol13_4,452,448,165,155
823,A,high,30,C,unknown,17,B,unknown,41,X,high,391,NA,NA,154,X,medium,ExtraCol4_1,ExtraCol7_1,ExtraCol10_3,ExtraCol13_4,452,152,159,441
824,A,high,51,D,unknown,0,D,NA,NA,Y,medium,38,NA,low,406,X,low,ExtraCol4_2,ExtraCol7_1,NA,ExtraCol13_1,452,448,159,441
825,B,high,18,B,high,NA,C,unknown,84,Y,NA,480,X,high,235,Y,high,ExtraCol4_1,NA,ExtraCol10_5,ExtraCol13_5,452,147,162,142
826,A,high,51,A,NA,2,NA,NA,32,Z,low,246,X,NA,365,Y,high,ExtraCol4_2,ExtraCol7_1,ExtraCol10_2,ExtraCol13_3,452,144,0,441
827,B,unknown,61,D,medium,45,NA,NA,64,NA,medium,366,X,high,363,Y,high,ExtraCol4_3,ExtraCol7_3,ExtraCol10_4,ExtraCol13_4,145,448,165,142
828,A,high,23,D,high,88,B,NA,46,X,high,95,Z,low,363,Y,high,ExtraCol4_1,ExtraCol7_5,ExtraCol10_3,ExtraCol13_1,452,448,162,441
829,C,high,22,C,medium,NA,A,low,43,X,high,384,X,medium,NA,X,low,ExtraCol4_1,NA,ExtraCol10_3,ExtraCol13_4,452,152,165,153
830,B,medium,51,D,NA,NA,NA,NA,79,Y,high,NA,X,NA,404,Y,medium,ExtraCol4_2,NA,ExtraCol10_5,NA,137,448,0,142
831,A,high,51,D,NA,85,NA,low,22,X,high,353,X,low,231,Z,high,ExtraCol4_2,ExtraCol7_5,ExtraCol10_2,ExtraCol13_4,452,448,0,441
832,A,high,25,D,low,NA,C,medium,NA,Y,medium,138,X,high,151,Y,NA,ExtraCol4_1,NA,NA,ExtraCol13_2,452,448,140,441
833,A,unknown,37,D,NA,65,C,unknown,48,X,high,466,Z,low,256,Z,high,ExtraCol4_2,ExtraCol7_4,ExtraCol10_3,ExtraCol13_5,145,448,0,441
834,D,unknown,54,C,NA,78,A,NA,NA,Z,low,354,X,low,162,Z,medium,ExtraCol4_3,ExtraCol7_4,NA,ExtraCol13_4,145,152,0,155
835,A,medium,18,B,low,NA,NA,low,NA,Y,high,226,Y,low,21,Z,high,ExtraCol4_1,NA,NA,ExtraCol13_3,137,147,140,441
836,A,high,56,D,unknown,42,B,medium,34,Z,low,228,Y,high,180,Y,low,ExtraCol4_3,ExtraCol7_3,ExtraCol10_2,ExtraCol13_3,452,448,159,441
837,B,low,13,D,NA,39,C,NA,66,Y,medium,0,X,low,250,Y,high,ExtraCol4_1,ExtraCol7_2,ExtraCol10_4,ExtraCol13_1,157,448,0,142
838,D,unknown,14,B,unknown,NA,B,NA,47,X,high,149,Y,medium,260,NA,high,ExtraCol4_1,NA,ExtraCol10_3,ExtraCol13_2,145,147,159,155
839,C,low,23,C,medium,40,D,NA,NA,X,NA,394,X,low,170,X,low,ExtraCol4_1,ExtraCol7_2,NA,ExtraCol13_4,157,152,165,153
840,A,high,28,D,unknown,NA,A,high,52,Z,high,415,Y,medium,362,Y,high,ExtraCol4_1,NA,ExtraCol10_3,ExtraCol13_5,452,448,159,441
841,A,medium,2,D,NA,18,A,NA,NA,Y,high,499,X,medium,142,X,low,ExtraCol4_1,ExtraCol7_1,NA,ExtraCol13_5,137,448,0,441
842,B,unknown,96,B,NA,17,B,low,NA,Z,medium,42,Y,low,323,Y,high,ExtraCol4_4,ExtraCol7_1,NA,ExtraCol13_1,145,147,0,142
843,D,high,51,D,low,71,A,unknown,44,Z,low,125,Y,low,134,X,high,ExtraCol4_2,ExtraCol7_4,ExtraCol10_3,ExtraCol13_2,452,448,140,155
844,A,medium,51,D,NA,76,A,NA,43,Y,high,383,Y,medium,493,Y,low,ExtraCol4_2,ExtraCol7_4,ExtraCol10_3,ExtraCol13_4,137,448,0,441
845,D,high,51,D,medium,67,C,medium,27,Y,medium,180,X,NA,324,Z,medium,ExtraCol4_2,ExtraCol7_4,ExtraCol10_2,ExtraCol13_2,452,448,165,155
846,C,low,80,B,NA,NA,D,NA,NA,X,high,124,Z,medium,278,Y,medium,ExtraCol4_4,NA,NA,ExtraCol13_2,157,147,0,153
847,A,high,83,D,low,0,C,NA,NA,X,medium,140,X,medium,214,Z,NA,ExtraCol4_4,ExtraCol7_1,NA,ExtraCol13_2,452,448,140,441
848,A,low,10,C,unknown,NA,NA,medium,NA,X,high,459,X,low,377,Y,low,ExtraCol4_1,NA,NA,ExtraCol13_5,157,152,159,441
849,A,high,37,D,high,46,NA,NA,69,X,medium,428,X,low,212,Z,high,ExtraCol4_2,ExtraCol7_3,ExtraCol10_4,ExtraCol13_5,452,448,162,441
850,D,medium,51,D,unknown,NA,B,NA,41,Y,low,2,Z,medium,401,X,low,ExtraCol4_2,NA,ExtraCol10_3,ExtraCol13_1,137,448,159,155
851,A,high,57,D,high,92,A,unknown,70,Z,low,420,X,high,79,Z,low,ExtraCol4_3,ExtraCol7_5,ExtraCol10_4,ExtraCol13_5,452,448,162,441
852,B,medium,0,D,low,86,D,medium,71,Y,high,278,Y,low,410,Z,high,ExtraCol4_1,ExtraCol7_5,ExtraCol10_4,ExtraCol13_3,137,448,140,142
853,A,high,51,D,medium,77,NA,low,52,Y,high,422,Z,medium,480,Z,medium,ExtraCol4_2,ExtraCol7_4,ExtraCol10_3,ExtraCol13_5,452,448,165,441
854,A,low,51,D,medium,2,B,NA,NA,Z,low,311,X,high,121,X,high,ExtraCol4_2,ExtraCol7_1,NA,ExtraCol13_3,157,448,165,441
855,A,high,51,D,low,NA,NA,unknown,NA,Z,high,344,X,medium,111,Z,NA,ExtraCol4_2,NA,NA,ExtraCol13_4,452,448,140,441
856,A,high,38,D,unknown,43,C,high,15,NA,NA,288,NA,low,477,Z,high,ExtraCol4_2,ExtraCol7_3,ExtraCol10_1,ExtraCol13_3,452,448,159,441
857,A,high,51,B,unknown,NA,A,NA,NA,X,medium,367,Z,high,203,X,NA,ExtraCol4_2,NA,NA,ExtraCol13_4,452,147,159,441
858,A,high,30,A,NA,NA,A,unknown,95,Y,high,407,Z,medium,347,Y,low,ExtraCol4_1,NA,ExtraCol10_5,ExtraCol13_4,452,144,0,441
859,A,high,29,B,high,29,C,NA,40,X,low,254,Y,medium,95,Y,high,ExtraCol4_1,ExtraCol7_2,ExtraCol10_3,ExtraCol13_3,452,147,162,441
860,A,unknown,34,A,high,11,NA,high,31,X,medium,56,Z,high,213,NA,high,ExtraCol4_2,ExtraCol7_1,ExtraCol10_2,ExtraCol13_1,145,144,162,441
861,D,high,30,C,high,32,C,medium,79,Y,NA,46,Z,NA,351,Y,high,ExtraCol4_1,ExtraCol7_2,ExtraCol10_5,ExtraCol13_1,452,152,162,155
862,A,high,51,C,low,79,B,high,60,Y,medium,207,X,high,447,Y,high,ExtraCol4_2,ExtraCol7_4,ExtraCol10_4,ExtraCol13_2,452,152,140,441
863,A,medium,4,C,high,NA,A,unknown,NA,NA,low,236,X,medium,218,X,low,ExtraCol4_1,NA,NA,ExtraCol13_3,137,152,162,441
864,A,high,27,C,unknown,NA,NA,low,9,X,NA,431,X,high,37,Y,high,ExtraCol4_1,NA,ExtraCol10_1,ExtraCol13_5,452,152,159,441
865,A,high,31,B,NA,59,B,NA,80,Z,medium,16,Z,high,206,Y,low,ExtraCol4_2,ExtraCol7_3,ExtraCol10_5,ExtraCol13_1,452,147,0,441
866,C,high,51,C,high,9,NA,unknown,NA,Y,low,444,NA,high,321,Z,high,ExtraCol4_2,ExtraCol7_1,NA,ExtraCol13_5,452,152,162,153
867,D,high,87,D,NA,NA,NA,NA,NA,Y,medium,27,Z,low,437,X,medium,ExtraCol4_4,NA,NA,ExtraCol13_1,452,448,0,155
868,C,high,67,A,high,15,NA,NA,NA,NA,medium,249,Y,low,416,Z,low,ExtraCol4_3,ExtraCol7_1,NA,ExtraCol13_3,452,144,162,153
869,C,high,51,B,NA,26,NA,NA,NA,X,high,211,Z,high,379,NA,NA,ExtraCol4_2,ExtraCol7_2,NA,ExtraCol13_2,452,147,0,153
870,A,high,51,D,medium,97,NA,medium,NA,Y,medium,278,NA,medium,82,Z,high,ExtraCol4_2,ExtraCol7_5,NA,ExtraCol13_3,452,448,165,441
871,D,medium,51,D,NA,50,A,low,NA,X,medium,21,Z,high,NA,X,medium,ExtraCol4_2,ExtraCol7_3,NA,ExtraCol13_1,137,448,0,155
872,A,low,90,D,unknown,19,NA,low,63,X,medium,381,Z,high,288,Y,high,ExtraCol4_4,ExtraCol7_1,ExtraCol10_4,ExtraCol13_4,157,448,159,441
873,C,low,45,D,low,50,A,low,84,Z,medium,67,X,medium,234,Y,low,ExtraCol4_2,ExtraCol7_3,ExtraCol10_5,ExtraCol13_1,157,448,140,153
874,B,high,68,B,medium,7,B,NA,61,Z,low,389,Z,NA,461,Z,low,ExtraCol4_3,ExtraCol7_1,ExtraCol10_4,ExtraCol13_4,452,147,165,142
875,D,medium,38,A,NA,31,A,unknown,77,Y,high,283,Z,low,479,Z,low,ExtraCol4_2,ExtraCol7_2,ExtraCol10_5,ExtraCol13_3,137,144,0,155
876,B,high,49,D,NA,NA,D,NA,34,X,medium,444,X,high,105,Y,low,ExtraCol4_2,NA,ExtraCol10_2,ExtraCol13_5,452,448,0,142
877,A,high,48,D,medium,NA,A,unknown,28,X,medium,489,Z,low,478,X,medium,ExtraCol4_2,NA,ExtraCol10_2,ExtraCol13_5,452,448,165,441
878,A,high,51,A,high,89,NA,NA,26,Y,low,421,Y,low,423,Z,medium,ExtraCol4_2,ExtraCol7_5,ExtraCol10_2,ExtraCol13_5,452,144,162,441
879,C,medium,51,A,low,NA,A,medium,11,NA,high,226,X,low,352,Y,low,ExtraCol4_2,NA,ExtraCol10_1,ExtraCol13_3,137,144,140,153
880,D,high,73,C,medium,65,A,medium,27,Y,medium,207,Z,high,190,X,medium,ExtraCol4_4,ExtraCol7_4,ExtraCol10_2,ExtraCol13_2,452,152,165,155
881,C,high,2,D,unknown,70,C,high,24,Y,low,NA,NA,medium,380,Z,low,ExtraCol4_1,ExtraCol7_4,ExtraCol10_2,NA,452,448,159,153
882,A,high,13,D,high,55,D,NA,75,X,low,324,Y,high,293,NA,medium,ExtraCol4_1,ExtraCol7_3,ExtraCol10_4,ExtraCol13_4,452,448,162,441
883,B,low,84,D,unknown,3,A,NA,NA,X,medium,395,Z,medium,449,Y,high,ExtraCol4_4,ExtraCol7_1,NA,ExtraCol13_4,157,448,159,142
884,C,medium,56,D,low,91,A,unknown,NA,X,high,241,X,medium,355,NA,medium,ExtraCol4_3,ExtraCol7_5,NA,ExtraCol13_3,137,448,140,153
885,B,high,51,D,medium,NA,B,medium,73,Y,low,231,X,low,482,Y,NA,ExtraCol4_2,NA,ExtraCol10_4,ExtraCol13_3,452,448,165,142
886,A,high,60,D,unknown,65,D,NA,NA,X,low,58,NA,medium,209,X,low,ExtraCol4_3,ExtraCol7_4,NA,ExtraCol13_1,452,448,159,441
887,B,high,51,D,NA,55,A,low,NA,X,medium,84,Z,medium,41,Z,high,ExtraCol4_2,ExtraCol7_3,NA,ExtraCol13_1,452,448,0,142
888,A,low,89,B,NA,65,A,unknown,NA,Y,medium,NA,Y,high,245,Z,low,ExtraCol4_4,ExtraCol7_4,NA,NA,157,147,0,441
889,A,high,66,D,medium,35,B,high,21,Y,high,494,Y,high,498,Z,high,ExtraCol4_3,ExtraCol7_2,ExtraCol10_2,ExtraCol13_5,452,448,165,441
890,B,high,51,D,unknown,84,B,unknown,78,Z,high,300,Z,high,327,NA,NA,ExtraCol4_2,ExtraCol7_5,ExtraCol10_5,ExtraCol13_3,452,448,159,142
891,D,unknown,51,A,medium,22,A,high,3,Y,medium,172,Z,high,351,Y,medium,ExtraCol4_2,ExtraCol7_2,ExtraCol10_1,ExtraCol13_2,145,144,165,155
