id,Fare,Cabin,Embarked,ExtraCol1,ExtraCol2,ExtraCol3,ExtraCol4,ExtraCol5,ExtraCol6,ExtraCol7,ExtraCol8,ExtraCol9,ExtraCol10,ExtraCol11,ExtraCol12,ExtraCol13,ExtraCol14,ExtraCol15,ExtraCol16,ExtraCol17,ExtraCol18,ExtraCol19,ExtraCol20,ExtraCol21,ExtraCol22,ExtraCol23,ExtraCol24,ExtraCol25,ExtraCol26,ExtraCol1_ef_bin,ExtraCol1_ef_bin_num,ExtraCol4_ef_bin,ExtraCol4_ef_bin_num,ExtraCol7_ef_bin,ExtraCol7_ef_bin_num,ExtraCol10_ef_bin,ExtraCol10_ef_bin_num,ExtraCol13_ef_bin,ExtraCol13_ef_bin_num,ExtraCol5_freq,ExtraCol6_freq,ExtraCol7_freq,ExtraCol8_freq,ExtraCol9_freq,ExtraCol10_freq
1,7.25,B96 B98,S,8,A,high,27,NA,high,57,C,low,90,Z,high,303,X,high,475,Y,medium,286,Z,medium,193,Z,low,78,Y,ExtraCol1_1,1,ExtraCol4_1,1,ExtraCol7_3,3,ExtraCol10_5,5,ExtraCol13_3,3,0,162,10,166,149,4
2,71.2833,C85,C,77,A,high,51,NA,low,62,D,NA,97,X,high,388,Z,high,412,NA,NA,451,Y,high,451,Z,low,110,Y,ExtraCol1_5,5,ExtraCol4_2,2,ExtraCol7_4,4,ExtraCol10_5,5,ExtraCol13_4,4,0,140,8,147,0,5
3,7.925,B96 B98,S,43,A,medium,26,D,unknown,65,D,high,51,Z,low,262,X,high,49,X,low,337,Z,high,293,Y,high,43,X,ExtraCol1_2,2,ExtraCol4_1,1,ExtraCol7_4,4,ExtraCol10_3,3,ExtraCol13_3,3,163,159,9,147,142,9
4,53.1,C123,S,43,D,high,51,C,high,19,NA,NA,59,Y,low,72,Z,medium,343,Y,medium,2,Y,medium,382,Y,medium,229,Z,ExtraCol1_2,2,ExtraCol4_2,2,ExtraCol7_1,1,ExtraCol10_3,3,ExtraCol13_1,1,152,162,8,0,0,5
5,8.05,B96 B98,S,43,D,low,17,A,NA,57,C,low,19,X,medium,NA,Y,high,332,NA,low,244,Z,high,174,X,medium,322,Y,ExtraCol1_2,2,ExtraCol4_1,1,ExtraCol7_3,3,ExtraCol10_2,2,NA,NA,144,0,10,166,149,5
6,8.4583,B96 B98,Q,85,C,high,18,C,medium,26,C,NA,41,X,low,NA,Z,high,442,Z,low,422,X,NA,465,Z,low,337,X,ExtraCol1_5,5,ExtraCol4_1,1,ExtraCol7_2,2,ExtraCol10_3,3,NA,NA,152,165,7,166,0,12
7,51.8625,E46,S,8,B,high,92,D,medium,27,NA,NA,62,X,high,58,X,low,482,X,high,436,Y,medium,357,Y,medium,454,Z,ExtraCol1_1,1,ExtraCol4_4,4,ExtraCol7_2,2,ExtraCol10_4,4,ExtraCol13_1,1,163,165,3,0,0,9
8,21.075,B96 B98,S,43,A,medium,55,A,low,94,D,low,42,NA,low,63,Y,high,372,X,medium,NA,Z,high,257,X,medium,146,X,ExtraCol1_2,2,ExtraCol4_3,3,ExtraCol7_5,5,ExtraCol10_3,3,ExtraCol13_1,1,144,140,11,147,149,8
9,11.1333,B96 B98,S,43,A,high,4,B,NA,NA,A,NA,NA,NA,medium,173,X,low,NA,Z,high,238,X,NA,289,Z,medium,327,Y,ExtraCol1_2,2,ExtraCol4_1,1,NA,NA,NA,NA,ExtraCol13_2,2,147,0,0,178,0,0
10,30.0708,B96 B98,C,43,B,unknown,51,D,NA,NA,C,NA,13,Y,low,227,Z,high,176,Z,high,53,Y,low,311,Z,low,442,Y,ExtraCol1_2,2,ExtraCol4_2,2,NA,NA,ExtraCol10_1,1,ExtraCol13_3,3,163,0,0,166,0,5
11,16.7,G6,S,52,A,high,51,B,unknown,NA,B,NA,15,Y,high,NA,Y,low,449,X,high,106,Y,NA,80,X,high,14,X,ExtraCol1_4,4,ExtraCol4_2,2,NA,NA,ExtraCol10_1,1,NA,NA,147,159,0,137,0,9
12,26.55,C103,S,97,C,high,51,D,NA,24,A,high,33,X,low,79,X,high,471,NA,low,423,Z,low,125,Y,medium,390,Z,ExtraCol1_5,5,ExtraCol4_2,2,ExtraCol7_2,2,ExtraCol10_2,2,ExtraCol13_1,1,163,0,3,178,142,6
13,8.05,B96 B98,S,73,B,low,54,C,high,78,NA,NA,NA,Z,medium,466,Z,high,495,X,high,170,Z,low,343,Z,low,44,X,ExtraCol1_4,4,ExtraCol4_3,3,ExtraCol7_4,4,NA,NA,ExtraCol13_5,5,152,162,5,0,0,0
14,31.275,B96 B98,S,76,A,high,64,C,medium,NA,A,NA,81,Y,high,75,Z,high,477,Y,high,381,X,low,220,Z,low,275,Z,ExtraCol1_5,5,ExtraCol4_3,3,NA,NA,ExtraCol10_5,5,ExtraCol13_1,1,152,165,0,178,0,5
15,7.8542,B96 B98,S,71,C,high,51,C,medium,71,NA,NA,86,Z,medium,100,Z,high,320,Y,medium,18,X,low,391,X,low,415,Z,ExtraCol1_4,4,ExtraCol4_2,2,ExtraCol7_4,4,ExtraCol10_5,5,ExtraCol13_1,1,152,165,5,0,0,7
16,16,B96 B98,S,43,A,unknown,81,C,NA,NA,NA,unknown,NA,X,low,483,Z,medium,478,Y,low,245,Z,medium,262,X,low,229,X,ExtraCol1_2,2,ExtraCol4_4,4,NA,NA,NA,NA,ExtraCol13_5,5,152,0,0,0,169,0
17,29.125,B96 B98,Q,51,D,high,51,NA,medium,NA,NA,NA,NA,Z,low,188,X,high,391,X,low,475,X,medium,32,Z,high,279,Y,ExtraCol1_4,4,ExtraCol4_2,2,NA,NA,NA,NA,ExtraCol13_2,2,0,165,0,0,0,0
18,13,B96 B98,S,12,C,unknown,96,D,unknown,72,A,NA,NA,Z,medium,286,Y,low,120,X,medium,NA,Y,medium,332,Z,high,309,X,ExtraCol1_1,1,ExtraCol4_4,4,ExtraCol7_4,4,NA,NA,ExtraCol13_3,3,163,159,7,178,0,0
19,18,B96 B98,S,83,C,high,51,B,low,33,D,unknown,53,Y,low,217,Z,NA,15,Y,low,15,Z,medium,304,Z,high,288,Y,ExtraCol1_5,5,ExtraCol4_2,2,ExtraCol7_2,2,ExtraCol10_3,3,ExtraCol13_2,2,147,140,6,147,169,6
20,7.225,B96 B98,C,45,D,low,32,NA,low,96,A,medium,70,Z,medium,129,Y,low,490,Y,low,144,Z,low,182,Y,low,365,Y,ExtraCol1_4,4,ExtraCol4_2,2,ExtraCol7_5,5,ExtraCol10_4,4,ExtraCol13_2,2,0,140,7,178,140,13
21,26,B96 B98,S,50,A,low,72,C,unknown,86,B,NA,72,Y,medium,253,Y,low,213,X,medium,31,Z,medium,395,Z,medium,429,Y,ExtraCol1_4,4,ExtraCol4_4,4,ExtraCol7_5,5,ExtraCol10_4,4,ExtraCol13_3,3,152,159,7,137,0,8
22,13,D56,S,37,D,high,89,C,unknown,59,B,NA,96,Z,medium,388,Z,NA,436,Y,medium,306,X,high,175,Y,low,67,Z,ExtraCol1_2,2,ExtraCol4_4,4,ExtraCol7_3,3,ExtraCol10_5,5,ExtraCol13_4,4,152,159,9,137,0,6
23,8.0292,B96 B98,Q,43,B,high,51,B,unknown,NA,C,NA,57,Z,high,5,Y,medium,144,Y,high,95,X,low,57,Z,low,NA,Y,ExtraCol1_2,2,ExtraCol4_2,2,NA,NA,ExtraCol10_3,3,ExtraCol13_1,1,147,159,0,166,0,4
24,35.5,A6,S,92,A,medium,98,B,medium,59,B,high,34,X,high,437,X,low,180,Y,high,123,X,low,60,X,medium,426,Z,ExtraCol1_5,5,ExtraCol4_4,4,ExtraCol7_3,3,ExtraCol10_2,2,ExtraCol13_5,5,147,165,9,137,142,4
25,21.075,B96 B98,S,78,A,high,19,C,medium,69,NA,NA,NA,Z,low,92,X,NA,412,Z,low,293,Z,medium,450,X,medium,190,NA,ExtraCol1_5,5,ExtraCol4_1,1,ExtraCol7_4,4,NA,NA,ExtraCol13_1,1,152,165,6,0,0,0
26,31.3875,B96 B98,S,64,A,high,41,NA,low,NA,D,low,NA,Z,high,458,Z,high,262,Z,low,162,X,NA,188,X,high,244,Y,ExtraCol1_4,4,ExtraCol4_2,2,NA,NA,NA,NA,ExtraCol13_5,5,0,140,0,147,149,0
27,7.225,B96 B98,C,43,A,medium,31,B,medium,14,D,low,80,X,high,481,X,medium,338,X,low,325,Y,medium,207,X,low,371,X,ExtraCol1_2,2,ExtraCol4_2,2,ExtraCol7_1,1,ExtraCol10_5,5,ExtraCol13_5,5,147,165,7,147,149,4
28,263,C23 C25 C27,S,43,A,low,42,D,high,56,A,high,NA,Z,low,466,Y,low,160,Z,low,465,NA,high,152,X,high,467,X,ExtraCol1_2,2,ExtraCol4_2,2,ExtraCol7_3,3,NA,NA,ExtraCol13_5,5,163,162,8,178,142,0
29,7.8792,B96 B98,Q,43,A,high,51,B,medium,80,D,NA,NA,Y,medium,325,Y,high,307,X,medium,465,Y,low,368,NA,low,125,Y,ExtraCol1_2,2,ExtraCol4_2,2,ExtraCol7_4,4,NA,NA,ExtraCol13_4,4,147,165,6,147,0,0
30,7.8958,B96 B98,S,44,A,high,73,C,medium,31,A,unknown,31,Z,NA,452,NA,high,243,Y,high,364,Z,low,302,X,NA,477,Y,ExtraCol1_3,3,ExtraCol4_4,4,ExtraCol7_2,2,ExtraCol10_2,2,ExtraCol13_5,5,152,165,8,178,169,5
31,27.7208,B96 B98,C,45,D,high,51,A,NA,45,NA,unknown,5,NA,medium,429,X,low,465,Z,high,484,Y,medium,449,Y,low,354,Y,ExtraCol1_4,4,ExtraCol4_2,2,ExtraCol7_3,3,ExtraCol10_1,1,ExtraCol13_5,5,144,0,8,0,169,12
32,146.5208,B78,C,22,A,high,25,NA,NA,NA,D,high,NA,NA,medium,319,X,low,246,Z,high,368,Y,low,447,Y,low,15,Z,ExtraCol1_1,1,ExtraCol4_1,1,NA,NA,NA,NA,ExtraCol13_3,3,0,0,0,147,142,0
33,7.75,B96 B98,Q,9,B,medium,51,D,high,70,A,NA,12,Y,high,445,Z,high,44,X,medium,33,Z,low,494,X,medium,430,NA,ExtraCol1_1,1,ExtraCol4_2,2,ExtraCol7_4,4,ExtraCol10_1,1,ExtraCol13_5,5,163,162,7,178,0,4
34,10.5,B96 B98,S,55,C,high,51,NA,high,86,A,high,8,Y,medium,171,X,high,368,X,medium,477,Y,low,NA,Y,low,192,Y,ExtraCol1_4,4,ExtraCol4_2,2,ExtraCol7_5,5,ExtraCol10_1,1,ExtraCol13_2,2,0,162,7,178,142,7
35,82.1708,B96 B98,C,88,B,high,65,D,high,NA,NA,medium,70,Y,high,417,X,high,476,X,high,283,X,low,291,Z,low,141,Z,ExtraCol1_5,5,ExtraCol4_3,3,NA,NA,ExtraCol10_4,4,ExtraCol13_5,5,163,162,0,0,140,13
36,52,B96 B98,S,43,C,high,69,NA,unknown,NA,NA,high,43,X,medium,462,Z,NA,NA,X,low,2,Y,high,173,Y,medium,263,Y,ExtraCol1_2,2,ExtraCol4_3,3,NA,NA,ExtraCol10_3,3,ExtraCol13_5,5,0,159,0,0,142,6
37,7.2292,B96 B98,C,85,D,medium,66,B,low,4,D,low,NA,Z,medium,NA,X,low,50,X,NA,310,Z,high,352,X,low,288,X,ExtraCol1_5,5,ExtraCol4_3,3,ExtraCol7_1,1,NA,NA,NA,NA,147,140,5,147,149,0
38,8.05,B96 B98,S,82,A,high,60,D,medium,NA,C,unknown,NA,NA,low,61,Y,NA,499,NA,medium,122,Z,medium,374,Z,high,269,Y,ExtraCol1_5,5,ExtraCol4_3,3,NA,NA,NA,NA,ExtraCol13_1,1,163,165,0,166,169,0
39,18,B96 B98,S,43,A,high,51,B,high,94,C,unknown,NA,X,low,107,X,medium,173,X,medium,267,X,NA,125,Y,low,27,X,ExtraCol1_2,2,ExtraCol4_2,2,ExtraCol7_5,5,NA,NA,ExtraCol13_1,1,147,162,11,166,169,0
40,11.2417,B96 B98,C,63,D,unknown,51,NA,NA,8,D,medium,61,Y,medium,NA,Z,high,416,Y,medium,328,NA,high,429,Y,high,411,X,ExtraCol1_4,4,ExtraCol4_2,2,ExtraCol7_1,1,ExtraCol10_4,4,NA,NA,0,0,5,147,140,7
41,9.475,B96 B98,S,16,C,low,90,A,unknown,NA,NA,medium,53,X,low,266,X,high,315,Z,NA,13,Y,low,145,X,medium,170,Z,ExtraCol1_1,1,ExtraCol4_4,4,NA,NA,ExtraCol10_3,3,ExtraCol13_3,3,144,159,0,0,140,6
42,21,B96 B98,S,43,C,unknown,38,B,NA,83,NA,medium,58,Y,high,216,Y,low,NA,Y,low,219,Z,medium,491,X,high,70,Y,ExtraCol1_2,2,ExtraCol4_2,2,ExtraCol7_5,5,ExtraCol10_3,3,ExtraCol13_2,2,147,0,8,0,140,3
43,7.8958,B96 B98,C,70,B,medium,51,B,low,NA,D,NA,70,Y,low,413,Y,low,170,X,high,27,Y,high,425,X,low,282,Z,ExtraCol1_4,4,ExtraCol4_2,2,NA,NA,ExtraCol10_4,4,ExtraCol13_5,5,147,140,0,147,0,13
44,41.5792,B96 B98,C,35,A,high,18,NA,medium,17,NA,NA,38,X,low,141,Z,low,303,Y,high,NA,Y,medium,9,Z,low,311,Z,ExtraCol1_2,2,ExtraCol4_1,1,ExtraCol7_1,1,ExtraCol10_2,2,ExtraCol13_2,2,0,165,9,0,0,7
45,7.8792,B96 B98,Q,6,C,low,35,A,medium,2,A,medium,NA,Z,high,82,X,low,341,Y,high,105,Z,medium,199,X,low,51,X,ExtraCol1_1,1,ExtraCol4_2,2,ExtraCol7_1,1,NA,NA,ExtraCol13_1,1,144,165,8,178,140,0
46,8.05,B96 B98,S,97,C,low,51,D,unknown,NA,A,high,NA,Z,low,307,Y,NA,77,Z,high,390,Y,NA,194,Y,low,471,Z,ExtraCol1_5,5,ExtraCol4_2,2,NA,NA,NA,NA,ExtraCol13_3,3,163,159,0,178,142,0
47,15.5,B96 B98,Q,44,A,unknown,64,A,medium,59,B,NA,14,Z,low,69,NA,low,387,NA,medium,206,Z,medium,411,Z,medium,300,Z,ExtraCol1_3,3,ExtraCol4_3,3,ExtraCol7_3,3,ExtraCol10_1,1,ExtraCol13_1,1,144,165,9,137,0,11
48,7.75,B96 B98,Q,89,C,high,21,NA,NA,84,A,medium,21,Y,low,452,X,high,71,X,low,23,Y,medium,NA,Y,medium,498,X,ExtraCol1_5,5,ExtraCol4_1,1,ExtraCol7_5,5,ExtraCol10_2,2,ExtraCol13_5,5,0,0,7,178,140,4
49,21.6792,B96 B98,C,67,C,high,54,C,NA,88,NA,low,8,Y,high,40,X,medium,414,Z,low,373,Z,high,25,X,high,335,X,ExtraCol1_4,4,ExtraCol4_3,3,ExtraCol7_5,5,ExtraCol10_1,1,ExtraCol13_1,1,152,0,7,0,149,7
50,17.8,B96 B98,S,77,A,high,51,A,medium,45,NA,high,NA,Z,high,245,Z,low,63,NA,high,271,X,high,420,Z,high,5,Z,ExtraCol1_5,5,ExtraCol4_2,2,ExtraCol7_3,3,NA,NA,ExtraCol13_3,3,144,165,8,0,142,0
51,39.6875,B96 B98,S,75,B,unknown,12,NA,high,42,B,NA,43,Z,low,474,Y,NA,89,X,low,70,Z,medium,NA,X,high,104,Z,ExtraCol1_5,5,ExtraCol4_1,1,ExtraCol7_3,3,ExtraCol10_3,3,ExtraCol13_5,5,0,162,9,137,0,6
52,7.8,B96 B98,S,19,A,medium,6,D,high,93,B,unknown,NA,Z,medium,276,Y,medium,NA,Y,medium,281,Z,medium,184,Z,medium,486,X,ExtraCol1_1,1,ExtraCol4_1,1,ExtraCol7_5,5,NA,NA,ExtraCol13_3,3,163,162,13,137,169,0
53,76.7292,D33,C,36,A,unknown,51,D,NA,NA,NA,low,92,X,medium,404,NA,low,91,X,low,124,NA,low,85,Z,medium,279,Y,ExtraCol1_2,2,ExtraCol4_2,2,NA,NA,ExtraCol10_5,5,ExtraCol13_4,4,163,0,0,0,149,5
54,26,B96 B98,S,46,A,unknown,65,A,medium,20,NA,NA,NA,Z,high,211,NA,low,38,Y,low,317,X,low,78,Y,high,61,Z,ExtraCol1_4,4,ExtraCol4_3,3,ExtraCol7_1,1,NA,NA,ExtraCol13_2,2,144,165,8,0,0,0
55,61.9792,B30,C,49,A,unknown,31,C,low,NA,NA,medium,55,Y,medium,377,Z,medium,26,X,low,473,Z,high,263,X,NA,37,Z,ExtraCol1_4,4,ExtraCol4_2,2,NA,NA,ExtraCol10_3,3,ExtraCol13_4,4,152,140,0,0,140,6
56,35.5,C52,S,4,C,high,82,NA,low,71,B,high,NA,Z,medium,353,Z,low,143,X,low,NA,X,low,42,Y,medium,268,NA,ExtraCol1_1,1,ExtraCol4_4,4,ExtraCol7_4,4,NA,NA,ExtraCol13_4,4,0,140,5,137,142,0
57,10.5,B96 B98,S,54,B,high,84,NA,NA,23,D,low,NA,Z,medium,256,Y,medium,245,Y,low,372,Y,high,40,X,high,297,Y,ExtraCol1_4,4,ExtraCol4_4,4,ExtraCol7_2,2,NA,NA,ExtraCol13_3,3,0,0,10,147,149,0
58,7.2292,B96 B98,C,15,D,high,53,C,high,97,A,low,76,X,low,50,X,medium,22,X,medium,11,X,low,392,Z,low,123,X,ExtraCol1_1,1,ExtraCol4_3,3,ExtraCol7_5,5,ExtraCol10_4,4,ExtraCol13_1,1,152,162,11,178,149,10
59,27.75,B96 B98,S,74,A,low,51,C,NA,29,B,NA,90,X,medium,485,Y,low,68,X,high,203,Y,NA,171,Z,high,97,Y,ExtraCol1_4,4,ExtraCol4_2,2,ExtraCol7_2,2,ExtraCol10_5,5,ExtraCol13_5,5,152,0,11,137,0,4
60,46.9,B96 B98,S,68,D,high,51,C,unknown,NA,NA,NA,96,X,medium,NA,X,low,305,Y,low,444,Z,NA,324,Z,high,NA,Z,ExtraCol1_4,4,ExtraCol4_2,2,NA,NA,ExtraCol10_5,5,NA,NA,152,159,0,0,0,6
61,7.2292,B96 B98,C,92,A,high,82,NA,NA,49,C,NA,38,Y,high,178,Z,NA,159,Y,high,37,Y,high,493,Z,medium,217,Z,ExtraCol1_5,5,ExtraCol4_4,4,ExtraCol7_3,3,ExtraCol10_2,2,ExtraCol13_2,2,0,0,5,166,0,7
62,80,B28,S,74,B,unknown,89,NA,low,69,NA,NA,48,Z,medium,320,X,medium,NA,Z,medium,464,X,medium,25,X,medium,18,Y,ExtraCol1_4,4,ExtraCol4_4,4,ExtraCol7_4,4,ExtraCol10_3,3,ExtraCol13_3,3,0,140,6,0,0,7
63,83.475,C83,S,36,A,high,51,NA,high,90,D,unknown,NA,X,high,384,Z,low,420,X,high,46,Y,high,397,X,low,28,X,ExtraCol1_2,2,ExtraCol4_2,2,ExtraCol7_5,5,NA,NA,ExtraCol13_4,4,0,162,5,147,169,0
64,27.9,B96 B98,S,43,C,high,51,C,NA,39,NA,NA,5,X,medium,267,Y,low,15,Y,medium,240,X,medium,54,Y,medium,119,Y,ExtraCol1_2,2,ExtraCol4_2,2,ExtraCol7_2,2,ExtraCol10_1,1,ExtraCol13_3,3,152,0,9,0,0,12
65,27.7208,B96 B98,C,43,A,high,51,A,high,NA,D,medium,11,Y,high,200,Y,low,474,X,high,90,Y,high,380,Y,low,NA,X,ExtraCol1_2,2,ExtraCol4_2,2,NA,NA,ExtraCol10_1,1,ExtraCol13_2,2,144,162,0,147,140,12
66,15.2458,B96 B98,C,32,B,high,51,A,medium,75,NA,NA,4,Y,high,203,NA,high,341,X,high,10,X,low,153,Z,high,150,NA,ExtraCol1_2,2,ExtraCol4_2,2,ExtraCol7_4,4,ExtraCol10_1,1,ExtraCol13_2,2,144,165,11,0,0,6
67,10.5,F33,S,43,B,high,13,C,unknown,NA,A,NA,73,X,low,487,X,high,411,X,high,NA,Y,NA,67,Y,low,NA,Y,ExtraCol1_2,2,ExtraCol4_1,1,NA,NA,ExtraCol10_4,4,ExtraCol13_5,5,152,159,0,178,0,7
68,8.1583,B96 B98,S,43,A,unknown,67,NA,high,NA,NA,NA,22,Y,medium,166,NA,medium,239,Z,medium,290,X,NA,NA,Z,low,457,Y,ExtraCol1_2,2,ExtraCol4_3,3,NA,NA,ExtraCol10_2,2,ExtraCol13_2,2,0,162,0,0,0,5
69,7.925,B96 B98,S,7,A,medium,92,A,NA,75,A,low,NA,Z,high,427,Z,medium,0,Z,high,361,X,high,182,Y,medium,NA,Y,ExtraCol1_1,1,ExtraCol4_4,4,ExtraCol7_4,4,NA,NA,ExtraCol13_5,5,144,0,11,178,149,0
70,8.6625,B96 B98,S,43,C,high,75,NA,medium,70,NA,high,37,X,medium,25,X,low,442,Y,high,157,X,high,364,X,high,291,Y,ExtraCol1_2,2,ExtraCol4_4,4,ExtraCol7_4,4,ExtraCol10_2,2,ExtraCol13_1,1,0,165,7,0,142,5
71,10.5,B96 B98,S,79,D,high,48,D,unknown,NA,C,low,79,NA,high,329,X,low,284,Y,low,246,Z,medium,340,X,high,122,NA,ExtraCol1_5,5,ExtraCol4_2,2,NA,NA,ExtraCol10_5,5,ExtraCol13_4,4,163,159,0,166,149,9
72,46.9,B96 B98,S,18,A,high,52,C,high,NA,B,NA,11,X,medium,340,X,high,18,Z,high,91,Z,medium,364,Y,medium,354,Z,ExtraCol1_1,1,ExtraCol4_3,3,NA,NA,ExtraCol10_1,1,ExtraCol13_4,4,152,162,0,137,0,12
73,73.5,B96 B98,S,43,B,high,25,D,high,1,NA,medium,32,X,NA,337,Z,low,NA,Y,low,364,Z,medium,10,X,low,473,Y,ExtraCol1_2,2,ExtraCol4_1,1,ExtraCol7_1,1,ExtraCol10_2,2,ExtraCol13_4,4,163,162,6,0,140,7
74,14.4542,B96 B98,C,12,A,high,51,D,medium,NA,NA,unknown,NA,Y,medium,210,Y,high,103,Y,medium,NA,Z,high,487,Y,high,338,Y,ExtraCol1_1,1,ExtraCol4_2,2,NA,NA,NA,NA,ExtraCol13_2,2,163,165,0,0,169,0
75,56.4958,B96 B98,S,68,A,unknown,24,D,NA,NA,C,low,NA,X,medium,345,X,low,187,Y,low,430,Y,low,216,Y,medium,147,Y,ExtraCol1_4,4,ExtraCol4_1,1,NA,NA,NA,NA,ExtraCol13_4,4,163,0,0,166,149,0
76,7.65,F G73,S,47,A,unknown,34,A,unknown,NA,A,NA,56,Y,low,222,NA,low,221,Y,high,89,X,low,55,X,medium,196,X,ExtraCol1_4,4,ExtraCol4_2,2,NA,NA,ExtraCol10_3,3,ExtraCol13_3,3,144,159,0,178,0,6
77,7.8958,B96 B98,S,43,A,low,26,NA,medium,NA,A,NA,16,X,low,296,X,high,213,Y,high,332,Z,medium,464,Y,high,464,Y,ExtraCol1_2,2,ExtraCol4_1,1,NA,NA,ExtraCol10_1,1,ExtraCol13_3,3,0,165,0,178,0,5
78,8.05,B96 B98,S,22,A,low,33,NA,low,30,NA,NA,66,Z,low,446,Z,high,434,Y,high,165,Z,low,396,Z,medium,NA,Y,ExtraCol1_1,1,ExtraCol4_2,2,ExtraCol7_2,2,ExtraCol10_4,4,ExtraCol13_5,5,0,140,6,0,0,4
79,29,B96 B98,S,43,A,high,36,A,medium,89,C,high,96,Y,high,336,Z,NA,471,X,low,NA,Y,low,41,X,medium,110,NA,ExtraCol1_2,2,ExtraCol4_2,2,ExtraCol7_5,5,ExtraCol10_5,5,ExtraCol13_4,4,144,165,8,166,142,6
80,12.475,B96 B98,S,66,C,high,8,NA,NA,70,NA,low,4,X,medium,368,Y,low,339,Z,low,140,X,medium,218,Y,NA,53,Y,ExtraCol1_4,4,ExtraCol4_1,1,ExtraCol7_4,4,ExtraCol10_1,1,ExtraCol13_4,4,0,0,7,0,149,6
81,9,B96 B98,S,94,C,unknown,51,NA,NA,56,NA,medium,8,X,medium,484,Z,medium,316,Z,medium,474,Y,low,453,Z,low,320,Y,ExtraCol1_5,5,ExtraCol4_2,2,ExtraCol7_3,3,ExtraCol10_1,1,ExtraCol13_5,5,0,0,8,0,140,7
82,9.5,B96 B98,S,43,D,low,44,NA,low,88,B,high,95,Y,medium,109,X,low,NA,Y,low,418,Y,low,341,X,high,229,X,ExtraCol1_2,2,ExtraCol4_2,2,ExtraCol7_5,5,ExtraCol10_5,5,ExtraCol13_1,1,0,140,7,137,142,5
83,7.7875,B96 B98,Q,16,D,low,94,NA,low,9,C,unknown,NA,Y,medium,293,Y,low,133,Z,medium,233,Z,medium,97,Z,high,66,Y,ExtraCol1_1,1,ExtraCol4_4,4,ExtraCol7_1,1,NA,NA,ExtraCol13_3,3,0,140,6,166,169,0
84,47.1,B96 B98,S,83,D,unknown,51,A,medium,64,NA,unknown,91,NA,high,328,NA,medium,279,X,low,247,X,high,350,Y,medium,470,Z,ExtraCol1_5,5,ExtraCol4_2,2,ExtraCol7_4,4,ExtraCol10_5,5,ExtraCol13_4,4,144,165,3,0,169,7
85,10.5,B96 B98,S,62,C,unknown,66,B,medium,15,D,NA,70,X,medium,NA,Z,low,321,Y,NA,176,Y,medium,94,X,medium,275,Y,ExtraCol1_4,4,ExtraCol4_3,3,ExtraCol7_1,1,ExtraCol10_4,4,NA,NA,147,165,6,147,0,13
86,15.85,B96 B98,S,70,A,low,51,NA,low,23,A,medium,NA,Y,medium,66,Y,low,NA,Z,medium,213,Z,high,175,Z,low,124,Y,ExtraCol1_4,4,ExtraCol4_2,2,ExtraCol7_2,2,NA,NA,ExtraCol13_1,1,0,140,10,178,140,0
87,34.375,B96 B98,S,9,B,medium,51,B,medium,18,D,NA,NA,Y,medium,380,Z,medium,NA,Z,medium,232,Z,low,97,Y,low,472,X,ExtraCol1_1,1,ExtraCol4_2,2,ExtraCol7_1,1,NA,NA,ExtraCol13_4,4,147,165,5,147,0,0
88,8.05,B96 B98,S,31,A,high,49,NA,NA,54,NA,NA,51,X,medium,97,Y,high,NA,Z,high,72,X,low,346,Z,high,349,Y,ExtraCol1_2,2,ExtraCol4_2,2,ExtraCol7_3,3,ExtraCol10_3,3,ExtraCol13_1,1,0,0,5,0,0,9
89,263,C23 C25 C27,S,43,B,high,44,A,low,62,C,NA,36,Y,medium,204,NA,low,29,Z,high,161,Y,NA,465,Y,medium,64,Z,ExtraCol1_2,2,ExtraCol4_2,2,ExtraCol7_4,4,ExtraCol10_2,2,ExtraCol13_2,2,144,140,8,166,0,5
90,8.05,B96 B98,S,43,B,high,65,NA,medium,75,A,medium,83,X,low,357,Z,medium,161,Y,low,437,Y,high,22,Z,high,413,Y,ExtraCol1_2,2,ExtraCol4_3,3,ExtraCol7_4,4,ExtraCol10_5,5,ExtraCol13_4,4,0,165,11,178,140,3
91,8.05,B96 B98,S,43,A,high,51,B,NA,NA,C,unknown,4,Z,high,131,Z,high,407,NA,medium,489,Y,low,301,Z,low,29,Z,ExtraCol1_2,2,ExtraCol4_2,2,NA,NA,ExtraCol10_1,1,ExtraCol13_2,2,147,0,0,166,169,6
92,7.8542,B96 B98,S,43,A,low,31,B,NA,93,NA,medium,NA,Z,medium,62,NA,high,NA,Y,high,27,X,low,124,NA,NA,NA,Y,ExtraCol1_2,2,ExtraCol4_2,2,ExtraCol7_5,5,NA,NA,ExtraCol13_1,1,147,0,13,0,140,0
93,61.175,E31,S,43,C,medium,51,D,NA,37,C,NA,55,X,medium,337,Y,medium,108,NA,high,366,X,low,375,Y,high,196,Z,ExtraCol1_2,2,ExtraCol4_2,2,ExtraCol7_2,2,ExtraCol10_3,3,ExtraCol13_4,4,163,0,8,166,0,6
94,20.575,B96 B98,S,38,B,high,18,NA,NA,NA,B,high,97,X,medium,140,Y,low,436,Z,medium,119,X,high,69,Z,medium,146,Y,ExtraCol1_2,2,ExtraCol4_1,1,NA,NA,ExtraCol10_5,5,ExtraCol13_2,2,0,0,0,137,142,5
95,7.25,B96 B98,S,89,A,high,51,NA,high,3,C,NA,99,X,medium,413,X,high,76,Y,low,326,Z,medium,183,X,low,26,Z,ExtraCol1_5,5,ExtraCol4_2,2,ExtraCol7_1,1,ExtraCol10_5,5,ExtraCol13_5,5,0,162,7,166,0,9
96,8.05,B96 B98,S,28,B,high,51,NA,NA,12,C,medium,59,Z,high,449,Y,low,79,X,medium,310,Y,medium,102,Y,NA,465,Y,ExtraCol1_1,1,ExtraCol4_2,2,ExtraCol7_1,1,ExtraCol10_3,3,ExtraCol13_5,5,0,0,6,166,140,5
97,34.6542,A5,C,23,D,unknown,95,A,unknown,NA,B,high,42,Z,low,174,Z,NA,449,Z,high,439,X,low,436,Y,NA,279,Y,ExtraCol1_1,1,ExtraCol4_4,4,NA,NA,ExtraCol10_3,3,ExtraCol13_2,2,144,159,0,137,142,8
98,63.3583,D10 D12,C,68,C,unknown,51,NA,NA,41,D,unknown,27,X,low,369,Z,medium,NA,X,low,351,Z,high,41,X,low,303,Y,ExtraCol1_4,4,ExtraCol4_2,2,ExtraCol7_3,3,ExtraCol10_2,2,ExtraCol13_4,4,0,0,9,147,169,9
99,23,B96 B98,S,43,A,high,39,C,NA,NA,C,unknown,99,Y,high,NA,Y,low,0,Y,NA,411,Y,low,290,Z,low,NA,Y,ExtraCol1_2,2,ExtraCol4_2,2,NA,NA,ExtraCol10_5,5,NA,NA,152,0,0,166,169,9
100,26,B96 B98,S,13,A,high,51,B,unknown,12,NA,unknown,NA,X,high,464,Y,low,216,X,medium,400,Y,low,60,Z,low,254,NA,ExtraCol1_1,1,ExtraCol4_2,2,ExtraCol7_1,1,NA,NA,ExtraCol13_5,5,147,159,6,0,169,0
101,7.8958,B96 B98,S,83,C,high,80,B,NA,26,NA,high,12,Z,medium,122,Z,low,370,X,low,323,X,high,299,Z,high,144,X,ExtraCol1_5,5,ExtraCol4_4,4,ExtraCol7_2,2,ExtraCol10_1,1,ExtraCol13_2,2,147,0,7,0,142,4
102,7.8958,B96 B98,S,43,C,high,48,B,low,98,D,NA,50,X,medium,440,X,high,378,X,medium,205,Y,high,383,Y,medium,389,Z,ExtraCol1_2,2,ExtraCol4_2,2,ExtraCol7_5,5,ExtraCol10_3,3,ExtraCol13_5,5,147,140,5,147,0,8
103,77.2875,D26,S,80,B,medium,96,NA,unknown,2,B,high,39,X,medium,393,X,high,43,X,NA,168,Y,medium,376,Y,low,265,Z,ExtraCol1_5,5,ExtraCol4_4,4,ExtraCol7_1,1,ExtraCol10_2,2,ExtraCol13_4,4,0,159,8,137,142,7
104,8.6542,B96 B98,S,0,C,low,51,B,NA,42,C,NA,49,Z,high,156,NA,high,140,X,medium,173,NA,high,16,Y,high,NA,Z,ExtraCol1_1,1,ExtraCol4_2,2,ExtraCol7_3,3,ExtraCol10_3,3,ExtraCol13_2,2,147,0,9,166,0,9
105,7.925,B96 B98,S,79,A,medium,70,NA,NA,19,A,unknown,NA,NA,medium,412,X,low,308,X,high,179,Y,medium,386,Z,high,422,Y,ExtraCol1_5,5,ExtraCol4_4,4,ExtraCol7_1,1,NA,NA,ExtraCol13_5,5,0,0,8,178,169,0
106,7.8958,B96 B98,S,43,A,high,75,C,high,53,B,unknown,26,Y,high,316,Z,high,330,Z,medium,144,Y,medium,148,Z,high,406,Z,ExtraCol1_2,2,ExtraCol4_4,4,ExtraCol7_3,3,ExtraCol10_2,2,ExtraCol13_3,3,152,162,6,137,169,5
107,7.65,B96 B98,S,43,A,unknown,51,A,unknown,97,C,unknown,NA,Z,medium,334,X,medium,310,Z,high,155,Z,medium,340,X,low,123,X,ExtraCol1_2,2,ExtraCol4_2,2,ExtraCol7_5,5,NA,NA,ExtraCol13_4,4,144,159,11,166,169,0
108,7.775,B96 B98,S,66,B,unknown,51,NA,low,22,D,high,NA,X,medium,189,X,high,168,X,medium,284,Z,NA,481,Y,low,324,NA,ExtraCol1_4,4,ExtraCol4_2,2,ExtraCol7_2,2,NA,NA,ExtraCol13_2,2,0,140,6,147,142,0
109,7.8958,B96 B98,S,43,A,high,58,C,low,37,C,NA,32,X,high,117,Y,medium,431,Y,high,135,Y,high,59,X,high,460,Z,ExtraCol1_2,2,ExtraCol4_3,3,ExtraCol7_2,2,ExtraCol10_2,2,ExtraCol13_2,2,152,140,8,166,0,7
110,24.15,B96 B98,Q,43,D,low,51,NA,unknown,44,NA,medium,0,Y,NA,348,Y,low,39,NA,low,174,NA,medium,181,Z,high,399,Z,ExtraCol1_2,2,ExtraCol4_2,2,ExtraCol7_3,3,ExtraCol10_1,1,ExtraCol13_4,4,0,159,5,0,140,8
111,52,C110,S,43,D,low,11,NA,high,79,B,NA,67,Y,low,26,Z,low,411,Z,medium,354,X,low,433,Y,high,99,Y,ExtraCol1_2,2,ExtraCol4_1,1,ExtraCol7_4,4,ExtraCol10_4,4,ExtraCol13_1,1,0,162,8,137,0,7
112,14.4542,B96 B98,C,78,A,medium,13,A,low,NA,C,unknown,85,NA,low,174,Z,low,469,Z,low,164,X,medium,70,Y,medium,427,Y,ExtraCol1_5,5,ExtraCol4_1,1,NA,NA,ExtraCol10_5,5,ExtraCol13_2,2,144,140,0,166,169,5
113,8.05,B96 B98,S,55,A,high,51,C,unknown,NA,NA,unknown,NA,Z,high,70,Y,high,342,Y,low,53,X,medium,NA,X,medium,28,Z,ExtraCol1_4,4,ExtraCol4_2,2,NA,NA,NA,NA,ExtraCol13_1,1,152,159,0,0,169,0
114,9.825,B96 B98,S,45,A,unknown,65,B,NA,48,A,medium,16,Z,medium,0,X,medium,214,X,NA,8,Y,medium,274,X,low,308,Z,ExtraCol1_4,4,ExtraCol4_3,3,ExtraCol7_3,3,ExtraCol10_1,1,ExtraCol13_1,1,147,0,4,178,140,5
115,14.4583,B96 B98,C,43,A,high,28,C,medium,NA,A,NA,76,X,low,3,X,high,190,NA,low,382,X,medium,498,Z,low,255,Z,ExtraCol1_2,2,ExtraCol4_1,1,NA,NA,ExtraCol10_4,4,ExtraCol13_1,1,152,165,0,178,0,10
116,7.925,B96 B98,S,43,A,high,73,A,medium,0,C,NA,14,Z,high,46,Z,NA,NA,Z,low,474,X,medium,147,Z,low,18,Y,ExtraCol1_2,2,ExtraCol4_4,4,ExtraCol7_1,1,ExtraCol10_1,1,ExtraCol13_1,1,144,165,8,166,0,11
117,7.75,B96 B98,Q,3,A,high,69,NA,high,80,D,low,62,X,high,469,Y,low,NA,X,high,341,Z,high,NA,Y,medium,363,Z,ExtraCol1_1,1,ExtraCol4_3,3,ExtraCol7_4,4,ExtraCol10_4,4,ExtraCol13_5,5,0,162,6,147,149,9
118,21,B96 B98,S,13,A,medium,51,NA,low,24,NA,NA,70,Y,medium,385,Z,low,111,Y,medium,30,X,high,397,Z,medium,148,Y,ExtraCol1_1,1,ExtraCol4_2,2,ExtraCol7_2,2,ExtraCol10_4,4,ExtraCol13_4,4,0,140,3,0,0,13
119,247.5208,B58 B60,C,24,A,high,91,B,medium,NA,D,NA,15,Y,medium,494,Y,NA,317,Y,high,281,Z,high,59,NA,medium,426,Y,ExtraCol1_1,1,ExtraCol4_4,4,NA,NA,ExtraCol10_1,1,ExtraCol13_5,5,147,165,0,147,0,9
120,31.275,B96 B98,S,11,A,high,88,NA,NA,97,NA,medium,11,Y,high,42,Z,low,NA,Z,high,135,X,NA,163,Y,medium,439,Z,ExtraCol1_1,1,ExtraCol4_4,4,ExtraCol7_5,5,ExtraCol10_1,1,ExtraCol13_1,1,0,0,11,0,140,12
121,73.5,B96 B98,S,43,C,low,51,C,low,63,C,unknown,7,X,low,498,Y,high,248,Z,high,NA,Y,low,158,X,medium,295,Y,ExtraCol1_2,2,ExtraCol4_2,2,ExtraCol7_4,4,ExtraCol10_1,1,ExtraCol13_5,5,152,140,9,166,169,8
122,8.05,B96 B98,S,43,A,medium,76,NA,unknown,NA,D,NA,70,Y,low,299,Z,medium,237,Y,medium,460,X,low,200,Y,high,313,X,ExtraCol1_2,2,ExtraCol4_4,4,NA,NA,ExtraCol10_4,4,ExtraCol13_3,3,0,159,0,147,0,13
123,30.0708,B96 B98,C,65,D,high,51,NA,low,60,NA,high,61,X,medium,397,Y,medium,38,Y,high,412,Y,high,286,X,medium,26,Z,ExtraCol1_4,4,ExtraCol4_2,2,ExtraCol7_3,3,ExtraCol10_4,4,ExtraCol13_4,4,0,140,7,0,142,7
124,13,E101,S,47,D,medium,40,A,unknown,21,NA,low,11,Z,medium,428,X,low,NA,Y,medium,367,X,high,110,X,high,445,Y,ExtraCol1_4,4,ExtraCol4_2,2,ExtraCol7_2,2,ExtraCol10_1,1,ExtraCol13_5,5,144,159,7,0,149,12
125,77.2875,D26,S,85,C,high,51,D,low,69,C,unknown,50,X,low,131,X,medium,477,Z,NA,250,X,low,195,Y,high,340,X,ExtraCol1_5,5,ExtraCol4_2,2,ExtraCol7_4,4,ExtraCol10_3,3,ExtraCol13_2,2,163,140,6,166,169,8
126,11.2417,B96 B98,C,56,A,high,60,A,medium,61,C,NA,79,Y,low,370,X,medium,122,X,high,289,Z,low,458,X,medium,192,Y,ExtraCol1_4,4,ExtraCol4_3,3,ExtraCol7_4,4,ExtraCol10_5,5,ExtraCol13_4,4,144,165,3,166,0,9
127,7.75,B96 B98,Q,7,B,unknown,41,C,low,NA,NA,NA,23,X,high,323,Y,low,157,Z,low,457,Z,high,414,Z,high,42,X,ExtraCol1_1,1,ExtraCol4_2,2,NA,NA,ExtraCol10_2,2,ExtraCol13_4,4,152,140,0,0,0,6
128,7.1417,B96 B98,S,76,D,low,99,NA,NA,7,B,NA,60,X,medium,206,Z,low,315,Z,low,330,Y,low,478,X,low,252,Z,ExtraCol1_5,5,ExtraCol4_4,4,ExtraCol7_1,1,ExtraCol10_4,4,ExtraCol13_2,2,0,0,5,137,0,9
129,22.3583,F E69,C,57,A,low,17,D,high,64,D,high,29,Y,high,245,Y,medium,1,X,low,289,Z,low,341,Z,medium,450,Z,ExtraCol1_4,4,ExtraCol4_1,1,ExtraCol7_4,4,ExtraCol10_2,2,ExtraCol13_3,3,163,162,3,147,142,4
130,6.975,B96 B98,S,63,A,high,9,NA,low,NA,NA,unknown,NA,Z,medium,104,Z,NA,51,X,high,48,Z,high,291,X,low,431,X,ExtraCol1_4,4,ExtraCol4_1,1,NA,NA,NA,NA,ExtraCol13_1,1,0,140,0,0,169,0
131,7.8958,B96 B98,C,56,A,medium,2,A,high,77,A,NA,NA,Y,medium,92,X,high,450,Y,medium,NA,Z,low,106,Z,low,49,Z,ExtraCol1_4,4,ExtraCol4_1,1,ExtraCol7_4,4,NA,NA,ExtraCol13_1,1,144,162,6,178,0,0
132,7.05,B96 B98,S,55,A,high,81,D,NA,12,B,NA,35,Z,medium,461,Y,medium,86,Z,low,404,Z,low,79,Y,low,381,Z,ExtraCol1_4,4,ExtraCol4_4,4,ExtraCol7_1,1,ExtraCol10_2,2,ExtraCol13_5,5,163,0,6,137,0,8
133,14.5,B96 B98,S,9,A,low,40,C,medium,53,NA,high,49,Z,medium,365,NA,low,288,Y,high,182,X,high,NA,Z,low,40,Z,ExtraCol1_1,1,ExtraCol4_2,2,ExtraCol7_3,3,ExtraCol10_3,3,ExtraCol13_4,4,152,165,6,0,142,9
134,26,B96 B98,S,55,A,high,43,NA,low,81,B,unknown,20,Y,high,283,X,high,441,X,low,125,X,low,202,Y,medium,188,NA,ExtraCol1_4,4,ExtraCol4_2,2,ExtraCol7_5,5,ExtraCol10_2,2,ExtraCol13_3,3,0,140,1,137,169,6
135,13,B96 B98,S,79,B,unknown,64,C,high,89,NA,medium,39,Z,high,347,Y,medium,366,Y,low,483,Y,high,393,NA,high,223,X,ExtraCol1_5,5,ExtraCol4_3,3,ExtraCol7_5,5,ExtraCol10_2,2,ExtraCol13_4,4,152,162,8,0,140,7
136,15.0458,B96 B98,C,30,D,high,51,A,NA,93,NA,NA,62,Y,high,202,Y,high,135,Y,medium,478,Y,medium,4,X,NA,11,Z,ExtraCol1_2,2,ExtraCol4_2,2,ExtraCol7_5,5,ExtraCol10_4,4,ExtraCol13_2,2,144,0,13,0,0,9
137,26.2833,D47,S,43,A,medium,57,C,low,NA,NA,NA,38,Y,high,124,Y,low,76,Z,high,210,Z,medium,445,Y,NA,68,X,ExtraCol1_2,2,ExtraCol4_3,3,NA,NA,ExtraCol10_2,2,ExtraCol13_2,2,152,140,0,0,0,7
138,53.1,C123,S,3,C,high,5,NA,NA,NA,B,low,NA,Z,low,471,Y,low,358,NA,high,115,X,high,85,Y,low,440,Y,ExtraCol1_1,1,ExtraCol4_1,1,NA,NA,NA,NA,ExtraCol13_5,5,0,0,0,137,149,0
139,9.2167,B96 B98,S,34,B,high,51,B,medium,57,C,NA,NA,Y,medium,494,X,low,202,X,high,398,X,NA,197,Z,medium,314,Z,ExtraCol1_2,2,ExtraCol4_2,2,ExtraCol7_3,3,NA,NA,ExtraCol13_5,5,147,165,10,166,0,0
140,79.2,B86,C,43,A,low,51,NA,low,46,D,NA,13,Z,high,107,Z,high,483,NA,high,312,X,low,178,X,medium,NA,Y,ExtraCol1_2,2,ExtraCol4_2,2,ExtraCol7_3,3,ExtraCol10_1,1,ExtraCol13_1,1,0,140,3,147,0,5
141,15.2458,B96 B98,C,43,D,high,45,B,unknown,23,NA,medium,NA,X,medium,400,X,low,322,X,low,450,Z,low,462,X,low,285,X,ExtraCol1_2,2,ExtraCol4_2,2,ExtraCol7_2,2,NA,NA,ExtraCol13_4,4,147,159,10,0,140,0
142,7.75,B96 B98,S,21,A,high,16,NA,high,NA,C,low,46,Y,medium,221,Z,high,5,X,medium,272,Z,medium,360,X,low,NA,Z,ExtraCol1_1,1,ExtraCol4_1,1,NA,NA,ExtraCol10_3,3,ExtraCol13_2,2,0,162,0,166,149,6
143,15.85,B96 B98,S,43,A,unknown,51,NA,unknown,14,A,NA,60,Y,low,353,Z,high,125,NA,high,275,Z,high,17,X,medium,9,Y,ExtraCol1_2,2,ExtraCol4_2,2,ExtraCol7_1,1,ExtraCol10_4,4,ExtraCol13_4,4,0,159,7,178,0,9
144,6.75,B96 B98,Q,43,A,high,33,D,medium,NA,A,unknown,73,X,low,54,X,medium,372,X,high,NA,Z,low,426,Z,high,273,NA,ExtraCol1_2,2,ExtraCol4_2,2,NA,NA,ExtraCol10_4,4,ExtraCol13_1,1,163,165,0,178,169,7
145,11.5,B96 B98,S,99,D,medium,27,NA,NA,NA,NA,low,NA,Z,high,239,X,high,350,X,medium,301,Z,medium,338,X,medium,385,Y,ExtraCol1_5,5,ExtraCol4_1,1,NA,NA,NA,NA,ExtraCol13_3,3,0,0,0,0,149,0
146,36.75,B96 B98,S,85,A,unknown,29,A,NA,NA,A,NA,97,X,low,62,Y,high,370,Z,low,181,Y,medium,34,Z,medium,102,Y,ExtraCol1_5,5,ExtraCol4_1,1,NA,NA,ExtraCol10_5,5,ExtraCol13_1,1,144,0,0,178,0,5
147,7.7958,B96 B98,S,3,A,high,72,A,low,10,NA,low,42,X,medium,407,Z,high,116,Y,high,102,NA,low,390,X,high,245,Z,ExtraCol1_1,1,ExtraCol4_4,4,ExtraCol7_1,1,ExtraCol10_3,3,ExtraCol13_4,4,144,140,8,0,149,8
148,34.375,B96 B98,S,23,C,high,10,B,medium,26,B,NA,88,X,medium,199,Y,high,124,Z,medium,390,X,NA,16,Z,medium,206,X,ExtraCol1_1,1,ExtraCol4_1,1,ExtraCol7_2,2,ExtraCol10_5,5,ExtraCol13_2,2,147,165,7,137,0,4
149,26,F2,S,43,D,unknown,30,D,unknown,NA,D,high,41,Z,high,131,Y,medium,104,Y,medium,172,Y,low,212,NA,high,435,Y,ExtraCol1_2,2,ExtraCol4_1,1,NA,NA,ExtraCol10_3,3,ExtraCol13_2,2,163,159,0,147,142,12
150,13,B96 B98,S,43,A,low,46,B,medium,NA,NA,low,40,X,high,349,Z,low,347,X,high,106,X,low,81,X,high,81,X,ExtraCol1_2,2,ExtraCol4_2,2,NA,NA,ExtraCol10_3,3,ExtraCol13_4,4,147,165,0,0,149,4
151,12.525,B96 B98,S,85,D,high,54,NA,unknown,44,B,high,60,X,medium,477,Y,low,5,Z,medium,480,Z,medium,5,Y,low,52,X,ExtraCol1_5,5,ExtraCol4_3,3,ExtraCol7_3,3,ExtraCol10_4,4,ExtraCol13_5,5,0,159,5,137,142,9
152,66.6,C2,S,28,C,medium,88,B,medium,4,C,NA,19,Z,low,169,Z,medium,407,Y,medium,481,Y,high,279,Z,medium,105,X,ExtraCol1_1,1,ExtraCol4_4,4,ExtraCol7_1,1,ExtraCol10_2,2,ExtraCol13_2,2,147,165,5,166,0,5
153,8.05,B96 B98,S,91,D,unknown,51,NA,medium,1,A,high,60,X,NA,358,Z,medium,140,Z,low,247,NA,medium,343,Z,medium,78,NA,ExtraCol1_5,5,ExtraCol4_2,2,ExtraCol7_1,1,ExtraCol10_4,4,ExtraCol13_4,4,0,165,6,178,142,9
154,14.5,B96 B98,S,29,A,low,51,NA,NA,NA,D,unknown,NA,X,high,344,X,medium,244,X,low,147,Y,medium,239,X,low,423,Y,ExtraCol1_2,2,ExtraCol4_2,2,NA,NA,NA,NA,ExtraCol13_4,4,0,0,0,147,169,0
155,7.3125,B96 B98,S,43,D,unknown,53,NA,NA,44,C,NA,NA,X,medium,244,Y,low,123,Z,medium,80,Z,high,171,Y,low,130,X,ExtraCol1_2,2,ExtraCol4_3,3,ExtraCol7_3,3,NA,NA,ExtraCol13_3,3,0,0,5,166,0,0
156,61.3792,B96 B98,C,66,C,low,2,A,NA,7,C,unknown,7,Y,medium,402,X,medium,212,Z,high,313,Z,high,256,Y,medium,181,X,ExtraCol1_4,4,ExtraCol4_1,1,ExtraCol7_1,1,ExtraCol10_1,1,ExtraCol13_4,4,144,0,5,166,169,8
157,7.7333,B96 B98,Q,12,A,low,61,D,low,83,NA,low,69,X,high,63,NA,medium,382,NA,high,305,Y,high,75,Y,medium,128,Z,ExtraCol1_1,1,ExtraCol4_3,3,ExtraCol7_5,5,ExtraCol10_4,4,ExtraCol13_1,1,163,140,8,0,149,4
158,8.05,B96 B98,S,55,A,high,15,D,medium,NA,D,low,3,Z,medium,438,X,high,99,Z,medium,309,Z,high,24,Z,NA,407,X,ExtraCol1_4,4,ExtraCol4_1,1,NA,NA,ExtraCol10_1,1,ExtraCol13_5,5,163,165,0,147,149,7
159,8.6625,B96 B98,S,50,A,high,7,A,high,34,D,medium,10,X,NA,202,X,high,284,Z,high,NA,Z,high,78,Y,high,332,Y,ExtraCol1_4,4,ExtraCol4_1,1,ExtraCol7_2,2,ExtraCol10_1,1,ExtraCol13_2,2,144,162,5,147,140,7
160,69.55,B96 B98,S,78,B,unknown,67,C,NA,45,A,medium,28,Y,medium,22,X,medium,28,Z,low,235,Z,high,27,NA,high,236,X,ExtraCol1_5,5,ExtraCol4_3,3,ExtraCol7_3,3,ExtraCol10_2,2,ExtraCol13_1,1,152,0,8,178,140,6
161,16.1,B96 B98,S,99,C,high,51,D,unknown,NA,C,low,NA,X,high,NA,Z,high,88,X,NA,341,NA,high,384,Y,low,399,Y,ExtraCol1_5,5,ExtraCol4_2,2,NA,NA,NA,NA,NA,NA,163,159,0,166,149,0
162,15.75,B96 B98,S,43,A,low,51,NA,NA,93,NA,medium,0,X,medium,386,Y,low,342,Z,medium,327,X,high,304,Z,low,35,Z,ExtraCol1_2,2,ExtraCol4_2,2,ExtraCol7_5,5,ExtraCol10_1,1,ExtraCol13_4,4,0,0,13,0,140,8
163,7.775,B96 B98,S,40,C,high,10,B,high,78,B,unknown,NA,X,NA,408,Y,high,284,Z,low,397,Y,NA,93,Z,medium,339,Y,ExtraCol1_2,2,ExtraCol4_1,1,ExtraCol7_4,4,NA,NA,ExtraCol13_4,4,147,162,5,137,169,0
164,8.6625,B96 B98,S,40,D,high,74,D,NA,19,NA,high,78,Z,medium,73,NA,high,305,Y,low,371,X,low,NA,Z,medium,180,Y,ExtraCol1_2,2,ExtraCol4_4,4,ExtraCol7_1,1,ExtraCol10_5,5,ExtraCol13_1,1,163,0,8,0,142,4
165,39.6875,B96 B98,S,41,A,high,76,C,medium,73,NA,high,45,Z,high,375,Z,low,112,Y,high,17,X,medium,242,X,high,189,X,ExtraCol1_2,2,ExtraCol4_4,4,ExtraCol7_4,4,ExtraCol10_3,3,ExtraCol13_4,4,152,165,5,0,142,4
166,20.525,B96 B98,S,81,A,high,51,NA,NA,17,B,low,19,X,high,349,Y,NA,103,X,medium,309,Y,high,55,X,high,79,X,ExtraCol1_5,5,ExtraCol4_2,2,ExtraCol7_1,1,ExtraCol10_2,2,ExtraCol13_4,4,0,0,9,137,149,5
167,55,E33,S,32,A,unknown,83,A,high,45,C,low,42,X,high,451,Y,medium,NA,Y,low,487,NA,high,485,X,high,48,X,ExtraCol1_2,2,ExtraCol4_4,4,ExtraCol7_3,3,ExtraCol10_3,3,ExtraCol13_5,5,144,162,8,166,149,8
168,27.9,B96 B98,S,16,B,unknown,43,C,low,NA,NA,medium,69,Z,high,185,Y,low,64,Z,high,279,X,medium,468,X,low,346,Y,ExtraCol1_1,1,ExtraCol4_2,2,NA,NA,ExtraCol10_4,4,ExtraCol13_2,2,152,140,0,0,140,4
169,25.925,B96 B98,S,43,C,high,18,NA,unknown,3,A,NA,73,Y,high,463,Y,medium,NA,Z,low,264,Z,NA,379,Z,medium,425,Z,ExtraCol1_2,2,ExtraCol4_1,1,ExtraCol7_1,1,ExtraCol10_4,4,ExtraCol13_5,5,0,159,7,178,0,7
170,56.4958,B96 B98,S,2,A,high,51,NA,NA,NA,A,unknown,NA,X,medium,353,NA,high,133,X,medium,303,X,low,404,Z,low,455,X,ExtraCol1_1,1,ExtraCol4_2,2,NA,NA,NA,NA,ExtraCol13_4,4,0,0,0,178,169,0
171,33.5,B19,S,10,B,high,21,A,medium,22,NA,NA,16,X,medium,NA,X,high,359,X,high,279,Y,medium,273,X,medium,121,NA,ExtraCol1_1,1,ExtraCol4_1,1,ExtraCol7_2,2,ExtraCol10_1,1,NA,NA,144,165,6,0,0,5
172,29.125,B96 B98,Q,9,B,high,20,B,medium,NA,A,NA,95,Y,medium,106,X,NA,78,X,low,200,Z,medium,401,Y,low,381,Z,ExtraCol1_1,1,ExtraCol4_1,1,NA,NA,ExtraCol10_5,5,ExtraCol13_1,1,147,165,0,178,0,5
173,11.1333,B96 B98,S,43,B,high,32,D,unknown,49,D,medium,NA,Y,high,451,X,medium,325,Y,high,496,X,medium,264,X,high,55,Y,ExtraCol1_2,2,ExtraCol4_2,2,ExtraCol7_3,3,NA,NA,ExtraCol13_5,5,163,159,5,147,140,0
174,7.925,B96 B98,S,43,D,high,51,NA,medium,2,C,high,98,Y,medium,322,Y,medium,101,X,NA,35,Y,low,83,X,medium,389,NA,ExtraCol1_2,2,ExtraCol4_2,2,ExtraCol7_1,1,ExtraCol10_5,5,ExtraCol13_3,3,0,165,8,166,142,7
175,30.6958,A7,C,69,B,medium,51,B,medium,NA,NA,low,NA,X,low,59,Z,high,140,Z,high,407,Z,low,83,Y,high,283,Y,ExtraCol1_4,4,ExtraCol4_2,2,NA,NA,NA,NA,ExtraCol13_1,1,147,165,0,0,149,0
176,7.8542,B96 B98,S,46,A,high,51,NA,low,NA,B,NA,11,Y,low,62,Y,medium,206,Z,high,79,Z,medium,427,X,low,430,Y,ExtraCol1_4,4,ExtraCol4_2,2,NA,NA,ExtraCol10_1,1,ExtraCol13_1,1,0,140,0,137,0,12
177,25.4667,B96 B98,S,71,B,unknown,62,B,medium,95,B,NA,NA,X,NA,413,X,medium,NA,X,high,103,Z,medium,223,Z,high,33,Z,ExtraCol1_4,4,ExtraCol4_3,3,ExtraCol7_5,5,NA,NA,ExtraCol13_5,5,147,165,4,137,0,0
178,28.7125,C49,C,16,A,unknown,33,C,low,NA,NA,NA,32,Y,medium,84,Y,high,62,Z,low,303,Y,high,364,Z,medium,388,Y,ExtraCol1_1,1,ExtraCol4_2,2,NA,NA,ExtraCol10_2,2,ExtraCol13_1,1,152,140,0,0,0,7
179,13,B96 B98,S,90,B,high,51,B,NA,19,NA,unknown,NA,X,high,109,Z,medium,376,Z,low,318,Z,low,72,Y,low,233,Z,ExtraCol1_5,5,ExtraCol4_2,2,ExtraCol7_1,1,NA,NA,ExtraCol13_1,1,147,0,8,0,169,0
180,0,B96 B98,S,50,A,low,51,NA,unknown,60,NA,NA,71,X,high,307,Y,low,172,Z,low,463,Y,medium,223,X,NA,284,Z,ExtraCol1_4,4,ExtraCol4_2,2,ExtraCol7_3,3,ExtraCol10_4,4,ExtraCol13_3,3,0,159,7,0,0,7
181,69.55,B96 B98,S,93,A,high,51,C,NA,36,NA,high,NA,Z,high,431,X,low,283,Z,low,147,Y,high,41,Y,low,269,X,ExtraCol1_5,5,ExtraCol4_2,2,ExtraCol7_2,2,NA,NA,ExtraCol13_5,5,152,0,5,0,142,0
182,15.05,B96 B98,C,43,A,medium,43,D,unknown,60,A,NA,58,Y,high,168,X,NA,323,Y,NA,12,Z,low,110,Z,low,357,X,ExtraCol1_2,2,ExtraCol4_2,2,ExtraCol7_3,3,ExtraCol10_3,3,ExtraCol13_2,2,163,159,7,178,0,3
183,31.3875,B96 B98,S,49,A,low,29,B,unknown,NA,C,unknown,NA,Y,low,332,Y,medium,311,Z,low,127,Z,low,NA,X,low,299,NA,ExtraCol1_4,4,ExtraCol4_1,1,NA,NA,NA,NA,ExtraCol13_4,4,147,159,0,166,169,0
184,39,F4,S,69,A,high,51,NA,NA,29,C,low,61,X,high,351,Z,medium,313,X,medium,272,Y,low,104,Z,high,207,Y,ExtraCol1_4,4,ExtraCol4_2,2,ExtraCol7_2,2,ExtraCol10_4,4,ExtraCol13_4,4,0,0,11,166,149,7
185,22.025,B96 B98,S,49,D,high,51,A,high,65,C,unknown,39,X,high,300,X,low,487,Z,medium,178,Z,medium,303,X,high,217,Y,ExtraCol1_4,4,ExtraCol4_2,2,ExtraCol7_4,4,ExtraCol10_2,2,ExtraCol13_3,3,144,162,9,166,169,7
186,50,A32,S,44,C,unknown,51,D,high,26,B,unknown,NA,Z,high,342,Z,high,315,Y,medium,126,Y,high,2,X,medium,35,Y,ExtraCol1_3,3,ExtraCol4_2,2,ExtraCol7_2,2,NA,NA,ExtraCol13_4,4,163,162,7,137,169,0
187,15.5,B96 B98,Q,43,B,high,51,NA,medium,90,A,NA,71,Z,NA,NA,Z,low,174,Z,medium,457,X,medium,96,Y,high,362,Z,ExtraCol1_2,2,ExtraCol4_2,2,ExtraCol7_5,5,ExtraCol10_4,4,NA,NA,0,165,5,178,0,7
188,26.55,B96 B98,S,38,A,high,47,A,NA,94,B,unknown,29,Y,low,310,X,low,NA,Z,low,280,Y,medium,345,Y,low,352,Z,ExtraCol1_2,2,ExtraCol4_2,2,ExtraCol7_5,5,ExtraCol10_2,2,ExtraCol13_3,3,144,0,11,137,169,4
189,15.5,B96 B98,Q,43,D,high,51,A,medium,NA,B,high,19,X,high,1,NA,high,400,Y,low,336,Z,high,74,X,low,283,Z,ExtraCol1_2,2,ExtraCol4_2,2,NA,NA,ExtraCol10_2,2,ExtraCol13_1,1,144,165,0,137,142,5
190,7.8958,B96 B98,S,43,D,high,51,A,low,72,NA,NA,70,Y,low,365,X,low,210,X,high,374,Y,medium,277,Z,low,360,X,ExtraCol1_2,2,ExtraCol4_2,2,ExtraCol7_4,4,ExtraCol10_4,4,ExtraCol13_4,4,144,140,7,0,0,13
191,13,B96 B98,S,68,C,high,90,B,high,NA,D,low,NA,X,high,396,Y,high,NA,X,medium,204,Y,medium,433,Z,high,134,NA,ExtraCol1_4,4,ExtraCol4_4,4,NA,NA,NA,NA,ExtraCol13_4,4,147,162,0,147,149,0
192,13,B96 B98,S,63,A,unknown,67,D,low,NA,B,low,44,X,high,396,X,high,407,Z,medium,367,Z,high,390,Y,high,111,Z,ExtraCol1_4,4,ExtraCol4_3,3,NA,NA,ExtraCol10_3,3,ExtraCol13_4,4,163,140,0,137,149,6
193,7.8542,B96 B98,S,60,A,unknown,51,A,NA,73,NA,low,NA,X,high,14,Z,high,117,Z,medium,481,Z,low,61,Y,high,462,Z,ExtraCol1_4,4,ExtraCol4_2,2,ExtraCol7_4,4,NA,NA,ExtraCol13_1,1,144,0,5,0,149,0
194,26,F2,S,36,A,unknown,96,D,NA,93,C,low,18,Y,medium,455,X,high,111,Y,NA,362,Y,high,73,X,high,NA,Y,ExtraCol1_2,2,ExtraCol4_4,4,ExtraCol7_5,5,ExtraCol10_2,2,ExtraCol13_5,5,163,0,13,166,149,4
195,27.7208,B4,C,95,A,medium,71,NA,high,22,D,unknown,81,Y,high,217,Y,medium,26,Z,high,148,Z,low,352,Y,low,426,Y,ExtraCol1_5,5,ExtraCol4_4,4,ExtraCol7_2,2,ExtraCol10_5,5,ExtraCol13_2,2,0,162,6,147,169,5
196,146.5208,B80,C,8,D,high,5,C,medium,NA,B,low,98,Y,high,40,Z,medium,NA,Z,medium,389,Y,medium,173,X,NA,26,Y,ExtraCol1_1,1,ExtraCol4_1,1,NA,NA,ExtraCol10_5,5,ExtraCol13_1,1,152,165,0,137,149,7
197,7.75,B96 B98,Q,43,A,high,72,B,medium,NA,NA,NA,NA,Z,high,267,X,medium,308,Y,NA,NA,Y,low,NA,X,medium,274,Y,ExtraCol1_2,2,ExtraCol4_4,4,NA,NA,NA,NA,ExtraCol13_3,3,147,165,0,0,0,0
198,8.4042,B96 B98,S,43,A,unknown,51,D,low,33,A,NA,14,X,medium,285,X,medium,251,Z,high,36,Z,medium,238,Z,high,367,X,ExtraCol1_2,2,ExtraCol4_2,2,ExtraCol7_2,2,ExtraCol10_1,1,ExtraCol13_3,3,163,140,6,178,0,11
199,7.75,B96 B98,Q,33,D,high,51,NA,medium,23,C,NA,NA,X,medium,201,Z,high,148,Z,low,222,X,medium,289,Y,high,18,Y,ExtraCol1_2,2,ExtraCol4_2,2,ExtraCol7_2,2,NA,NA,ExtraCol13_2,2,0,165,10,166,0,0
200,13,B96 B98,S,96,D,high,48,B,high,NA,A,unknown,86,Z,high,374,X,medium,105,Y,high,NA,X,low,224,Z,medium,484,X,ExtraCol1_5,5,ExtraCol4_2,2,NA,NA,ExtraCol10_5,5,ExtraCol13_4,4,147,162,0,178,169,7
201,9.5,B96 B98,S,43,A,low,51,A,NA,33,A,unknown,8,X,low,271,NA,medium,347,X,medium,234,X,high,11,X,low,393,Z,ExtraCol1_2,2,ExtraCol4_2,2,ExtraCol7_2,2,ExtraCol10_1,1,ExtraCol13_3,3,144,0,6,178,169,7
202,69.55,B96 B98,S,90,A,high,31,D,medium,72,NA,NA,NA,X,low,108,X,high,42,Z,low,130,Z,high,47,Y,high,NA,Z,ExtraCol1_5,5,ExtraCol4_2,2,ExtraCol7_4,4,NA,NA,ExtraCol13_1,1,163,165,7,0,0,0
203,6.4958,B96 B98,S,49,C,low,51,B,NA,37,NA,unknown,NA,Z,medium,310,X,low,350,Y,high,136,X,low,NA,X,high,253,X,ExtraCol1_4,4,ExtraCol4_2,2,ExtraCol7_2,2,NA,NA,ExtraCol13_3,3,147,0,8,0,169,0
204,7.225,B96 B98,C,43,C,unknown,61,B,high,37,A,NA,3,NA,medium,131,Y,medium,452,Y,high,460,Z,medium,132,X,high,456,X,ExtraCol1_2,2,ExtraCol4_3,3,ExtraCol7_2,2,ExtraCol10_1,1,ExtraCol13_2,2,147,162,8,178,0,7
205,8.05,B96 B98,S,45,A,high,51,C,high,94,NA,low,NA,NA,high,59,Y,high,227,Z,low,145,Z,high,408,NA,low,426,Y,ExtraCol1_4,4,ExtraCol4_2,2,ExtraCol7_5,5,NA,NA,ExtraCol13_1,1,152,162,11,0,149,0
206,10.4625,G6,S,26,D,medium,89,C,low,NA,D,NA,7,Z,high,133,Y,high,247,Z,high,391,Z,high,485,NA,low,413,Z,ExtraCol1_1,1,ExtraCol4_4,4,NA,NA,ExtraCol10_1,1,ExtraCol13_2,2,152,140,0,147,0,8
207,15.85,B96 B98,S,76,D,high,77,C,high,92,C,medium,17,Y,low,452,Z,low,NA,X,low,NA,Z,low,237,Y,high,491,X,ExtraCol1_5,5,ExtraCol4_4,4,ExtraCol7_5,5,ExtraCol10_1,1,ExtraCol13_5,5,152,162,8,166,140,5
208,18.7875,B96 B98,C,43,A,high,60,B,low,71,NA,high,48,X,NA,286,X,low,47,Z,NA,53,Z,low,13,Z,high,372,Y,ExtraCol1_2,2,ExtraCol4_3,3,ExtraCol7_4,4,ExtraCol10_3,3,ExtraCol13_3,3,147,140,5,0,142,7
209,7.75,B96 B98,Q,26,A,high,51,A,medium,NA,D,unknown,NA,Z,high,158,Y,low,313,X,high,31,X,medium,35,Z,high,467,X,ExtraCol1_1,1,ExtraCol4_2,2,NA,NA,NA,NA,ExtraCol13_2,2,144,165,0,147,169,0
210,31,A31,C,77,C,high,33,NA,high,NA,B,NA,NA,X,medium,183,NA,high,182,Y,high,121,Z,medium,407,X,medium,476,Z,ExtraCol1_5,5,ExtraCol4_2,2,NA,NA,NA,NA,ExtraCol13_2,2,0,162,0,137,0,0
211,7.05,B96 B98,S,26,A,high,76,A,NA,93,D,low,NA,Z,low,429,Z,low,234,Z,high,420,X,NA,171,Y,high,9,Z,ExtraCol1_1,1,ExtraCol4_4,4,ExtraCol7_5,5,NA,NA,ExtraCol13_5,5,144,0,13,147,149,0
212,21,B96 B98,S,43,A,medium,31,NA,high,94,NA,medium,20,Y,medium,333,Y,low,11,X,medium,227,Y,medium,440,Z,low,327,X,ExtraCol1_2,2,ExtraCol4_2,2,ExtraCol7_5,5,ExtraCol10_2,2,ExtraCol13_4,4,0,162,11,0,140,6
213,7.25,B96 B98,S,78,A,high,26,NA,unknown,4,NA,NA,87,Z,high,386,Z,medium,438,X,low,347,Z,medium,253,X,high,166,X,ExtraCol1_5,5,ExtraCol4_1,1,ExtraCol7_1,1,ExtraCol10_5,5,ExtraCol13_4,4,0,159,5,0,0,8
214,13,B96 B98,S,44,D,high,86,C,NA,35,A,unknown,NA,Z,medium,305,X,high,166,Z,medium,481,X,medium,439,Z,medium,247,X,ExtraCol1_3,3,ExtraCol4_4,4,ExtraCol7_2,2,NA,NA,ExtraCol13_3,3,152,0,5,178,169,0
215,7.75,B96 B98,Q,43,A,high,51,D,unknown,41,NA,NA,NA,Z,medium,496,Y,low,37,Y,medium,24,X,medium,NA,Y,low,83,Z,ExtraCol1_2,2,ExtraCol4_2,2,ExtraCol7_3,3,NA,NA,ExtraCol13_5,5,163,159,9,0,0,0
216,113.275,D36,C,27,A,low,51,A,NA,NA,A,NA,72,X,medium,328,X,low,NA,Z,low,54,Z,high,429,X,high,337,Z,ExtraCol1_1,1,ExtraCol4_2,2,NA,NA,ExtraCol10_4,4,ExtraCol13_4,4,144,0,0,178,0,8
217,7.925,B96 B98,S,43,A,unknown,86,D,medium,77,A,low,48,Z,high,200,X,low,489,Y,medium,460,NA,high,273,Z,medium,417,Y,ExtraCol1_2,2,ExtraCol4_4,4,ExtraCol7_4,4,ExtraCol10_3,3,ExtraCol13_2,2,163,165,6,178,149,7
218,27,B96 B98,S,43,A,low,51,D,unknown,69,NA,NA,41,X,medium,126,Z,low,259,NA,low,283,X,high,218,Z,low,205,X,ExtraCol1_2,2,ExtraCol4_2,2,ExtraCol7_4,4,ExtraCol10_3,3,ExtraCol13_2,2,163,159,6,0,0,12
219,76.2917,D15,C,44,C,low,51,C,medium,21,D,unknown,75,X,high,23,Z,low,16,Y,NA,308,X,low,264,X,high,349,Y,ExtraCol1_3,3,ExtraCol4_2,2,ExtraCol7_2,2,ExtraCol10_4,4,ExtraCol13_1,1,152,165,7,147,169,6
220,10.5,B96 B98,S,90,B,high,52,C,low,NA,NA,low,NA,Y,high,383,X,low,495,Z,low,170,X,medium,163,Z,NA,162,Z,ExtraCol1_5,5,ExtraCol4_3,3,NA,NA,NA,NA,ExtraCol13_4,4,152,140,0,0,149,0
221,8.05,B96 B98,S,12,D,low,51,NA,NA,NA,NA,NA,82,X,medium,466,Y,medium,104,Y,low,413,Y,low,301,Z,low,374,Z,ExtraCol1_1,1,ExtraCol4_2,2,NA,NA,ExtraCol10_5,5,ExtraCol13_5,5,0,0,0,0,0,1
222,13,B96 B98,S,45,B,medium,51,A,NA,44,D,NA,68,Y,medium,332,Z,low,NA,NA,low,323,NA,high,385,Y,high,41,Y,ExtraCol1_4,4,ExtraCol4_2,2,ExtraCol7_3,3,ExtraCol10_4,4,ExtraCol13_4,4,144,0,5,147,0,5
223,8.05,B96 B98,S,43,A,medium,51,NA,NA,NA,A,low,76,X,high,243,X,medium,354,Y,high,128,Y,medium,405,Y,high,440,Z,ExtraCol1_2,2,ExtraCol4_2,2,NA,NA,ExtraCol10_4,4,ExtraCol13_3,3,0,0,0,178,149,10
224,7.8958,B96 B98,S,20,C,high,51,NA,NA,NA,NA,low,42,Y,low,65,Z,medium,165,Y,high,324,X,low,489,X,low,189,Z,ExtraCol1_1,1,ExtraCol4_2,2,NA,NA,ExtraCol10_3,3,ExtraCol13_1,1,0,0,0,0,149,8
225,90,C93,S,43,C,high,79,NA,high,92,NA,medium,38,Y,low,321,X,medium,42,Y,medium,1,Z,high,NA,Y,medium,252,Z,ExtraCol1_2,2,ExtraCol4_4,4,ExtraCol7_5,5,ExtraCol10_2,2,ExtraCol13_3,3,0,162,8,0,140,7
226,9.35,B96 B98,S,30,A,high,59,A,low,90,D,high,57,Y,low,NA,Y,medium,341,Y,medium,120,Y,medium,384,Z,high,401,NA,ExtraCol1_2,2,ExtraCol4_3,3,ExtraCol7_5,5,ExtraCol10_3,3,NA,NA,144,140,5,147,142,4
227,10.5,B96 B98,S,80,A,low,51,A,high,1,NA,high,64,NA,NA,311,Z,medium,131,Z,low,101,X,low,444,Z,low,14,X,ExtraCol1_5,5,ExtraCol4_2,2,ExtraCol7_1,1,ExtraCol10_4,4,ExtraCol13_3,3,144,162,6,0,142,6
228,7.25,B96 B98,S,57,C,high,40,A,high,NA,C,high,92,Z,high,150,Z,high,430,X,high,392,Y,low,8,Y,high,472,Y,ExtraCol1_4,4,ExtraCol4_2,2,NA,NA,ExtraCol10_5,5,ExtraCol13_2,2,144,162,0,166,142,5
229,13,B96 B98,S,54,A,high,38,C,unknown,NA,A,NA,85,X,high,432,X,low,76,Y,high,367,X,high,237,X,medium,307,Y,ExtraCol1_4,4,ExtraCol4_2,2,NA,NA,ExtraCol10_5,5,ExtraCol13_5,5,152,159,0,178,0,5
230,25.4667,B96 B98,S,17,A,high,42,C,NA,82,C,medium,5,Z,low,468,X,medium,453,NA,high,45,Y,low,350,Z,NA,487,Z,ExtraCol1_1,1,ExtraCol4_2,2,ExtraCol7_5,5,ExtraCol10_1,1,ExtraCol13_5,5,152,0,7,166,140,12
231,83.475,C83,S,46,A,high,99,NA,NA,80,C,medium,15,Y,low,117,X,medium,361,Z,medium,453,Z,medium,228,Z,high,NA,Z,ExtraCol1_4,4,ExtraCol4_4,4,ExtraCol7_4,4,ExtraCol10_1,1,ExtraCol13_2,2,0,0,6,166,140,9
232,7.775,B96 B98,S,85,C,high,51,A,low,NA,D,medium,94,Y,low,163,Y,medium,119,Y,low,NA,Y,high,50,X,medium,103,Z,ExtraCol1_5,5,ExtraCol4_2,2,NA,NA,ExtraCol10_5,5,ExtraCol13_2,2,144,140,0,147,140,2
233,13.5,B96 B98,S,43,D,high,15,A,high,6,NA,NA,NA,Y,low,NA,X,low,289,Y,NA,217,Z,low,327,Z,medium,291,Z,ExtraCol1_2,2,ExtraCol4_1,1,ExtraCol7_1,1,NA,NA,NA,NA,144,162,5,0,0,0
234,31.3875,B96 B98,S,75,C,high,4,A,unknown,NA,A,low,NA,X,NA,9,Z,low,469,X,medium,105,Z,low,203,NA,medium,285,Y,ExtraCol1_5,5,ExtraCol4_1,1,NA,NA,NA,NA,ExtraCol13_1,1,144,159,0,178,149,0
235,10.5,B96 B98,S,43,A,high,51,NA,low,NA,A,NA,5,Z,medium,258,X,high,32,Y,NA,210,Y,low,308,Z,medium,460,Z,ExtraCol1_2,2,ExtraCol4_2,2,NA,NA,ExtraCol10_1,1,ExtraCol13_3,3,0,140,0,178,0,12
236,7.55,B96 B98,S,43,A,unknown,80,NA,medium,NA,D,unknown,NA,X,high,70,Y,high,409,X,low,294,NA,high,0,Z,high,287,Y,ExtraCol1_2,2,ExtraCol4_4,4,NA,NA,NA,NA,ExtraCol13_1,1,0,165,0,147,169,0
237,26,B96 B98,S,43,B,high,51,B,NA,8,A,NA,40,Z,low,216,Z,medium,230,X,low,315,Z,medium,5,Y,medium,203,Z,ExtraCol1_2,2,ExtraCol4_2,2,ExtraCol7_1,1,ExtraCol10_3,3,ExtraCol13_2,2,147,0,5,178,0,4
238,26.25,B96 B98,S,43,A,low,56,NA,NA,NA,D,NA,NA,X,high,16,Y,low,474,Z,high,173,Y,low,301,NA,medium,NA,NA,ExtraCol1_2,2,ExtraCol4_3,3,NA,NA,NA,NA,ExtraCol13_1,1,0,0,0,147,0,0
239,10.5,B96 B98,S,30,A,medium,79,B,NA,43,B,medium,77,Z,high,70,Y,medium,104,Y,low,50,Z,low,491,X,high,162,X,ExtraCol1_2,2,ExtraCol4_4,4,ExtraCol7_3,3,ExtraCol10_5,5,ExtraCol13_1,1,147,0,4,137,140,5
240,12.275,B96 B98,S,62,A,high,51,D,medium,76,NA,high,89,Y,low,201,X,low,359,Z,high,304,Y,high,319,X,high,290,NA,ExtraCol1_4,4,ExtraCol4_2,2,ExtraCol7_4,4,ExtraCol10_5,5,ExtraCol13_2,2,163,165,3,0,142,6
241,14.4542,B96 B98,C,14,A,low,90,NA,medium,31,D,high,NA,Y,low,NA,Z,low,483,X,high,352,Z,low,471,X,medium,184,X,ExtraCol1_1,1,ExtraCol4_4,4,ExtraCol7_2,2,NA,NA,NA,NA,0,165,8,147,142,0
242,15.5,B96 B98,Q,58,A,unknown,63,NA,unknown,NA,C,NA,NA,Z,medium,398,NA,low,171,Z,low,133,X,low,423,Z,medium,181,NA,ExtraCol1_4,4,ExtraCol4_3,3,NA,NA,NA,NA,ExtraCol13_4,4,0,159,0,166,0,0
243,10.5,B96 B98,S,9,B,unknown,73,B,NA,NA,C,low,54,X,high,289,Z,low,53,Y,medium,319,Y,medium,140,Y,medium,7,Z,ExtraCol1_1,1,ExtraCol4_4,4,NA,NA,ExtraCol10_3,3,ExtraCol13_3,3,147,0,0,166,149,5
244,7.125,B96 B98,S,64,C,unknown,78,A,low,NA,D,NA,54,Y,high,225,X,low,196,X,low,284,X,medium,51,X,medium,471,X,ExtraCol1_4,4,ExtraCol4_4,4,NA,NA,ExtraCol10_3,3,ExtraCol13_3,3,144,140,0,147,0,5
245,7.225,B96 B98,C,43,D,low,62,D,unknown,29,D,high,3,Z,high,236,Y,low,299,Y,high,250,X,medium,279,NA,medium,418,Y,ExtraCol1_2,2,ExtraCol4_3,3,ExtraCol7_2,2,ExtraCol10_1,1,ExtraCol13_3,3,163,159,11,147,142,7
246,90,C78,Q,8,D,high,5,NA,medium,25,C,low,NA,X,low,419,Z,medium,315,Z,medium,4,Y,high,310,Z,NA,127,Z,ExtraCol1_1,1,ExtraCol4_1,1,ExtraCol7_2,2,NA,NA,ExtraCol13_5,5,0,165,5,166,149,0
247,7.775,B96 B98,S,43,B,high,42,NA,unknown,NA,B,high,NA,X,high,422,Z,high,240,Z,low,153,X,low,385,Y,medium,68,Z,ExtraCol1_2,2,ExtraCol4_2,2,NA,NA,NA,NA,ExtraCol13_5,5,0,159,0,137,142,0
248,14.5,B96 B98,S,41,B,high,14,A,NA,28,D,NA,NA,Y,high,23,NA,low,466,NA,high,187,X,medium,260,Z,medium,417,Y,ExtraCol1_2,2,ExtraCol4_1,1,ExtraCol7_2,2,NA,NA,ExtraCol13_1,1,144,0,5,147,0,0
249,52.5542,D35,S,78,A,unknown,51,B,NA,68,C,NA,NA,X,NA,342,Z,low,289,Z,high,416,Z,low,NA,X,low,418,Y,ExtraCol1_5,5,ExtraCol4_2,2,ExtraCol7_4,4,NA,NA,ExtraCol13_4,4,147,0,10,166,0,0
250,26,B96 B98,S,4,A,high,51,NA,low,NA,NA,high,44,Z,low,234,X,low,320,X,high,413,X,medium,421,X,high,448,X,ExtraCol1_1,1,ExtraCol4_2,2,NA,NA,ExtraCol10_3,3,ExtraCol13_3,3,0,140,0,0,142,6
251,7.25,B96 B98,S,17,C,high,51,C,unknown,NA,NA,NA,NA,Z,low,391,Z,medium,478,X,medium,436,Z,low,292,Y,high,273,Z,ExtraCol1_1,1,ExtraCol4_2,2,NA,NA,NA,NA,ExtraCol13_4,4,152,159,0,0,0,0
252,10.4625,G6,S,49,B,high,51,A,high,NA,C,NA,NA,X,low,393,Y,high,469,Z,high,231,X,high,275,Y,low,367,X,ExtraCol1_4,4,ExtraCol4_2,2,NA,NA,NA,NA,ExtraCol13_4,4,144,162,0,166,0,0
253,26.55,C87,S,18,A,high,2,C,medium,NA,B,low,70,X,high,354,NA,low,170,Y,medium,163,Y,high,9,Z,low,364,Z,ExtraCol1_1,1,ExtraCol4_1,1,NA,NA,ExtraCol10_4,4,ExtraCol13_4,4,152,165,0,137,149,13
254,16.1,B96 B98,S,43,C,unknown,51,D,unknown,58,D,medium,63,Z,low,337,Y,low,143,Y,medium,249,X,high,390,Z,medium,NA,Z,ExtraCol1_2,2,ExtraCol4_2,2,ExtraCol7_3,3,ExtraCol10_4,4,ExtraCol13_4,4,163,159,5,147,140,9
255,20.2125,B96 B98,S,43,B,high,50,D,unknown,NA,NA,high,10,Y,high,105,Y,low,374,Z,medium,395,X,low,340,X,high,261,X,ExtraCol1_2,2,ExtraCol4_2,2,NA,NA,ExtraCol10_1,1,ExtraCol13_1,1,163,159,0,0,142,7
256,15.2458,B96 B98,C,14,A,unknown,7,NA,NA,25,NA,medium,29,Z,low,426,Z,medium,262,Z,low,NA,Z,low,448,NA,medium,130,Y,ExtraCol1_1,1,ExtraCol4_1,1,ExtraCol7_2,2,ExtraCol10_2,2,ExtraCol13_5,5,0,0,5,0,140,4
257,79.2,B96 B98,C,43,C,low,51,NA,NA,98,C,unknown,84,Z,high,350,Z,medium,223,Z,medium,300,X,high,46,X,high,376,Z,ExtraCol1_2,2,ExtraCol4_2,2,ExtraCol7_5,5,ExtraCol10_5,5,ExtraCol13_4,4,0,0,5,166,169,5
258,86.5,B77,S,10,A,high,75,C,high,20,C,unknown,NA,Y,high,136,Z,medium,349,NA,high,217,Z,medium,73,Y,low,485,Y,ExtraCol1_1,1,ExtraCol4_4,4,ExtraCol7_1,1,NA,NA,ExtraCol13_2,2,152,162,8,166,169,0
259,512.3292,B96 B98,C,43,A,high,70,A,medium,13,C,unknown,NA,X,medium,116,X,low,330,Z,low,348,Y,low,335,Z,medium,38,X,ExtraCol1_2,2,ExtraCol4_4,4,ExtraCol7_1,1,NA,NA,ExtraCol13_2,2,144,165,4,166,169,0
260,26,B96 B98,S,58,A,low,17,A,NA,82,D,low,52,Y,medium,250,Y,high,456,X,medium,433,Y,medium,244,Z,high,37,X,ExtraCol1_4,4,ExtraCol4_1,1,ExtraCol7_5,5,ExtraCol10_3,3,ExtraCol13_3,3,144,0,7,147,149,6
261,7.75,B96 B98,Q,79,B,medium,51,D,NA,89,B,NA,11,Y,low,171,Z,medium,182,NA,low,333,Z,high,293,X,high,132,Y,ExtraCol1_5,5,ExtraCol4_2,2,ExtraCol7_5,5,ExtraCol10_1,1,ExtraCol13_2,2,163,0,8,137,0,12
262,31.3875,B96 B98,S,17,D,high,63,NA,NA,9,D,low,12,Y,low,338,NA,high,NA,Y,medium,201,NA,high,217,Y,low,58,X,ExtraCol1_1,1,ExtraCol4_3,3,ExtraCol7_1,1,ExtraCol10_1,1,ExtraCol13_4,4,0,0,6,147,149,4
263,79.65,E67,S,29,A,high,39,NA,NA,59,NA,high,98,X,high,203,Y,high,113,Y,high,419,Y,low,320,Z,high,4,Z,ExtraCol1_2,2,ExtraCol4_2,2,ExtraCol7_3,3,ExtraCol10_5,5,ExtraCol13_2,2,0,0,9,0,142,7
264,0,B94,S,92,A,low,0,NA,NA,NA,A,medium,3,X,high,84,Z,low,468,X,high,471,Y,NA,329,NA,low,489,Z,ExtraCol1_5,5,ExtraCol4_1,1,NA,NA,ExtraCol10_1,1,ExtraCol13_1,1,0,0,0,178,140,7
265,7.75,B96 B98,Q,98,C,medium,51,NA,NA,22,C,NA,2,NA,high,197,Y,low,41,Z,low,398,Y,NA,94,Z,low,291,X,ExtraCol1_5,5,ExtraCol4_2,2,ExtraCol7_2,2,ExtraCol10_1,1,ExtraCol13_2,2,0,0,6,166,0,4
266,10.5,B96 B98,S,58,D,high,79,C,medium,NA,A,NA,1,Y,medium,407,X,high,375,X,high,438,Z,medium,380,Y,high,388,X,ExtraCol1_4,4,ExtraCol4_4,4,NA,NA,ExtraCol10_1,1,ExtraCol13_4,4,152,165,0,178,0,7
267,39.6875,B96 B98,S,44,A,high,3,C,low,68,D,low,62,Y,low,415,Z,high,50,Y,low,132,Y,high,246,X,high,283,X,ExtraCol1_3,3,ExtraCol4_1,1,ExtraCol7_4,4,ExtraCol10_4,4,ExtraCol13_5,5,152,140,10,147,149,9
268,7.775,B96 B98,S,34,C,medium,51,D,unknown,57,NA,high,NA,X,low,155,Y,medium,440,X,low,210,X,high,287,X,low,NA,Y,ExtraCol1_2,2,ExtraCol4_2,2,ExtraCol7_3,3,NA,NA,ExtraCol13_2,2,163,159,10,0,142,0
269,153.4625,C125,S,61,D,high,38,D,high,51,NA,high,NA,Z,high,397,Y,low,479,Z,high,124,Z,medium,308,Z,high,343,Z,ExtraCol1_4,4,ExtraCol4_2,2,ExtraCol7_3,3,NA,NA,ExtraCol13_4,4,163,162,4,0,142,0
270,135.6333,C99,S,43,A,high,51,A,high,88,C,high,79,Z,low,46,X,low,408,X,low,182,Y,medium,372,Y,high,80,X,ExtraCol1_2,2,ExtraCol4_2,2,ExtraCol7_5,5,ExtraCol10_5,5,ExtraCol13_1,1,144,162,7,166,142,9
271,31,B96 B98,S,29,A,high,47,NA,low,NA,B,medium,71,Z,low,492,X,high,394,Z,low,366,Z,medium,150,Z,low,75,Z,ExtraCol1_2,2,ExtraCol4_2,2,NA,NA,ExtraCol10_4,4,ExtraCol13_5,5,0,140,0,137,140,7
272,0,B96 B98,S,43,D,high,42,A,low,62,B,NA,NA,Z,low,382,Y,high,239,Z,low,338,Y,medium,3,Y,low,244,Z,ExtraCol1_2,2,ExtraCol4_2,2,ExtraCol7_4,4,NA,NA,ExtraCol13_4,4,144,140,8,137,0,0
273,19.5,B96 B98,S,15,A,unknown,51,B,low,31,D,NA,7,Y,medium,20,Z,NA,122,Y,medium,1,X,low,90,Y,low,185,X,ExtraCol1_1,1,ExtraCol4_2,2,ExtraCol7_2,2,ExtraCol10_1,1,ExtraCol13_1,1,147,140,8,147,0,8
274,29.7,C118,C,95,C,low,5,B,NA,97,NA,NA,48,X,high,352,X,NA,492,X,medium,377,Z,high,482,Z,high,420,X,ExtraCol1_5,5,ExtraCol4_1,1,ExtraCol7_5,5,ExtraCol10_3,3,ExtraCol13_4,4,147,0,11,0,0,7
275,7.75,B96 B98,Q,41,B,high,3,D,unknown,25,D,unknown,8,Y,medium,247,Z,low,264,X,high,96,NA,medium,111,Z,medium,153,Z,ExtraCol1_2,2,ExtraCol4_1,1,ExtraCol7_2,2,ExtraCol10_1,1,ExtraCol13_3,3,163,159,5,147,169,7
276,77.9583,D7,S,48,C,low,9,NA,medium,NA,B,medium,11,Y,high,441,Z,low,408,Y,high,92,X,low,124,X,medium,164,Y,ExtraCol1_4,4,ExtraCol4_1,1,NA,NA,ExtraCol10_1,1,ExtraCol13_5,5,0,165,0,137,140,12
277,7.75,B96 B98,S,43,A,low,69,NA,high,63,NA,low,46,Z,medium,119,NA,medium,357,Y,high,271,Z,medium,429,Z,medium,264,Y,ExtraCol1_2,2,ExtraCol4_3,3,ExtraCol7_4,4,ExtraCol10_3,3,ExtraCol13_2,2,0,162,9,0,149,6
278,0,B96 B98,S,78,A,high,78,NA,NA,NA,C,unknown,NA,X,high,446,Z,medium,350,Y,medium,120,X,medium,117,X,medium,96,X,ExtraCol1_5,5,ExtraCol4_4,4,NA,NA,NA,NA,ExtraCol13_5,5,0,0,0,166,169,0
279,29.125,B96 B98,Q,43,C,high,51,B,unknown,75,A,medium,99,X,NA,435,Z,NA,176,X,low,481,Z,high,232,Z,medium,429,Y,ExtraCol1_2,2,ExtraCol4_2,2,ExtraCol7_4,4,ExtraCol10_5,5,ExtraCol13_5,5,147,159,11,178,140,9
280,20.25,B96 B98,S,43,A,high,7,NA,medium,24,A,low,NA,X,medium,139,Z,low,213,NA,high,73,Y,high,185,X,low,5,NA,ExtraCol1_2,2,ExtraCol4_1,1,ExtraCol7_2,2,NA,NA,ExtraCol13_2,2,0,165,3,178,149,0
281,7.75,B96 B98,Q,43,B,medium,41,NA,medium,26,NA,low,27,X,low,216,NA,high,NA,X,medium,75,Y,medium,NA,NA,medium,423,Z,ExtraCol1_2,2,ExtraCol4_2,2,ExtraCol7_2,2,ExtraCol10_2,2,ExtraCol13_2,2,0,165,7,0,149,9
282,7.8542,B96 B98,S,43,A,high,98,NA,NA,34,NA,medium,32,Y,high,320,Z,medium,NA,Y,low,380,X,high,297,X,low,311,Y,ExtraCol1_2,2,ExtraCol4_4,4,ExtraCol7_2,2,ExtraCol10_2,2,ExtraCol13_3,3,0,0,5,0,140,7
283,9.5,B96 B98,S,67,D,medium,51,D,low,68,A,low,NA,X,medium,120,Z,NA,359,X,medium,143,X,low,257,Z,high,443,Y,ExtraCol1_4,4,ExtraCol4_2,2,ExtraCol7_4,4,NA,NA,ExtraCol13_2,2,163,140,10,178,149,0
284,8.05,B96 B98,S,49,A,low,51,A,unknown,39,C,NA,NA,X,low,499,X,high,99,Y,medium,357,Z,high,250,Z,low,146,X,ExtraCol1_4,4,ExtraCol4_2,2,ExtraCol7_2,2,NA,NA,ExtraCol13_5,5,144,159,9,166,0,0
285,26,A19,S,44,B,medium,53,C,NA,56,A,high,51,Y,low,NA,Y,medium,113,Y,medium,340,Y,medium,417,NA,low,450,Z,ExtraCol1_3,3,ExtraCol4_3,3,ExtraCol7_3,3,ExtraCol10_3,3,NA,NA,152,0,8,178,142,9
286,8.6625,B96 B98,C,43,C,high,51,B,medium,55,D,NA,76,Z,medium,121,NA,medium,24,Z,medium,94,NA,medium,290,Y,medium,NA,Z,ExtraCol1_2,2,ExtraCol4_2,2,ExtraCol7_3,3,ExtraCol10_4,4,ExtraCol13_2,2,147,165,6,147,0,10
287,9.5,B96 B98,S,43,A,high,51,NA,high,19,D,NA,84,Y,medium,250,Y,low,NA,Y,high,289,Y,NA,254,Z,medium,228,Z,ExtraCol1_2,2,ExtraCol4_2,2,ExtraCol7_1,1,ExtraCol10_5,5,ExtraCol13_3,3,0,162,8,147,0,5
288,7.8958,B96 B98,S,57,D,medium,47,C,high,23,NA,low,5,X,low,236,X,high,334,X,low,268,Z,low,443,X,medium,141,Z,ExtraCol1_4,4,ExtraCol4_2,2,ExtraCol7_2,2,ExtraCol10_1,1,ExtraCol13_3,3,152,162,10,0,149,12
289,13,B96 B98,S,43,B,high,51,NA,NA,30,A,unknown,28,X,medium,25,Z,high,105,X,high,47,X,high,46,Y,high,98,Z,ExtraCol1_2,2,ExtraCol4_2,2,ExtraCol7_2,2,ExtraCol10_2,2,ExtraCol13_1,1,0,0,6,178,169,6
290,7.75,B96 B98,Q,47,D,high,51,NA,high,NA,B,NA,25,Z,NA,455,NA,low,355,Z,low,382,Z,NA,416,Z,NA,75,Z,ExtraCol1_4,4,ExtraCol4_2,2,NA,NA,ExtraCol10_2,2,ExtraCol13_5,5,0,162,0,137,0,4
291,78.85,B96 B98,S,43,A,high,51,D,unknown,NA,NA,NA,55,Y,high,120,Z,high,1,Z,low,428,Z,high,98,Y,medium,291,Z,ExtraCol1_2,2,ExtraCol4_2,2,NA,NA,ExtraCol10_3,3,ExtraCol13_2,2,163,159,0,0,0,6
292,91.0792,B49,C,26,C,medium,5,NA,NA,NA,NA,high,NA,Y,low,51,X,high,433,X,high,473,Y,low,165,X,high,480,Y,ExtraCol1_1,1,ExtraCol4_1,1,NA,NA,NA,NA,ExtraCol13_1,1,0,0,0,0,142,0
293,12.875,D,C,95,C,high,0,NA,NA,NA,C,NA,NA,Z,NA,259,X,medium,345,Z,low,43,X,low,6,Y,medium,282,X,ExtraCol1_5,5,ExtraCol4_1,1,NA,NA,NA,NA,ExtraCol13_3,3,0,0,0,166,0,0
294,8.85,B96 B98,S,33,A,unknown,41,A,NA,67,C,NA,91,Y,high,464,Y,high,341,Y,high,89,Z,high,285,Y,low,482,X,ExtraCol1_2,2,ExtraCol4_2,2,ExtraCol7_4,4,ExtraCol10_5,5,ExtraCol13_5,5,144,0,6,166,0,7
295,7.8958,B96 B98,S,43,A,high,51,D,NA,NA,C,unknown,33,Y,low,1,X,medium,353,NA,high,412,Z,high,415,Z,low,377,Z,ExtraCol1_2,2,ExtraCol4_2,2,NA,NA,ExtraCol10_2,2,ExtraCol13_1,1,163,0,0,166,169,6
296,27.7208,B96 B98,C,43,A,high,51,NA,unknown,68,NA,high,NA,Z,low,244,Y,NA,179,Y,NA,152,NA,low,190,Z,low,342,Z,ExtraCol1_2,2,ExtraCol4_2,2,ExtraCol7_4,4,NA,NA,ExtraCol13_3,3,0,159,10,0,142,0
297,7.2292,B96 B98,C,84,C,high,7,B,medium,NA,A,medium,43,X,NA,455,Y,low,497,Z,medium,312,Y,low,331,Y,low,362,Y,ExtraCol1_5,5,ExtraCol4_1,1,NA,NA,ExtraCol10_3,3,ExtraCol13_5,5,147,165,0,178,140,6
298,151.55,C22 C26,S,43,A,high,67,D,NA,NA,NA,unknown,NA,Y,high,446,X,low,NA,X,high,174,Z,medium,196,Z,high,464,Z,ExtraCol1_2,2,ExtraCol4_3,3,NA,NA,NA,NA,ExtraCol13_5,5,163,0,0,0,169,0
299,30.5,C106,S,28,A,high,45,NA,high,89,NA,medium,88,Y,high,85,Z,medium,90,Z,high,108,X,low,379,X,medium,429,X,ExtraCol1_1,1,ExtraCol4_2,2,ExtraCol7_5,5,ExtraCol10_5,5,ExtraCol13_1,1,0,162,8,0,140,4
300,247.5208,B58 B60,C,2,A,high,23,NA,NA,20,D,NA,NA,X,medium,NA,X,low,461,X,medium,312,X,medium,499,X,medium,80,Y,ExtraCol1_1,1,ExtraCol4_1,1,ExtraCol7_1,1,NA,NA,NA,NA,0,0,8,147,0,0
301,7.75,B96 B98,Q,36,D,unknown,20,D,medium,16,C,low,33,NA,high,417,Z,high,369,Z,low,102,Y,low,357,Y,medium,292,Y,ExtraCol1_2,2,ExtraCol4_1,1,ExtraCol7_1,1,ExtraCol10_2,2,ExtraCol13_5,5,163,165,7,166,149,6
302,23.25,B96 B98,Q,82,A,unknown,66,D,unknown,39,B,low,NA,Z,medium,335,X,low,155,X,medium,68,Y,low,170,Z,low,230,X,ExtraCol1_5,5,ExtraCol4_3,3,ExtraCol7_2,2,NA,NA,ExtraCol13_4,4,163,159,9,137,149,0
303,0,B96 B98,S,0,B,unknown,52,B,unknown,83,C,unknown,38,X,high,328,Y,high,473,X,low,265,Y,low,412,Z,high,439,Z,ExtraCol1_1,1,ExtraCol4_3,3,ExtraCol7_5,5,ExtraCol10_2,2,ExtraCol13_4,4,147,159,8,166,169,7
304,12.35,E101,Q,89,A,unknown,51,B,medium,96,C,NA,NA,Y,high,386,Z,medium,124,X,low,96,Y,low,18,Y,low,102,Y,ExtraCol1_5,5,ExtraCol4_2,2,ExtraCol7_5,5,NA,NA,ExtraCol13_4,4,147,165,7,166,0,0
305,8.05,B96 B98,S,43,D,unknown,28,NA,medium,NA,NA,NA,30,Y,high,226,X,high,322,Z,high,96,Z,low,493,X,medium,409,X,ExtraCol1_2,2,ExtraCol4_1,1,NA,NA,ExtraCol10_2,2,ExtraCol13_3,3,0,165,0,0,0,5
306,151.55,C22 C26,S,14,B,high,52,A,NA,NA,B,NA,10,X,medium,33,Z,high,335,Y,medium,390,Y,medium,419,Z,high,239,Z,ExtraCol1_1,1,ExtraCol4_3,3,NA,NA,ExtraCol10_1,1,ExtraCol13_1,1,144,0,0,137,0,7
307,110.8833,B96 B98,C,43,B,low,86,C,NA,23,C,NA,NA,X,medium,319,X,high,481,Z,high,264,Y,low,326,Y,high,466,Y,ExtraCol1_2,2,ExtraCol4_4,4,ExtraCol7_2,2,NA,NA,ExtraCol13_3,3,152,0,10,166,0,0
308,108.9,C65,C,55,C,high,31,NA,medium,59,A,NA,65,NA,low,313,Z,medium,285,X,high,271,Z,low,310,X,medium,NA,Y,ExtraCol1_4,4,ExtraCol4_2,2,ExtraCol7_3,3,ExtraCol10_4,4,ExtraCol13_3,3,0,165,9,178,0,9
309,24,B96 B98,C,31,A,low,39,D,NA,18,A,high,93,Z,high,425,Z,high,497,Z,low,71,X,low,126,Y,high,172,Y,ExtraCol1_2,2,ExtraCol4_2,2,ExtraCol7_1,1,ExtraCol10_5,5,ExtraCol13_5,5,163,0,5,178,142,4
310,56.9292,E36,C,43,D,low,16,NA,low,53,A,NA,0,Y,low,461,X,low,142,Z,high,80,Z,high,215,Z,low,422,Y,ExtraCol1_2,2,ExtraCol4_1,1,ExtraCol7_3,3,ExtraCol10_1,1,ExtraCol13_5,5,0,140,6,178,0,8
311,83.1583,C54,C,66,D,unknown,51,C,NA,NA,NA,medium,63,Y,medium,168,Y,medium,400,Y,high,195,Z,low,50,X,NA,93,Y,ExtraCol1_4,4,ExtraCol4_2,2,NA,NA,ExtraCol10_4,4,ExtraCol13_2,2,152,0,0,0,140,9
312,262.375,B57 B59 B63 B66,C,67,A,unknown,3,C,medium,7,A,low,56,Y,medium,478,Z,low,122,Z,low,NA,Y,high,169,Y,medium,2,Z,ExtraCol1_4,4,ExtraCol4_1,1,ExtraCol7_1,1,ExtraCol10_3,3,ExtraCol13_5,5,152,165,5,178,149,6
313,26,B96 B98,S,43,C,high,24,C,unknown,96,B,unknown,62,Z,NA,4,X,low,499,X,medium,225,Y,low,294,X,low,253,Z,ExtraCol1_2,2,ExtraCol4_1,1,ExtraCol7_5,5,ExtraCol10_4,4,ExtraCol13_1,1,152,159,7,137,169,9
314,7.8958,B96 B98,S,28,C,high,51,A,unknown,89,NA,unknown,98,Z,high,484,X,medium,381,X,high,67,Y,low,181,Z,low,NA,Y,ExtraCol1_1,1,ExtraCol4_2,2,ExtraCol7_5,5,ExtraCol10_5,5,ExtraCol13_5,5,144,159,8,0,169,7
315,26.25,B96 B98,S,24,A,high,1,B,unknown,NA,B,medium,39,X,high,NA,X,low,312,X,low,449,X,medium,385,X,high,62,NA,ExtraCol1_1,1,ExtraCol4_1,1,NA,NA,ExtraCol10_2,2,NA,NA,147,159,0,137,140,7
316,7.8542,B96 B98,S,43,D,high,98,NA,NA,62,A,NA,NA,Y,high,322,NA,medium,33,X,NA,181,Y,high,426,Z,high,497,X,ExtraCol1_2,2,ExtraCol4_4,4,ExtraCol7_4,4,NA,NA,ExtraCol13_3,3,0,0,8,178,0,0
317,26,B96 B98,S,43,A,unknown,40,B,NA,NA,D,low,1,Y,NA,341,Z,medium,NA,Z,medium,408,Z,low,280,Z,low,19,Z,ExtraCol1_2,2,ExtraCol4_2,2,NA,NA,ExtraCol10_1,1,ExtraCol13_4,4,147,0,0,147,149,7
318,14,B96 B98,S,43,A,medium,51,D,high,57,B,NA,NA,X,medium,316,Y,NA,72,Y,high,200,NA,low,170,Z,low,294,X,ExtraCol1_2,2,ExtraCol4_2,2,ExtraCol7_3,3,NA,NA,ExtraCol13_3,3,163,162,10,137,0,0
319,164.8667,C7,S,93,C,high,53,NA,unknown,NA,A,NA,17,NA,medium,495,Y,medium,458,Y,low,236,X,high,151,Y,NA,130,Z,ExtraCol1_5,5,ExtraCol4_3,3,NA,NA,ExtraCol10_1,1,ExtraCol13_5,5,0,159,0,178,0,5
320,134.5,E34,C,43,A,high,51,B,low,53,NA,NA,NA,X,high,276,Z,high,189,Z,high,56,Y,low,273,Z,low,148,Y,ExtraCol1_2,2,ExtraCol4_2,2,ExtraCol7_3,3,NA,NA,ExtraCol13_3,3,147,140,6,0,0,0
321,7.25,B96 B98,S,43,D,low,51,NA,high,NA,NA,low,NA,Z,medium,65,X,medium,415,Z,high,338,X,low,359,X,low,105,Y,ExtraCol1_2,2,ExtraCol4_2,2,NA,NA,NA,NA,ExtraCol13_1,1,0,162,0,0,149,0
322,7.8958,B96 B98,S,43,D,high,88,A,low,39,NA,NA,27,X,medium,303,Z,low,453,Y,low,29,Z,low,63,NA,high,194,X,ExtraCol1_2,2,ExtraCol4_4,4,ExtraCol7_2,2,ExtraCol10_2,2,ExtraCol13_3,3,144,140,9,0,0,9
323,12.35,B96 B98,Q,43,C,high,51,B,NA,84,NA,low,11,Y,low,145,X,medium,55,Y,low,373,Y,high,223,X,high,333,Y,ExtraCol1_2,2,ExtraCol4_2,2,ExtraCol7_5,5,ExtraCol10_1,1,ExtraCol13_2,2,147,0,7,0,149,12
324,29,B96 B98,S,91,B,high,51,B,medium,25,NA,high,NA,Z,medium,306,X,medium,379,X,medium,440,NA,high,220,X,high,161,Z,ExtraCol1_5,5,ExtraCol4_2,2,ExtraCol7_2,2,NA,NA,ExtraCol13_3,3,147,165,5,0,142,0
325,69.55,B96 B98,S,43,B,medium,70,D,high,96,B,high,65,Y,medium,190,NA,high,151,Z,medium,180,Y,high,143,Y,low,360,X,ExtraCol1_2,2,ExtraCol4_4,4,ExtraCol7_5,5,ExtraCol10_4,4,ExtraCol13_2,2,163,162,7,137,142,9
326,135.6333,C32,C,23,B,high,30,NA,unknown,75,NA,NA,28,X,low,21,Y,medium,54,Z,low,443,Y,medium,118,Y,high,223,Z,ExtraCol1_1,1,ExtraCol4_1,1,ExtraCol7_4,4,ExtraCol10_2,2,ExtraCol13_1,1,0,159,11,0,0,6
327,6.2375,B96 B98,S,23,C,unknown,99,A,low,89,B,low,13,X,high,318,Y,low,130,Y,low,349,Y,low,420,Z,low,392,X,ExtraCol1_1,1,ExtraCol4_4,4,ExtraCol7_5,5,ExtraCol10_1,1,ExtraCol13_3,3,144,140,8,137,149,5
328,13,D,S,3,A,high,25,NA,high,50,NA,medium,57,Y,high,44,X,low,274,Y,medium,1,Y,low,216,X,high,222,Y,ExtraCol1_1,1,ExtraCol4_1,1,ExtraCol7_3,3,ExtraCol10_3,3,ExtraCol13_1,1,0,162,7,0,140,4
329,20.525,B96 B98,S,43,C,medium,29,NA,low,22,A,low,NA,Z,high,163,Y,low,NA,Z,high,101,Z,high,288,Y,medium,182,Y,ExtraCol1_2,2,ExtraCol4_1,1,ExtraCol7_2,2,NA,NA,ExtraCol13_2,2,0,140,6,178,149,0
330,57.9792,B18,C,55,D,medium,71,A,low,3,D,high,NA,Y,low,309,Z,medium,345,Y,medium,320,Z,high,19,Z,low,253,Z,ExtraCol1_4,4,ExtraCol4_4,4,ExtraCol7_1,1,NA,NA,ExtraCol13_3,3,144,140,7,147,142,0
331,23.25,B96 B98,Q,54,A,high,78,C,NA,53,NA,low,38,X,low,440,X,NA,116,Y,high,350,X,low,141,X,high,343,X,ExtraCol1_4,4,ExtraCol4_4,4,ExtraCol7_3,3,ExtraCol10_2,2,ExtraCol13_5,5,152,0,6,0,149,7
332,28.5,C124,S,43,C,medium,12,C,high,39,D,high,NA,Z,low,157,X,high,147,Z,NA,46,X,high,111,Z,medium,NA,NA,ExtraCol1_2,2,ExtraCol4_1,1,ExtraCol7_2,2,NA,NA,ExtraCol13_2,2,152,162,9,147,142,0
333,153.4625,C91,S,30,A,high,55,NA,low,11,C,unknown,24,Y,high,149,X,low,152,NA,medium,342,Z,high,164,Y,low,453,Z,ExtraCol1_2,2,ExtraCol4_3,3,ExtraCol7_1,1,ExtraCol10_2,2,ExtraCol13_2,2,0,140,8,166,169,2
334,18,B96 B98,S,82,C,high,51,B,medium,NA,D,high,28,X,high,150,Y,medium,368,Z,high,405,Y,high,420,Y,high,258,X,ExtraCol1_5,5,ExtraCol4_2,2,NA,NA,ExtraCol10_2,2,ExtraCol13_2,2,147,165,0,147,142,6
335,133.65,B96 B98,S,43,A,high,61,NA,NA,97,NA,NA,14,Y,medium,287,Z,low,259,X,medium,45,X,high,NA,X,high,148,Y,ExtraCol1_2,2,ExtraCol4_3,3,ExtraCol7_5,5,ExtraCol10_1,1,ExtraCol13_3,3,0,0,11,0,0,11
336,7.8958,B96 B98,S,80,A,unknown,55,NA,medium,NA,D,NA,NA,X,low,96,X,high,11,NA,high,439,Y,medium,451,X,medium,NA,NA,ExtraCol1_5,5,ExtraCol4_3,3,NA,NA,NA,NA,ExtraCol13_1,1,0,165,0,147,0,0
337,66.6,C2,S,96,A,medium,51,B,unknown,NA,C,NA,14,Z,medium,NA,Z,medium,38,Y,high,266,X,low,211,Z,medium,196,X,ExtraCol1_5,5,ExtraCol4_2,2,NA,NA,ExtraCol10_1,1,NA,NA,147,159,0,166,0,11
338,134.5,E40,C,31,A,medium,51,NA,NA,NA,D,NA,68,Z,high,400,Z,medium,37,X,high,308,X,NA,385,Z,NA,27,Y,ExtraCol1_2,2,ExtraCol4_2,2,NA,NA,ExtraCol10_4,4,ExtraCol13_4,4,0,0,0,147,0,5
339,8.05,B96 B98,S,20,A,high,65,NA,NA,NA,NA,NA,NA,X,medium,NA,Y,medium,480,Z,low,25,X,low,80,NA,medium,17,Y,ExtraCol1_1,1,ExtraCol4_3,3,NA,NA,NA,NA,NA,NA,0,0,0,0,0,0
340,35.5,T,S,95,A,high,67,D,NA,62,NA,unknown,NA,Y,low,482,Z,low,252,Y,low,306,X,NA,407,Y,NA,185,X,ExtraCol1_5,5,ExtraCol4_3,3,ExtraCol7_4,4,NA,NA,ExtraCol13_5,5,163,0,8,0,169,0
341,26,F2,S,63,A,unknown,51,C,high,41,C,unknown,NA,X,NA,265,NA,low,245,Z,high,227,X,high,305,Y,medium,145,Z,ExtraCol1_4,4,ExtraCol4_2,2,ExtraCol7_3,3,NA,NA,ExtraCol13_3,3,152,162,9,166,169,0
342,263,C23 C25 C27,S,29,A,low,51,NA,medium,NA,A,medium,63,Y,high,313,Z,high,380,NA,high,185,Z,low,19,Y,high,442,Z,ExtraCol1_2,2,ExtraCol4_2,2,NA,NA,ExtraCol10_4,4,ExtraCol13_3,3,0,165,0,178,140,9
343,13,B96 B98,S,62,B,unknown,72,B,NA,18,NA,medium,75,X,high,308,Y,low,95,Y,medium,390,Y,high,344,Z,low,365,X,ExtraCol1_4,4,ExtraCol4_4,4,ExtraCol7_1,1,ExtraCol10_4,4,ExtraCol13_3,3,147,0,5,0,140,6
344,13,B96 B98,S,51,C,high,77,NA,medium,66,A,low,56,Z,medium,472,X,high,15,Y,low,NA,Y,high,239,Y,low,395,Y,ExtraCol1_4,4,ExtraCol4_4,4,ExtraCol7_4,4,ExtraCol10_3,3,ExtraCol13_5,5,0,165,8,178,149,6
345,13,B96 B98,S,43,A,high,12,B,low,98,A,NA,NA,X,high,332,Z,low,NA,Y,high,29,Z,medium,NA,X,low,272,Z,ExtraCol1_2,2,ExtraCol4_1,1,ExtraCol7_5,5,NA,NA,ExtraCol13_4,4,147,140,5,178,0,0
346,13,F33,S,25,C,high,88,NA,low,85,NA,high,25,Z,low,441,Y,low,NA,NA,medium,249,Z,low,423,X,low,55,X,ExtraCol1_1,1,ExtraCol4_4,4,ExtraCol7_5,5,ExtraCol10_2,2,ExtraCol13_5,5,0,140,5,0,142,4
347,13,B96 B98,S,99,A,unknown,51,NA,medium,4,NA,NA,NA,X,high,142,X,high,399,X,low,371,Z,low,268,Z,high,425,X,ExtraCol1_5,5,ExtraCol4_2,2,ExtraCol7_1,1,NA,NA,ExtraCol13_2,2,0,165,5,0,0,0
348,16.1,B96 B98,S,43,A,low,51,C,unknown,11,A,medium,NA,X,low,108,Z,high,409,Y,medium,66,X,high,303,Z,medium,247,Y,ExtraCol1_2,2,ExtraCol4_2,2,ExtraCol7_1,1,NA,NA,ExtraCol13_1,1,152,159,8,178,140,0
349,15.9,B96 B98,S,43,A,high,48,NA,low,62,B,low,NA,Z,medium,321,Y,high,317,NA,low,492,Z,low,NA,X,low,214,Z,ExtraCol1_2,2,ExtraCol4_2,2,ExtraCol7_4,4,NA,NA,ExtraCol13_3,3,0,140,8,137,149,0
350,8.6625,B96 B98,S,16,B,low,48,NA,NA,92,B,low,49,Z,medium,76,Z,high,454,NA,low,336,Z,high,NA,X,medium,302,Z,ExtraCol1_1,1,ExtraCol4_2,2,ExtraCol7_5,5,ExtraCol10_3,3,ExtraCol13_1,1,0,0,8,137,149,9
351,9.225,B96 B98,S,43,A,low,91,NA,medium,84,C,NA,90,X,high,55,Z,medium,232,Y,low,467,X,low,166,X,NA,81,Y,ExtraCol1_2,2,ExtraCol4_4,4,ExtraCol7_5,5,ExtraCol10_5,5,ExtraCol13_1,1,0,165,7,166,0,4
352,35,C128,S,43,B,unknown,96,A,high,90,NA,low,27,X,low,105,X,low,120,Z,high,235,Z,medium,350,Y,high,240,Z,ExtraCol1_2,2,ExtraCol4_4,4,ExtraCol7_5,5,ExtraCol10_2,2,ExtraCol13_1,1,144,162,5,0,149,9
353,7.2292,B96 B98,C,29,C,high,80,A,low,14,C,NA,51,Z,low,135,Z,medium,165,X,low,61,Z,medium,169,Y,low,302,Y,ExtraCol1_2,2,ExtraCol4_4,4,ExtraCol7_1,1,ExtraCol10_3,3,ExtraCol13_2,2,144,140,7,166,0,9
354,17.8,B96 B98,S,43,A,medium,65,B,low,51,B,NA,NA,Z,high,48,NA,medium,70,Z,medium,88,Z,low,444,X,high,348,Z,ExtraCol1_2,2,ExtraCol4_3,3,ExtraCol7_3,3,NA,NA,ExtraCol13_1,1,147,140,4,137,0,0
355,7.225,B96 B98,C,96,C,high,10,B,low,72,D,NA,63,Y,medium,364,Z,high,450,Y,low,250,Y,high,158,X,medium,250,Y,ExtraCol1_5,5,ExtraCol4_1,1,ExtraCol7_4,4,ExtraCol10_4,4,ExtraCol13_4,4,147,140,7,147,0,9
356,9.5,B96 B98,S,99,A,medium,91,C,medium,62,B,NA,NA,X,high,291,X,NA,302,NA,NA,294,X,high,NA,X,high,NA,Z,ExtraCol1_5,5,ExtraCol4_4,4,ExtraCol7_4,4,NA,NA,ExtraCol13_3,3,152,165,8,137,0,0
357,55,E33,S,15,D,medium,13,A,NA,77,B,high,41,X,medium,100,Z,low,386,Z,high,367,Z,low,222,Y,medium,495,Y,ExtraCol1_1,1,ExtraCol4_1,1,ExtraCol7_4,4,ExtraCol10_3,3,ExtraCol13_1,1,144,0,6,137,142,12
358,13,B96 B98,S,89,C,medium,16,B,unknown,21,A,medium,0,X,medium,141,Z,medium,140,X,high,397,Y,high,9,X,high,48,NA,ExtraCol1_5,5,ExtraCol4_1,1,ExtraCol7_2,2,ExtraCol10_1,1,ExtraCol13_2,2,147,159,7,178,140,8
359,7.8792,B96 B98,Q,43,B,medium,6,D,NA,45,D,NA,NA,Z,high,464,Z,high,359,X,low,381,Z,high,405,Y,high,41,NA,ExtraCol1_2,2,ExtraCol4_1,1,ExtraCol7_3,3,NA,NA,ExtraCol13_5,5,163,0,8,147,0,0
360,7.8792,B96 B98,Q,43,C,unknown,94,D,NA,44,NA,low,NA,X,high,NA,Y,high,165,Y,medium,294,NA,high,67,X,NA,257,Z,ExtraCol1_2,2,ExtraCol4_4,4,ExtraCol7_3,3,NA,NA,NA,NA,163,0,5,0,149,0
361,27.9,B96 B98,S,84,A,medium,51,D,NA,93,B,high,NA,Y,NA,61,Z,medium,223,Z,low,9,X,medium,234,Z,low,413,NA,ExtraCol1_5,5,ExtraCol4_2,2,ExtraCol7_5,5,NA,NA,ExtraCol13_1,1,163,0,13,137,142,0
362,27.7208,B96 B98,C,43,A,medium,51,NA,NA,20,B,unknown,NA,Z,high,306,NA,medium,325,X,medium,264,Z,medium,453,Z,high,256,Z,ExtraCol1_2,2,ExtraCol4_2,2,ExtraCol7_1,1,NA,NA,ExtraCol13_3,3,0,0,8,137,169,0
363,14.4542,B96 B98,C,22,D,high,8,A,medium,32,D,high,14,X,low,161,X,medium,490,Y,low,409,Y,medium,496,Y,low,108,X,ExtraCol1_1,1,ExtraCol4_1,1,ExtraCol7_2,2,ExtraCol10_1,1,ExtraCol13_2,2,144,165,5,147,142,11
364,7.05,B96 B98,S,89,D,unknown,41,NA,medium,NA,NA,medium,NA,NA,low,179,Z,medium,279,X,medium,423,NA,NA,115,Z,high,281,Z,ExtraCol1_5,5,ExtraCol4_2,2,NA,NA,NA,NA,ExtraCol13_2,2,0,165,0,0,140,0
365,15.5,B96 B98,Q,43,A,medium,72,A,high,15,A,high,79,Z,high,299,Y,medium,355,X,medium,417,Z,NA,188,Y,medium,471,X,ExtraCol1_2,2,ExtraCol4_4,4,ExtraCol7_1,1,ExtraCol10_5,5,ExtraCol13_3,3,144,162,6,178,142,9
366,7.25,B96 B98,S,43,B,unknown,99,NA,NA,NA,A,unknown,45,X,medium,492,X,low,297,Z,high,5,Y,low,282,X,low,83,Z,ExtraCol1_2,2,ExtraCol4_4,4,NA,NA,ExtraCol10_3,3,ExtraCol13_5,5,0,0,0,178,169,4
367,75.25,D37,C,46,A,medium,51,NA,medium,84,C,low,5,X,low,291,Y,medium,211,X,medium,217,X,NA,349,X,low,222,Y,ExtraCol1_4,4,ExtraCol4_2,2,ExtraCol7_5,5,ExtraCol10_1,1,ExtraCol13_3,3,0,165,7,166,149,12
368,7.2292,B96 B98,C,31,A,high,60,D,medium,NA,A,high,6,X,low,476,X,medium,466,Y,high,NA,Z,high,125,X,high,319,Y,ExtraCol1_2,2,ExtraCol4_3,3,NA,NA,ExtraCol10_1,1,ExtraCol13_5,5,163,165,0,178,142,2
369,7.75,B96 B98,Q,43,B,unknown,83,C,high,70,NA,low,67,X,medium,410,Y,NA,NA,NA,low,NA,Z,medium,274,Z,medium,196,Z,ExtraCol1_2,2,ExtraCol4_4,4,ExtraCol7_4,4,ExtraCol10_4,4,ExtraCol13_5,5,152,162,7,0,149,7
370,69.3,B35,C,77,A,high,90,B,high,59,A,NA,NA,X,medium,389,Y,high,155,X,high,204,Y,medium,417,NA,low,22,Y,ExtraCol1_5,5,ExtraCol4_4,4,ExtraCol7_3,3,NA,NA,ExtraCol13_4,4,147,162,9,178,0,0
371,55.4417,E50,C,33,C,low,27,B,low,NA,D,unknown,NA,Z,high,395,Z,high,447,Z,high,48,Z,high,381,Y,high,334,X,ExtraCol1_2,2,ExtraCol4_1,1,NA,NA,NA,NA,ExtraCol13_4,4,147,140,0,147,169,0
372,6.4958,B96 B98,S,66,A,high,51,D,NA,30,D,medium,40,X,high,395,Z,low,225,Y,high,96,X,high,411,X,high,370,X,ExtraCol1_4,4,ExtraCol4_2,2,ExtraCol7_2,2,ExtraCol10_3,3,ExtraCol13_4,4,163,0,6,147,140,4
373,8.05,B96 B98,S,41,D,high,51,D,high,99,NA,NA,49,X,high,127,Y,medium,369,NA,high,2,NA,high,444,X,low,327,Z,ExtraCol1_2,2,ExtraCol4_2,2,ExtraCol7_5,5,ExtraCol10_3,3,ExtraCol13_2,2,163,162,3,0,0,9
374,135.6333,B96 B98,C,43,C,medium,93,C,high,NA,NA,medium,16,Z,medium,488,Z,medium,258,Z,low,489,X,low,430,Y,low,NA,Y,ExtraCol1_2,2,ExtraCol4_4,4,NA,NA,ExtraCol10_1,1,ExtraCol13_5,5,152,162,0,0,140,5
375,21.075,B96 B98,S,43,A,unknown,11,D,NA,71,B,low,NA,X,high,459,X,NA,383,Y,NA,429,Y,low,255,X,high,328,Z,ExtraCol1_2,2,ExtraCol4_1,1,ExtraCol7_4,4,NA,NA,ExtraCol13_5,5,163,0,5,137,149,0
376,82.1708,B96 B98,C,9,A,high,9,B,high,NA,NA,NA,76,X,high,300,Z,medium,435,Z,low,201,Y,low,487,X,medium,165,X,ExtraCol1_1,1,ExtraCol4_1,1,NA,NA,ExtraCol10_4,4,ExtraCol13_3,3,147,162,0,0,0,10
377,7.25,B96 B98,S,43,C,high,51,B,high,NA,C,NA,42,X,high,355,X,NA,211,X,high,2,Y,low,247,X,low,8,X,ExtraCol1_2,2,ExtraCol4_2,2,NA,NA,ExtraCol10_3,3,ExtraCol13_4,4,147,162,0,166,0,8
378,211.5,C82,C,74,A,high,67,D,medium,NA,NA,low,49,Z,medium,440,Z,high,350,X,medium,167,X,medium,354,Y,medium,494,Z,ExtraCol1_4,4,ExtraCol4_3,3,NA,NA,ExtraCol10_3,3,ExtraCol13_5,5,163,165,0,0,149,9
379,4.0125,B96 B98,C,37,A,low,17,B,high,84,C,low,NA,Z,low,76,Z,NA,253,X,medium,217,Z,high,471,X,high,102,X,ExtraCol1_2,2,ExtraCol4_1,1,ExtraCol7_5,5,NA,NA,ExtraCol13_1,1,147,162,7,166,149,0
380,7.775,B96 B98,S,43,A,medium,89,D,medium,63,A,unknown,NA,NA,low,32,X,high,399,Y,medium,84,Y,medium,21,Z,medium,NA,Z,ExtraCol1_2,2,ExtraCol4_4,4,ExtraCol7_4,4,NA,NA,ExtraCol13_1,1,163,165,9,178,169,0
381,227.525,B96 B98,C,0,B,high,10,B,medium,28,B,NA,98,Z,high,497,X,high,95,Z,medium,330,Y,high,466,Y,high,270,Y,ExtraCol1_1,1,ExtraCol4_1,1,ExtraCol7_2,2,ExtraCol10_5,5,ExtraCol13_5,5,147,165,5,137,0,7
382,15.7417,B96 B98,C,43,D,low,51,B,low,96,NA,unknown,81,X,high,277,Z,high,364,Z,medium,498,Z,medium,NA,X,NA,269,Y,ExtraCol1_2,2,ExtraCol4_2,2,ExtraCol7_5,5,ExtraCol10_5,5,ExtraCol13_3,3,147,140,7,0,169,5
383,7.925,B96 B98,S,94,B,medium,51,A,medium,70,NA,high,NA,Y,high,361,Z,high,297,Y,high,421,Y,high,498,X,high,10,X,ExtraCol1_5,5,ExtraCol4_2,2,ExtraCol7_4,4,NA,NA,ExtraCol13_4,4,144,165,7,0,142,0
384,52,B96 B98,S,43,A,high,51,C,low,42,NA,NA,NA,Y,NA,251,Z,medium,225,X,low,428,Z,low,386,Z,medium,495,X,ExtraCol1_2,2,ExtraCol4_2,2,ExtraCol7_3,3,NA,NA,ExtraCol13_3,3,152,140,9,0,0,0
385,7.8958,B96 B98,S,3,A,unknown,51,B,NA,13,NA,medium,72,X,medium,258,X,medium,NA,Y,high,415,X,low,78,Y,high,264,Z,ExtraCol1_1,1,ExtraCol4_2,2,ExtraCol7_1,1,ExtraCol10_4,4,ExtraCol13_3,3,147,0,4,0,140,8
386,73.5,B96 B98,S,12,B,low,84,B,medium,97,B,NA,33,Z,low,18,Y,medium,350,Y,medium,34,Z,high,150,Z,medium,415,Y,ExtraCol1_1,1,ExtraCol4_4,4,ExtraCol7_5,5,ExtraCol10_2,2,ExtraCol13_1,1,147,165,11,137,0,6
387,46.9,B96 B98,S,6,B,unknown,10,C,high,NA,C,unknown,51,Y,low,144,Y,high,173,Y,medium,275,Z,medium,1,Z,high,388,Y,ExtraCol1_1,1,ExtraCol4_1,1,NA,NA,ExtraCol10_3,3,ExtraCol13_2,2,152,162,0,166,169,9
388,13,B96 B98,S,83,A,medium,51,A,unknown,NA,NA,low,14,Z,high,43,Z,medium,16,Z,high,282,Z,medium,303,Z,low,68,NA,ExtraCol1_5,5,ExtraCol4_2,2,NA,NA,ExtraCol10_1,1,ExtraCol13_1,1,144,159,0,0,149,11
389,7.7292,B96 B98,Q,89,B,high,61,NA,low,83,NA,NA,NA,X,low,216,Z,high,474,Y,NA,50,Z,high,218,NA,low,NA,Y,ExtraCol1_5,5,ExtraCol4_3,3,ExtraCol7_5,5,NA,NA,ExtraCol13_2,2,0,140,8,0,0,0
390,12,B96 B98,C,15,A,high,2,D,unknown,60,D,high,NA,Z,medium,10,Z,high,223,Z,low,73,Z,high,237,Z,NA,295,Z,ExtraCol1_1,1,ExtraCol4_1,1,ExtraCol7_3,3,NA,NA,ExtraCol13_1,1,163,159,7,147,142,0
391,120,B96 B98,S,74,A,high,74,C,medium,NA,NA,unknown,72,X,high,401,Y,NA,82,Y,low,282,Y,NA,366,Z,low,92,Z,ExtraCol1_4,4,ExtraCol4_4,4,NA,NA,ExtraCol10_4,4,ExtraCol13_4,4,152,165,0,0,169,8
392,7.7958,B96 B98,S,17,A,unknown,51,C,NA,23,A,unknown,60,X,medium,147,X,medium,112,X,high,357,Z,medium,410,NA,high,290,Y,ExtraCol1_1,1,ExtraCol4_2,2,ExtraCol7_2,2,ExtraCol10_4,4,ExtraCol13_2,2,152,0,10,178,169,9
393,7.925,B96 B98,S,36,C,low,75,NA,NA,7,A,low,NA,Y,high,370,Z,medium,414,X,medium,104,Z,medium,36,X,low,308,X,ExtraCol1_2,2,ExtraCol4_4,4,ExtraCol7_1,1,NA,NA,ExtraCol13_4,4,0,0,5,178,149,0
394,113.275,D36,C,59,D,low,51,C,unknown,NA,NA,NA,50,X,medium,26,X,high,165,Z,medium,242,Y,medium,458,Y,high,326,Y,ExtraCol1_4,4,ExtraCol4_2,2,NA,NA,ExtraCol10_3,3,ExtraCol13_1,1,152,159,0,0,0,8
395,16.7,G6,S,43,C,unknown,19,B,low,NA,C,NA,NA,X,high,16,X,low,140,Y,high,37,Z,high,186,Z,medium,160,Z,ExtraCol1_2,2,ExtraCol4_1,1,NA,NA,NA,NA,ExtraCol13_1,1,147,140,0,166,0,0
396,7.7958,B96 B98,S,87,A,high,51,NA,NA,NA,NA,low,NA,Z,low,NA,X,low,243,X,low,55,X,high,376,Z,medium,470,X,ExtraCol1_5,5,ExtraCol4_2,2,NA,NA,NA,NA,NA,NA,0,0,0,0,149,0
397,7.8542,B96 B98,S,4,A,unknown,6,A,NA,16,A,NA,1,Y,medium,394,Y,low,14,X,low,290,Z,low,290,X,medium,118,Y,ExtraCol1_1,1,ExtraCol4_1,1,ExtraCol7_1,1,ExtraCol10_1,1,ExtraCol13_4,4,144,0,7,178,0,7
398,26,B96 B98,S,19,B,medium,53,C,NA,57,C,NA,NA,Y,low,406,X,NA,280,X,medium,278,Z,medium,221,X,medium,246,X,ExtraCol1_1,1,ExtraCol4_3,3,ExtraCol7_3,3,NA,NA,ExtraCol13_4,4,152,0,10,166,0,0
399,10.5,B96 B98,S,43,B,high,51,C,high,12,A,low,NA,X,NA,272,NA,high,20,Z,high,375,X,medium,106,X,medium,419,Y,ExtraCol1_2,2,ExtraCol4_2,2,ExtraCol7_1,1,NA,NA,ExtraCol13_3,3,152,162,6,178,149,0
400,12.65,B96 B98,S,31,A,low,51,NA,medium,NA,A,NA,36,Z,high,306,X,high,417,X,low,455,X,medium,94,Z,medium,38,Z,ExtraCol1_2,2,ExtraCol4_2,2,NA,NA,ExtraCol10_2,2,ExtraCol13_3,3,0,165,0,178,0,5
401,7.925,B96 B98,S,99,D,medium,20,NA,medium,79,A,high,87,Z,medium,344,Z,medium,214,X,high,94,NA,low,365,Y,high,201,Y,ExtraCol1_5,5,ExtraCol4_1,1,ExtraCol7_4,4,ExtraCol10_5,5,ExtraCol13_4,4,0,165,8,178,142,8
402,8.05,B96 B98,S,77,A,low,76,D,NA,NA,C,unknown,64,Z,medium,336,Y,low,109,Y,high,170,X,medium,160,Y,high,NA,Z,ExtraCol1_5,5,ExtraCol4_4,4,NA,NA,ExtraCol10_4,4,ExtraCol13_4,4,163,0,0,166,169,6
403,9.825,B96 B98,S,43,C,unknown,69,NA,NA,94,B,low,60,Y,medium,370,X,medium,227,Y,low,427,Z,high,114,X,medium,386,X,ExtraCol1_2,2,ExtraCol4_3,3,ExtraCol7_5,5,ExtraCol10_4,4,ExtraCol13_4,4,0,0,11,137,149,9
404,15.85,B96 B98,S,97,A,high,51,C,NA,31,B,NA,NA,Y,low,15,Z,high,87,X,low,25,Y,low,2,X,medium,393,Z,ExtraCol1_5,5,ExtraCol4_2,2,ExtraCol7_2,2,NA,NA,ExtraCol13_1,1,152,0,8,137,0,0
405,8.6625,B96 B98,S,43,D,unknown,51,D,unknown,94,C,low,50,X,low,214,Y,low,160,X,high,414,Y,medium,420,Z,low,NA,Z,ExtraCol1_2,2,ExtraCol4_2,2,ExtraCol7_5,5,ExtraCol10_3,3,ExtraCol13_2,2,163,159,11,166,149,8
406,21,B96 B98,S,43,A,low,6,NA,NA,78,A,high,70,X,NA,419,X,medium,65,NA,low,472,NA,high,197,X,high,NA,Z,ExtraCol1_2,2,ExtraCol4_1,1,ExtraCol7_4,4,ExtraCol10_4,4,ExtraCol13_5,5,0,0,5,178,142,13
407,7.75,B96 B98,S,43,A,low,44,A,unknown,33,NA,unknown,NA,X,low,219,Y,medium,334,X,high,49,Y,medium,174,X,low,245,Y,ExtraCol1_2,2,ExtraCol4_2,2,ExtraCol7_2,2,NA,NA,ExtraCol13_2,2,144,159,6,0,169,0
408,18.75,B96 B98,S,14,B,high,51,B,unknown,NA,NA,unknown,60,Y,medium,73,NA,NA,488,Z,high,NA,Z,medium,185,X,medium,13,Z,ExtraCol1_1,1,ExtraCol4_2,2,NA,NA,ExtraCol10_4,4,ExtraCol13_1,1,147,159,0,0,169,9
409,7.775,B96 B98,S,43,A,high,11,D,medium,10,C,medium,17,Z,low,332,Z,medium,242,Y,low,342,NA,low,299,X,high,411,Z,ExtraCol1_2,2,ExtraCol4_1,1,ExtraCol7_1,1,ExtraCol10_1,1,ExtraCol13_4,4,163,165,8,166,140,5
410,25.4667,B96 B98,S,1,B,medium,55,B,high,NA,NA,medium,67,Z,high,151,Y,medium,49,X,NA,237,X,low,240,Y,high,151,Z,ExtraCol1_1,1,ExtraCol4_3,3,NA,NA,ExtraCol10_4,4,ExtraCol13_2,2,147,162,0,0,140,7
411,7.8958,B96 B98,S,17,A,medium,51,D,NA,20,C,NA,7,X,low,255,NA,high,37,NA,medium,493,Y,medium,272,Z,medium,233,Z,ExtraCol1_1,1,ExtraCol4_2,2,ExtraCol7_1,1,ExtraCol10_1,1,ExtraCol13_3,3,163,0,8,166,0,8
412,6.8583,B96 B98,Q,22,A,high,51,NA,NA,26,NA,unknown,31,X,medium,258,X,high,416,Z,medium,272,Y,NA,138,X,medium,341,X,ExtraCol1_1,1,ExtraCol4_2,2,ExtraCol7_2,2,ExtraCol10_2,2,ExtraCol13_3,3,0,0,7,0,169,5
413,90,C78,Q,27,B,high,51,NA,high,41,A,NA,91,X,high,348,Z,medium,174,Y,high,327,Y,low,148,Y,low,388,Y,ExtraCol1_1,1,ExtraCol4_2,2,ExtraCol7_3,3,ExtraCol10_5,5,ExtraCol13_4,4,0,162,9,178,0,7
414,0,B96 B98,S,13,A,low,8,B,medium,NA,C,low,NA,X,medium,464,Z,high,148,Z,medium,118,Z,low,431,X,medium,43,Z,ExtraCol1_1,1,ExtraCol4_1,1,NA,NA,NA,NA,ExtraCol13_5,5,147,165,0,166,149,0
415,7.925,B96 B98,S,1,A,high,67,C,high,80,A,unknown,90,Y,medium,346,Y,high,50,Z,NA,NA,Y,high,219,Y,low,383,Z,ExtraCol1_1,1,ExtraCol4_3,3,ExtraCol7_4,4,ExtraCol10_5,5,ExtraCol13_4,4,152,162,6,178,169,4
416,8.05,B96 B98,S,67,A,low,33,NA,medium,69,B,NA,35,Z,NA,499,Y,medium,331,X,low,88,X,high,NA,X,high,187,NA,ExtraCol1_4,4,ExtraCol4_2,2,ExtraCol7_4,4,ExtraCol10_2,2,ExtraCol13_5,5,0,165,6,137,0,8
417,32.5,B96 B98,S,96,A,low,51,NA,high,15,NA,unknown,68,X,medium,9,Y,high,31,X,low,73,Y,low,422,Y,high,NA,Y,ExtraCol1_5,5,ExtraCol4_2,2,ExtraCol7_1,1,ExtraCol10_4,4,ExtraCol13_1,1,0,162,6,0,169,5
418,13,B96 B98,S,12,B,high,19,C,medium,16,NA,low,70,Z,low,NA,X,medium,452,Z,low,56,Y,medium,355,NA,low,66,X,ExtraCol1_1,1,ExtraCol4_1,1,ExtraCol7_1,1,ExtraCol10_4,4,NA,NA,152,165,7,0,149,13
419,13,B96 B98,S,43,A,medium,97,NA,medium,NA,C,NA,NA,Y,medium,208,Z,medium,104,X,medium,446,X,medium,274,Y,low,358,NA,ExtraCol1_2,2,ExtraCol4_4,4,NA,NA,NA,NA,ExtraCol13_2,2,0,165,0,166,0,0
420,24.15,B96 B98,S,50,C,high,25,D,NA,94,D,medium,NA,Y,medium,364,Z,low,34,Z,low,34,NA,low,418,X,medium,NA,X,ExtraCol1_4,4,ExtraCol4_1,1,ExtraCol7_5,5,NA,NA,ExtraCol13_4,4,163,0,11,147,140,0
421,7.8958,B96 B98,C,92,A,medium,68,D,NA,NA,C,high,96,Z,high,42,Z,high,NA,X,high,258,X,low,27,X,medium,51,Z,ExtraCol1_5,5,ExtraCol4_3,3,NA,NA,ExtraCol10_5,5,ExtraCol13_1,1,163,0,0,166,142,6
422,7.7333,B96 B98,Q,69,A,medium,51,B,NA,NA,B,medium,11,Z,medium,263,X,low,177,Z,high,254,X,low,249,X,medium,70,X,ExtraCol1_4,4,ExtraCol4_2,2,NA,NA,ExtraCol10_1,1,ExtraCol13_3,3,147,0,0,137,140,12
423,7.875,B96 B98,S,43,D,medium,18,NA,low,14,A,medium,NA,NA,high,14,Z,high,348,Z,high,27,Y,NA,356,Z,low,NA,NA,ExtraCol1_2,2,ExtraCol4_1,1,ExtraCol7_1,1,NA,NA,ExtraCol13_1,1,0,140,7,178,140,0
424,14.4,B96 B98,S,43,A,high,30,NA,low,23,C,medium,44,Y,low,332,NA,high,19,NA,high,421,X,low,54,X,high,54,X,ExtraCol1_2,2,ExtraCol4_1,1,ExtraCol7_2,2,ExtraCol10_3,3,ExtraCol13_4,4,0,140,10,166,140,6
425,20.2125,B96 B98,S,41,B,high,1,B,NA,NA,D,unknown,67,X,medium,108,Z,high,430,Z,low,250,Z,medium,91,Y,low,260,Z,ExtraCol1_2,2,ExtraCol4_1,1,NA,NA,ExtraCol10_4,4,ExtraCol13_1,1,147,0,0,147,169,7
426,7.25,B96 B98,S,43,A,low,51,C,NA,20,B,NA,55,Z,medium,72,Z,low,154,NA,high,63,X,low,32,Y,medium,348,Z,ExtraCol1_2,2,ExtraCol4_2,2,ExtraCol7_1,1,ExtraCol10_3,3,ExtraCol13_1,1,152,0,8,137,0,6
427,26,B96 B98,S,86,A,medium,33,NA,low,61,NA,NA,NA,Z,high,39,Z,medium,378,Z,medium,64,Y,low,243,Y,high,456,Y,ExtraCol1_5,5,ExtraCol4_2,2,ExtraCol7_4,4,NA,NA,ExtraCol13_1,1,0,140,3,0,0,0
428,26,B96 B98,S,80,A,low,49,A,unknown,92,NA,low,9,Z,medium,134,Z,high,467,Z,high,350,X,low,270,X,high,NA,Z,ExtraCol1_5,5,ExtraCol4_2,2,ExtraCol7_5,5,ExtraCol10_1,1,ExtraCol13_2,2,144,159,8,0,149,5
429,7.75,B96 B98,Q,2,A,medium,15,B,NA,NA,C,high,51,Y,high,NA,X,medium,267,Y,high,309,Y,medium,234,Y,medium,147,NA,ExtraCol1_1,1,ExtraCol4_1,1,NA,NA,ExtraCol10_3,3,NA,NA,147,0,0,166,142,9
430,8.05,E10,S,71,A,high,82,NA,high,60,C,high,83,X,low,492,X,medium,167,NA,medium,206,Z,low,27,Z,low,77,Z,ExtraCol1_4,4,ExtraCol4_4,4,ExtraCol7_3,3,ExtraCol10_5,5,ExtraCol13_5,5,0,162,7,166,142,3
431,26.55,C52,S,8,B,medium,21,B,low,NA,A,high,NA,NA,high,40,X,medium,156,NA,low,NA,Y,low,243,Z,high,NA,Y,ExtraCol1_1,1,ExtraCol4_1,1,NA,NA,NA,NA,ExtraCol13_1,1,147,140,0,178,142,0
432,16.1,B96 B98,S,73,C,low,51,NA,unknown,NA,A,low,27,Y,high,489,Y,low,343,X,high,17,Y,low,444,X,low,296,Y,ExtraCol1_4,4,ExtraCol4_2,2,NA,NA,ExtraCol10_2,2,ExtraCol13_5,5,0,159,0,178,149,9
433,26,B96 B98,S,82,B,high,87,C,high,0,NA,unknown,86,Y,medium,293,Z,medium,2,Y,medium,15,X,high,15,Y,low,491,X,ExtraCol1_5,5,ExtraCol4_4,4,ExtraCol7_1,1,ExtraCol10_5,5,ExtraCol13_3,3,152,162,8,0,169,7
434,7.125,B96 B98,S,13,A,low,71,NA,NA,11,B,unknown,35,X,low,161,NA,high,73,Y,medium,267,X,medium,387,X,low,21,Z,ExtraCol1_1,1,ExtraCol4_4,4,ExtraCol7_1,1,ExtraCol10_2,2,ExtraCol13_2,2,0,0,8,137,169,8
435,55.9,E44,S,43,A,low,60,B,NA,NA,NA,unknown,56,Z,medium,471,Y,low,323,Y,medium,181,Y,high,136,Z,high,352,X,ExtraCol1_2,2,ExtraCol4_3,3,NA,NA,ExtraCol10_3,3,ExtraCol13_5,5,147,0,0,0,169,6
436,120,B96 B98,S,12,D,high,51,A,medium,NA,B,unknown,NA,Y,high,120,Z,low,12,Y,high,126,Y,low,37,Y,medium,16,Z,ExtraCol1_1,1,ExtraCol4_2,2,NA,NA,NA,NA,ExtraCol13_2,2,144,165,0,137,169,0
437,34.375,B96 B98,S,56,A,unknown,51,D,NA,32,NA,medium,52,X,medium,90,X,NA,144,Y,medium,189,X,NA,25,Z,medium,54,Z,ExtraCol1_4,4,ExtraCol4_2,2,ExtraCol7_2,2,ExtraCol10_3,3,ExtraCol13_1,1,163,0,5,0,140,6
438,18.75,B96 B98,S,92,C,unknown,96,D,unknown,52,C,NA,NA,Y,low,114,NA,medium,NA,X,low,302,Z,low,6,Z,high,215,Z,ExtraCol1_5,5,ExtraCol4_4,4,ExtraCol7_3,3,NA,NA,ExtraCol13_2,2,163,159,7,166,0,0
439,263,C23 C25 C27,S,43,D,high,51,D,NA,57,A,medium,NA,Z,medium,72,Y,low,125,Z,high,146,Y,low,207,X,high,183,X,ExtraCol1_2,2,ExtraCol4_2,2,ExtraCol7_3,3,NA,NA,ExtraCol13_1,1,163,0,10,178,140,0
440,10.5,B96 B98,S,39,A,high,40,A,high,66,NA,NA,47,Y,high,242,X,medium,465,X,medium,174,X,low,248,Y,high,182,Z,ExtraCol1_2,2,ExtraCol4_2,2,ExtraCol7_4,4,ExtraCol10_3,3,ExtraCol13_3,3,144,162,8,0,0,2
441,26.25,B96 B98,S,97,D,high,25,C,high,NA,NA,medium,NA,NA,low,70,Y,high,487,Y,low,141,X,low,310,Y,low,33,Z,ExtraCol1_5,5,ExtraCol4_1,1,NA,NA,NA,NA,ExtraCol13_1,1,152,162,0,0,140,0
442,9.5,B96 B98,S,43,A,high,51,NA,unknown,37,NA,high,65,Z,medium,111,Z,low,16,Z,medium,333,Y,low,40,NA,NA,272,Y,ExtraCol1_2,2,ExtraCol4_2,2,ExtraCol7_2,2,ExtraCol10_4,4,ExtraCol13_2,2,0,159,8,0,142,9
443,7.775,B96 B98,S,43,B,high,97,D,medium,88,A,unknown,41,Y,medium,185,Z,low,87,Y,high,27,Y,low,327,Z,medium,170,Y,ExtraCol1_2,2,ExtraCol4_4,4,ExtraCol7_5,5,ExtraCol10_3,3,ExtraCol13_2,2,163,165,7,178,169,12
444,13,B96 B98,S,48,A,unknown,69,NA,low,5,A,high,52,Y,high,NA,NA,low,453,Z,NA,459,Z,low,369,Y,high,496,X,ExtraCol1_4,4,ExtraCol4_3,3,ExtraCol7_1,1,ExtraCol10_3,3,NA,NA,0,140,3,178,142,6
445,8.1125,B96 B98,S,50,C,high,3,C,NA,NA,C,unknown,NA,X,medium,429,Z,NA,16,Y,low,277,Y,high,32,X,medium,394,Y,ExtraCol1_4,4,ExtraCol4_1,1,NA,NA,NA,NA,ExtraCol13_5,5,152,0,0,166,169,0
446,81.8583,A34,S,66,A,low,46,A,high,95,NA,unknown,86,Z,medium,37,Y,high,243,X,medium,122,Y,low,NA,Y,low,217,Z,ExtraCol1_4,4,ExtraCol4_2,2,ExtraCol7_5,5,ExtraCol10_5,5,ExtraCol13_1,1,144,162,4,0,169,7
447,19.5,B96 B98,S,43,A,medium,51,C,NA,17,A,low,12,Z,medium,315,X,NA,474,Z,high,379,Z,NA,59,Z,NA,382,NA,ExtraCol1_2,2,ExtraCol4_2,2,ExtraCol7_1,1,ExtraCol10_1,1,ExtraCol13_3,3,152,0,9,178,149,4
448,26.55,B96 B98,S,43,C,unknown,51,D,medium,99,NA,unknown,87,Y,medium,51,Z,low,294,X,medium,469,Y,medium,219,Y,medium,288,Z,ExtraCol1_2,2,ExtraCol4_2,2,ExtraCol7_5,5,ExtraCol10_5,5,ExtraCol13_1,1,163,165,3,0,169,8
449,19.2583,B96 B98,C,52,D,medium,77,A,high,28,A,unknown,NA,X,medium,495,Y,low,153,Z,medium,29,Z,medium,330,Z,high,247,X,ExtraCol1_4,4,ExtraCol4_4,4,ExtraCol7_2,2,NA,NA,ExtraCol13_5,5,144,162,5,178,169,0
450,30.5,C104,S,28,B,low,70,NA,NA,36,A,NA,NA,Y,low,138,Y,high,3,X,low,102,Y,NA,435,Z,medium,459,Z,ExtraCol1_1,1,ExtraCol4_4,4,ExtraCol7_2,2,NA,NA,ExtraCol13_2,2,0,0,5,178,0,0
451,27.75,B96 B98,S,43,A,unknown,6,NA,NA,NA,C,NA,2,Z,low,428,X,low,196,Z,low,71,Z,medium,265,Y,medium,293,Y,ExtraCol1_2,2,ExtraCol4_1,1,NA,NA,ExtraCol10_1,1,ExtraCol13_5,5,0,0,0,166,0,4
452,19.9667,B96 B98,S,43,B,high,55,A,unknown,94,A,NA,NA,X,high,388,NA,medium,270,X,high,35,Y,low,217,Z,low,241,X,ExtraCol1_2,2,ExtraCol4_3,3,ExtraCol7_5,5,NA,NA,ExtraCol13_4,4,144,159,11,178,0,0
453,27.75,C111,C,43,D,high,51,NA,NA,NA,A,unknown,5,Y,medium,162,Z,medium,40,NA,high,NA,Z,low,NA,Y,low,283,Y,ExtraCol1_2,2,ExtraCol4_2,2,NA,NA,ExtraCol10_1,1,ExtraCol13_2,2,0,0,0,178,169,12
454,89.1042,C92,C,2,D,medium,48,NA,high,16,D,NA,NA,Y,medium,161,Z,low,264,Y,medium,96,Z,low,108,Y,low,390,X,ExtraCol1_1,1,ExtraCol4_2,2,ExtraCol7_1,1,NA,NA,ExtraCol13_2,2,0,162,7,147,0,0
455,8.05,B96 B98,S,59,A,low,51,B,NA,48,A,low,NA,Y,NA,158,X,medium,202,X,high,191,Y,high,102,Z,low,370,Y,ExtraCol1_4,4,ExtraCol4_2,2,ExtraCol7_3,3,NA,NA,ExtraCol13_2,2,147,0,4,178,149,0
456,7.8958,B96 B98,C,43,C,medium,51,D,medium,15,C,low,76,Y,high,235,Z,low,162,X,high,407,X,medium,233,X,NA,274,Y,ExtraCol1_2,2,ExtraCol4_2,2,ExtraCol7_1,1,ExtraCol10_4,4,ExtraCol13_3,3,163,165,6,166,149,10
457,26.55,E38,S,43,D,medium,86,D,high,78,D,low,70,Z,high,221,Y,medium,486,NA,medium,NA,X,low,60,Z,low,88,Y,ExtraCol1_2,2,ExtraCol4_4,4,ExtraCol7_4,4,ExtraCol10_4,4,ExtraCol13_2,2,163,162,5,147,149,13
458,51.8625,D21,S,63,B,unknown,46,B,low,NA,D,NA,84,X,medium,328,X,low,446,Z,medium,338,X,NA,11,Y,low,318,NA,ExtraCol1_4,4,ExtraCol4_2,2,NA,NA,ExtraCol10_5,5,ExtraCol13_4,4,147,140,0,147,0,5
459,10.5,B96 B98,S,84,A,high,53,A,NA,49,D,unknown,0,Y,low,232,Y,high,347,Y,low,48,X,medium,181,Y,high,215,X,ExtraCol1_5,5,ExtraCol4_3,3,ExtraCol7_3,3,ExtraCol10_1,1,ExtraCol13_3,3,144,0,5,147,169,8
460,7.75,B96 B98,Q,10,A,low,62,NA,high,39,B,high,78,Z,high,NA,Y,high,295,X,low,485,Y,low,76,Z,high,466,Z,ExtraCol1_1,1,ExtraCol4_3,3,ExtraCol7_2,2,ExtraCol10_5,5,NA,NA,0,162,9,137,142,4
461,26.55,E12,S,72,A,high,65,A,high,3,D,low,31,Z,low,233,Y,low,236,X,NA,41,X,NA,318,Y,low,454,Y,ExtraCol1_4,4,ExtraCol4_3,3,ExtraCol7_1,1,ExtraCol10_2,2,ExtraCol13_3,3,144,162,7,147,149,5
462,8.05,B96 B98,S,43,A,unknown,63,D,medium,5,NA,NA,NA,Y,low,153,X,medium,35,X,NA,354,X,high,274,Z,high,0,NA,ExtraCol1_2,2,ExtraCol4_3,3,ExtraCol7_1,1,NA,NA,ExtraCol13_2,2,163,165,3,0,0,0
463,38.5,E63,S,43,A,medium,78,C,high,51,NA,medium,76,Z,NA,163,Y,medium,153,X,high,319,X,medium,242,Y,low,499,X,ExtraCol1_2,2,ExtraCol4_4,4,ExtraCol7_3,3,ExtraCol10_4,4,ExtraCol13_2,2,152,162,4,0,140,10
464,13,B96 B98,S,43,A,medium,98,C,low,39,A,NA,68,X,medium,365,Z,low,5,Z,low,206,X,high,248,X,low,450,Z,ExtraCol1_2,2,ExtraCol4_4,4,ExtraCol7_2,2,ExtraCol10_4,4,ExtraCol13_4,4,152,140,9,178,0,5
465,8.05,B96 B98,S,0,A,high,82,A,high,12,C,NA,41,Y,medium,70,Z,high,183,Y,low,419,Y,low,49,Y,medium,453,X,ExtraCol1_1,1,ExtraCol4_4,4,ExtraCol7_1,1,ExtraCol10_3,3,ExtraCol13_1,1,144,162,6,166,0,12
466,7.05,B96 B98,S,96,B,high,13,NA,unknown,13,D,medium,61,Z,low,143,Z,medium,236,Y,low,446,Z,high,201,X,low,248,NA,ExtraCol1_5,5,ExtraCol4_1,1,ExtraCol7_1,1,ExtraCol10_4,4,ExtraCol13_2,2,0,159,4,147,140,7
467,0,B96 B98,S,16,B,medium,51,C,unknown,NA,NA,NA,46,Y,low,155,Y,low,305,X,high,35,Z,medium,35,Z,low,135,Z,ExtraCol1_1,1,ExtraCol4_2,2,NA,NA,ExtraCol10_3,3,ExtraCol13_2,2,152,159,0,0,0,6
468,26.55,B96 B98,S,59,B,unknown,51,NA,unknown,NA,D,NA,62,Y,low,322,Z,medium,177,Y,high,479,Z,high,177,X,high,303,X,ExtraCol1_4,4,ExtraCol4_2,2,NA,NA,ExtraCol10_4,4,ExtraCol13_3,3,0,159,0,147,0,9
469,7.725,B96 B98,Q,18,B,high,50,B,NA,60,NA,medium,45,Y,medium,64,X,high,127,Y,low,120,Z,high,338,Y,high,441,X,ExtraCol1_1,1,ExtraCol4_2,2,ExtraCol7_3,3,ExtraCol10_3,3,ExtraCol13_1,1,147,0,7,0,140,4
470,19.2583,B96 B98,C,93,B,low,52,NA,low,83,D,high,39,Y,low,NA,Z,medium,NA,X,high,395,Z,medium,493,Z,low,225,X,ExtraCol1_5,5,ExtraCol4_3,3,ExtraCol7_5,5,ExtraCol10_2,2,NA,NA,0,140,8,147,142,7
471,7.25,B96 B98,S,43,C,high,71,NA,high,6,C,NA,20,Z,medium,337,Y,high,75,Y,high,410,X,low,148,NA,low,492,X,ExtraCol1_2,2,ExtraCol4_4,4,ExtraCol7_1,1,ExtraCol10_2,2,ExtraCol13_4,4,0,162,5,166,0,6
472,8.6625,B96 B98,S,43,D,unknown,51,B,low,NA,B,NA,38,Y,medium,463,Y,low,62,Y,medium,278,X,high,132,Y,high,130,Z,ExtraCol1_2,2,ExtraCol4_2,2,NA,NA,ExtraCol10_2,2,ExtraCol13_5,5,147,140,0,137,0,7
473,27.75,B96 B98,S,43,C,medium,26,C,medium,NA,A,NA,NA,X,high,218,Y,high,348,Z,NA,431,Y,medium,334,Y,high,426,Y,ExtraCol1_2,2,ExtraCol4_1,1,NA,NA,NA,NA,ExtraCol13_2,2,152,165,0,178,0,0
474,13.7917,D,C,46,C,high,45,B,high,20,NA,unknown,87,X,high,491,NA,low,292,Y,NA,412,X,medium,458,Y,low,NA,Y,ExtraCol1_4,4,ExtraCol4_2,2,ExtraCol7_1,1,ExtraCol10_5,5,ExtraCol13_5,5,147,162,8,0,169,8
475,9.8375,B96 B98,S,43,D,high,51,NA,high,53,NA,NA,NA,Z,medium,303,X,medium,434,X,low,NA,X,high,147,Z,high,419,Y,ExtraCol1_2,2,ExtraCol4_2,2,ExtraCol7_3,3,NA,NA,ExtraCol13_3,3,0,162,6,0,0,0
476,52,A14,S,78,D,high,31,C,high,NA,B,medium,18,Y,medium,387,Y,medium,369,NA,low,89,Z,high,419,X,low,472,Z,ExtraCol1_5,5,ExtraCol4_2,2,NA,NA,ExtraCol10_2,2,ExtraCol13_4,4,152,162,0,137,140,4
477,21,B96 B98,S,84,A,unknown,2,NA,unknown,NA,C,low,50,X,low,121,Z,low,450,Y,NA,217,Y,low,157,Y,medium,351,Z,ExtraCol1_5,5,ExtraCol4_1,1,NA,NA,ExtraCol10_3,3,ExtraCol13_2,2,0,159,0,166,149,8
478,7.0458,B96 B98,S,1,C,low,97,NA,low,NA,NA,NA,NA,X,medium,457,Y,high,332,NA,low,450,Z,medium,319,X,high,311,X,ExtraCol1_1,1,ExtraCol4_4,4,NA,NA,NA,NA,ExtraCol13_5,5,0,140,0,0,0,0
479,7.5208,B96 B98,S,43,A,high,51,B,unknown,66,B,high,NA,X,medium,129,X,medium,420,Z,low,101,Y,high,104,Y,medium,205,Z,ExtraCol1_2,2,ExtraCol4_2,2,ExtraCol7_4,4,NA,NA,ExtraCol13_2,2,147,159,8,137,142,0
480,12.2875,B96 B98,S,43,A,high,60,NA,NA,75,A,NA,32,X,low,68,Y,medium,84,Z,high,499,Y,NA,131,Z,medium,436,Y,ExtraCol1_2,2,ExtraCol4_3,3,ExtraCol7_4,4,ExtraCol10_2,2,ExtraCol13_1,1,0,0,11,178,0,7
481,46.9,B96 B98,S,43,D,low,51,A,medium,0,B,NA,4,Z,high,39,Z,medium,265,X,high,NA,X,medium,491,X,high,63,Z,ExtraCol1_2,2,ExtraCol4_2,2,ExtraCol7_1,1,ExtraCol10_1,1,ExtraCol13_1,1,144,165,8,137,0,6
482,0,B96 B98,S,82,A,high,27,NA,medium,NA,A,NA,5,Y,low,327,Z,low,472,Y,high,332,X,low,194,Y,medium,145,Z,ExtraCol1_5,5,ExtraCol4_1,1,NA,NA,ExtraCol10_1,1,ExtraCol13_4,4,0,165,0,178,0,12
483,8.05,B96 B98,S,25,D,high,34,NA,high,50,A,low,NA,Y,low,314,X,medium,394,X,low,320,X,low,8,X,high,65,Y,ExtraCol1_1,1,ExtraCol4_2,2,ExtraCol7_3,3,NA,NA,ExtraCol13_3,3,0,162,7,178,149,0
484,9.5875,B96 B98,S,79,A,medium,28,B,high,36,NA,high,72,X,high,99,Y,low,201,Z,high,97,Z,medium,386,X,high,138,Y,ExtraCol1_5,5,ExtraCol4_1,1,ExtraCol7_2,2,ExtraCol10_4,4,ExtraCol13_1,1,147,162,5,0,142,8
485,91.0792,B49,C,43,D,high,51,NA,medium,NA,NA,unknown,86,Z,high,439,Z,high,463,X,low,236,Z,high,63,Z,low,261,Y,ExtraCol1_2,2,ExtraCol4_2,2,NA,NA,ExtraCol10_5,5,ExtraCol13_5,5,0,165,0,0,169,7
486,25.4667,B96 B98,S,23,C,low,15,B,low,NA,C,medium,49,Z,medium,138,X,high,156,Z,low,72,X,medium,55,Z,high,167,X,ExtraCol1_1,1,ExtraCol4_1,1,NA,NA,ExtraCol10_3,3,ExtraCol13_2,2,147,140,0,166,140,9
487,90,C93,S,33,D,high,51,D,low,75,C,unknown,NA,Z,medium,304,X,high,11,X,high,182,Y,low,418,Z,high,210,X,ExtraCol1_2,2,ExtraCol4_2,2,ExtraCol7_4,4,NA,NA,ExtraCol13_3,3,163,140,11,166,169,0
488,29.7,B37,C,53,A,high,45,NA,medium,82,C,low,92,Y,high,261,X,low,398,Y,low,479,Y,high,174,Y,high,115,Y,ExtraCol1_4,4,ExtraCol4_2,2,ExtraCol7_5,5,ExtraCol10_5,5,ExtraCol13_3,3,0,165,7,166,149,5
489,8.05,B96 B98,S,76,D,high,53,B,NA,41,NA,NA,27,Y,low,296,Y,medium,206,X,medium,27,Y,low,69,Y,medium,176,Z,ExtraCol1_5,5,ExtraCol4_3,3,ExtraCol7_3,3,ExtraCol10_2,2,ExtraCol13_3,3,147,0,9,0,0,9
490,15.9,B96 B98,S,43,A,high,1,NA,high,93,A,unknown,15,X,medium,370,Y,medium,17,Z,low,435,X,low,NA,Z,medium,248,Y,ExtraCol1_2,2,ExtraCol4_1,1,ExtraCol7_5,5,ExtraCol10_1,1,ExtraCol13_4,4,0,162,13,178,169,9
491,19.9667,B96 B98,S,93,B,high,84,C,unknown,92,C,high,13,Z,NA,463,X,high,102,Y,low,338,X,medium,140,Y,medium,106,Y,ExtraCol1_5,5,ExtraCol4_4,4,ExtraCol7_5,5,ExtraCol10_1,1,ExtraCol13_5,5,152,159,8,166,142,5
492,7.25,B96 B98,S,43,A,low,67,NA,low,66,D,high,35,Z,medium,360,X,medium,35,Y,high,374,X,high,316,Z,high,NA,Y,ExtraCol1_2,2,ExtraCol4_3,3,ExtraCol7_4,4,ExtraCol10_2,2,ExtraCol13_4,4,0,140,8,147,142,8
493,30.5,C30,S,75,B,medium,7,B,medium,58,A,unknown,73,X,high,453,Y,high,NA,Y,NA,141,X,low,131,X,medium,448,X,ExtraCol1_5,5,ExtraCol4_1,1,ExtraCol7_3,3,ExtraCol10_4,4,ExtraCol13_5,5,147,165,5,178,169,7
494,49.5042,B96 B98,C,43,A,high,84,C,low,NA,NA,medium,NA,Y,medium,434,Z,low,423,X,high,474,X,NA,290,X,low,438,Y,ExtraCol1_2,2,ExtraCol4_4,4,NA,NA,NA,NA,ExtraCol13_5,5,152,140,0,0,140,0
495,8.05,B96 B98,S,43,B,unknown,3,C,NA,60,C,NA,NA,X,high,179,X,high,464,Y,low,126,Y,high,348,Y,high,0,Y,ExtraCol1_2,2,ExtraCol4_1,1,ExtraCol7_3,3,NA,NA,ExtraCol13_2,2,152,0,7,166,0,0
496,14.4583,B96 B98,C,41,A,unknown,51,A,NA,NA,D,NA,34,Y,medium,279,Y,medium,NA,Z,high,251,Z,medium,378,X,low,247,Z,ExtraCol1_2,2,ExtraCol4_2,2,NA,NA,ExtraCol10_2,2,ExtraCol13_3,3,144,0,0,147,0,4
497,78.2667,D20,C,43,C,high,46,D,low,97,B,low,NA,X,high,99,Z,high,401,Y,high,18,Z,NA,NA,NA,medium,397,Z,ExtraCol1_2,2,ExtraCol4_2,2,ExtraCol7_5,5,NA,NA,ExtraCol13_1,1,163,140,11,137,149,0
498,15.1,B96 B98,S,37,C,low,51,C,NA,19,D,high,68,Z,low,NA,NA,low,281,X,high,443,Y,medium,307,X,low,174,Z,ExtraCol1_2,2,ExtraCol4_2,2,ExtraCol7_1,1,ExtraCol10_4,4,NA,NA,152,0,8,147,142,5
499,151.55,C22 C26,S,92,D,high,95,A,high,66,A,medium,66,Z,low,483,Y,low,147,Z,low,352,X,low,420,X,medium,115,Y,ExtraCol1_5,5,ExtraCol4_4,4,ExtraCol7_4,4,ExtraCol10_4,4,ExtraCol13_5,5,144,162,8,178,140,4
500,7.7958,B96 B98,S,43,A,low,51,C,unknown,73,NA,unknown,43,Z,low,443,X,medium,334,Y,low,81,Y,low,420,Z,medium,305,Z,ExtraCol1_2,2,ExtraCol4_2,2,ExtraCol7_4,4,ExtraCol10_3,3,ExtraCol13_5,5,152,159,5,0,169,6
501,8.6625,B96 B98,S,11,B,low,51,C,NA,NA,D,unknown,NA,X,high,371,Z,medium,476,X,medium,331,X,medium,373,Y,NA,1,X,ExtraCol1_1,1,ExtraCol4_2,2,NA,NA,NA,NA,ExtraCol13_4,4,152,0,0,147,169,0
502,7.75,B96 B98,Q,65,D,high,57,D,medium,34,B,medium,NA,X,medium,424,Z,low,230,X,low,91,X,medium,199,Z,high,NA,X,ExtraCol1_4,4,ExtraCol4_3,3,ExtraCol7_2,2,NA,NA,ExtraCol13_5,5,163,165,5,137,140,0
503,7.6292,B96 B98,Q,96,A,high,51,NA,high,86,C,high,65,Z,low,397,Z,medium,14,X,low,222,Z,high,265,X,medium,225,Z,ExtraCol1_5,5,ExtraCol4_2,2,ExtraCol7_5,5,ExtraCol10_4,4,ExtraCol13_4,4,0,162,7,166,142,9
504,9.5875,B96 B98,S,86,A,low,72,B,high,48,A,NA,81,X,low,114,Z,medium,421,X,high,256,NA,low,483,X,NA,341,Y,ExtraCol1_5,5,ExtraCol4_4,4,ExtraCol7_3,3,ExtraCol10_5,5,ExtraCol13_2,2,147,162,4,178,0,5
505,86.5,B79,S,27,B,low,88,A,high,38,C,medium,NA,Y,medium,131,Y,low,94,NA,high,465,Y,low,124,Y,low,341,X,ExtraCol1_1,1,ExtraCol4_4,4,ExtraCol7_2,2,NA,NA,ExtraCol13_2,2,144,162,3,166,140,0
506,108.9,C65,C,43,A,high,51,C,low,15,C,unknown,85,Z,low,265,Y,medium,91,X,high,166,Y,low,346,Z,high,267,Y,ExtraCol1_2,2,ExtraCol4_2,2,ExtraCol7_1,1,ExtraCol10_5,5,ExtraCol13_3,3,152,140,6,166,169,5
507,26,B96 B98,S,43,A,medium,51,NA,NA,32,NA,medium,NA,Y,NA,NA,Z,high,308,X,high,6,X,medium,396,Z,high,291,Z,ExtraCol1_2,2,ExtraCol4_2,2,ExtraCol7_2,2,NA,NA,NA,NA,0,0,5,0,140,0
508,26.55,B96 B98,S,43,A,high,51,B,NA,97,A,NA,NA,X,high,368,NA,low,399,X,low,216,Y,high,240,Z,medium,13,X,ExtraCol1_2,2,ExtraCol4_2,2,ExtraCol7_5,5,NA,NA,ExtraCol13_4,4,147,0,11,178,0,0
509,22.525,B96 B98,S,26,A,medium,51,NA,unknown,NA,NA,high,95,Z,high,368,X,high,396,X,high,463,Y,high,432,Y,NA,490,Y,ExtraCol1_1,1,ExtraCol4_2,2,NA,NA,ExtraCol10_5,5,ExtraCol13_4,4,0,159,0,0,142,5
510,56.4958,B96 B98,S,23,C,high,51,C,unknown,NA,NA,unknown,56,Z,low,488,X,medium,433,X,NA,399,Z,low,214,Z,medium,38,Z,ExtraCol1_1,1,ExtraCol4_2,2,NA,NA,ExtraCol10_3,3,ExtraCol13_5,5,152,159,0,0,169,6
511,7.75,B96 B98,Q,99,A,high,51,B,high,NA,D,high,27,X,medium,394,Y,low,441,Y,medium,29,Y,medium,418,X,high,488,Z,ExtraCol1_5,5,ExtraCol4_2,2,NA,NA,ExtraCol10_2,2,ExtraCol13_4,4,147,162,0,147,142,9
512,8.05,B96 B98,S,74,C,high,70,NA,high,NA,A,unknown,60,Y,medium,NA,X,high,64,X,low,26,X,high,322,Y,low,486,Y,ExtraCol1_4,4,ExtraCol4_4,4,NA,NA,ExtraCol10_4,4,NA,NA,0,162,0,178,169,9
513,26.2875,E25,S,84,A,medium,51,B,NA,66,C,medium,62,Y,medium,170,Y,high,150,Z,low,378,Z,low,25,X,high,358,NA,ExtraCol1_5,5,ExtraCol4_2,2,ExtraCol7_4,4,ExtraCol10_4,4,ExtraCol13_2,2,147,0,8,166,140,9
514,59.4,B96 B98,C,81,A,high,51,NA,unknown,37,D,medium,NA,Y,medium,163,Y,high,360,Y,high,360,X,high,411,X,high,373,Z,ExtraCol1_5,5,ExtraCol4_2,2,ExtraCol7_2,2,NA,NA,ExtraCol13_2,2,0,159,8,147,140,0
515,7.4958,B96 B98,S,95,B,high,42,B,medium,84,C,medium,20,Z,low,316,NA,high,NA,X,low,278,X,low,348,Y,high,14,Y,ExtraCol1_5,5,ExtraCol4_2,2,ExtraCol7_5,5,ExtraCol10_2,2,ExtraCol13_3,3,147,165,7,166,140,6
516,34.0208,D46,S,10,A,high,49,D,medium,42,B,low,NA,Z,low,171,Y,low,357,Y,high,44,Y,low,111,Z,high,474,Z,ExtraCol1_1,1,ExtraCol4_2,2,ExtraCol7_3,3,NA,NA,ExtraCol13_2,2,163,165,9,137,149,0
517,10.5,F33,S,43,A,high,51,C,high,85,A,NA,54,X,medium,489,X,low,227,X,high,140,Z,low,351,X,high,NA,Z,ExtraCol1_2,2,ExtraCol4_2,2,ExtraCol7_5,5,ExtraCol10_3,3,ExtraCol13_5,5,152,162,5,178,0,5
518,24.15,B96 B98,Q,43,A,low,55,C,NA,74,B,medium,14,Z,low,144,Z,NA,225,Z,medium,423,X,high,255,Z,NA,169,X,ExtraCol1_2,2,ExtraCol4_3,3,ExtraCol7_4,4,ExtraCol10_1,1,ExtraCol13_2,2,152,0,4,137,140,11
519,26,B96 B98,S,47,C,high,79,NA,NA,77,A,unknown,77,Z,low,NA,Y,high,13,Y,low,69,X,high,471,Y,low,334,X,ExtraCol1_4,4,ExtraCol4_4,4,ExtraCol7_4,4,ExtraCol10_5,5,NA,NA,0,0,6,178,169,5
520,7.8958,B96 B98,S,59,C,high,2,C,high,92,A,unknown,NA,X,medium,408,X,low,304,Z,medium,100,X,high,152,Z,low,267,Z,ExtraCol1_4,4,ExtraCol4_1,1,ExtraCol7_5,5,NA,NA,ExtraCol13_4,4,152,162,8,178,169,0
521,93.5,B73,S,35,A,high,75,A,high,79,B,NA,93,X,high,183,Y,low,431,Y,medium,226,Z,high,131,X,medium,180,X,ExtraCol1_2,2,ExtraCol4_4,4,ExtraCol7_4,4,ExtraCol10_5,5,ExtraCol13_2,2,144,162,8,137,0,4
522,7.8958,B96 B98,S,43,C,high,50,NA,medium,NA,NA,medium,67,Y,medium,22,X,high,NA,X,medium,367,NA,high,29,Z,NA,160,Z,ExtraCol1_2,2,ExtraCol4_2,2,NA,NA,ExtraCol10_4,4,ExtraCol13_1,1,0,165,0,0,140,7
523,7.225,B96 B98,C,19,A,high,51,B,high,52,A,high,33,Z,low,166,Y,NA,168,X,NA,414,Z,medium,393,X,low,59,NA,ExtraCol1_1,1,ExtraCol4_2,2,ExtraCol7_3,3,ExtraCol10_2,2,ExtraCol13_2,2,147,162,7,178,142,6
524,57.9792,B18,C,43,A,high,47,C,NA,NA,NA,unknown,37,Z,high,179,Z,medium,338,Y,medium,295,X,high,492,Y,medium,454,Z,ExtraCol1_2,2,ExtraCol4_2,2,NA,NA,ExtraCol10_2,2,ExtraCol13_2,2,152,0,0,0,169,5
525,7.2292,B96 B98,C,43,D,high,47,C,medium,6,NA,low,69,Y,high,306,X,low,99,Z,high,246,Z,low,344,Z,low,332,Y,ExtraCol1_2,2,ExtraCol4_2,2,ExtraCol7_1,1,ExtraCol10_4,4,ExtraCol13_3,3,152,165,5,0,149,4
526,7.75,B96 B98,Q,43,D,high,12,B,NA,59,NA,unknown,8,X,NA,355,Z,low,316,Y,low,192,X,medium,184,Z,medium,143,X,ExtraCol1_2,2,ExtraCol4_1,1,ExtraCol7_3,3,ExtraCol10_1,1,ExtraCol13_4,4,147,0,9,0,169,7
527,10.5,B96 B98,S,43,B,high,51,B,NA,NA,NA,unknown,71,X,low,274,Y,medium,204,Z,medium,21,Z,high,439,X,NA,361,X,ExtraCol1_2,2,ExtraCol4_2,2,NA,NA,ExtraCol10_4,4,ExtraCol13_3,3,147,0,0,0,169,7
528,221.7792,C95,S,14,D,medium,70,C,unknown,NA,D,unknown,55,Z,high,203,Z,high,463,Y,low,133,Z,high,126,X,high,346,Y,ExtraCol1_1,1,ExtraCol4_4,4,NA,NA,ExtraCol10_3,3,ExtraCol13_2,2,152,159,0,147,169,6
529,7.925,B96 B98,S,91,D,high,51,NA,high,10,C,low,22,Y,medium,251,Z,low,355,X,medium,107,Z,medium,346,Y,high,69,Y,ExtraCol1_5,5,ExtraCol4_2,2,ExtraCol7_1,1,ExtraCol10_2,2,ExtraCol13_3,3,0,162,8,166,149,5
530,11.5,B96 B98,S,92,A,high,9,A,unknown,50,A,unknown,89,Y,low,72,Z,low,36,Y,low,28,Z,low,298,Y,medium,87,X,ExtraCol1_5,5,ExtraCol4_1,1,ExtraCol7_3,3,ExtraCol10_5,5,ExtraCol13_1,1,144,159,7,178,169,6
531,26,B96 B98,S,59,A,unknown,21,B,NA,57,A,high,62,Z,low,90,X,medium,435,X,high,372,X,high,426,X,high,115,Z,ExtraCol1_4,4,ExtraCol4_1,1,ExtraCol7_3,3,ExtraCol10_4,4,ExtraCol13_1,1,147,0,10,178,142,9
532,7.2292,B96 B98,C,16,A,high,87,NA,unknown,10,C,high,16,X,low,305,Z,NA,362,Z,medium,176,Y,low,485,X,low,52,NA,ExtraCol1_1,1,ExtraCol4_4,4,ExtraCol7_1,1,ExtraCol10_1,1,ExtraCol13_3,3,0,159,8,166,142,5
533,7.2292,B96 B98,C,15,C,high,51,D,high,63,NA,low,65,X,medium,432,Y,NA,107,X,NA,254,X,high,179,X,low,411,Z,ExtraCol1_1,1,ExtraCol4_2,2,ExtraCol7_4,4,ExtraCol10_4,4,ExtraCol13_5,5,163,162,9,0,149,9
534,22.3583,B96 B98,C,43,A,low,50,NA,unknown,16,NA,medium,41,Z,medium,261,Z,medium,141,Y,low,100,Y,high,47,X,high,NA,X,ExtraCol1_2,2,ExtraCol4_2,2,ExtraCol7_1,1,ExtraCol10_3,3,ExtraCol13_3,3,0,159,7,0,140,12
535,8.6625,B96 B98,S,57,A,high,51,D,unknown,14,D,medium,76,X,NA,30,Z,high,86,Y,medium,295,Y,high,78,Y,high,405,X,ExtraCol1_4,4,ExtraCol4_2,2,ExtraCol7_1,1,ExtraCol10_4,4,ExtraCol13_1,1,163,159,7,147,140,10
536,26.25,B96 B98,S,15,B,unknown,51,C,unknown,40,D,unknown,49,Z,low,490,Y,medium,155,Y,high,67,Z,low,369,X,NA,264,Y,ExtraCol1_1,1,ExtraCol4_2,2,ExtraCol7_2,2,ExtraCol10_3,3,ExtraCol13_5,5,152,159,7,147,169,9
537,26.55,B38,S,45,A,high,85,B,NA,NA,C,NA,99,Z,medium,162,NA,high,471,Y,high,338,Y,low,181,Z,low,58,Y,ExtraCol1_4,4,ExtraCol4_4,4,NA,NA,ExtraCol10_5,5,ExtraCol13_2,2,147,0,0,166,0,9
538,106.425,B96 B98,C,11,D,high,89,NA,high,91,C,NA,92,X,medium,374,NA,high,451,Z,low,369,Z,medium,69,Z,low,422,Y,ExtraCol1_1,1,ExtraCol4_4,4,ExtraCol7_5,5,ExtraCol10_5,5,ExtraCol13_4,4,0,162,3,166,0,5
539,14.5,B96 B98,S,43,A,low,28,D,unknown,NA,D,NA,4,Y,high,NA,X,medium,275,Z,medium,155,X,medium,407,X,low,86,X,ExtraCol1_2,2,ExtraCol4_1,1,NA,NA,ExtraCol10_1,1,NA,NA,163,159,0,147,0,6
540,49.5,B39,C,2,A,unknown,58,A,medium,NA,A,low,NA,Z,high,493,Z,low,181,X,low,106,X,medium,324,Z,medium,499,X,ExtraCol1_1,1,ExtraCol4_3,3,NA,NA,NA,NA,ExtraCol13_5,5,144,165,0,178,149,0
541,71,B22,S,70,D,high,51,A,low,73,C,unknown,NA,Y,low,58,Y,medium,NA,Z,medium,390,Z,low,65,Y,low,7,X,ExtraCol1_4,4,ExtraCol4_2,2,ExtraCol7_4,4,NA,NA,ExtraCol13_1,1,144,140,5,166,169,0
542,31.275,B96 B98,S,43,A,high,51,B,unknown,NA,NA,unknown,NA,X,NA,93,X,medium,478,Z,low,111,NA,medium,356,X,high,311,NA,ExtraCol1_2,2,ExtraCol4_2,2,NA,NA,NA,NA,ExtraCol13_1,1,147,159,0,0,169,0
543,31.275,B96 B98,S,19,A,high,0,A,high,98,A,medium,14,X,medium,322,X,NA,99,NA,low,89,Z,high,318,X,medium,156,Z,ExtraCol1_1,1,ExtraCol4_1,1,ExtraCol7_5,5,ExtraCol10_1,1,ExtraCol13_3,3,144,162,5,178,140,11
544,26,B96 B98,S,17,A,medium,97,D,NA,74,A,high,53,X,medium,380,Z,medium,378,NA,high,170,Y,high,492,Y,high,NA,Y,ExtraCol1_1,1,ExtraCol4_4,4,ExtraCol7_4,4,ExtraCol10_3,3,ExtraCol13_4,4,163,0,4,178,142,6
545,106.425,C86,C,83,A,high,35,D,high,NA,B,unknown,15,X,NA,NA,Z,medium,497,Z,NA,483,Z,medium,493,Z,medium,419,Z,ExtraCol1_5,5,ExtraCol4_2,2,NA,NA,ExtraCol10_1,1,NA,NA,163,162,0,137,169,9
546,26,B96 B98,S,5,A,high,51,C,low,94,B,high,NA,X,medium,275,Z,low,427,X,high,231,Y,low,487,X,high,393,X,ExtraCol1_1,1,ExtraCol4_2,2,ExtraCol7_5,5,NA,NA,ExtraCol13_3,3,152,140,11,137,142,0
547,26,B96 B98,S,42,B,low,61,NA,medium,10,D,high,45,X,low,79,NA,medium,359,Z,high,131,Y,low,447,X,low,140,X,ExtraCol1_2,2,ExtraCol4_3,3,ExtraCol7_1,1,ExtraCol10_3,3,ExtraCol13_1,1,0,165,8,147,142,4
548,13.8625,B96 B98,C,43,C,high,78,A,medium,45,B,low,99,Z,medium,356,X,NA,449,Z,medium,256,Z,low,NA,NA,medium,31,X,ExtraCol1_2,2,ExtraCol4_4,4,ExtraCol7_3,3,ExtraCol10_5,5,ExtraCol13_4,4,144,165,8,137,149,9
549,20.525,B96 B98,S,51,B,high,51,C,NA,NA,C,NA,87,Y,high,334,Y,high,108,X,low,174,Z,NA,335,Z,low,141,X,ExtraCol1_4,4,ExtraCol4_2,2,NA,NA,ExtraCol10_5,5,ExtraCol13_4,4,152,0,0,166,0,8
550,36.75,B96 B98,S,68,D,unknown,51,B,unknown,0,NA,NA,NA,X,low,233,X,high,NA,Z,high,332,X,high,NA,X,high,404,X,ExtraCol1_4,4,ExtraCol4_2,2,ExtraCol7_1,1,NA,NA,ExtraCol13_3,3,147,159,8,0,0,0
551,110.8833,C70,C,80,D,low,89,B,high,45,D,high,NA,X,high,318,X,high,NA,Z,low,219,Z,medium,396,Z,medium,257,Y,ExtraCol1_5,5,ExtraCol4_4,4,ExtraCol7_3,3,NA,NA,ExtraCol13_3,3,147,162,8,147,142,0
552,26,B96 B98,S,43,A,unknown,93,B,low,68,C,unknown,NA,X,low,106,X,NA,6,NA,NA,294,Y,high,482,Y,NA,379,Z,ExtraCol1_2,2,ExtraCol4_4,4,ExtraCol7_4,4,NA,NA,ExtraCol13_1,1,147,140,10,166,169,0
553,7.8292,B96 B98,Q,82,D,high,15,NA,medium,79,D,NA,66,X,high,405,Y,low,99,Z,high,218,Z,low,58,X,high,247,Y,ExtraCol1_5,5,ExtraCol4_1,1,ExtraCol7_4,4,ExtraCol10_4,4,ExtraCol13_4,4,0,165,8,147,0,4
554,7.225,B96 B98,C,43,C,high,90,C,low,41,C,high,13,Z,medium,22,X,high,NA,X,medium,NA,Y,high,68,Z,high,264,Z,ExtraCol1_2,2,ExtraCol4_4,4,ExtraCol7_3,3,ExtraCol10_1,1,ExtraCol13_1,1,152,140,9,166,142,5
555,7.775,B96 B98,S,43,B,unknown,90,A,unknown,86,A,NA,NA,X,medium,419,X,low,123,Z,low,223,Z,low,249,X,low,32,X,ExtraCol1_2,2,ExtraCol4_4,4,ExtraCol7_5,5,NA,NA,ExtraCol13_5,5,144,159,7,178,0,0
556,26.55,B96 B98,S,50,C,low,51,C,medium,67,C,NA,99,Y,low,419,X,low,316,Z,medium,196,Y,low,146,Y,high,11,Z,ExtraCol1_4,4,ExtraCol4_2,2,ExtraCol7_4,4,ExtraCol10_5,5,ExtraCol13_5,5,152,165,6,166,0,9
557,39.6,A16,C,43,D,low,21,D,NA,4,B,low,NA,Y,high,343,Z,low,55,X,high,481,X,high,265,Y,high,NA,X,ExtraCol1_2,2,ExtraCol4_1,1,ExtraCol7_1,1,NA,NA,ExtraCol13_4,4,163,0,5,137,149,0
558,227.525,B96 B98,C,43,A,unknown,51,A,medium,27,B,high,1,X,medium,407,Y,medium,348,Y,medium,132,Z,high,155,Z,medium,101,X,ExtraCol1_2,2,ExtraCol4_2,2,ExtraCol7_2,2,ExtraCol10_1,1,ExtraCol13_4,4,144,165,3,137,142,7
559,79.65,E67,S,79,A,low,99,D,low,93,C,medium,NA,X,medium,456,Y,low,114,Y,NA,402,X,medium,391,Z,medium,180,Y,ExtraCol1_5,5,ExtraCol4_4,4,ExtraCol7_5,5,NA,NA,ExtraCol13_5,5,163,140,13,166,140,0
560,17.4,B96 B98,S,85,A,high,51,C,unknown,0,B,unknown,NA,X,medium,81,Y,medium,261,X,medium,354,Y,medium,449,Z,high,184,Y,ExtraCol1_5,5,ExtraCol4_2,2,ExtraCol7_1,1,NA,NA,ExtraCol13_1,1,152,159,8,137,169,0
561,7.75,B96 B98,Q,53,A,high,51,B,high,10,A,unknown,NA,X,medium,272,Y,low,58,Z,medium,263,Z,high,141,NA,medium,316,X,ExtraCol1_4,4,ExtraCol4_2,2,ExtraCol7_1,1,NA,NA,ExtraCol13_3,3,147,162,8,178,169,0
562,7.8958,B96 B98,S,4,A,unknown,19,C,medium,34,NA,unknown,63,Z,medium,322,Y,low,485,Y,low,158,Z,high,386,X,medium,470,X,ExtraCol1_1,1,ExtraCol4_1,1,ExtraCol7_2,2,ExtraCol10_4,4,ExtraCol13_3,3,152,165,5,0,169,9
563,13.5,B96 B98,S,49,C,high,8,NA,NA,99,C,unknown,35,Z,NA,471,Z,medium,188,X,low,241,Z,low,53,X,low,378,Z,ExtraCol1_4,4,ExtraCol4_1,1,ExtraCol7_5,5,ExtraCol10_2,2,ExtraCol13_5,5,0,0,3,166,169,8
564,8.05,B96 B98,S,18,A,high,25,D,high,NA,NA,medium,35,Y,low,368,Z,medium,302,Y,high,NA,NA,low,398,Y,high,319,Z,ExtraCol1_1,1,ExtraCol4_1,1,NA,NA,ExtraCol10_2,2,ExtraCol13_4,4,163,162,0,0,140,8
565,8.05,B96 B98,S,88,D,low,6,A,low,NA,NA,NA,NA,Z,low,297,X,medium,243,X,medium,90,Z,low,NA,Y,high,417,Z,ExtraCol1_5,5,ExtraCol4_1,1,NA,NA,NA,NA,ExtraCol13_3,3,144,140,0,0,0,0
566,24.15,B96 B98,S,23,D,high,19,A,NA,39,C,high,85,Z,high,278,NA,medium,297,X,high,293,X,medium,355,X,low,255,X,ExtraCol1_1,1,ExtraCol4_1,1,ExtraCol7_2,2,ExtraCol10_5,5,ExtraCol13_3,3,144,0,9,166,142,5
567,7.8958,B96 B98,S,22,A,high,7,C,NA,93,C,NA,49,Z,high,71,X,medium,227,NA,medium,NA,Z,low,NA,X,medium,72,Y,ExtraCol1_1,1,ExtraCol4_1,1,ExtraCol7_5,5,ExtraCol10_3,3,ExtraCol13_1,1,152,0,13,166,0,9
568,21.075,B96 B98,S,24,A,low,76,B,low,21,D,medium,31,X,medium,158,X,low,36,Z,NA,316,X,medium,53,Y,low,NA,Z,ExtraCol1_1,1,ExtraCol4_4,4,ExtraCol7_2,2,ExtraCol10_2,2,ExtraCol13_2,2,147,140,7,147,140,5
569,7.2292,B96 B98,C,64,A,high,58,A,high,57,B,high,NA,Z,medium,216,Y,medium,414,X,medium,72,Z,low,421,Z,medium,488,Y,ExtraCol1_4,4,ExtraCol4_3,3,ExtraCol7_3,3,NA,NA,ExtraCol13_2,2,144,162,10,137,142,0
570,7.8542,B96 B98,S,43,D,low,51,B,unknown,46,NA,NA,1,NA,low,440,Y,high,321,X,medium,254,Y,medium,54,Z,low,389,X,ExtraCol1_2,2,ExtraCol4_2,2,ExtraCol7_3,3,ExtraCol10_1,1,ExtraCol13_5,5,147,159,3,0,0,7
571,10.5,B96 B98,S,94,A,medium,80,C,NA,NA,NA,unknown,48,Y,low,430,Z,low,126,Z,high,91,Z,high,240,Z,high,174,Z,ExtraCol1_5,5,ExtraCol4_4,4,NA,NA,ExtraCol10_3,3,ExtraCol13_5,5,152,0,0,0,169,7
572,51.4792,C101,S,41,C,high,41,NA,high,75,NA,low,55,Z,high,321,Z,low,42,Y,high,464,Y,low,87,Y,NA,161,Z,ExtraCol1_2,2,ExtraCol4_2,2,ExtraCol7_4,4,ExtraCol10_3,3,ExtraCol13_3,3,0,162,11,0,149,6
573,26.3875,E25,S,43,D,high,40,D,NA,83,NA,medium,67,Y,medium,52,NA,high,443,X,high,175,Z,low,423,Z,high,459,X,ExtraCol1_2,2,ExtraCol4_2,2,ExtraCol7_5,5,ExtraCol10_4,4,ExtraCol13_1,1,163,0,8,0,140,7
574,7.75,B96 B98,Q,4,D,high,20,B,unknown,11,D,NA,80,X,low,NA,Y,medium,166,Z,high,210,Z,NA,287,Y,high,47,Z,ExtraCol1_1,1,ExtraCol4_1,1,ExtraCol7_1,1,ExtraCol10_5,5,NA,NA,147,159,8,147,0,4
575,8.05,B96 B98,S,0,A,low,51,A,high,NA,D,NA,36,X,high,229,Z,low,454,X,low,428,NA,low,253,Y,high,NA,Z,ExtraCol1_1,1,ExtraCol4_2,2,NA,NA,ExtraCol10_2,2,ExtraCol13_3,3,144,162,0,147,0,5
576,14.5,B96 B98,S,37,A,unknown,51,NA,high,NA,D,high,NA,X,medium,326,Z,high,382,X,high,213,X,NA,158,X,low,338,Y,ExtraCol1_2,2,ExtraCol4_2,2,NA,NA,NA,NA,ExtraCol13_4,4,0,162,0,147,142,0
577,13,B96 B98,S,92,B,high,58,D,unknown,NA,NA,low,NA,X,NA,216,Y,low,479,Y,high,96,Y,high,391,Y,high,403,X,ExtraCol1_5,5,ExtraCol4_3,3,NA,NA,NA,NA,ExtraCol13_2,2,163,159,0,0,149,0
578,55.9,E44,S,52,A,high,51,A,unknown,66,D,medium,76,Y,high,360,Y,medium,329,NA,medium,446,Y,medium,105,X,high,164,Z,ExtraCol1_4,4,ExtraCol4_2,2,ExtraCol7_4,4,ExtraCol10_4,4,ExtraCol13_4,4,144,159,8,147,140,10
579,14.4583,B96 B98,C,89,C,high,53,B,NA,63,NA,unknown,NA,NA,high,108,NA,medium,90,Y,low,323,X,low,360,Y,low,324,Z,ExtraCol1_5,5,ExtraCol4_3,3,ExtraCol7_4,4,NA,NA,ExtraCol13_1,1,147,0,9,0,169,0
580,7.925,B96 B98,S,10,A,high,29,NA,high,37,D,medium,3,Y,low,72,X,low,17,Y,low,302,X,medium,484,Z,low,162,NA,ExtraCol1_1,1,ExtraCol4_1,1,ExtraCol7_2,2,ExtraCol10_1,1,ExtraCol13_1,1,0,162,8,147,140,7
581,30,B96 B98,S,9,B,high,51,C,low,NA,B,medium,NA,Y,medium,109,Y,high,122,X,high,37,X,high,133,Y,high,8,X,ExtraCol1_1,1,ExtraCol4_2,2,NA,NA,NA,NA,ExtraCol13_1,1,152,140,0,137,140,0
582,110.8833,C68,C,83,A,high,82,B,unknown,NA,NA,low,NA,X,low,461,Z,medium,219,NA,high,224,Z,low,343,X,medium,227,X,ExtraCol1_5,5,ExtraCol4_4,4,NA,NA,NA,NA,ExtraCol13_5,5,147,159,0,0,149,0
583,26,B96 B98,S,10,A,high,51,NA,unknown,82,B,NA,NA,Y,high,NA,X,low,311,Z,low,229,Y,high,154,Z,low,489,Z,ExtraCol1_1,1,ExtraCol4_2,2,ExtraCol7_5,5,NA,NA,NA,NA,0,159,7,137,0,0
584,40.125,A10,C,5,A,medium,25,NA,medium,89,A,low,50,Z,high,142,Z,high,447,Y,medium,131,Z,high,464,Z,medium,121,Y,ExtraCol1_1,1,ExtraCol4_1,1,ExtraCol7_5,5,ExtraCol10_3,3,ExtraCol13_2,2,0,165,8,178,149,8
585,8.7125,B96 B98,C,40,A,unknown,71,NA,high,29,C,medium,46,X,medium,171,X,medium,70,X,medium,282,Z,low,449,Y,high,81,X,ExtraCol1_2,2,ExtraCol4_4,4,ExtraCol7_2,2,ExtraCol10_3,3,ExtraCol13_2,2,0,162,11,166,140,6
586,79.65,E68,S,92,C,high,51,A,NA,NA,A,high,37,NA,low,418,X,high,317,Z,low,122,NA,medium,156,X,medium,460,Y,ExtraCol1_5,5,ExtraCol4_2,2,NA,NA,ExtraCol10_2,2,ExtraCol13_5,5,144,0,0,178,142,5
587,15,B96 B98,S,68,B,high,51,NA,NA,32,A,NA,41,Z,high,179,Z,high,42,X,medium,235,Z,low,NA,X,medium,NA,Z,ExtraCol1_4,4,ExtraCol4_2,2,ExtraCol7_2,2,ExtraCol10_3,3,ExtraCol13_2,2,0,0,5,178,0,12
588,79.2,B41,C,9,B,medium,31,C,NA,3,NA,NA,1,Y,medium,446,Y,low,240,Z,high,400,X,medium,41,X,medium,423,NA,ExtraCol1_1,1,ExtraCol4_2,2,ExtraCol7_1,1,ExtraCol10_1,1,ExtraCol13_5,5,152,0,7,0,0,7
589,8.05,B96 B98,S,83,B,unknown,35,A,unknown,16,NA,medium,10,NA,low,494,Y,high,36,Z,low,367,Y,high,348,Z,low,488,Y,ExtraCol1_5,5,ExtraCol4_2,2,ExtraCol7_1,1,ExtraCol10_1,1,ExtraCol13_5,5,144,159,7,0,140,7
590,8.05,B96 B98,S,84,C,medium,51,B,unknown,30,A,low,75,X,medium,325,NA,low,186,NA,high,139,Z,high,459,X,low,495,X,ExtraCol1_5,5,ExtraCol4_2,2,ExtraCol7_2,2,ExtraCol10_4,4,ExtraCol13_4,4,147,159,6,178,149,6
591,7.125,B96 B98,S,80,D,low,1,A,low,98,D,medium,36,Z,medium,171,Y,NA,303,X,high,NA,NA,low,72,Y,medium,NA,X,ExtraCol1_5,5,ExtraCol4_1,1,ExtraCol7_5,5,ExtraCol10_2,2,ExtraCol13_2,2,144,140,5,147,140,5
592,78.2667,D20,C,90,A,high,51,D,unknown,20,D,NA,NA,Y,low,299,Y,medium,369,Y,medium,2,Z,medium,408,Z,low,482,Y,ExtraCol1_5,5,ExtraCol4_2,2,ExtraCol7_1,1,NA,NA,ExtraCol13_3,3,163,159,8,147,0,0
593,7.25,B96 B98,S,23,C,unknown,12,NA,NA,50,D,medium,39,NA,high,334,Z,medium,402,Z,low,172,Y,low,377,Z,high,NA,Z,ExtraCol1_1,1,ExtraCol4_1,1,ExtraCol7_3,3,ExtraCol10_2,2,ExtraCol13_4,4,0,0,7,147,140,7
594,7.75,B96 B98,Q,43,A,low,51,D,low,NA,B,medium,99,Y,high,54,Y,low,NA,Y,low,9,NA,low,235,X,medium,157,Z,ExtraCol1_2,2,ExtraCol4_2,2,NA,NA,ExtraCol10_5,5,ExtraCol13_1,1,163,140,0,137,140,9
595,26,B96 B98,S,43,C,medium,55,NA,NA,35,A,medium,NA,Z,low,416,X,low,129,X,low,64,Z,high,111,Z,medium,229,X,ExtraCol1_2,2,ExtraCol4_3,3,ExtraCol7_2,2,NA,NA,ExtraCol13_5,5,0,0,5,178,140,0
596,24.15,B96 B98,S,80,A,medium,51,NA,high,91,NA,NA,18,NA,high,218,X,high,456,Z,medium,489,NA,NA,326,Z,medium,190,X,ExtraCol1_5,5,ExtraCol4_2,2,ExtraCol7_5,5,ExtraCol10_2,2,ExtraCol13_2,2,0,162,3,0,0,4
597,33,B96 B98,S,57,A,low,34,B,unknown,9,C,high,58,NA,medium,422,Y,high,466,X,medium,427,Y,medium,297,Y,high,254,Y,ExtraCol1_4,4,ExtraCol4_2,2,ExtraCol7_1,1,ExtraCol10_3,3,ExtraCol13_5,5,147,159,6,166,142,3
598,0,B96 B98,S,77,A,high,77,NA,low,87,A,high,NA,Y,NA,305,Y,high,483,Z,low,279,Y,high,405,X,medium,NA,X,ExtraCol1_5,5,ExtraCol4_4,4,ExtraCol7_5,5,NA,NA,ExtraCol13_3,3,0,140,2,178,142,0
599,7.225,B96 B98,C,43,B,medium,51,NA,NA,74,D,unknown,14,Z,high,430,NA,medium,395,Z,medium,387,X,high,282,Z,low,120,X,ExtraCol1_2,2,ExtraCol4_2,2,ExtraCol7_4,4,ExtraCol10_1,1,ExtraCol13_5,5,0,0,4,147,169,11
600,56.9292,A20,C,64,A,low,1,A,NA,NA,B,high,NA,Z,medium,40,X,high,388,Y,high,244,Y,low,24,Y,medium,7,Y,ExtraCol1_4,4,ExtraCol4_1,1,NA,NA,NA,NA,ExtraCol13_1,1,144,0,0,137,142,0
601,27,B96 B98,S,43,A,medium,51,D,medium,76,NA,high,NA,Y,high,21,X,low,38,X,low,300,Y,low,101,Y,low,301,Z,ExtraCol1_2,2,ExtraCol4_2,2,ExtraCol7_4,4,NA,NA,ExtraCol13_1,1,163,165,3,0,142,0
602,7.8958,B96 B98,S,77,A,unknown,2,NA,NA,42,A,high,73,X,high,55,X,high,NA,Z,high,458,X,medium,190,Y,medium,NA,Y,ExtraCol1_5,5,ExtraCol4_1,1,ExtraCol7_3,3,ExtraCol10_4,4,ExtraCol13_1,1,0,0,9,178,142,7
603,42.4,B96 B98,S,73,A,unknown,52,D,unknown,97,B,high,56,Z,high,437,Z,low,203,Z,low,39,Y,high,245,X,medium,430,Z,ExtraCol1_4,4,ExtraCol4_3,3,ExtraCol7_5,5,ExtraCol10_3,3,ExtraCol13_5,5,163,159,11,137,142,6
604,8.05,B96 B98,S,43,A,high,87,A,unknown,3,NA,low,65,Y,medium,496,Y,medium,129,Y,medium,NA,X,low,174,Y,medium,5,X,ExtraCol1_2,2,ExtraCol4_4,4,ExtraCol7_1,1,ExtraCol10_4,4,ExtraCol13_5,5,144,159,7,0,149,9
605,26.55,B96 B98,C,82,A,medium,51,D,medium,2,NA,medium,26,Y,NA,499,Z,medium,34,X,low,59,Y,medium,439,X,medium,299,Y,ExtraCol1_5,5,ExtraCol4_2,2,ExtraCol7_1,1,ExtraCol10_2,2,ExtraCol13_5,5,163,165,8,0,140,5
606,15.55,B96 B98,S,43,A,unknown,51,NA,NA,NA,C,NA,28,Z,high,166,Y,high,106,X,low,397,X,high,140,X,medium,265,Y,ExtraCol1_2,2,ExtraCol4_2,2,NA,NA,ExtraCol10_2,2,ExtraCol13_2,2,0,0,0,166,0,6
607,7.8958,B96 B98,S,43,C,low,51,B,high,93,D,low,63,Y,high,132,X,low,457,X,high,411,Z,high,340,Y,high,212,Z,ExtraCol1_2,2,ExtraCol4_2,2,ExtraCol7_5,5,ExtraCol10_4,4,ExtraCol13_2,2,147,162,13,147,149,9
608,30.5,B96 B98,S,43,A,high,78,A,low,6,C,unknown,35,Y,low,174,Y,medium,454,Y,medium,360,Z,medium,180,X,high,334,NA,ExtraCol1_2,2,ExtraCol4_4,4,ExtraCol7_1,1,ExtraCol10_2,2,ExtraCol13_2,2,144,140,5,166,169,8
609,41.5792,B96 B98,C,43,D,high,51,NA,high,77,NA,NA,NA,X,medium,408,Z,low,371,Y,medium,304,Z,high,496,Z,high,213,Z,ExtraCol1_2,2,ExtraCol4_2,2,ExtraCol7_4,4,NA,NA,ExtraCol13_4,4,0,162,6,0,0,0
610,153.4625,C125,S,85,D,high,28,NA,unknown,93,C,NA,15,Z,medium,125,Y,low,50,Y,medium,238,Z,high,458,Z,low,457,Z,ExtraCol1_5,5,ExtraCol4_1,1,ExtraCol7_5,5,ExtraCol10_1,1,ExtraCol13_2,2,0,159,13,166,0,9
611,31.275,B96 B98,S,83,A,low,0,NA,NA,NA,NA,low,30,Y,medium,273,X,medium,343,Y,low,11,X,high,392,Y,medium,453,Z,ExtraCol1_5,5,ExtraCol4_1,1,NA,NA,ExtraCol10_2,2,ExtraCol13_3,3,0,0,0,0,149,5
612,7.05,B96 B98,S,43,A,high,44,B,low,86,NA,unknown,10,Z,medium,323,X,high,63,Y,high,387,Y,high,382,Y,low,NA,Y,ExtraCol1_2,2,ExtraCol4_2,2,ExtraCol7_5,5,ExtraCol10_1,1,ExtraCol13_4,4,147,140,7,0,169,7
613,15.5,B96 B98,Q,78,B,high,61,NA,low,75,D,low,8,X,high,180,Z,low,341,X,medium,446,X,high,321,X,medium,229,NA,ExtraCol1_5,5,ExtraCol4_3,3,ExtraCol7_4,4,ExtraCol10_1,1,ExtraCol13_2,2,0,140,11,147,149,7
614,7.75,B96 B98,Q,38,A,unknown,51,C,high,NA,C,NA,NA,Z,medium,236,X,NA,16,Y,low,482,X,low,293,X,high,298,Y,ExtraCol1_2,2,ExtraCol4_2,2,NA,NA,NA,NA,ExtraCol13_3,3,152,162,0,166,0,0
615,8.05,B96 B98,S,68,A,low,93,A,low,85,B,low,48,Y,high,332,Z,medium,142,Z,high,170,Y,low,281,Z,medium,450,Y,ExtraCol1_4,4,ExtraCol4_4,4,ExtraCol7_5,5,ExtraCol10_3,3,ExtraCol13_4,4,144,140,5,137,149,7
616,65,B96 B98,S,63,A,high,51,NA,unknown,69,B,unknown,14,X,high,395,Z,high,61,Z,low,100,Y,medium,13,Y,high,150,X,ExtraCol1_4,4,ExtraCol4_2,2,ExtraCol7_4,4,ExtraCol10_1,1,ExtraCol13_4,4,0,159,6,137,169,11
617,14.4,B96 B98,S,43,A,unknown,78,B,low,1,NA,low,9,X,low,94,X,low,466,Z,high,326,X,high,NA,Z,high,NA,X,ExtraCol1_2,2,ExtraCol4_4,4,ExtraCol7_1,1,ExtraCol10_1,1,ExtraCol13_1,1,147,140,6,0,149,5
618,16.1,B96 B98,S,26,B,high,2,NA,low,NA,NA,unknown,87,X,medium,256,Y,low,284,Z,low,8,X,high,NA,X,high,295,Z,ExtraCol1_1,1,ExtraCol4_1,1,NA,NA,ExtraCol10_5,5,ExtraCol13_3,3,0,140,0,0,169,8
619,39,F4,S,6,B,high,85,NA,medium,NA,A,high,51,X,medium,77,Y,high,461,X,low,30,Y,high,263,X,high,31,Y,ExtraCol1_1,1,ExtraCol4_4,4,NA,NA,ExtraCol10_3,3,ExtraCol13_1,1,0,165,0,178,142,9
620,10.5,B96 B98,S,13,A,low,75,A,unknown,NA,NA,low,71,Y,high,7,Z,low,10,X,low,410,X,low,435,Y,high,374,Z,ExtraCol1_1,1,ExtraCol4_4,4,NA,NA,ExtraCol10_4,4,ExtraCol13_1,1,144,159,0,0,149,7
621,14.4542,B96 B98,C,43,B,high,51,C,NA,NA,NA,NA,72,Z,medium,322,Z,NA,369,Y,medium,478,X,high,201,Z,high,101,X,ExtraCol1_2,2,ExtraCol4_2,2,NA,NA,ExtraCol10_4,4,ExtraCol13_3,3,152,0,0,0,0,8
622,52.5542,D19,S,47,A,high,58,D,medium,NA,B,unknown,10,Z,medium,241,X,high,239,Y,medium,201,Y,NA,56,Y,low,257,Z,ExtraCol1_4,4,ExtraCol4_3,3,NA,NA,ExtraCol10_1,1,ExtraCol13_3,3,163,165,0,137,169,7
623,15.7417,B96 B98,C,43,D,high,51,D,high,29,NA,low,NA,Z,high,129,X,high,234,Z,low,253,X,low,417,Z,low,475,Z,ExtraCol1_2,2,ExtraCol4_2,2,ExtraCol7_2,2,NA,NA,ExtraCol13_2,2,163,162,11,0,149,0
624,7.8542,B96 B98,S,41,A,low,90,NA,NA,19,D,unknown,NA,Y,low,27,Z,low,436,Z,low,NA,Z,high,254,X,medium,389,Y,ExtraCol1_2,2,ExtraCol4_4,4,ExtraCol7_1,1,NA,NA,ExtraCol13_1,1,0,0,8,147,169,0
625,16.1,B96 B98,S,60,D,high,55,A,unknown,8,D,NA,44,Y,medium,472,Y,high,23,Z,low,69,Z,high,470,Z,high,349,Y,ExtraCol1_4,4,ExtraCol4_3,3,ExtraCol7_1,1,ExtraCol10_3,3,ExtraCol13_5,5,144,159,5,147,0,6
626,32.3208,D50,S,23,A,high,51,NA,low,63,NA,NA,86,X,NA,413,X,NA,472,X,medium,111,Z,medium,106,Y,medium,34,Z,ExtraCol1_1,1,ExtraCol4_2,2,ExtraCol7_4,4,ExtraCol10_5,5,ExtraCol13_5,5,0,140,9,0,0,7
627,12.35,B96 B98,Q,33,D,medium,61,D,unknown,95,D,medium,NA,X,high,NA,Y,low,14,Z,high,149,X,low,239,X,low,429,Y,ExtraCol1_2,2,ExtraCol4_3,3,ExtraCol7_5,5,NA,NA,NA,NA,163,159,4,147,140,0
628,77.9583,D9,S,36,C,high,68,C,unknown,NA,D,NA,NA,Y,low,56,X,medium,181,Z,low,NA,Y,low,333,Y,high,167,Z,ExtraCol1_2,2,ExtraCol4_3,3,NA,NA,NA,NA,ExtraCol13_1,1,152,159,0,147,0,0
629,7.8958,B96 B98,S,50,B,unknown,51,C,NA,NA,D,medium,10,Z,high,7,X,low,69,Z,high,NA,Z,high,68,Z,high,25,X,ExtraCol1_4,4,ExtraCol4_2,2,NA,NA,ExtraCol10_1,1,ExtraCol13_1,1,152,0,0,147,140,7
630,7.7333,B96 B98,Q,36,C,high,81,B,NA,NA,NA,unknown,61,X,low,108,Z,low,261,Y,medium,360,Y,low,498,Z,medium,479,X,ExtraCol1_2,2,ExtraCol4_4,4,NA,NA,ExtraCol10_4,4,ExtraCol13_1,1,147,0,0,0,169,7
631,30,A23,S,73,B,high,20,C,medium,17,B,NA,88,X,low,50,X,low,297,X,low,97,X,medium,304,X,high,95,X,ExtraCol1_4,4,ExtraCol4_1,1,ExtraCol7_1,1,ExtraCol10_5,5,ExtraCol13_1,1,152,165,9,137,0,4
632,7.0542,B96 B98,S,32,A,high,89,A,unknown,21,NA,NA,57,X,high,229,Z,low,321,X,low,476,Z,low,85,Z,high,161,NA,ExtraCol1_2,2,ExtraCol4_4,4,ExtraCol7_2,2,ExtraCol10_3,3,ExtraCol13_3,3,144,159,7,0,0,4
633,30.5,B50,C,43,B,low,55,NA,unknown,28,D,unknown,80,X,medium,322,X,medium,399,Z,high,441,X,low,370,X,high,71,Z,ExtraCol1_2,2,ExtraCol4_3,3,ExtraCol7_2,2,ExtraCol10_5,5,ExtraCol13_3,3,0,159,5,147,169,4
634,0,B96 B98,S,37,A,high,32,NA,high,68,NA,medium,53,X,medium,97,X,high,375,Z,high,237,Z,high,439,Y,low,310,Z,ExtraCol1_2,2,ExtraCol4_2,2,ExtraCol7_4,4,ExtraCol10_3,3,ExtraCol13_1,1,0,162,10,0,140,6
635,27.9,B96 B98,S,43,A,high,51,NA,NA,29,D,low,41,X,medium,198,Z,medium,474,NA,high,112,X,high,186,NA,low,433,Y,ExtraCol1_2,2,ExtraCol4_2,2,ExtraCol7_2,2,ExtraCol10_3,3,ExtraCol13_2,2,0,0,11,147,149,12
636,13,B96 B98,S,68,A,unknown,1,A,NA,82,NA,unknown,NA,X,high,269,X,low,224,Y,medium,488,Z,medium,NA,Z,medium,259,Y,ExtraCol1_4,4,ExtraCol4_1,1,ExtraCol7_5,5,NA,NA,ExtraCol13_3,3,144,0,7,0,169,0
637,7.925,B96 B98,S,23,A,unknown,74,A,high,36,C,NA,15,Y,low,158,Y,medium,87,Y,high,404,X,medium,373,Y,high,434,Z,ExtraCol1_1,1,ExtraCol4_4,4,ExtraCol7_2,2,ExtraCol10_1,1,ExtraCol13_2,2,144,162,5,166,0,9
638,26.25,B96 B98,S,29,C,high,37,NA,NA,10,A,NA,NA,Z,low,230,Y,high,77,X,high,NA,Z,medium,72,NA,high,468,Y,ExtraCol1_2,2,ExtraCol4_2,2,ExtraCol7_1,1,NA,NA,ExtraCol13_3,3,0,0,8,178,0,0
639,39.6875,B96 B98,S,79,A,high,84,D,unknown,9,B,NA,NA,X,medium,295,NA,high,137,Y,high,133,Y,medium,265,Y,low,436,Y,ExtraCol1_5,5,ExtraCol4_4,4,ExtraCol7_1,1,NA,NA,ExtraCol13_3,3,163,159,6,137,0,0
640,16.1,B96 B98,S,94,A,medium,23,C,high,40,C,unknown,NA,X,high,476,Y,high,301,X,medium,NA,NA,high,NA,Z,high,81,X,ExtraCol1_5,5,ExtraCol4_1,1,ExtraCol7_2,2,NA,NA,ExtraCol13_5,5,152,162,7,166,169,0
641,7.8542,B96 B98,S,67,A,high,92,NA,high,40,A,unknown,NA,Z,medium,155,NA,medium,27,Z,medium,185,Z,high,150,Z,medium,103,X,ExtraCol1_4,4,ExtraCol4_4,4,ExtraCol7_2,2,NA,NA,ExtraCol13_2,2,0,162,7,178,169,0
642,69.3,B35,C,91,A,high,94,B,low,NA,A,high,99,X,high,44,X,medium,477,Z,high,337,Z,low,149,X,high,149,Z,ExtraCol1_5,5,ExtraCol4_4,4,NA,NA,ExtraCol10_5,5,ExtraCol13_1,1,147,140,0,178,142,9
643,27.9,B96 B98,S,85,D,unknown,10,C,NA,47,C,NA,23,Z,high,434,X,low,494,X,high,416,Z,low,314,Y,high,319,Z,ExtraCol1_5,5,ExtraCol4_1,1,ExtraCol7_3,3,ExtraCol10_2,2,ExtraCol13_5,5,152,0,1,166,0,6
644,56.4958,B96 B98,S,48,C,high,64,D,NA,16,A,medium,72,Y,high,288,X,medium,82,Z,medium,244,Y,high,375,X,low,431,NA,ExtraCol1_4,4,ExtraCol4_3,3,ExtraCol7_1,1,ExtraCol10_4,4,ExtraCol13_3,3,163,0,7,178,140,8
645,19.2583,B96 B98,C,43,A,high,93,B,NA,21,NA,high,87,Z,medium,236,Y,medium,390,Z,low,24,NA,medium,194,Y,medium,156,Z,ExtraCol1_2,2,ExtraCol4_4,4,ExtraCol7_2,2,ExtraCol10_5,5,ExtraCol13_3,3,147,0,7,0,142,8
646,76.7292,D33,C,32,B,high,32,C,high,56,B,unknown,83,X,medium,360,Y,low,NA,Y,medium,281,NA,medium,73,Y,low,333,Z,ExtraCol1_2,2,ExtraCol4_2,2,ExtraCol7_3,3,ExtraCol10_5,5,ExtraCol13_4,4,152,162,8,137,169,3
647,7.8958,B96 B98,S,43,A,unknown,51,C,medium,33,NA,low,NA,NA,low,490,X,low,240,Y,medium,429,X,high,393,Z,medium,93,X,ExtraCol1_2,2,ExtraCol4_2,2,ExtraCol7_2,2,NA,NA,ExtraCol13_5,5,152,165,6,0,149,0
648,35.5,A26,C,43,A,high,51,D,unknown,67,NA,NA,17,Y,low,63,X,high,367,X,high,111,X,medium,86,X,high,271,Z,ExtraCol1_2,2,ExtraCol4_2,2,ExtraCol7_4,4,ExtraCol10_1,1,ExtraCol13_1,1,163,159,6,0,0,5
649,7.55,B96 B98,S,96,A,low,47,D,NA,92,NA,high,46,X,NA,430,Z,low,287,Z,low,479,X,medium,NA,Z,high,389,Z,ExtraCol1_5,5,ExtraCol4_2,2,ExtraCol7_5,5,ExtraCol10_3,3,ExtraCol13_5,5,163,0,8,0,142,6
650,7.55,B96 B98,S,84,D,low,2,C,low,35,C,high,77,X,high,318,X,NA,161,X,low,181,Y,medium,161,Z,high,197,X,ExtraCol1_5,5,ExtraCol4_1,1,ExtraCol7_2,2,ExtraCol10_5,5,ExtraCol13_3,3,152,140,5,166,142,5
651,7.8958,B96 B98,S,43,C,unknown,84,C,NA,55,C,unknown,61,Z,high,292,Y,medium,281,Z,high,342,Z,low,409,Y,medium,81,X,ExtraCol1_2,2,ExtraCol4_4,4,ExtraCol7_3,3,ExtraCol10_4,4,ExtraCol13_3,3,152,0,6,166,169,7
652,23,B96 B98,S,65,B,unknown,51,D,medium,NA,B,NA,NA,X,medium,432,Z,low,67,Y,high,350,Y,high,378,Y,low,205,Z,ExtraCol1_4,4,ExtraCol4_2,2,NA,NA,NA,NA,ExtraCol13_5,5,163,165,0,137,0,0
653,8.4333,B96 B98,S,20,D,unknown,51,NA,low,21,NA,low,21,Y,medium,152,Z,high,127,Z,low,91,X,high,153,NA,medium,381,X,ExtraCol1_1,1,ExtraCol4_2,2,ExtraCol7_2,2,ExtraCol10_2,2,ExtraCol13_2,2,0,140,7,0,149,4
654,7.8292,B96 B98,Q,43,A,low,25,NA,NA,51,D,low,65,Z,high,393,Z,high,486,Y,low,NA,Y,high,259,X,medium,467,X,ExtraCol1_2,2,ExtraCol4_1,1,ExtraCol7_3,3,ExtraCol10_4,4,ExtraCol13_4,4,0,0,4,147,149,9
655,6.75,B96 B98,Q,43,A,high,1,C,high,30,D,unknown,42,X,low,285,Y,high,92,Z,medium,474,X,medium,479,Z,medium,308,X,ExtraCol1_2,2,ExtraCol4_1,1,ExtraCol7_2,2,ExtraCol10_3,3,ExtraCol13_3,3,152,162,6,147,169,8
656,73.5,B96 B98,S,53,B,unknown,51,C,NA,62,D,NA,NA,X,low,467,Y,low,299,Y,high,350,Y,low,359,Y,low,335,X,ExtraCol1_4,4,ExtraCol4_2,2,ExtraCol7_4,4,NA,NA,ExtraCol13_5,5,152,0,8,147,0,0
657,7.8958,B96 B98,S,76,D,high,2,A,low,74,NA,high,93,Y,high,233,Z,NA,NA,Y,high,315,Z,medium,379,X,high,209,Y,ExtraCol1_5,5,ExtraCol4_1,1,ExtraCol7_4,4,ExtraCol10_5,5,ExtraCol13_3,3,144,140,4,0,142,4
658,15.5,B96 B98,Q,63,C,high,79,C,unknown,14,C,medium,0,X,medium,360,Z,low,232,Y,medium,151,X,low,43,Y,NA,464,Y,ExtraCol1_4,4,ExtraCol4_4,4,ExtraCol7_1,1,ExtraCol10_1,1,ExtraCol13_4,4,152,159,7,166,140,8
659,13,B96 B98,S,43,D,high,51,NA,unknown,18,A,medium,23,Z,low,248,X,low,123,NA,low,54,Z,high,120,Z,medium,NA,Z,ExtraCol1_2,2,ExtraCol4_2,2,ExtraCol7_1,1,ExtraCol10_2,2,ExtraCol13_3,3,0,159,5,178,140,6
660,113.275,D48,C,28,A,low,51,NA,high,2,D,unknown,91,X,low,196,Z,NA,284,Y,medium,135,X,medium,52,Z,low,486,X,ExtraCol1_1,1,ExtraCol4_2,2,ExtraCol7_1,1,ExtraCol10_5,5,ExtraCol13_2,2,0,162,8,147,169,7
661,133.65,B96 B98,S,43,A,medium,81,C,low,1,A,NA,NA,X,NA,187,Z,high,278,NA,low,273,Z,low,489,X,NA,NA,X,ExtraCol1_2,2,ExtraCol4_4,4,ExtraCol7_1,1,NA,NA,ExtraCol13_2,2,152,140,6,178,0,0
662,7.225,B96 B98,C,73,A,high,89,NA,NA,NA,NA,NA,30,X,low,460,Z,low,308,Y,medium,346,X,medium,171,Z,medium,273,Y,ExtraCol1_4,4,ExtraCol4_4,4,NA,NA,ExtraCol10_2,2,ExtraCol13_5,5,0,0,0,0,0,5
663,25.5875,E58,S,3,A,low,12,D,high,70,D,unknown,NA,X,medium,418,X,high,154,Y,low,159,X,high,249,NA,medium,480,Z,ExtraCol1_1,1,ExtraCol4_1,1,ExtraCol7_4,4,NA,NA,ExtraCol13_5,5,163,162,7,147,169,0
664,7.4958,B96 B98,S,43,C,low,51,C,high,NA,NA,unknown,NA,X,high,112,Y,low,289,Y,low,107,Y,low,275,X,NA,NA,Y,ExtraCol1_2,2,ExtraCol4_2,2,NA,NA,NA,NA,ExtraCol13_2,2,152,162,0,0,169,0
665,7.925,B96 B98,S,43,A,high,12,B,NA,40,D,high,NA,Y,high,432,X,high,364,Y,high,124,Y,medium,261,Y,high,300,Z,ExtraCol1_2,2,ExtraCol4_1,1,ExtraCol7_2,2,NA,NA,ExtraCol13_5,5,147,0,7,147,142,0
666,73.5,B96 B98,S,69,D,unknown,68,D,unknown,NA,B,low,30,Y,high,291,X,medium,359,X,high,480,Y,high,26,Z,medium,328,X,ExtraCol1_4,4,ExtraCol4_3,3,NA,NA,ExtraCol10_2,2,ExtraCol13_3,3,163,159,0,137,149,5
667,13,B96 B98,S,50,D,high,56,B,unknown,72,NA,high,53,Y,high,NA,Y,low,283,Z,NA,NA,X,high,454,X,low,92,Y,ExtraCol1_4,4,ExtraCol4_3,3,ExtraCol7_4,4,ExtraCol10_3,3,NA,NA,147,159,7,0,142,6
668,7.775,B96 B98,S,86,C,high,8,B,high,80,A,high,NA,X,low,382,X,high,149,Y,medium,495,Z,high,190,Y,low,419,Y,ExtraCol1_5,5,ExtraCol4_1,1,ExtraCol7_4,4,NA,NA,ExtraCol13_4,4,147,162,6,178,142,0
669,8.05,B96 B98,S,91,B,high,23,NA,NA,73,NA,high,NA,X,low,81,X,high,266,Z,medium,3,Z,medium,459,Y,low,181,X,ExtraCol1_5,5,ExtraCol4_1,1,ExtraCol7_4,4,NA,NA,ExtraCol13_1,1,0,0,5,0,142,0
670,52,C126,S,43,A,low,53,D,high,NA,NA,low,79,X,low,436,X,high,268,Y,low,229,Z,medium,382,X,low,329,X,ExtraCol1_2,2,ExtraCol4_3,3,NA,NA,ExtraCol10_5,5,ExtraCol13_5,5,163,162,0,0,149,9
671,39,B96 B98,S,43,C,medium,51,C,low,52,B,NA,62,X,high,227,NA,medium,475,Y,medium,228,Z,medium,NA,X,high,422,X,ExtraCol1_2,2,ExtraCol4_2,2,ExtraCol7_3,3,ExtraCol10_4,4,ExtraCol13_3,3,152,140,7,137,0,9
672,52,B71,S,61,C,high,34,NA,NA,52,A,unknown,NA,Z,medium,458,X,high,188,Y,medium,200,Z,medium,351,Y,low,57,Y,ExtraCol1_4,4,ExtraCol4_2,2,ExtraCol7_3,3,NA,NA,ExtraCol13_5,5,0,0,7,178,169,0
673,10.5,B96 B98,S,43,D,unknown,51,D,NA,64,A,medium,98,X,high,241,Z,high,NA,Z,high,195,X,NA,489,X,high,150,X,ExtraCol1_2,2,ExtraCol4_2,2,ExtraCol7_4,4,ExtraCol10_5,5,ExtraCol13_3,3,163,0,3,178,140,7
674,13,B96 B98,S,9,C,high,99,A,low,79,B,medium,NA,X,NA,42,Z,high,NA,X,medium,39,Y,low,151,X,medium,471,X,ExtraCol1_1,1,ExtraCol4_4,4,ExtraCol7_4,4,NA,NA,ExtraCol13_1,1,144,140,8,137,140,0
675,0,B96 B98,S,62,A,high,76,NA,high,NA,NA,low,89,Y,high,383,Z,medium,317,NA,high,16,Z,high,164,X,medium,180,Z,ExtraCol1_4,4,ExtraCol4_4,4,NA,NA,ExtraCol10_5,5,ExtraCol13_4,4,0,162,0,0,149,6
676,7.775,B96 B98,S,43,A,medium,51,C,high,67,C,unknown,NA,X,medium,363,Z,low,213,X,medium,389,X,medium,335,X,high,330,X,ExtraCol1_2,2,ExtraCol4_2,2,ExtraCol7_4,4,NA,NA,ExtraCol13_4,4,152,162,6,166,169,0
677,8.05,B96 B98,S,58,A,medium,51,D,NA,83,A,low,92,Y,high,151,Y,medium,0,Z,low,220,Y,medium,116,NA,high,280,Z,ExtraCol1_4,4,ExtraCol4_2,2,ExtraCol7_5,5,ExtraCol10_5,5,ExtraCol13_2,2,163,0,8,178,149,5
678,9.8417,B96 B98,S,43,A,unknown,51,B,high,NA,NA,medium,78,Y,low,102,Y,medium,352,Y,medium,81,X,medium,401,X,low,434,Y,ExtraCol1_2,2,ExtraCol4_2,2,NA,NA,ExtraCol10_5,5,ExtraCol13_1,1,147,162,0,0,140,4
679,46.9,B96 B98,S,52,D,medium,51,D,unknown,41,C,medium,21,NA,high,431,NA,low,368,Z,high,NA,Z,medium,14,NA,high,255,X,ExtraCol1_4,4,ExtraCol4_2,2,ExtraCol7_3,3,ExtraCol10_2,2,ExtraCol13_5,5,163,159,9,166,140,4
680,512.3292,B51 B53 B55,C,93,A,unknown,44,A,unknown,NA,B,NA,20,X,medium,389,Y,low,465,NA,low,466,Z,high,448,Z,low,212,Y,ExtraCol1_5,5,ExtraCol4_2,2,NA,NA,ExtraCol10_2,2,ExtraCol13_4,4,144,159,0,137,0,6
681,8.1375,B96 B98,Q,72,A,high,83,D,medium,2,NA,NA,54,NA,low,148,Y,NA,251,X,high,233,X,medium,173,Y,medium,8,Y,ExtraCol1_4,4,ExtraCol4_4,4,ExtraCol7_1,1,ExtraCol10_3,3,ExtraCol13_2,2,163,165,8,0,0,5
682,76.7292,D49,C,13,D,high,51,A,NA,NA,D,unknown,50,Z,low,350,Y,NA,257,Y,medium,495,Z,medium,NA,Z,medium,237,X,ExtraCol1_1,1,ExtraCol4_2,2,NA,NA,ExtraCol10_3,3,ExtraCol13_4,4,144,0,0,147,169,8
683,9.225,B96 B98,S,95,A,high,51,NA,NA,80,B,unknown,23,Y,NA,120,X,NA,104,X,high,80,Y,medium,301,X,low,292,X,ExtraCol1_5,5,ExtraCol4_2,2,ExtraCol7_4,4,ExtraCol10_2,2,ExtraCol13_2,2,0,0,6,137,169,6
684,46.9,B96 B98,S,95,A,medium,51,NA,high,17,NA,high,26,X,low,90,Z,high,229,Y,high,61,Z,low,137,Z,medium,NA,Z,ExtraCol1_5,5,ExtraCol4_2,2,ExtraCol7_1,1,ExtraCol10_2,2,ExtraCol13_1,1,0,162,9,0,142,5
685,39,B96 B98,S,16,D,high,6,D,low,NA,B,low,89,Y,high,NA,NA,high,0,X,medium,281,X,low,152,X,medium,390,X,ExtraCol1_1,1,ExtraCol4_1,1,NA,NA,ExtraCol10_5,5,NA,NA,163,140,0,137,149,6
686,41.5792,B96 B98,C,80,A,high,69,D,NA,90,NA,unknown,NA,Y,low,416,Z,low,250,X,NA,341,X,NA,240,X,high,388,Z,ExtraCol1_5,5,ExtraCol4_3,3,ExtraCol7_5,5,NA,NA,ExtraCol13_5,5,163,0,5,0,169,0
687,39.6875,B96 B98,S,43,C,high,65,NA,high,49,NA,medium,NA,Z,medium,459,X,low,NA,X,low,490,Z,NA,289,Z,high,229,X,ExtraCol1_2,2,ExtraCol4_3,3,ExtraCol7_3,3,NA,NA,ExtraCol13_5,5,0,162,5,0,140,0
688,10.1708,B96 B98,S,59,D,unknown,58,D,medium,48,B,NA,NA,Z,medium,230,Z,high,392,Y,high,232,NA,NA,68,Y,medium,39,Y,ExtraCol1_4,4,ExtraCol4_3,3,ExtraCol7_3,3,NA,NA,ExtraCol13_3,3,163,165,4,137,0,0
689,7.7958,B96 B98,S,44,C,low,5,B,high,42,A,medium,15,Y,medium,71,X,high,331,Z,high,100,X,low,24,Z,high,127,X,ExtraCol1_3,3,ExtraCol4_1,1,ExtraCol7_3,3,ExtraCol10_1,1,ExtraCol13_1,1,147,162,9,178,140,9
690,211.3375,B5,S,78,A,low,49,C,low,37,NA,NA,NA,X,medium,271,X,medium,402,Y,low,270,X,high,NA,Z,NA,203,Z,ExtraCol1_5,5,ExtraCol4_2,2,ExtraCol7_2,2,NA,NA,ExtraCol13_3,3,152,140,8,0,0,0
691,57,B20,S,99,D,high,89,A,medium,38,A,NA,NA,NA,high,340,NA,high,332,X,NA,153,Y,medium,177,Y,NA,NA,NA,ExtraCol1_5,5,ExtraCol4_4,4,ExtraCol7_2,2,NA,NA,ExtraCol13_4,4,144,165,3,178,0,0
692,13.4167,B96 B98,C,79,A,medium,23,A,high,55,C,NA,64,X,high,485,X,low,389,X,medium,89,X,high,291,X,high,384,Z,ExtraCol1_5,5,ExtraCol4_1,1,ExtraCol7_3,3,ExtraCol10_4,4,ExtraCol13_5,5,144,162,6,166,0,6
693,56.4958,B96 B98,S,43,C,high,69,A,high,NA,A,NA,NA,Z,high,56,X,medium,218,Z,low,44,Z,medium,374,Y,high,447,X,ExtraCol1_2,2,ExtraCol4_3,3,NA,NA,NA,NA,ExtraCol13_1,1,144,162,0,178,0,0
694,7.225,B96 B98,C,94,A,low,85,C,unknown,NA,A,NA,23,Y,NA,328,Z,medium,301,NA,low,361,Z,high,307,Y,low,496,X,ExtraCol1_5,5,ExtraCol4_4,4,NA,NA,ExtraCol10_2,2,ExtraCol13_4,4,152,159,0,178,0,6
695,26.55,B96 B98,S,9,A,high,51,NA,unknown,86,D,medium,18,Y,high,256,X,low,319,Y,low,321,Z,NA,52,Y,high,NA,Y,ExtraCol1_1,1,ExtraCol4_2,2,ExtraCol7_5,5,ExtraCol10_2,2,ExtraCol13_3,3,0,159,7,147,140,4
696,13.5,B96 B98,S,25,A,medium,51,D,NA,11,A,unknown,NA,NA,NA,294,Z,high,286,Y,low,83,NA,high,498,X,low,5,Y,ExtraCol1_1,1,ExtraCol4_2,2,ExtraCol7_1,1,NA,NA,ExtraCol13_3,3,163,0,8,178,169,0
697,8.05,B96 B98,S,72,A,medium,51,NA,low,30,B,NA,7,Y,high,46,X,medium,285,Y,low,279,Y,low,357,Z,medium,286,Y,ExtraCol1_4,4,ExtraCol4_2,2,ExtraCol7_2,2,ExtraCol10_1,1,ExtraCol13_1,1,0,140,6,137,0,8
698,7.7333,B96 B98,Q,59,D,high,69,C,NA,75,C,unknown,NA,Y,low,8,Y,low,390,Z,low,442,Y,low,24,Y,high,132,Z,ExtraCol1_4,4,ExtraCol4_3,3,ExtraCol7_4,4,NA,NA,ExtraCol13_1,1,152,0,11,166,169,0
699,110.8833,C68,C,5,A,high,51,NA,low,54,B,medium,86,X,low,303,Y,low,119,Z,medium,409,NA,low,381,Z,high,434,Y,ExtraCol1_1,1,ExtraCol4_2,2,ExtraCol7_3,3,ExtraCol10_5,5,ExtraCol13_3,3,0,140,5,137,140,7
700,7.65,F G63,S,9,A,medium,51,B,NA,33,B,medium,30,Y,high,99,Z,NA,158,NA,medium,226,Y,NA,440,Y,NA,232,Z,ExtraCol1_1,1,ExtraCol4_2,2,ExtraCol7_2,2,ExtraCol10_2,2,ExtraCol13_1,1,147,0,6,137,140,5
701,227.525,C62 C64,C,52,A,low,51,A,low,31,NA,low,NA,X,high,306,Z,NA,259,Y,low,28,Y,medium,284,NA,high,4,Y,ExtraCol1_4,4,ExtraCol4_2,2,ExtraCol7_2,2,NA,NA,ExtraCol13_3,3,144,140,8,0,149,0
702,26.2875,E24,S,61,C,high,71,NA,NA,11,NA,NA,NA,X,low,13,Z,high,322,Z,low,317,Y,high,416,X,low,111,X,ExtraCol1_4,4,ExtraCol4_4,4,ExtraCol7_1,1,NA,NA,ExtraCol13_1,1,0,0,8,0,0,0
703,14.4542,B96 B98,C,16,C,low,24,C,low,NA,D,low,25,X,high,400,Z,low,257,Y,medium,258,Y,high,443,NA,NA,170,Y,ExtraCol1_1,1,ExtraCol4_1,1,NA,NA,ExtraCol10_2,2,ExtraCol13_4,4,152,140,0,147,149,4
704,7.7417,B96 B98,Q,17,C,medium,75,NA,high,NA,C,medium,6,Y,low,166,X,medium,99,NA,high,460,Z,low,482,X,medium,13,Y,ExtraCol1_1,1,ExtraCol4_4,4,NA,NA,ExtraCol10_1,1,ExtraCol13_2,2,0,162,0,166,140,2
705,7.8542,B96 B98,S,43,C,high,54,C,NA,41,D,unknown,NA,Z,low,NA,X,medium,411,Z,high,276,Y,medium,477,X,NA,158,Y,ExtraCol1_2,2,ExtraCol4_3,3,ExtraCol7_3,3,NA,NA,NA,NA,152,0,9,147,169,0
706,26,B96 B98,S,56,D,low,93,D,high,NA,C,high,2,X,high,172,Y,medium,272,X,high,368,Z,medium,96,Z,medium,269,Z,ExtraCol1_4,4,ExtraCol4_4,4,NA,NA,ExtraCol10_1,1,ExtraCol13_2,2,163,162,0,166,142,4
707,13.5,B96 B98,S,43,A,medium,65,C,high,27,NA,high,42,X,low,209,X,NA,216,Y,low,264,X,low,17,Y,low,446,Z,ExtraCol1_2,2,ExtraCol4_3,3,ExtraCol7_2,2,ExtraCol10_3,3,ExtraCol13_2,2,152,162,3,0,142,8
708,26.2875,E24,S,43,D,high,51,A,low,NA,NA,unknown,3,Y,low,265,Y,high,439,Y,high,270,Y,medium,325,Y,medium,324,X,ExtraCol1_2,2,ExtraCol4_2,2,NA,NA,ExtraCol10_1,1,ExtraCol13_3,3,144,140,0,0,169,7
709,151.55,B96 B98,S,47,D,unknown,97,B,NA,NA,C,unknown,NA,X,high,322,Y,high,218,NA,low,158,Y,low,339,X,high,NA,X,ExtraCol1_4,4,ExtraCol4_4,4,NA,NA,NA,NA,ExtraCol13_3,3,147,0,0,166,169,0
710,15.2458,B96 B98,C,43,D,unknown,99,D,unknown,40,C,unknown,NA,X,medium,344,X,medium,80,Y,low,201,Z,high,NA,X,high,208,X,ExtraCol1_2,2,ExtraCol4_4,4,ExtraCol7_2,2,NA,NA,ExtraCol13_4,4,163,159,7,166,169,0
711,49.5042,C90,C,43,A,low,74,A,high,25,D,NA,32,Y,medium,495,X,high,492,X,low,147,X,low,118,Y,medium,384,Y,ExtraCol1_2,2,ExtraCol4_4,4,ExtraCol7_2,2,ExtraCol10_2,2,ExtraCol13_5,5,144,162,5,147,0,7
712,26.55,C124,S,43,D,high,59,A,medium,63,NA,NA,NA,Y,high,89,Z,low,191,Y,low,231,X,low,474,X,low,184,X,ExtraCol1_2,2,ExtraCol4_3,3,ExtraCol7_4,4,NA,NA,ExtraCol13_1,1,144,165,9,0,0,0
713,52,C126,S,72,A,high,11,D,unknown,54,B,NA,NA,X,low,435,Y,low,447,Y,medium,475,Y,low,204,Y,high,281,X,ExtraCol1_4,4,ExtraCol4_1,1,ExtraCol7_3,3,NA,NA,ExtraCol13_5,5,163,159,5,137,0,0
714,9.4833,B96 B98,S,76,D,medium,51,NA,NA,57,A,NA,NA,X,high,300,Z,low,258,Y,low,170,Z,NA,370,Z,high,492,Y,ExtraCol1_5,5,ExtraCol4_2,2,ExtraCol7_3,3,NA,NA,ExtraCol13_3,3,0,0,10,178,0,0
715,13,B96 B98,S,43,C,medium,47,D,NA,NA,NA,high,NA,X,low,154,NA,low,121,Y,high,231,Y,high,311,Y,high,68,Y,ExtraCol1_2,2,ExtraCol4_2,2,NA,NA,NA,NA,ExtraCol13_2,2,163,0,0,0,142,0
716,7.65,F G73,S,79,A,high,78,NA,low,72,NA,medium,36,Z,medium,458,Y,high,188,Z,high,473,Y,high,447,Y,high,238,Z,ExtraCol1_5,5,ExtraCol4_4,4,ExtraCol7_4,4,ExtraCol10_2,2,ExtraCol13_5,5,0,140,7,0,140,5
717,227.525,C45,C,51,C,medium,58,C,NA,NA,D,NA,NA,Y,low,353,Z,low,455,Z,medium,75,X,high,356,X,high,304,NA,ExtraCol1_4,4,ExtraCol4_3,3,NA,NA,NA,NA,ExtraCol13_4,4,152,0,0,147,0,0
718,10.5,E101,S,43,B,low,43,C,NA,83,C,low,25,NA,low,92,X,NA,472,Z,low,126,Z,high,NA,Y,medium,399,Z,ExtraCol1_2,2,ExtraCol4_2,2,ExtraCol7_5,5,ExtraCol10_2,2,ExtraCol13_1,1,152,0,8,166,149,4
719,15.5,B96 B98,Q,43,A,high,51,A,low,42,A,NA,NA,X,low,87,X,medium,68,X,high,246,Z,medium,420,Z,high,418,Z,ExtraCol1_2,2,ExtraCol4_2,2,ExtraCol7_3,3,NA,NA,ExtraCol13_1,1,144,140,9,178,0,0
720,7.775,B96 B98,S,59,D,medium,51,NA,NA,40,C,medium,73,Z,medium,329,Z,high,493,Z,low,204,X,low,27,Y,medium,143,NA,ExtraCol1_4,4,ExtraCol4_2,2,ExtraCol7_2,2,ExtraCol10_4,4,ExtraCol13_4,4,0,0,7,166,140,7
721,33,B96 B98,S,13,A,high,51,NA,NA,38,B,low,75,NA,high,364,Z,low,426,Z,high,170,Z,medium,352,Z,high,233,NA,ExtraCol1_1,1,ExtraCol4_2,2,ExtraCol7_2,2,ExtraCol10_4,4,ExtraCol13_4,4,0,0,3,137,149,6
722,7.0542,B96 B98,S,93,B,low,51,D,medium,42,NA,unknown,51,Z,low,22,X,high,323,Z,high,389,X,low,293,Z,low,415,Z,ExtraCol1_5,5,ExtraCol4_2,2,ExtraCol7_3,3,ExtraCol10_3,3,ExtraCol13_1,1,163,165,9,0,169,9
723,13,B96 B98,S,84,A,low,51,NA,low,66,B,medium,75,Z,medium,314,Y,medium,91,Z,low,249,Y,low,388,Z,low,419,Y,ExtraCol1_5,5,ExtraCol4_2,2,ExtraCol7_4,4,ExtraCol10_4,4,ExtraCol13_3,3,0,140,8,137,140,6
724,13,B96 B98,S,43,A,unknown,87,D,low,49,C,medium,59,Y,high,265,Y,low,293,Z,low,182,Z,high,112,Y,low,411,Z,ExtraCol1_2,2,ExtraCol4_4,4,ExtraCol7_3,3,ExtraCol10_3,3,ExtraCol13_3,3,163,140,5,166,140,5
725,53.1,E8,S,78,D,low,11,D,unknown,12,A,medium,NA,Z,high,NA,Z,low,212,Z,high,NA,Z,low,299,X,medium,NA,X,ExtraCol1_5,5,ExtraCol4_1,1,ExtraCol7_1,1,NA,NA,NA,NA,163,159,6,178,140,0
726,8.6625,B96 B98,S,11,A,high,40,A,unknown,56,C,medium,35,Z,high,370,Y,high,62,Z,high,443,X,low,142,X,high,133,X,ExtraCol1_1,1,ExtraCol4_2,2,ExtraCol7_3,3,ExtraCol10_2,2,ExtraCol13_4,4,144,159,8,166,140,8
727,21,B96 B98,S,43,C,high,51,NA,NA,NA,D,unknown,51,Z,low,454,X,high,491,Y,medium,491,X,medium,58,Z,NA,184,Z,ExtraCol1_2,2,ExtraCol4_2,2,NA,NA,ExtraCol10_3,3,ExtraCol13_5,5,0,0,0,147,169,9
728,7.7375,B96 B98,Q,8,D,high,51,C,low,10,NA,high,NA,X,medium,17,Z,high,301,Y,low,121,Z,low,287,Y,high,327,Z,ExtraCol1_1,1,ExtraCol4_2,2,ExtraCol7_1,1,NA,NA,ExtraCol13_1,1,152,140,8,0,142,0
729,26,B96 B98,S,48,D,unknown,16,C,NA,NA,A,low,76,X,medium,382,Z,medium,48,Y,medium,20,X,high,10,Z,high,127,X,ExtraCol1_4,4,ExtraCol4_1,1,NA,NA,ExtraCol10_4,4,ExtraCol13_4,4,152,0,0,178,149,10
730,7.925,B96 B98,S,65,A,high,51,D,NA,31,A,low,NA,Z,medium,166,Y,high,170,Z,medium,15,Z,high,46,Z,high,341,Z,ExtraCol1_4,4,ExtraCol4_2,2,ExtraCol7_2,2,NA,NA,ExtraCol13_2,2,163,0,8,178,149,0
731,211.3375,B5,S,72,A,high,59,NA,medium,NA,NA,NA,5,Z,low,276,Z,low,419,Y,low,222,X,medium,264,Y,medium,257,Y,ExtraCol1_4,4,ExtraCol4_3,3,NA,NA,ExtraCol10_1,1,ExtraCol13_3,3,0,165,0,0,0,12
732,18.7875,B96 B98,C,41,A,low,51,NA,medium,17,D,NA,49,Y,low,438,X,low,221,NA,high,314,X,low,449,X,low,221,Y,ExtraCol1_2,2,ExtraCol4_2,2,ExtraCol7_1,1,ExtraCol10_3,3,ExtraCol13_5,5,0,165,9,147,0,9
733,0,B96 B98,S,43,A,high,16,B,high,NA,D,NA,7,X,high,434,X,high,247,Z,medium,25,Y,high,357,Z,medium,177,Z,ExtraCol1_2,2,ExtraCol4_1,1,NA,NA,ExtraCol10_1,1,ExtraCol13_5,5,147,162,0,147,0,8
734,13,B96 B98,S,43,B,high,42,D,NA,NA,NA,unknown,19,Y,low,112,Z,low,71,X,low,254,Z,medium,7,X,low,NA,X,ExtraCol1_2,2,ExtraCol4_2,2,NA,NA,ExtraCol10_2,2,ExtraCol13_2,2,163,0,0,0,169,5
735,13,B96 B98,S,20,A,unknown,72,D,NA,13,B,medium,37,Y,high,120,Y,medium,NA,Z,NA,199,X,low,54,Y,low,232,NA,ExtraCol1_1,1,ExtraCol4_4,4,ExtraCol7_1,1,ExtraCol10_2,2,ExtraCol13_2,2,163,0,4,137,140,5
736,16.1,B96 B98,S,43,A,medium,73,NA,unknown,NA,A,NA,0,Y,low,361,X,medium,488,Y,medium,466,Z,high,215,X,high,153,X,ExtraCol1_2,2,ExtraCol4_4,4,NA,NA,ExtraCol10_1,1,ExtraCol13_4,4,0,159,0,178,0,8
737,34.375,B96 B98,S,43,B,high,19,C,unknown,31,B,low,22,Y,medium,NA,Z,low,476,Z,medium,301,Z,high,214,X,NA,191,Y,ExtraCol1_2,2,ExtraCol4_1,1,ExtraCol7_2,2,ExtraCol10_2,2,NA,NA,152,159,8,137,149,5
738,512.3292,B101,C,43,A,unknown,51,NA,medium,58,B,medium,54,NA,medium,306,X,high,47,X,NA,211,X,medium,19,Y,high,242,X,ExtraCol1_2,2,ExtraCol4_2,2,ExtraCol7_3,3,ExtraCol10_3,3,ExtraCol13_3,3,0,165,5,137,140,5
739,7.8958,B96 B98,S,43,A,high,89,NA,NA,56,C,medium,37,Y,high,27,X,low,274,X,low,293,X,medium,128,Y,medium,308,X,ExtraCol1_2,2,ExtraCol4_4,4,ExtraCol7_3,3,ExtraCol10_2,2,ExtraCol13_1,1,0,0,8,166,140,5
740,7.8958,B96 B98,S,89,A,unknown,22,A,NA,NA,D,NA,89,Z,high,81,Y,high,340,Z,low,67,Y,high,63,Y,medium,495,NA,ExtraCol1_5,5,ExtraCol4_1,1,NA,NA,ExtraCol10_5,5,ExtraCol13_1,1,144,0,0,147,0,6
741,30,D45,S,81,A,high,2,C,medium,58,D,NA,9,X,low,374,Y,low,440,Z,low,237,Y,low,NA,Y,high,170,X,ExtraCol1_5,5,ExtraCol4_1,1,ExtraCol7_3,3,ExtraCol10_1,1,ExtraCol13_4,4,152,165,5,147,0,5
742,78.85,C46,S,76,C,medium,95,NA,unknown,56,NA,low,NA,Z,high,370,Z,NA,279,Y,low,164,X,medium,329,Y,medium,89,Y,ExtraCol1_5,5,ExtraCol4_4,4,ExtraCol7_3,3,NA,NA,ExtraCol13_4,4,0,159,8,0,149,0
743,262.375,B57 B59 B63 B66,C,43,B,high,52,A,NA,8,A,high,59,Z,low,448,Y,low,434,Y,medium,90,Y,medium,195,X,high,488,Z,ExtraCol1_2,2,ExtraCol4_3,3,ExtraCol7_1,1,ExtraCol10_3,3,ExtraCol13_5,5,144,0,5,178,142,5
744,16.1,B96 B98,S,27,A,high,77,NA,NA,NA,NA,medium,64,Y,high,266,X,medium,NA,Y,medium,196,Z,medium,285,X,low,73,Z,ExtraCol1_1,1,ExtraCol4_4,4,NA,NA,ExtraCol10_4,4,ExtraCol13_3,3,0,0,0,0,140,6
745,7.925,B96 B98,S,79,D,low,32,NA,NA,11,B,medium,67,Y,high,213,Z,low,7,Y,high,319,X,NA,100,Z,medium,451,X,ExtraCol1_5,5,ExtraCol4_2,2,ExtraCol7_1,1,ExtraCol10_4,4,ExtraCol13_2,2,0,0,8,137,140,7
746,71,B22,S,36,A,unknown,51,A,NA,43,B,low,5,Y,low,56,Y,low,232,NA,NA,291,X,low,425,Z,NA,71,Z,ExtraCol1_2,2,ExtraCol4_2,2,ExtraCol7_3,3,ExtraCol10_1,1,ExtraCol13_1,1,144,0,4,137,149,12
747,20.25,B96 B98,S,53,B,low,51,D,medium,36,C,low,79,Y,medium,390,NA,medium,132,Y,medium,481,Z,low,2,NA,high,181,Y,ExtraCol1_4,4,ExtraCol4_2,2,ExtraCol7_2,2,ExtraCol10_5,5,ExtraCol13_4,4,163,165,5,166,149,9
748,13,B96 B98,S,31,C,medium,51,A,NA,NA,C,medium,33,Z,high,474,NA,high,377,Y,low,137,Y,medium,252,X,high,499,NA,ExtraCol1_2,2,ExtraCol4_2,2,NA,NA,ExtraCol10_2,2,ExtraCol13_5,5,144,0,0,166,140,6
749,53.1,D30,S,31,D,high,47,C,unknown,NA,D,medium,65,NA,high,22,Y,high,168,X,low,349,Z,high,160,Z,low,82,Y,ExtraCol1_2,2,ExtraCol4_2,2,NA,NA,ExtraCol10_4,4,ExtraCol13_1,1,152,159,0,147,140,9
750,7.75,B96 B98,Q,43,C,high,51,NA,unknown,NA,C,NA,NA,Y,medium,245,Y,high,203,Y,low,275,Y,medium,225,Z,medium,79,Y,ExtraCol1_2,2,ExtraCol4_2,2,NA,NA,NA,NA,ExtraCol13_3,3,0,159,0,166,0,0
751,23,B96 B98,S,43,B,high,51,B,low,41,NA,unknown,39,NA,low,177,X,high,267,Z,low,436,Z,low,258,NA,low,304,Y,ExtraCol1_2,2,ExtraCol4_2,2,ExtraCol7_3,3,ExtraCol10_2,2,ExtraCol13_2,2,147,140,9,0,169,7
752,12.475,E121,S,14,A,unknown,51,A,unknown,6,A,NA,70,Y,medium,372,Y,high,480,Z,low,454,Z,high,323,X,high,95,Y,ExtraCol1_1,1,ExtraCol4_2,2,ExtraCol7_1,1,ExtraCol10_4,4,ExtraCol13_4,4,144,159,5,178,0,13
753,9.5,B96 B98,S,43,D,high,91,NA,NA,0,NA,medium,93,Y,high,381,Y,high,35,Y,high,353,Y,medium,464,X,medium,12,X,ExtraCol1_2,2,ExtraCol4_4,4,ExtraCol7_1,1,ExtraCol10_5,5,ExtraCol13_4,4,0,0,8,0,140,4
754,7.8958,B96 B98,S,93,B,high,51,A,NA,54,D,NA,87,Y,medium,108,Z,medium,276,Y,medium,211,Y,high,280,Z,low,347,X,ExtraCol1_5,5,ExtraCol4_2,2,ExtraCol7_3,3,ExtraCol10_5,5,ExtraCol13_1,1,144,0,5,147,0,8
755,65,B96 B98,S,55,D,high,51,NA,medium,NA,D,high,NA,Y,low,476,Z,high,194,X,high,266,Y,low,113,Z,high,479,X,ExtraCol1_4,4,ExtraCol4_2,2,NA,NA,NA,NA,ExtraCol13_5,5,0,165,0,147,142,0
756,14.5,B96 B98,S,43,D,unknown,51,D,medium,54,B,medium,53,Y,low,68,Z,high,18,Y,low,325,X,low,NA,Y,high,379,Z,ExtraCol1_2,2,ExtraCol4_2,2,ExtraCol7_3,3,ExtraCol10_3,3,ExtraCol13_1,1,163,165,5,137,140,6
757,7.7958,B96 B98,S,73,A,medium,51,D,NA,72,NA,NA,52,Z,low,390,Y,medium,407,Y,low,402,Y,high,256,X,low,482,Y,ExtraCol1_4,4,ExtraCol4_2,2,ExtraCol7_4,4,ExtraCol10_3,3,ExtraCol13_4,4,163,0,7,0,0,6
758,11.5,B96 B98,S,38,A,high,82,NA,unknown,75,A,NA,96,Z,medium,NA,Y,low,456,X,low,114,Y,low,432,Y,low,263,Y,ExtraCol1_2,2,ExtraCol4_4,4,ExtraCol7_4,4,ExtraCol10_5,5,NA,NA,0,159,11,178,0,6
759,8.05,B96 B98,S,43,D,unknown,72,D,NA,87,A,medium,20,Z,NA,81,Y,low,86,X,medium,436,Z,low,283,X,low,307,Y,ExtraCol1_2,2,ExtraCol4_4,4,ExtraCol7_5,5,ExtraCol10_2,2,ExtraCol13_1,1,163,0,2,178,140,6
760,86.5,B77,S,43,A,high,14,NA,NA,NA,C,NA,95,Y,medium,336,X,medium,379,Y,medium,400,Z,NA,434,X,low,491,Z,ExtraCol1_2,2,ExtraCol4_1,1,NA,NA,ExtraCol10_5,5,ExtraCol13_4,4,0,0,0,166,0,5
761,14.5,B96 B98,S,17,B,low,58,D,medium,88,C,low,64,Z,high,135,X,medium,350,Z,medium,44,Y,low,324,X,medium,251,Z,ExtraCol1_1,1,ExtraCol4_3,3,ExtraCol7_5,5,ExtraCol10_4,4,ExtraCol13_2,2,163,165,7,166,149,6
762,7.125,B96 B98,S,55,A,unknown,53,NA,low,79,C,unknown,NA,Z,medium,137,Z,medium,352,Y,high,134,Z,medium,285,X,high,19,Z,ExtraCol1_4,4,ExtraCol4_3,3,ExtraCol7_4,4,NA,NA,ExtraCol13_2,2,0,140,8,166,169,0
763,7.2292,B96 B98,C,43,C,high,51,NA,low,43,NA,NA,NA,X,medium,43,X,high,230,Z,medium,117,Y,medium,164,X,low,119,X,ExtraCol1_2,2,ExtraCol4_2,2,ExtraCol7_3,3,NA,NA,ExtraCol13_1,1,0,140,4,0,0,0
764,120,B96 B98,S,93,B,high,51,B,medium,50,B,medium,81,Z,medium,373,Z,NA,160,NA,high,289,Y,low,128,Z,medium,310,X,ExtraCol1_5,5,ExtraCol4_2,2,ExtraCol7_3,3,ExtraCol10_5,5,ExtraCol13_4,4,147,165,7,137,140,5
765,7.775,B96 B98,S,36,C,unknown,51,B,NA,61,A,high,NA,Z,medium,403,Z,medium,35,Z,low,104,X,medium,49,Y,medium,428,Z,ExtraCol1_2,2,ExtraCol4_2,2,ExtraCol7_4,4,NA,NA,ExtraCol13_4,4,147,0,3,178,142,0
766,77.9583,D11,S,78,A,medium,51,NA,NA,NA,NA,NA,NA,Y,high,252,Z,high,17,Z,medium,150,X,low,274,Y,high,303,Z,ExtraCol1_5,5,ExtraCol4_2,2,NA,NA,NA,NA,ExtraCol13_3,3,0,0,0,0,0,0
767,39.6,B96 B98,C,61,D,high,51,B,unknown,67,C,NA,NA,Z,low,387,X,high,88,Y,medium,94,Z,low,460,Y,medium,202,X,ExtraCol1_4,4,ExtraCol4_2,2,ExtraCol7_4,4,NA,NA,ExtraCol13_4,4,147,159,6,166,0,0
768,7.75,B96 B98,Q,47,A,high,51,NA,unknown,58,B,medium,72,X,medium,174,Y,medium,263,Z,medium,33,X,low,6,Z,high,160,Y,ExtraCol1_4,4,ExtraCol4_2,2,ExtraCol7_3,3,ExtraCol10_4,4,ExtraCol13_2,2,0,159,5,137,140,8
769,24.15,B96 B98,Q,43,A,low,51,A,high,52,C,unknown,91,Z,low,282,Z,medium,70,X,high,229,X,low,476,Z,high,341,X,ExtraCol1_2,2,ExtraCol4_2,2,ExtraCol7_3,3,ExtraCol10_5,5,ExtraCol13_3,3,144,162,7,166,169,7
770,8.3625,B96 B98,S,37,B,low,4,B,NA,NA,B,low,NA,Y,low,393,Y,low,343,X,medium,159,X,medium,429,Y,NA,449,Z,ExtraCol1_2,2,ExtraCol4_1,1,NA,NA,NA,NA,ExtraCol13_4,4,147,0,0,137,149,0
771,9.5,B96 B98,S,65,A,high,35,NA,unknown,68,C,unknown,NA,Z,low,215,Y,medium,309,Y,medium,252,Z,medium,219,Z,low,139,Z,ExtraCol1_4,4,ExtraCol4_2,2,ExtraCol7_4,4,NA,NA,ExtraCol13_2,2,0,159,10,166,169,0
772,7.8542,B96 B98,S,98,D,high,51,D,medium,93,B,high,4,Y,medium,308,Z,low,172,X,NA,106,X,low,156,Y,low,NA,Z,ExtraCol1_5,5,ExtraCol4_2,2,ExtraCol7_5,5,ExtraCol10_1,1,ExtraCol13_3,3,163,165,13,137,142,6
773,10.5,E77,S,0,A,high,51,A,medium,97,B,low,63,Y,high,72,Z,medium,43,Z,medium,143,X,medium,290,X,low,213,Z,ExtraCol1_1,1,ExtraCol4_2,2,ExtraCol7_5,5,ExtraCol10_4,4,ExtraCol13_1,1,144,165,11,137,149,9
774,7.225,B96 B98,C,43,B,medium,51,C,low,82,A,low,NA,Y,high,253,X,medium,258,Z,medium,446,Y,high,427,Z,medium,123,Y,ExtraCol1_2,2,ExtraCol4_2,2,ExtraCol7_5,5,NA,NA,ExtraCol13_3,3,152,140,7,178,149,0
775,23,B96 B98,S,43,A,low,51,D,high,29,C,high,96,Y,low,425,NA,low,411,X,low,402,Y,low,14,Z,low,202,X,ExtraCol1_2,2,ExtraCol4_2,2,ExtraCol7_2,2,ExtraCol10_5,5,ExtraCol13_5,5,163,162,11,166,142,6
776,7.75,B96 B98,S,43,A,high,44,D,low,NA,D,NA,NA,Z,high,386,Y,high,196,Z,low,133,Z,low,224,Y,medium,44,Z,ExtraCol1_2,2,ExtraCol4_2,2,NA,NA,NA,NA,ExtraCol13_4,4,163,140,0,147,0,0
777,7.75,F38,Q,42,B,unknown,75,D,high,29,C,low,91,Z,low,150,Y,low,NA,X,low,80,X,high,23,Y,low,265,Y,ExtraCol1_2,2,ExtraCol4_4,4,ExtraCol7_2,2,ExtraCol10_5,5,ExtraCol13_2,2,163,162,11,166,149,7
778,12.475,B96 B98,S,11,A,medium,33,A,NA,NA,NA,high,NA,X,low,272,Z,medium,143,X,medium,487,Y,medium,322,Z,NA,53,X,ExtraCol1_1,1,ExtraCol4_2,2,NA,NA,NA,NA,ExtraCol13_3,3,144,0,0,0,142,0
779,7.7375,B96 B98,Q,43,A,low,15,B,low,NA,NA,unknown,0,Y,medium,309,X,medium,40,Z,high,NA,X,NA,38,Y,high,237,Z,ExtraCol1_2,2,ExtraCol4_1,1,NA,NA,ExtraCol10_1,1,ExtraCol13_3,3,147,140,0,0,169,8
780,211.3375,B3,S,85,B,high,84,D,high,88,A,high,NA,X,high,469,X,NA,324,Z,low,246,X,medium,158,Y,medium,448,Y,ExtraCol1_5,5,ExtraCol4_4,4,ExtraCol7_5,5,NA,NA,ExtraCol13_5,5,163,162,7,178,142,0
781,7.2292,B96 B98,C,87,B,high,77,D,medium,68,D,high,63,X,medium,414,Z,medium,444,Z,high,349,X,medium,369,Z,medium,72,X,ExtraCol1_5,5,ExtraCol4_4,4,ExtraCol7_4,4,ExtraCol10_4,4,ExtraCol13_5,5,163,165,10,147,142,9
782,57,B20,S,63,D,high,51,C,medium,68,A,low,NA,Z,low,409,Y,low,441,Y,high,110,X,low,375,X,NA,125,Z,ExtraCol1_4,4,ExtraCol4_2,2,ExtraCol7_4,4,NA,NA,ExtraCol13_4,4,152,165,10,178,149,0
783,30,D6,S,12,D,medium,51,D,high,95,C,high,17,Z,medium,376,Z,low,479,Y,low,214,Z,low,113,Y,low,360,X,ExtraCol1_1,1,ExtraCol4_2,2,ExtraCol7_5,5,ExtraCol10_1,1,ExtraCol13_4,4,163,162,4,166,142,5
784,23.45,B96 B98,S,43,D,medium,77,C,NA,68,D,high,91,Z,low,179,X,high,53,X,NA,195,Z,high,256,Z,medium,453,NA,ExtraCol1_2,2,ExtraCol4_4,4,ExtraCol7_4,4,ExtraCol10_5,5,ExtraCol13_2,2,152,0,10,147,142,7
785,7.05,B96 B98,S,43,A,low,74,A,unknown,14,D,low,NA,Y,NA,188,Y,low,21,Z,high,360,X,high,92,X,high,NA,Y,ExtraCol1_2,2,ExtraCol4_4,4,ExtraCol7_1,1,NA,NA,ExtraCol13_2,2,144,159,7,147,149,0
786,7.25,B96 B98,S,58,A,medium,51,D,medium,NA,B,medium,41,Y,low,232,Y,medium,284,Z,medium,91,Y,high,295,X,low,60,X,ExtraCol1_4,4,ExtraCol4_2,2,NA,NA,ExtraCol10_3,3,ExtraCol13_3,3,163,165,0,137,140,12
787,7.4958,B96 B98,S,43,B,unknown,51,A,medium,35,D,NA,29,Z,medium,213,Z,low,475,Y,NA,244,X,low,4,Y,high,119,NA,ExtraCol1_2,2,ExtraCol4_2,2,ExtraCol7_2,2,ExtraCol10_2,2,ExtraCol13_2,2,144,165,5,147,0,4
788,29.125,B96 B98,Q,68,B,medium,59,B,unknown,63,NA,unknown,NA,X,low,478,X,medium,498,Z,high,416,Z,high,406,X,NA,491,Z,ExtraCol1_4,4,ExtraCol4_3,3,ExtraCol7_4,4,NA,NA,ExtraCol13_5,5,147,159,9,0,169,0
789,20.575,B96 B98,S,43,A,high,51,A,low,63,A,low,NA,NA,high,437,X,medium,139,Y,medium,NA,NA,medium,11,Y,NA,252,Y,ExtraCol1_2,2,ExtraCol4_2,2,ExtraCol7_4,4,NA,NA,ExtraCol13_5,5,144,140,9,178,149,0
790,79.2,B82 B84,C,43,D,low,77,C,NA,29,NA,high,11,NA,low,447,Y,medium,187,Z,medium,59,Y,medium,304,X,low,416,NA,ExtraCol1_2,2,ExtraCol4_4,4,ExtraCol7_2,2,ExtraCol10_1,1,ExtraCol13_5,5,152,0,11,0,142,12
791,7.75,B96 B98,Q,43,A,low,46,A,unknown,NA,D,high,NA,Y,low,303,Y,high,332,Y,high,410,X,high,202,Y,low,7,Y,ExtraCol1_2,2,ExtraCol4_2,2,NA,NA,NA,NA,ExtraCol13_3,3,144,159,0,147,142,0
792,26,B96 B98,S,45,B,high,90,NA,medium,8,D,high,98,Y,high,95,Z,low,456,X,low,436,Y,medium,111,Y,low,58,X,ExtraCol1_4,4,ExtraCol4_4,4,ExtraCol7_1,1,ExtraCol10_5,5,ExtraCol13_1,1,0,165,5,147,142,7
793,69.55,B96 B98,S,43,C,low,51,D,low,29,D,high,23,X,high,71,Z,medium,87,Y,medium,215,Z,NA,270,X,high,102,Z,ExtraCol1_2,2,ExtraCol4_2,2,ExtraCol7_2,2,ExtraCol10_2,2,ExtraCol13_1,1,163,140,11,147,142,6
794,30.6958,B96 B98,C,43,C,medium,51,NA,medium,82,B,unknown,77,Y,NA,137,X,low,487,Y,low,22,Y,low,70,Y,NA,43,Z,ExtraCol1_2,2,ExtraCol4_2,2,ExtraCol7_5,5,ExtraCol10_5,5,ExtraCol13_2,2,0,165,7,137,169,5
795,7.8958,B96 B98,S,43,B,medium,91,NA,unknown,65,B,NA,2,Z,low,325,X,medium,408,X,medium,270,Y,high,289,X,high,NA,X,ExtraCol1_2,2,ExtraCol4_4,4,ExtraCol7_4,4,ExtraCol10_1,1,ExtraCol13_4,4,0,159,9,137,0,4
796,13,B96 B98,S,29,C,low,47,D,unknown,94,NA,high,89,X,low,182,Y,low,34,Z,high,149,Z,medium,322,X,low,401,Y,ExtraCol1_2,2,ExtraCol4_2,2,ExtraCol7_5,5,ExtraCol10_5,5,ExtraCol13_2,2,163,159,11,0,142,6
797,25.9292,D17,S,96,A,high,51,B,unknown,NA,A,high,65,Y,high,327,Z,low,420,X,medium,293,Z,medium,NA,Y,high,195,Z,ExtraCol1_5,5,ExtraCol4_2,2,NA,NA,ExtraCol10_4,4,ExtraCol13_4,4,147,159,0,178,142,9
798,8.6833,B96 B98,S,43,A,unknown,51,C,NA,85,NA,high,22,X,high,439,Y,high,320,Z,high,69,X,medium,180,X,NA,39,NA,ExtraCol1_2,2,ExtraCol4_2,2,ExtraCol7_5,5,ExtraCol10_2,2,ExtraCol13_5,5,152,0,5,0,142,5
799,7.2292,B96 B98,C,31,A,low,87,NA,NA,17,C,unknown,88,X,high,167,Z,NA,489,Z,low,402,Y,low,229,Z,low,53,X,ExtraCol1_2,2,ExtraCol4_4,4,ExtraCol7_1,1,ExtraCol10_5,5,ExtraCol13_2,2,0,0,9,166,169,4
800,24.15,B96 B98,S,43,C,unknown,75,A,medium,NA,C,low,NA,Y,high,463,X,low,104,Y,NA,342,Y,medium,478,X,medium,131,X,ExtraCol1_2,2,ExtraCol4_4,4,NA,NA,NA,NA,ExtraCol13_5,5,144,165,0,166,149,0
801,13,B96 B98,S,1,A,high,16,A,NA,5,B,unknown,99,Y,low,255,Z,low,496,NA,high,322,Y,high,376,Y,high,363,Z,ExtraCol1_1,1,ExtraCol4_1,1,ExtraCol7_1,1,ExtraCol10_5,5,ExtraCol13_3,3,144,0,3,137,169,9
802,26.25,B96 B98,S,43,A,high,49,A,unknown,9,D,high,59,Y,high,401,X,low,23,Y,low,256,Y,low,2,X,low,400,Y,ExtraCol1_2,2,ExtraCol4_2,2,ExtraCol7_1,1,ExtraCol10_3,3,ExtraCol13_4,4,144,159,6,147,142,5
803,120,B96 B98,S,51,A,low,37,D,NA,23,C,unknown,44,X,medium,NA,Z,low,NA,Z,low,110,Z,high,144,Y,low,269,Y,ExtraCol1_4,4,ExtraCol4_2,2,ExtraCol7_2,2,ExtraCol10_3,3,NA,NA,163,0,10,166,169,6
804,8.5167,B96 B98,C,91,C,unknown,64,D,unknown,28,A,medium,5,Y,high,137,Z,high,223,X,high,469,Z,low,12,X,medium,453,X,ExtraCol1_5,5,ExtraCol4_3,3,ExtraCol7_2,2,ExtraCol10_1,1,ExtraCol13_2,2,163,159,5,178,140,12
805,6.975,B96 B98,S,43,C,low,51,NA,NA,1,NA,NA,26,X,medium,465,X,medium,328,NA,NA,132,X,low,118,Z,medium,464,X,ExtraCol1_2,2,ExtraCol4_2,2,ExtraCol7_1,1,ExtraCol10_2,2,ExtraCol13_5,5,0,0,6,0,0,5
806,7.775,B96 B98,S,43,A,high,71,NA,NA,NA,D,NA,5,Y,high,443,X,medium,83,Y,low,183,Z,low,389,X,medium,383,Y,ExtraCol1_2,2,ExtraCol4_4,4,NA,NA,ExtraCol10_1,1,ExtraCol13_5,5,0,0,0,147,0,12
807,0,A36,S,43,D,high,74,NA,unknown,52,A,NA,85,Z,NA,285,Y,medium,136,X,high,463,Z,medium,NA,Y,high,39,Y,ExtraCol1_2,2,ExtraCol4_4,4,ExtraCol7_3,3,ExtraCol10_5,5,ExtraCol13_3,3,0,159,7,178,0,5
808,7.775,B96 B98,S,11,D,medium,51,D,low,65,C,unknown,NA,Y,high,16,Z,medium,194,Z,low,20,Y,low,228,Z,medium,444,Y,ExtraCol1_1,1,ExtraCol4_2,2,ExtraCol7_4,4,NA,NA,ExtraCol13_1,1,163,140,9,166,169,0
809,13,B96 B98,S,43,A,low,15,NA,NA,65,A,NA,11,Z,medium,29,X,medium,NA,Y,medium,62,NA,medium,NA,Y,high,454,Z,ExtraCol1_2,2,ExtraCol4_1,1,ExtraCol7_4,4,ExtraCol10_1,1,ExtraCol13_1,1,0,0,9,178,0,12
810,53.1,E8,S,99,D,high,62,NA,NA,96,NA,low,NA,Y,low,211,X,medium,87,X,low,380,X,medium,185,Z,low,279,X,ExtraCol1_5,5,ExtraCol4_3,3,ExtraCol7_5,5,NA,NA,ExtraCol13_2,2,0,0,7,0,149,0
811,7.8875,B96 B98,S,4,A,low,51,NA,NA,NA,NA,high,97,Z,medium,449,Z,high,74,X,medium,183,Y,medium,238,NA,low,299,NA,ExtraCol1_1,1,ExtraCol4_2,2,NA,NA,ExtraCol10_5,5,ExtraCol13_5,5,0,0,0,0,142,5
812,24.15,B96 B98,S,87,A,high,94,NA,low,34,B,high,97,Z,medium,188,Z,low,477,X,low,289,X,high,414,X,low,389,NA,ExtraCol1_5,5,ExtraCol4_4,4,ExtraCol7_2,2,ExtraCol10_5,5,ExtraCol13_2,2,0,140,5,137,142,5
813,10.5,B96 B98,S,68,A,unknown,77,B,NA,NA,NA,high,71,Z,low,442,X,medium,468,Y,low,290,Z,medium,137,Z,low,296,NA,ExtraCol1_4,4,ExtraCol4_4,4,NA,NA,ExtraCol10_4,4,ExtraCol13_5,5,147,0,0,0,142,7
814,31.275,B96 B98,S,28,B,medium,95,NA,unknown,55,A,low,7,Y,high,267,Z,low,314,Y,high,413,X,low,159,X,low,172,Y,ExtraCol1_1,1,ExtraCol4_4,4,ExtraCol7_3,3,ExtraCol10_1,1,ExtraCol13_3,3,0,159,6,178,149,8
815,8.05,B96 B98,S,43,A,high,53,B,medium,52,C,NA,50,X,low,67,Z,medium,341,Y,low,310,Y,high,68,Y,high,348,X,ExtraCol1_2,2,ExtraCol4_3,3,ExtraCol7_3,3,ExtraCol10_3,3,ExtraCol13_1,1,147,165,7,166,0,8
816,0,B102,S,83,B,low,93,NA,medium,79,D,medium,94,Y,medium,280,NA,high,68,Y,low,213,Y,low,109,NA,low,392,NA,ExtraCol1_5,5,ExtraCol4_4,4,ExtraCol7_4,4,ExtraCol10_5,5,ExtraCol13_3,3,0,165,8,147,140,2
817,7.925,B96 B98,S,4,C,high,1,NA,medium,56,B,high,9,Z,NA,182,X,high,25,Y,low,274,Z,high,18,Y,NA,70,Y,ExtraCol1_1,1,ExtraCol4_1,1,ExtraCol7_3,3,ExtraCol10_1,1,ExtraCol13_2,2,0,165,8,137,142,5
818,37.0042,B96 B98,C,10,A,low,28,NA,NA,23,D,unknown,79,Y,high,112,Z,medium,188,Y,high,369,Z,NA,407,Y,low,339,Y,ExtraCol1_1,1,ExtraCol4_1,1,ExtraCol7_2,2,ExtraCol10_5,5,ExtraCol13_2,2,0,0,10,147,169,9
819,6.45,B96 B98,S,66,C,low,0,B,high,NA,B,high,1,Z,medium,337,X,NA,492,X,medium,189,Z,high,426,Z,low,86,NA,ExtraCol1_4,4,ExtraCol4_1,1,NA,NA,ExtraCol10_1,1,ExtraCol13_4,4,147,162,0,137,142,7
820,27.9,B96 B98,S,99,B,high,67,NA,high,96,A,NA,NA,Z,high,102,X,high,238,X,low,85,X,low,210,Y,low,287,X,ExtraCol1_5,5,ExtraCol4_3,3,ExtraCol7_5,5,NA,NA,ExtraCol13_1,1,0,162,7,178,0,0
821,93.5,B69,S,43,C,high,51,A,NA,NA,C,unknown,NA,Z,high,452,X,medium,403,Z,medium,243,X,medium,296,Z,low,53,Y,ExtraCol1_2,2,ExtraCol4_2,2,NA,NA,NA,NA,ExtraCol13_5,5,144,0,0,166,169,0
822,8.6625,B96 B98,S,66,D,high,28,NA,medium,59,D,NA,NA,NA,low,401,Y,high,184,Z,medium,499,Y,high,124,Z,medium,496,Z,ExtraCol1_4,4,ExtraCol4_1,1,ExtraCol7_3,3,NA,NA,ExtraCol13_4,4,0,165,9,147,0,0
823,0,B96 B98,S,13,A,high,30,C,unknown,17,B,unknown,41,X,high,391,NA,NA,154,X,medium,56,Y,medium,22,Z,low,333,X,ExtraCol1_1,1,ExtraCol4_1,1,ExtraCol7_1,1,ExtraCol10_3,3,ExtraCol13_4,4,152,159,9,137,169,12
824,12.475,E121,S,65,A,high,51,NA,unknown,0,D,NA,NA,Y,medium,38,NA,low,406,X,low,86,X,low,257,Z,low,234,Y,ExtraCol1_4,4,ExtraCol4_2,2,ExtraCol7_1,1,NA,NA,ExtraCol13_1,1,0,159,8,147,0,0
825,39.6875,B96 B98,S,62,B,high,18,B,high,NA,C,unknown,84,Y,NA,480,X,high,235,Y,high,497,Z,low,79,NA,high,251,Z,ExtraCol1_4,4,ExtraCol4_1,1,NA,NA,ExtraCol10_5,5,ExtraCol13_5,5,147,162,0,166,169,5
826,6.95,B96 B98,Q,9,A,high,51,A,NA,2,NA,NA,32,Z,low,246,X,NA,365,Y,high,414,X,high,424,Y,low,309,Y,ExtraCol1_1,1,ExtraCol4_2,2,ExtraCol7_1,1,ExtraCol10_2,2,ExtraCol13_3,3,144,0,8,0,0,7
827,56.4958,B96 B98,S,68,B,unknown,61,NA,medium,45,NA,NA,64,NA,medium,366,X,high,363,Y,high,58,X,medium,139,X,low,NA,X,ExtraCol1_4,4,ExtraCol4_3,3,ExtraCol7_3,3,ExtraCol10_4,4,ExtraCol13_4,4,0,165,8,0,0,6
828,37.0042,B96 B98,C,89,A,high,23,NA,high,88,B,NA,46,X,high,95,Z,low,363,Y,high,106,Z,NA,368,X,NA,254,Z,ExtraCol1_5,5,ExtraCol4_1,1,ExtraCol7_5,5,ExtraCol10_3,3,ExtraCol13_1,1,0,162,7,137,0,6
829,7.75,B96 B98,Q,43,C,high,22,C,medium,NA,A,low,43,X,high,384,X,medium,NA,X,low,345,NA,low,131,Y,medium,357,X,ExtraCol1_2,2,ExtraCol4_1,1,NA,NA,ExtraCol10_3,3,ExtraCol13_4,4,152,165,0,178,149,6
830,80,B28,S,2,B,medium,51,NA,NA,NA,NA,NA,79,Y,high,NA,X,NA,404,Y,medium,391,Y,medium,63,Y,high,130,NA,ExtraCol1_1,1,ExtraCol4_2,2,NA,NA,ExtraCol10_5,5,NA,NA,0,0,0,0,0,9
831,14.4542,B96 B98,C,43,A,high,51,NA,NA,85,NA,low,22,X,high,353,X,low,231,Z,high,366,X,medium,274,X,high,239,Y,ExtraCol1_2,2,ExtraCol4_2,2,ExtraCol7_5,5,ExtraCol10_2,2,ExtraCol13_4,4,0,0,5,0,149,5
832,18.75,B96 B98,S,43,A,high,25,D,low,NA,C,medium,NA,Y,medium,138,X,high,151,Y,NA,430,X,high,91,Z,high,165,X,ExtraCol1_2,2,ExtraCol4_1,1,NA,NA,NA,NA,ExtraCol13_2,2,163,140,0,166,140,0
833,7.2292,B96 B98,C,45,A,unknown,37,NA,NA,65,C,unknown,48,X,high,466,Z,low,256,Z,high,NA,X,high,199,Z,low,80,Y,ExtraCol1_4,4,ExtraCol4_2,2,ExtraCol7_4,4,ExtraCol10_3,3,ExtraCol13_5,5,0,0,9,166,169,7
834,7.8542,B96 B98,S,14,D,unknown,54,C,NA,78,A,NA,NA,Z,low,354,X,low,162,Z,medium,438,NA,medium,146,X,medium,489,Y,ExtraCol1_1,1,ExtraCol4_3,3,ExtraCol7_4,4,NA,NA,ExtraCol13_4,4,152,0,5,178,0,0
835,8.3,B96 B98,S,85,A,medium,18,B,low,NA,NA,low,NA,Y,high,226,Y,low,21,Z,high,298,Y,low,441,X,medium,NA,Z,ExtraCol1_5,5,ExtraCol4_1,1,NA,NA,NA,NA,ExtraCol13_3,3,147,140,0,0,149,0
836,83.1583,E49,C,77,A,high,56,D,unknown,42,B,medium,34,Z,low,228,Y,high,180,Y,low,237,Y,high,251,NA,high,196,Y,ExtraCol1_5,5,ExtraCol4_3,3,ExtraCol7_3,3,ExtraCol10_2,2,ExtraCol13_3,3,163,159,9,137,140,4
837,8.6625,B96 B98,S,80,B,low,13,NA,NA,39,C,NA,66,Y,medium,0,X,low,250,Y,high,318,Z,low,359,X,medium,169,Y,ExtraCol1_5,5,ExtraCol4_1,1,ExtraCol7_2,2,ExtraCol10_4,4,ExtraCol13_1,1,0,0,9,166,0,4
838,8.05,B96 B98,S,19,D,unknown,14,B,unknown,NA,B,NA,47,X,high,149,Y,medium,260,NA,high,214,Z,NA,294,X,high,339,Z,ExtraCol1_1,1,ExtraCol4_1,1,NA,NA,ExtraCol10_3,3,ExtraCol13_2,2,147,159,0,137,0,2
839,56.4958,B96 B98,S,1,C,low,23,C,medium,40,D,NA,NA,X,NA,394,X,low,170,X,low,303,Z,high,455,X,high,54,X,ExtraCol1_1,1,ExtraCol4_1,1,ExtraCol7_2,2,NA,NA,ExtraCol13_4,4,152,165,7,147,0,0
840,29.7,C47,C,91,A,high,28,NA,unknown,NA,A,high,52,Z,high,415,Y,medium,362,Y,high,416,X,high,219,Z,high,283,Y,ExtraCol1_5,5,ExtraCol4_1,1,NA,NA,ExtraCol10_3,3,ExtraCol13_5,5,0,159,0,178,142,6
841,7.925,B96 B98,S,28,A,medium,2,D,NA,18,A,NA,NA,Y,high,499,X,medium,142,X,low,479,Y,high,431,X,high,115,Z,ExtraCol1_1,1,ExtraCol4_1,1,ExtraCol7_1,1,NA,NA,ExtraCol13_5,5,163,0,5,178,0,0
842,10.5,B96 B98,S,65,B,unknown,96,B,NA,17,B,low,NA,Z,medium,42,Y,low,323,Y,high,289,X,low,NA,X,high,444,X,ExtraCol1_4,4,ExtraCol4_4,4,ExtraCol7_1,1,NA,NA,ExtraCol13_1,1,147,0,9,137,149,0
843,31,B96 B98,C,90,D,high,51,D,low,71,A,unknown,44,Z,low,125,Y,low,134,X,high,2,X,NA,460,Y,NA,392,X,ExtraCol1_5,5,ExtraCol4_2,2,ExtraCol7_4,4,ExtraCol10_3,3,ExtraCol13_2,2,163,140,5,178,169,6
844,6.4375,B96 B98,C,3,A,medium,51,NA,NA,76,A,NA,43,Y,high,383,Y,medium,493,Y,low,310,Z,medium,347,Y,medium,378,X,ExtraCol1_1,1,ExtraCol4_2,2,ExtraCol7_4,4,ExtraCol10_3,3,ExtraCol13_4,4,0,0,3,178,0,6
845,8.6625,B96 B98,S,0,D,high,51,NA,medium,67,C,medium,27,Y,medium,180,X,NA,324,Z,medium,125,Y,low,490,Z,medium,72,Z,ExtraCol1_1,1,ExtraCol4_2,2,ExtraCol7_4,4,ExtraCol10_2,2,ExtraCol13_2,2,0,165,6,166,140,9
846,7.55,B96 B98,S,0,C,low,80,B,NA,NA,D,NA,NA,X,high,124,Z,medium,278,Y,medium,NA,Z,high,372,X,medium,40,Y,ExtraCol1_1,1,ExtraCol4_4,4,NA,NA,NA,NA,ExtraCol13_2,2,147,0,0,147,0,0
847,69.55,B96 B98,S,15,A,high,83,D,low,0,C,NA,NA,X,medium,140,X,medium,214,Z,NA,440,X,high,155,X,high,229,X,ExtraCol1_1,1,ExtraCol4_4,4,ExtraCol7_1,1,NA,NA,ExtraCol13_2,2,163,140,8,166,0,0
848,7.8958,B96 B98,C,5,A,low,10,C,unknown,NA,NA,medium,NA,X,high,459,X,low,377,Y,low,223,Z,medium,78,Y,low,177,Z,ExtraCol1_1,1,ExtraCol4_1,1,NA,NA,NA,NA,ExtraCol13_5,5,152,159,0,0,140,0
849,33,B96 B98,S,81,A,high,37,NA,high,46,NA,NA,69,X,medium,428,X,low,212,Z,high,395,X,low,104,Y,medium,362,Z,ExtraCol1_5,5,ExtraCol4_2,2,ExtraCol7_3,3,ExtraCol10_4,4,ExtraCol13_5,5,0,162,3,0,0,4
850,89.1042,C92,C,60,D,medium,51,D,unknown,NA,B,NA,41,Y,low,2,Z,medium,401,X,low,184,X,low,286,Y,medium,355,X,ExtraCol1_4,4,ExtraCol4_2,2,NA,NA,ExtraCol10_3,3,ExtraCol13_1,1,163,159,0,137,0,12
851,31.275,B96 B98,S,43,A,high,57,NA,high,92,A,unknown,70,Z,low,420,X,high,79,Z,low,303,X,medium,82,NA,medium,198,Z,ExtraCol1_2,2,ExtraCol4_3,3,ExtraCol7_5,5,ExtraCol10_4,4,ExtraCol13_5,5,0,162,8,178,169,13
852,7.775,B96 B98,S,43,B,medium,0,D,low,86,D,medium,71,Y,high,278,Y,low,410,Z,high,332,X,low,118,Y,medium,80,Z,ExtraCol1_2,2,ExtraCol4_1,1,ExtraCol7_5,5,ExtraCol10_4,4,ExtraCol13_3,3,163,140,7,147,140,7
853,15.2458,B96 B98,C,96,A,high,51,D,medium,77,NA,low,52,Y,high,422,Z,medium,480,Z,medium,446,Y,low,314,Z,low,NA,Z,ExtraCol1_5,5,ExtraCol4_2,2,ExtraCol7_4,4,ExtraCol10_3,3,ExtraCol13_5,5,163,165,6,0,149,6
854,39.4,D28,S,23,A,low,51,NA,medium,2,B,NA,NA,Z,low,311,X,high,121,X,high,98,X,low,166,Z,high,NA,X,ExtraCol1_1,1,ExtraCol4_2,2,ExtraCol7_1,1,NA,NA,ExtraCol13_3,3,0,165,8,137,0,0
855,26,B96 B98,S,43,A,high,51,NA,low,NA,NA,unknown,NA,Z,high,344,X,medium,111,Z,NA,280,X,high,340,Z,low,126,X,ExtraCol1_2,2,ExtraCol4_2,2,NA,NA,NA,NA,ExtraCol13_4,4,0,140,0,0,169,0
856,9.35,B96 B98,S,84,A,high,38,NA,unknown,43,C,high,15,NA,NA,288,NA,low,477,Z,high,202,Z,medium,498,X,low,158,Y,ExtraCol1_5,5,ExtraCol4_2,2,ExtraCol7_3,3,ExtraCol10_1,1,ExtraCol13_3,3,0,159,4,166,142,9
857,164.8667,B96 B98,S,24,A,high,51,B,unknown,NA,A,NA,NA,X,medium,367,Z,high,203,X,NA,231,X,medium,43,Z,low,NA,Z,ExtraCol1_1,1,ExtraCol4_2,2,NA,NA,NA,NA,ExtraCol13_4,4,147,159,0,178,0,0
858,26.55,E17,S,43,A,high,30,A,NA,NA,A,unknown,95,Y,high,407,Z,medium,347,Y,low,424,Y,medium,320,Z,medium,32,Y,ExtraCol1_2,2,ExtraCol4_1,1,NA,NA,ExtraCol10_5,5,ExtraCol13_4,4,144,0,0,178,169,5
859,19.2583,B96 B98,C,66,A,high,29,B,high,29,C,NA,40,X,low,254,Y,medium,95,Y,high,67,Z,low,410,Y,NA,300,Z,ExtraCol1_4,4,ExtraCol4_1,1,ExtraCol7_2,2,ExtraCol10_3,3,ExtraCol13_3,3,147,162,11,166,0,4
860,7.2292,B96 B98,C,80,A,unknown,34,A,high,11,NA,high,31,X,medium,56,Z,high,213,NA,high,273,Y,medium,70,X,high,498,X,ExtraCol1_5,5,ExtraCol4_2,2,ExtraCol7_1,1,ExtraCol10_2,2,ExtraCol13_1,1,144,162,8,0,142,5
861,14.1083,B96 B98,S,96,D,high,30,C,high,32,C,medium,79,Y,NA,46,Z,NA,351,Y,high,193,X,high,391,Y,NA,475,Y,ExtraCol1_5,5,ExtraCol4_1,1,ExtraCol7_2,2,ExtraCol10_5,5,ExtraCol13_1,1,152,162,5,166,140,9
862,11.5,B96 B98,S,92,A,high,51,C,low,79,B,high,60,Y,medium,207,X,high,447,Y,high,448,X,high,253,Z,medium,464,Z,ExtraCol1_5,5,ExtraCol4_2,2,ExtraCol7_4,4,ExtraCol10_4,4,ExtraCol13_2,2,152,140,8,137,142,9
863,25.9292,D17,S,43,A,medium,4,C,high,NA,A,unknown,NA,NA,low,236,X,medium,218,X,low,108,Z,low,314,Y,high,329,Y,ExtraCol1_2,2,ExtraCol4_1,1,NA,NA,NA,NA,ExtraCol13_3,3,152,162,0,178,169,0
864,69.55,B96 B98,S,77,A,high,27,C,unknown,NA,NA,low,9,X,NA,431,X,high,37,Y,high,116,Z,low,25,X,low,373,Z,ExtraCol1_5,5,ExtraCol4_1,1,NA,NA,ExtraCol10_1,1,ExtraCol13_5,5,152,159,0,0,149,5
865,13,B96 B98,S,84,A,high,31,B,NA,59,B,NA,80,Z,medium,16,Z,high,206,Y,low,45,Y,high,217,NA,low,32,Y,ExtraCol1_5,5,ExtraCol4_2,2,ExtraCol7_3,3,ExtraCol10_5,5,ExtraCol13_1,1,147,0,9,137,0,4
866,13,B96 B98,S,69,C,high,51,C,high,9,NA,unknown,NA,Y,low,444,NA,high,321,Z,high,219,Z,high,183,NA,NA,100,X,ExtraCol1_4,4,ExtraCol4_2,2,ExtraCol7_1,1,NA,NA,ExtraCol13_5,5,152,162,6,0,169,0
867,13.8583,B96 B98,C,81,D,high,87,D,NA,NA,NA,NA,NA,Y,medium,27,Z,low,437,X,medium,5,X,high,76,Z,high,353,Z,ExtraCol1_5,5,ExtraCol4_4,4,NA,NA,NA,NA,ExtraCol13_1,1,163,0,0,0,0,0
868,50.4958,A24,S,43,C,high,67,A,high,15,NA,NA,NA,NA,medium,249,Y,low,416,Z,low,250,X,medium,381,Y,medium,494,Z,ExtraCol1_2,2,ExtraCol4_3,3,ExtraCol7_1,1,NA,NA,ExtraCol13_3,3,144,162,6,0,0,0
869,9.5,B96 B98,S,43,C,high,51,B,NA,26,NA,NA,NA,X,high,211,Z,high,379,NA,NA,111,Z,medium,252,Z,high,454,Z,ExtraCol1_2,2,ExtraCol4_2,2,ExtraCol7_2,2,NA,NA,ExtraCol13_2,2,147,0,7,0,0,0
870,11.1333,B96 B98,S,4,A,high,51,D,medium,97,NA,medium,NA,Y,medium,278,NA,medium,82,Z,high,200,Z,high,439,Z,medium,315,Y,ExtraCol1_1,1,ExtraCol4_2,2,ExtraCol7_5,5,NA,NA,ExtraCol13_3,3,163,165,11,0,140,0
871,7.8958,B96 B98,S,45,D,medium,51,NA,NA,50,A,low,NA,X,medium,21,Z,high,NA,X,medium,302,Y,high,79,Z,medium,54,Y,ExtraCol1_4,4,ExtraCol4_2,2,ExtraCol7_3,3,NA,NA,ExtraCol13_1,1,0,0,7,178,149,0
872,52.5542,D35,S,43,A,low,90,D,unknown,19,NA,low,63,X,medium,381,Z,high,288,Y,high,342,Y,high,365,Y,high,483,X,ExtraCol1_2,2,ExtraCol4_4,4,ExtraCol7_1,1,ExtraCol10_4,4,ExtraCol13_4,4,163,159,8,0,149,9
873,5,B51 B53 B55,S,11,C,low,45,NA,low,50,A,low,84,Z,medium,67,X,medium,234,Y,low,30,Z,NA,302,Z,high,158,Y,ExtraCol1_1,1,ExtraCol4_2,2,ExtraCol7_3,3,ExtraCol10_5,5,ExtraCol13_1,1,0,140,7,178,149,5
874,9,B96 B98,S,12,B,high,68,B,medium,7,B,NA,61,Z,low,389,Z,NA,461,Z,low,74,Y,high,325,X,medium,21,X,ExtraCol1_1,1,ExtraCol4_3,3,ExtraCol7_1,1,ExtraCol10_4,4,ExtraCol13_4,4,147,165,5,137,0,7
875,24,B96 B98,C,69,D,medium,38,A,NA,31,A,unknown,77,Y,high,283,Z,low,479,Z,low,158,Y,low,154,X,high,384,X,ExtraCol1_4,4,ExtraCol4_2,2,ExtraCol7_2,2,ExtraCol10_5,5,ExtraCol13_3,3,144,0,8,178,169,5
876,7.225,B96 B98,C,50,B,high,49,D,NA,NA,D,NA,34,X,medium,444,X,high,105,Y,low,259,Y,low,345,Z,medium,86,X,ExtraCol1_4,4,ExtraCol4_2,2,NA,NA,ExtraCol10_2,2,ExtraCol13_5,5,163,0,0,147,0,4
877,9.8458,B96 B98,S,43,A,high,48,NA,medium,NA,A,unknown,28,X,medium,489,Z,low,478,X,medium,441,Y,medium,123,Z,medium,150,Y,ExtraCol1_2,2,ExtraCol4_2,2,NA,NA,ExtraCol10_2,2,ExtraCol13_5,5,0,165,0,178,169,6
878,7.8958,B96 B98,S,74,A,high,51,A,high,89,NA,NA,26,Y,low,421,Y,low,423,Z,medium,69,Y,medium,381,X,low,NA,Z,ExtraCol1_4,4,ExtraCol4_2,2,ExtraCol7_5,5,ExtraCol10_2,2,ExtraCol13_5,5,144,162,8,0,0,5
879,7.8958,B96 B98,S,54,C,medium,51,A,low,NA,A,medium,11,NA,high,226,X,low,352,Y,low,33,Y,medium,220,Y,low,482,Z,ExtraCol1_4,4,ExtraCol4_2,2,NA,NA,ExtraCol10_1,1,ExtraCol13_3,3,144,140,0,178,140,12
880,83.1583,C50,C,63,D,high,73,C,medium,65,A,medium,27,Y,medium,207,Z,high,190,X,medium,314,Z,high,239,X,high,453,Z,ExtraCol1_4,4,ExtraCol4_4,4,ExtraCol7_4,4,ExtraCol10_2,2,ExtraCol13_2,2,152,165,9,178,140,9
881,26,B96 B98,S,8,C,high,2,D,unknown,70,C,high,24,Y,low,NA,NA,medium,380,Z,low,489,Y,high,290,NA,low,NA,Y,ExtraCol1_1,1,ExtraCol4_1,1,ExtraCol7_4,4,ExtraCol10_2,2,NA,NA,163,159,7,166,142,2
882,7.8958,B96 B98,S,85,A,high,13,D,high,55,D,NA,75,X,low,324,Y,high,293,NA,medium,415,X,NA,42,Y,medium,87,Z,ExtraCol1_5,5,ExtraCol4_1,1,ExtraCol7_3,3,ExtraCol10_4,4,ExtraCol13_4,4,163,162,6,147,0,6
883,10.5167,B96 B98,S,43,B,low,84,D,unknown,3,A,NA,NA,X,medium,395,Z,medium,449,Y,high,282,Y,low,183,Y,high,404,Z,ExtraCol1_2,2,ExtraCol4_4,4,ExtraCol7_1,1,NA,NA,ExtraCol13_4,4,163,159,7,178,0,0
884,10.5,B96 B98,S,43,C,medium,56,NA,low,91,A,unknown,NA,X,high,241,X,medium,355,NA,medium,9,Y,low,101,Z,medium,158,Z,ExtraCol1_2,2,ExtraCol4_3,3,ExtraCol7_5,5,NA,NA,ExtraCol13_3,3,0,140,3,178,169,0
885,7.05,B96 B98,S,81,B,high,51,D,medium,NA,B,medium,73,Y,low,231,X,low,482,Y,NA,NA,X,low,NA,Z,low,38,Y,ExtraCol1_5,5,ExtraCol4_2,2,NA,NA,ExtraCol10_4,4,ExtraCol13_3,3,163,165,0,137,140,7
886,29.125,B96 B98,Q,73,A,high,60,D,unknown,65,D,NA,NA,X,low,58,NA,medium,209,X,low,228,X,medium,NA,Z,high,294,X,ExtraCol1_4,4,ExtraCol4_3,3,ExtraCol7_4,4,NA,NA,ExtraCol13_1,1,163,159,9,147,0,0
887,13,B96 B98,S,5,B,high,51,NA,NA,55,A,low,NA,X,medium,84,Z,medium,41,Z,high,223,X,NA,2,X,low,328,Y,ExtraCol1_1,1,ExtraCol4_2,2,ExtraCol7_3,3,NA,NA,ExtraCol13_1,1,0,0,6,178,149,0
888,30,B42,S,19,A,low,89,B,NA,65,A,unknown,NA,Y,medium,NA,Y,high,245,Z,low,246,X,high,13,Z,high,499,Z,ExtraCol1_1,1,ExtraCol4_4,4,ExtraCol7_4,4,NA,NA,NA,NA,147,0,9,178,169,0
889,23.45,B96 B98,S,1,A,high,66,D,medium,35,B,high,21,Y,high,494,Y,high,498,Z,high,280,X,low,456,Y,low,243,Z,ExtraCol1_1,1,ExtraCol4_3,3,ExtraCol7_2,2,ExtraCol10_2,2,ExtraCol13_5,5,163,165,5,137,142,4
890,30,C148,C,27,B,high,51,D,unknown,84,B,unknown,78,Z,high,300,Z,high,327,NA,NA,360,Z,low,78,X,medium,399,X,ExtraCol1_1,1,ExtraCol4_2,2,ExtraCol7_5,5,ExtraCol10_5,5,ExtraCol13_3,3,163,159,7,137,169,4
891,7.75,B96 B98,Q,43,D,unknown,51,A,medium,22,A,high,3,Y,medium,172,Z,high,351,Y,medium,96,Z,medium,0,NA,medium,267,X,ExtraCol1_2,2,ExtraCol4_2,2,ExtraCol7_2,2,ExtraCol10_1,1,ExtraCol13_2,2,144,165,6,178,142,7
