id,Sex,Age,SibSp,Parch,Ticket,Fare,Cabin,Embarked,ExtraCol1,ExtraCol2,ExtraCol3,ExtraCol4,ExtraCol5,ExtraCol6,ExtraCol7,ExtraCol8,ExtraCol9,ExtraCol10,ExtraCol11,ExtraCol21,ExtraCol22,ExtraCol23,ExtraCol24,ExtraCol25,ExtraCol26,ExtraCol27,ExtraCol28,ExtraCol29,ExtraCol30,ExtraCol31,ExtraCol32,ExtraCol33,ExtraCol34,ExtraCol35,ExtraCol36,ExtraCol37,storage_class,region,access_tier,other_details,event_date,login_time,logout_time
1,male,22,1,0,A/5 21171,7.25,,S,8,,,27,,high,57,C,low,90,Z,medium,193,Z,low,78,Y,medium,321,Z,low,330,Y,,379,X,low,420,NEARLINE,europe,OCCASIONAL_ACCESS,"{""sku_id"":""9556-97BF-3B42"",""description"":""nearline storage finland"",""original_region"":""europe-north1""}",12-06-2024,11:31:00,13:44:00
2,female,38,1,0,PC 17599,71.2833,C85,C,77,,,,,low,62,D,,97,X,high,451,Z,low,110,Y,medium,14,Y,low,50,Y,low,40,Y,medium,98,STANDARD,europe,FREQUENT_ACCESS,"{""sku_id"":""FDBF-9FEC-415F"",""description"":""standard storage belgium dual-region"",""original_region"":""europe-west1""}",29-12-2024,08:55:00,12:54:00
3,female,26,0,0,STON/O2. 3101282,7.925,,S,,,medium,26,D,unknown,65,D,high,51,Z,high,293,Y,high,43,X,medium,319,X,high,491,Z,low,271,Y,medium,336,STANDARD,north_america,FREQUENT_ACCESS,"{""sku_id"":""ED38-3DBE-CF1A"",""description"":""autoclass standard storage dallas dual-region"",""original_region"":""us-south1""}",29-12-2024,12:38:00,15:59:00
4,female,35,1,0,113803,53.1,C123,S,43,D,high,,C,high,19,,,59,Y,medium,382,Y,medium,229,Z,low,245,Y,medium,,X,medium,355,Y,medium,338,STANDARD,europe,FREQUENT_ACCESS,"{""sku_id"":""BB55-3E5A-405C"",""description"":""standard storage london"",""original_region"":""europe-west2""}",19-05-2024,07:20:00,09:00:00
5,male,35,0,0,373450,8.05,,S,,D,low,17,A,,57,C,low,19,X,high,174,X,medium,322,Y,high,227,X,medium,331,Y,low,301,Y,high,405,STANDARD,asia,FREQUENT_ACCESS,"{""sku_id"":""E868-06F7-C27A"",""description"":""autoclass nearline storage hong kong"",""original_region"":""asia-east2""}",15-12-2024,12:21:00,12:44:00
6,male,,0,0,330877,8.4583,,Q,85,C,,18,C,medium,26,C,,41,X,,465,Z,low,337,X,low,303,X,,35,X,high,122,Y,low,404,STANDARD,asia,FREQUENT_ACCESS,"{""sku_id"":""BF52-88CF-5EC3"",""description"":""standard storage mumbai dual-region"",""original_region"":""asia-south1""}",29-10-2024,10:26:00,13:48:00
7,male,54,0,0,17463,51.8625,E46,S,8,B,,92,D,medium,27,,,62,X,medium,357,Y,medium,454,Z,high,447,X,medium,259,,,80,Z,high,492,STANDARD,north_america,FREQUENT_ACCESS,"{""sku_id"":""FC23-F6BB-9FCE"",""description"":""autoclass coldline storage toronto dual-region"",""original_region"":""northamerica-northeast2""}",22-08-2024,15:17:00,18:40:00
8,male,2,3,1,349909,21.075,,S,,,medium,55,A,low,94,D,low,42,,high,257,X,medium,146,X,low,63,Y,low,460,Z,medium,145,Z,low,43,STANDARD,asia,FREQUENT_ACCESS,"{""sku_id"":""F57C-6BD5-7FCB"",""description"":""autoclass standard storage tokyo"",""original_region"":""asia-northeast1""}",02-11-2024,09:46:00,13:15:00
9,female,27,0,2,347742,11.1333,,S,,A,,4,B,,,A,,,,,289,Z,medium,327,Y,medium,67,X,medium,118,Z,low,176,Z,medium,182,NEARLINE,asia,OCCASIONAL_ACCESS,"{""sku_id"":""0298-0912-675B"",""description"":""nearline storage tokyo"",""original_region"":""asia-northeast1""}",07-10-2024,18:26:00,19:25:00
10,female,14,1,0,237736,30.0708,,C,,B,unknown,,D,,,C,,13,Y,low,311,Z,low,442,Y,high,348,Z,medium,270,X,high,460,Y,low,181,STANDARD,asia,FREQUENT_ACCESS,"{""sku_id"":""D20B-32C5-0704"",""description"":""autoclass archive storage seoul"",""original_region"":""asia-northeast3""}",23-12-2024,10:27:00,11:19:00
11,female,4,1,1,PP 9549,16.7,G6,S,52,,high,,B,unknown,,B,,15,Y,,80,X,high,14,X,medium,25,Z,low,282,Y,high,310,X,medium,188,ARCHIVE,asia,ARCHIVE,"{""sku_id"":""037C-5FCA-AFF5"",""description"":""archive storage osaka/tokyo dual-region"",""original_region"":""asia1""}",21-05-2024,16:12:00,17:38:00
12,female,58,0,0,113783,26.55,C103,S,97,C,high,,D,,24,A,high,33,X,low,125,Y,medium,390,Z,low,214,Z,medium,348,X,high,417,X,high,,STANDARD,europe,FREQUENT_ACCESS,"{""sku_id"":""FCE0-B059-75F6"",""description"":""autoclass coldline storage turin dual-region"",""original_region"":""europe-west12""}",29-01-2024,18:35:00,20:58:00
13,male,20,0,0,A/5. 2151,8.05,,S,73,B,low,54,C,high,78,,,,Z,low,343,Z,low,44,X,medium,247,Z,high,459,Y,high,13,Y,medium,116,ARCHIVE,north_america,ARCHIVE,"{""sku_id"":""E5D5-663B-A9DC"",""description"":""archive storage south carolina dual-region"",""original_region"":""us-east1""}",15-06-2024,19:08:00,19:55:00
14,male,39,1,5,347082,31.275,,S,76,,,64,C,medium,,A,,81,Y,low,220,Z,low,275,Z,medium,195,Z,medium,65,X,high,391,Y,medium,482,STANDARD,north_america,FREQUENT_ACCESS,"{""sku_id"":""F6E9-7338-D916"",""description"":""autoclass nearline storage montreal dual-region"",""original_region"":""northamerica-northeast1""}",26-04-2024,18:15:00,18:47:00
15,female,14,0,0,350406,7.8542,,S,71,C,,,C,medium,71,,,86,Z,low,391,X,low,415,Z,high,266,Z,medium,31,Z,high,94,Y,low,449,STANDARD,europe,FREQUENT_ACCESS,"{""sku_id"":""EFEF-E236-E29F"",""description"":""autoclass archive storage zurich"",""original_region"":""europe-west6""}",27-06-2024,12:06:00,14:55:00
16,female,55,0,0,248706,16,,S,,,unknown,81,C,,,,unknown,,X,medium,262,X,low,229,X,medium,56,Z,high,44,Y,,282,X,high,341,STANDARD,europe,FREQUENT_ACCESS,"{""sku_id"":""E84B-7220-B2AC"",""description"":""autoclass archive storage netherlands dual-region"",""original_region"":""europe-west4""}",02-12-2024,20:26:00,23:15:00
17,male,2,4,1,382652,29.125,,Q,51,D,high,,,medium,,,,,Z,medium,32,Z,high,279,Y,high,133,X,medium,133,X,medium,193,Z,low,277,STANDARD,europe,FREQUENT_ACCESS,"{""sku_id"":""E89C-671A-4ABF"",""description"":""autoclass standard storage finland/netherlands dual-region"",""original_region"":""eur4""}",19-12-2024,09:59:00,11:39:00
18,male,,0,0,244373,13,,S,12,C,unknown,96,D,unknown,72,A,,,Z,medium,332,Z,high,309,X,medium,2,Y,,176,Z,high,431,X,low,237,STANDARD,europe,FREQUENT_ACCESS,"{""sku_id"":""C4F8-582D-CDF9"",""description"":""standard storage stockholm"",""original_region"":""europe-north2""}",04-09-2024,12:21:00,14:14:00
19,female,31,1,0,345763,18,,S,83,C,,,B,low,33,D,unknown,53,Y,medium,304,Z,high,288,Y,low,480,X,low,439,,low,337,Y,high,341,NEARLINE,north_america,OCCASIONAL_ACCESS,"{""sku_id"":""8A46-D6C4-859E"",""description"":""nearline storage south carolina"",""original_region"":""us-east1""}",20-08-2024,21:43:00,22:33:00
20,female,,0,0,2649,7.225,,C,45,D,low,32,,low,96,A,medium,70,Z,low,182,Y,low,365,Y,medium,415,Z,high,260,Y,high,230,Y,high,431,STANDARD,oceania,FREQUENT_ACCESS,"{""sku_id"":""D4C0-6A6B-742B"",""description"":""autoclass nearline storage melbourne"",""original_region"":""australia-southeast2""}",14-04-2024,14:20:00,15:00:00
21,male,35,0,0,239865,26,,S,50,,low,72,C,unknown,86,B,,72,Y,medium,395,Z,medium,429,Y,,126,X,high,372,Y,medium,254,Y,low,213,STANDARD,north_america,FREQUENT_ACCESS,"{""sku_id"":""FE3D-5C17-7088"",""description"":""durable reduced availability storage las vegas"",""original_region"":""us-west4""}",06-01-2024,14:43:00,16:53:00
22,male,34,0,0,248698,13,D56,S,37,D,high,89,C,unknown,59,B,,96,Z,high,175,Y,low,67,Z,low,18,Y,high,287,X,low,353,X,medium,,ARCHIVE,europe,ARCHIVE,"{""sku_id"":""1A2D-77C9-8F73"",""description"":""archive storage belgium"",""original_region"":""europe-west1""}",22-05-2024,06:00:00,06:31:00
23,female,15,0,0,330923,8.0292,,Q,,B,,,B,unknown,,C,,57,Z,low,57,Z,low,,Y,medium,135,Y,high,476,Y,,359,Y,low,456,STANDARD,north_america,FREQUENT_ACCESS,"{""sku_id"":""FC93-7D27-5888"",""description"":""autoclass coldline storage iowa"",""original_region"":""us-central1""}",15-06-2024,21:11:00,23:39:00
24,male,28,0,0,113788,35.5,A6,S,92,A,medium,98,B,medium,59,B,high,34,X,low,60,X,medium,426,Z,low,478,,medium,164,Z,low,286,X,high,455,NEARLINE,north_america,OCCASIONAL_ACCESS,"{""sku_id"":""37BE-AAB1-0008"",""description"":""nearline storage salt lake city dual-region"",""original_region"":""us-west3""}",25-03-2024,19:38:00,21:50:00
25,female,8,3,1,349909,21.075,,S,78,,,19,C,medium,69,,,,Z,medium,450,X,medium,190,,,405,X,medium,334,Z,high,363,Z,medium,114,STANDARD,asia,FREQUENT_ACCESS,"{""sku_id"":""F022-AD5D-C7E1"",""description"":""autoclass standard storage asia multi-region"",""original_region"":""asia""}",17-10-2024,17:26:00,20:32:00
26,female,38,1,5,347077,31.3875,,S,64,A,high,41,,low,,D,low,,Z,,188,X,high,244,Y,medium,,Z,,136,Z,high,394,Z,low,119,STANDARD,asia,FREQUENT_ACCESS,"{""sku_id"":""E7A9-508A-0C4F"",""description"":""autoclass archive storage taiwan dual-region"",""original_region"":""asia-east1""}",02-03-2024,07:31:00,11:18:00
27,male,,0,0,2631,7.225,,C,,A,medium,31,B,medium,14,D,low,80,X,medium,207,X,low,371,X,,461,Y,medium,116,X,low,15,Z,low,102,STANDARD,oceania,FREQUENT_ACCESS,"{""sku_id"":""FCAE-1D35-0D35"",""description"":""durable reduced availability storage sydney"",""original_region"":""australia-southeast1""}",24-06-2024,11:49:00,13:46:00
28,male,19,3,2,19950,263,C23 C25 C27,S,,,low,42,D,high,56,A,high,,Z,high,152,X,high,467,X,high,88,Z,high,490,Z,high,183,Z,low,13,STANDARD,north_america,FREQUENT_ACCESS,"{""sku_id"":""DAFD-61D2-339F"",""description"":""standard storage day0 (alabama)"",""original_region"":""us-east7""}",26-02-2024,18:32:00,19:44:00
29,female,,0,0,330959,7.8792,,Q,,,high,,B,medium,80,D,,,Y,low,368,,low,125,Y,high,268,Y,medium,12,X,low,,Z,low,347,STANDARD,north_america,FREQUENT_ACCESS,"{""sku_id"":""E5F0-6A5D-7BAD"",""description"":""standard storage us regional"",""original_region"":""us-west1""}",07-05-2024,12:02:00,14:34:00
30,male,,0,0,349216,7.8958,,S,44,A,high,73,C,medium,31,A,unknown,31,Z,low,302,X,,477,Y,medium,396,Y,high,136,X,high,160,X,low,214,NEARLINE,south_america,OCCASIONAL_ACCESS,"{""sku_id"":""0906-3C38-5507"",""description"":""nearline storage sao paulo"",""original_region"":""southamerica-east1""}",22-12-2024,19:44:00,21:15:00
31,male,40,0,0,PC 17601,27.7208,,C,45,D,,,A,,45,,unknown,5,,medium,449,Y,low,354,Y,high,9,X,medium,193,,high,412,Z,medium,15,STANDARD,europe,FREQUENT_ACCESS,"{""sku_id"":""EB7B-0E58-1CD1"",""description"":""autoclass standard storage madrid"",""original_region"":""europe-southwest1""}",01-09-2024,07:49:00,08:29:00
32,female,,1,0,PC 17569,146.5208,B78,C,22,,,25,,,,D,high,,,low,447,Y,low,15,Z,medium,217,X,medium,68,Y,medium,274,Y,high,102,STANDARD,europe,FREQUENT_ACCESS,"{""sku_id"":""D970-F476-8D81"",""description"":""durable reduced availability storage frankfurt/london dual-region"",""original_region"":""eur7""}",04-06-2024,09:53:00,13:35:00
33,female,,0,0,335677,7.75,,Q,9,B,medium,,D,high,70,A,,12,Y,low,494,X,medium,430,,high,177,Y,low,385,X,medium,135,X,high,266,ARCHIVE,europe,ARCHIVE,"{""sku_id"":""EFF5-EB22-3D38"",""description"":""archive storage turin"",""original_region"":""europe-west12""}",21-03-2024,07:01:00,09:39:00
34,male,66,0,0,C.A. 24579,10.5,,S,55,C,high,,,high,86,A,high,8,Y,low,,Y,low,192,Y,high,88,X,high,179,,high,175,Z,medium,417,NEARLINE,north_america,OCCASIONAL_ACCESS,"{""sku_id"":""154C-10C0-5E59"",""description"":""nearline storage columbus"",""original_region"":""us-east5""}",24-01-2024,17:07:00,19:15:00
35,male,28,1,0,PC 17604,82.1708,,C,88,B,,65,D,high,,,medium,70,Y,low,291,Z,low,141,Z,low,111,,high,229,X,high,,Z,high,331,COLDLINE,north_america,RARE_ACCESS,"{""sku_id"":""D265-FB5C-710A"",""description"":""coldline storage toronto dual-region"",""original_region"":""northamerica-northeast2""}",18-11-2024,18:21:00,18:42:00
36,male,42,1,0,113789,52,,S,,C,,69,,unknown,,,high,43,X,high,173,Y,medium,263,Y,high,484,X,,151,Y,,62,X,medium,266,ARCHIVE,asia,ARCHIVE,"{""sku_id"":""0CE5-412C-060A"",""description"":""archive storage doha"",""original_region"":""me-central1""}",28-06-2024,17:54:00,21:49:00
37,male,,0,0,2677,7.2292,,C,85,D,medium,66,B,low,4,D,low,,Z,high,352,X,low,288,X,high,255,X,low,445,Z,low,154,Z,low,93,COLDLINE,asia,RARE_ACCESS,"{""sku_id"":""0D26-8387-B0F6"",""description"":""coldline storage jakarta"",""original_region"":""asia-southeast2""}",16-08-2024,20:42:00,20:57:00
38,male,21,0,0,A./5. 2152,8.05,,S,82,A,,60,D,medium,,C,unknown,,,medium,374,Z,high,269,Y,high,,X,high,210,Z,medium,340,Z,medium,144,STANDARD,north_america,FREQUENT_ACCESS,"{""sku_id"":""C019-C3D4-B615"",""description"":""autoclass standard storage us multi-region"",""original_region"":""us""}",15-04-2024,17:44:00,20:58:00
39,female,18,2,0,345764,18,,S,,A,,,B,high,94,C,unknown,,X,,125,Y,low,27,X,low,341,Z,,393,X,low,453,Y,low,390,STANDARD,north_america,FREQUENT_ACCESS,"{""sku_id"":""E5F0-6A5D-7BAD"",""description"":""standard storage us regional"",""original_region"":""us-east1""}",21-01-2024,08:37:00,10:27:00
40,female,14,1,0,2651,11.2417,,C,63,D,unknown,,,,8,D,medium,61,Y,high,429,Y,high,411,X,medium,295,Y,medium,311,X,low,475,X,low,386,ARCHIVE,oceania,ARCHIVE,"{""sku_id"":""36A3-CA43-0958"",""description"":""archive storage melbourne"",""original_region"":""australia-southeast2""}",18-03-2024,20:32:00,20:48:00
41,female,40,1,0,7546,9.475,,S,16,C,low,90,A,unknown,,,medium,53,X,low,145,X,medium,170,Z,low,196,X,low,477,Y,low,191,Z,high,434,STANDARD,south_america,FREQUENT_ACCESS,"{""sku_id"":""9C0F-565A-3F33"",""description"":""durable reduced availability storage santiago"",""original_region"":""southamerica-west1""}",20-02-2024,09:42:00,11:55:00
42,female,27,1,0,11668,21,,S,,C,unknown,38,B,,83,,medium,58,Y,medium,491,X,high,70,Y,high,198,X,high,301,Z,medium,397,Z,high,263,STANDARD,asia,FREQUENT_ACCESS,"{""sku_id"":""DE63-2323-DAA5"",""description"":""autoclass standard storage delhi dual-region"",""original_region"":""asia-south2""}",16-03-2024,17:22:00,18:32:00
43,male,,0,0,349253,7.8958,,C,70,B,medium,51,B,low,,D,,70,Y,high,425,X,low,282,Z,high,268,Z,low,492,X,high,198,X,medium,136,NEARLINE,asia,OCCASIONAL_ACCESS,"{""sku_id"":""0F2C-F97E-8B45"",""description"":""nearline storage osaka"",""original_region"":""asia-northeast2""}",22-02-2024,08:58:00,12:07:00
44,female,3,1,2,SC/Paris 2123,41.5792,,C,35,,,18,,medium,17,,,38,X,medium,9,Z,low,311,Z,medium,464,Z,medium,349,Y,,403,X,medium,251,STANDARD,asia,FREQUENT_ACCESS,"{""sku_id"":""C8FB-7775-3633"",""description"":""durable reduced availability storage osaka"",""original_region"":""asia-northeast2""}",30-07-2024,08:52:00,10:43:00
45,female,19,0,0,330958,7.8792,,Q,6,C,low,35,A,medium,2,A,medium,,Z,medium,199,X,low,51,X,low,379,X,medium,,X,,455,X,high,,STANDARD,europe,FREQUENT_ACCESS,"{""sku_id"":""F917-1411-ED88"",""description"":""autoclass coldline storage warsaw"",""original_region"":""europe-central2""}",11-02-2024,10:16:00,10:47:00
46,male,,0,0,S.C./A.4. 23567,8.05,,S,97,C,low,,D,unknown,,A,high,,Z,,194,Y,low,471,Z,medium,200,Y,medium,78,Y,low,222,X,high,90,NEARLINE,asia,OCCASIONAL_ACCESS,"{""sku_id"":""2385-5DEA-497F"",""description"":""nearline storage taiwan dual-region"",""original_region"":""asia-east1""}",04-08-2024,10:17:00,13:16:00
47,male,,1,0,370371,15.5,,Q,44,A,unknown,64,A,medium,59,B,,14,Z,medium,411,Z,medium,300,Z,medium,123,X,,394,,low,300,Y,low,423,STANDARD,europe,FREQUENT_ACCESS,"{""sku_id"":""FE6B-A761-8CCC"",""description"":""autoclass archive storage frankfurt dual-region"",""original_region"":""europe-west3""}",27-07-2024,20:38:00,23:25:00
48,female,,0,0,14311,7.75,,Q,89,C,,21,,,84,A,medium,21,Y,medium,,Y,medium,498,X,high,54,Z,medium,22,X,medium,433,Z,medium,497,ARCHIVE,north_america,ARCHIVE,"{""sku_id"":""D581-7186-3A43"",""description"":""archive storage columbus"",""original_region"":""us-east5""}",21-11-2024,19:12:00,22:52:00
49,male,,2,0,2662,21.6792,,C,67,C,,54,C,,88,,low,8,Y,high,25,X,high,335,X,low,97,Z,medium,95,Z,high,68,Z,low,,NEARLINE,oceania,OCCASIONAL_ACCESS,"{""sku_id"":""581D-AFA6-17B6"",""description"":""nearline storage sydney"",""original_region"":""australia-southeast1""}",25-06-2024,15:15:00,17:24:00
50,female,18,1,0,349237,17.8,,S,77,A,,,A,medium,45,,high,,Z,high,420,Z,high,5,Z,medium,68,Y,low,395,Z,low,123,Z,medium,329,STANDARD,europe,FREQUENT_ACCESS,"{""sku_id"":""F886-1E84-F8DB"",""description"":""autoclass nearline storage finland dual-region"",""original_region"":""europe-north1""}",10-02-2024,08:27:00,12:01:00
51,male,7,4,1,3101295,39.6875,,S,75,B,unknown,12,,high,42,B,,43,Z,medium,,X,high,104,Z,medium,402,Z,,177,Y,high,313,X,low,204,STANDARD,europe,FREQUENT_ACCESS,"{""sku_id"":""EA16-97BB-483F"",""description"":""autoclass archive storage berlin"",""original_region"":""europe-west10""}",27-04-2024,11:40:00,13:58:00
52,male,21,0,0,A/4. 39886,7.8,,S,19,,medium,6,D,high,93,B,unknown,,Z,medium,184,Z,medium,486,X,high,287,X,,108,Z,high,89,X,,427,STANDARD,north_america,FREQUENT_ACCESS,"{""sku_id"":""DD64-0A7B-7023"",""description"":""autoclass standard storage northern virginia dual-region"",""original_region"":""us-east4""}",30-06-2024,09:23:00,10:52:00
53,female,49,1,0,PC 17572,76.7292,D33,C,36,,unknown,,D,,,,low,92,X,low,85,Z,medium,279,Y,low,18,Z,medium,98,X,low,397,X,high,80,STANDARD,asia,FREQUENT_ACCESS,"{""sku_id"":""DB0A-37C5-4E19"",""description"":""standard storage jakarta"",""original_region"":""asia-southeast2""}",21-04-2024,17:14:00,19:55:00
54,female,29,1,0,2926,26,,S,46,,unknown,65,A,medium,20,,,,Z,low,78,Y,high,61,Z,,463,X,high,157,Z,,133,Z,low,379,COLDLINE,north_america,RARE_ACCESS,"{""sku_id"":""FEB9-18BF-B058"",""description"":""coldline storage northern virginia dual-region"",""original_region"":""us-east4""}",16-04-2024,16:06:00,16:57:00
55,male,65,0,1,113509,61.9792,B30,C,49,,unknown,31,C,low,,,medium,55,Y,high,263,X,,37,Z,high,75,Z,medium,418,Y,high,168,X,high,200,STANDARD,europe,FREQUENT_ACCESS,"{""sku_id"":""ED0C-C037-FDC1"",""description"":""autoclass archive storage milan dual-region"",""original_region"":""europe-west8""}",02-04-2024,10:13:00,14:05:00
56,male,,0,0,19947,35.5,C52,S,4,C,high,82,,low,71,B,high,,Z,low,42,Y,medium,268,,medium,322,Z,,227,Y,high,405,Z,medium,251,ARCHIVE,north_america,ARCHIVE,"{""sku_id"":""EC4B-C190-470D"",""description"":""archive storage iowa"",""original_region"":""us-central1""}",26-06-2024,09:39:00,13:02:00
57,female,21,0,0,C.A. 31026,10.5,,S,54,B,,84,,,23,D,low,,Z,high,40,X,high,297,Y,low,6,,high,476,,low,263,Y,low,231,STANDARD,asia,FREQUENT_ACCESS,"{""sku_id"":""96DE-B911-9FF7"",""description"":""standard storage dammam"",""original_region"":""me-central2""}",25-11-2024,16:28:00,17:31:00
58,male,28.5,0,0,2697,7.2292,,C,15,D,high,53,C,high,97,A,low,76,X,low,392,Z,low,123,X,low,294,X,high,,Y,low,395,Y,low,4,ARCHIVE,north_america,ARCHIVE,"{""sku_id"":""6158-49AD-35B1"",""description"":""archive storage montreal"",""original_region"":""northamerica-northeast1""}",13-12-2024,07:50:00,11:17:00
59,female,5,1,2,C.A. 34651,27.75,,S,74,,low,,C,,29,B,,90,X,,171,Z,high,97,Y,low,,Z,high,134,Y,medium,313,Z,high,,STANDARD,asia,FREQUENT_ACCESS,"{""sku_id"":""EBC7-E450-00FC"",""description"":""autoclass standard storage singapore"",""original_region"":""asia-southeast1""}",17-09-2024,18:20:00,19:20:00
60,male,11,5,2,CA 2144,46.9,,S,68,D,,,C,unknown,,,,96,X,,324,Z,high,,Z,high,454,Z,low,81,Z,high,257,X,high,333,NEARLINE,europe,OCCASIONAL_ACCESS,"{""sku_id"":""D78D-ECDE-752A"",""description"":""nearline storage belgium"",""original_region"":""europe-west1""}",05-12-2024,13:49:00,16:44:00
61,male,22,0,0,2669,7.2292,,C,92,,high,82,,,49,C,,38,Y,high,493,Z,medium,217,Z,high,300,Z,high,471,X,high,255,,high,300,COLDLINE,asia,RARE_ACCESS,"{""sku_id"":""81E6-58F6-12C7"",""description"":""coldline storage mumbai"",""original_region"":""asia-south1""}",30-12-2024,18:16:00,19:40:00
62,female,38,0,0,113572,80,B28,,74,B,unknown,89,,low,69,,,48,Z,medium,25,X,medium,18,Y,low,,X,medium,451,Z,medium,401,X,low,50,ARCHIVE,europe,ARCHIVE,"{""sku_id"":""A3BF-20BC-C5F3"",""description"":""archive storage warsaw"",""original_region"":""europe-central2""}",05-10-2024,18:24:00,21:29:00
63,male,45,1,0,36973,83.475,C83,S,36,,,,,high,90,D,unknown,,X,high,397,X,low,28,X,high,265,X,high,61,X,medium,499,X,high,389,ARCHIVE,north_america,ARCHIVE,"{""sku_id"":""1EA2-2E06-552E"",""description"":""archive storage us multi-region"",""original_region"":""us""}",11-11-2024,14:37:00,17:50:00
64,male,4,3,2,347088,27.9,,S,,C,high,51,C,,39,,,5,X,medium,54,Y,medium,119,Y,medium,316,Y,high,160,X,,12,Z,low,480,ARCHIVE,north_america,ARCHIVE,"{""sku_id"":""9583-3470-6088"",""description"":""archive storage las vegas dual-region"",""original_region"":""us-west4""}",13-10-2024,19:00:00,19:42:00
65,male,,0,0,PC 17605,27.7208,,C,,A,,,A,high,,D,medium,11,Y,high,380,Y,low,,X,,207,Y,high,371,Y,medium,253,Y,medium,407,STANDARD,south_america,FREQUENT_ACCESS,"{""sku_id"":""B11D-9FCF-1A1B"",""description"":""autoclass standard storage sao paulo"",""original_region"":""southamerica-east1""}",18-06-2024,15:54:00,16:52:00
66,male,,1,1,2661,15.2458,,C,32,B,,,A,medium,75,,,4,Y,low,153,Z,high,150,,low,,X,low,491,Y,medium,391,X,low,124,COLDLINE,europe,RARE_ACCESS,"{""sku_id"":""27BA-920D-EFFE"",""description"":""coldline storage turin dual-region"",""original_region"":""europe-west12""}",11-04-2024,06:57:00,08:46:00
67,female,29,0,0,C.A. 29395,10.5,F33,S,,B,,13,C,unknown,,A,,73,X,,67,Y,low,,Y,low,264,X,medium,451,Y,low,321,X,low,90,ARCHIVE,north_america,ARCHIVE,"{""sku_id"":""2B7D-C95A-B1BC"",""description"":""archive storage toronto dual-region"",""original_region"":""northamerica-northeast2""}",10-12-2024,07:58:00,11:57:00
68,male,19,0,0,S.P. 3464,8.1583,,S,,A,unknown,67,,high,,,,22,Y,,,Z,low,457,Y,high,484,,high,142,,medium,241,,low,183,ARCHIVE,asia,ARCHIVE,"{""sku_id"":""D496-1EA6-CD98"",""description"":""archive storage delhi"",""original_region"":""asia-south2""}",08-07-2024,15:14:00,18:03:00
69,female,17,4,2,3101281,7.925,,S,7,,medium,92,A,,75,A,low,,Z,high,182,Y,medium,,Y,medium,,Z,medium,448,Z,medium,396,Z,high,11,ARCHIVE,europe,ARCHIVE,"{""sku_id"":""BDF2-208A-3B0C"",""description"":""archive storage netherlands"",""original_region"":""europe-west4""}",11-02-2024,20:39:00,21:50:00
70,male,26,2,0,315151,8.6625,,S,,C,,75,,medium,70,,high,37,X,high,364,X,high,291,Y,high,364,X,high,362,Y,,234,X,,275,COLDLINE,europe,RARE_ACCESS,"{""sku_id"":""2316-6FDA-8E11"",""description"":""coldline storage london"",""original_region"":""europe-west2""}",21-10-2024,18:44:00,20:31:00
71,male,32,0,0,C.A. 33111,10.5,,S,79,D,,48,D,unknown,,C,low,79,,medium,340,X,high,122,,,413,X,high,231,Y,high,68,Z,low,229,STANDARD,asia,FREQUENT_ACCESS,"{""sku_id"":""ADE6-68BC-B69E"",""description"":""autoclass standard storage osaka/tokyo dual-region"",""original_region"":""asia1""}",24-01-2024,20:17:00,22:52:00
72,female,16,5,2,CA 2144,46.9,,S,18,A,,52,C,high,,B,,11,X,medium,364,Y,medium,354,Z,low,359,Z,low,188,,high,136,X,low,251,COLDLINE,oceania,RARE_ACCESS,"{""sku_id"":""3179-9FCA-E3AC"",""description"":""coldline storage melbourne dual-region"",""original_region"":""australia-southeast2""}",07-10-2024,13:44:00,16:56:00
73,male,21,0,0,S.O.C. 14879,73.5,,S,,B,,25,D,high,1,,medium,32,X,medium,10,X,low,473,Y,medium,490,X,low,406,Z,high,21,Y,low,494,COLDLINE,asia,RARE_ACCESS,"{""sku_id"":""25F5-F72F-F874"",""description"":""coldline storage dammam"",""original_region"":""me-central2""}",13-04-2024,19:18:00,20:18:00
74,male,26,1,0,2680,14.4542,,C,12,A,high,,D,medium,,,unknown,,Y,high,487,Y,high,338,Y,high,217,X,medium,418,Y,high,351,Y,medium,327,STANDARD,north_america,FREQUENT_ACCESS,"{""sku_id"":""D834-715E-7357"",""description"":""autoclass coldline storage iowa/south carolina dual-region"",""original_region"":""nam4""}",28-07-2024,21:38:00,00:28:00
75,male,32,0,0,1601,56.4958,,S,68,,unknown,24,D,,,C,low,,X,low,216,Y,medium,147,Y,low,270,Z,medium,457,Y,medium,486,X,low,208,COLDLINE,europe,RARE_ACCESS,"{""sku_id"":""FF44-B6BB-8EB3"",""description"":""coldline storage finland dual-region"",""original_region"":""europe-north1""}",17-08-2024,17:22:00,19:06:00
76,male,25,0,0,348123,7.65,F G73,S,47,,unknown,34,A,unknown,,A,,56,Y,low,55,X,medium,196,X,high,76,X,medium,231,X,low,189,Y,low,391,COLDLINE,europe,RARE_ACCESS,"{""sku_id"":""3041-B9C2-F02A"",""description"":""coldline storage netherlands dual-region"",""original_region"":""europe-west4""}",07-11-2024,17:28:00,18:59:00
77,male,,0,0,349208,7.8958,,S,,,low,26,,medium,,A,,16,X,medium,464,Y,high,464,Y,low,187,X,high,133,Y,medium,366,X,medium,184,STANDARD,europe,FREQUENT_ACCESS,"{""sku_id"":""FD67-6779-FB1E"",""description"":""autoclass archive storage europe-west5"",""original_region"":""europe-west5""}",15-12-2024,21:42:00,01:31:00
78,male,,0,0,374746,8.05,,S,22,,low,33,,low,30,,,66,Z,low,396,Z,medium,,Y,low,79,X,low,435,,high,491,X,high,378,ARCHIVE,europe,ARCHIVE,"{""sku_id"":""9729-6081-2B55"",""description"":""archive storage milan dual-region"",""original_region"":""europe-west8""}",07-11-2024,14:26:00,15:23:00
79,male,0.83,0,2,248738,29,,S,,A,,36,A,medium,89,C,high,96,Y,low,41,X,medium,110,,medium,395,Y,medium,151,Y,high,196,X,low,466,STANDARD,north_america,FREQUENT_ACCESS,"{""sku_id"":""F1C6-D2BA-4A83"",""description"":""durable reduced availability storage columbus"",""original_region"":""us-east5""}",18-06-2024,18:02:00,19:21:00
80,female,30,0,0,364516,12.475,,S,66,C,,8,,,70,,low,4,X,medium,218,Y,,53,Y,low,391,Z,low,376,Y,,441,X,medium,454,STANDARD,europe,FREQUENT_ACCESS,"{""sku_id"":""F026-6944-846C"",""description"":""standard storage frankfurt/zurich dual-region"",""original_region"":""eur8""}",15-05-2024,08:42:00,09:47:00
81,male,22,0,0,345767,9,,S,94,C,unknown,,,,56,,medium,8,X,low,453,Z,low,320,Y,medium,96,Z,low,254,X,medium,8,Z,medium,259,NEARLINE,europe,OCCASIONAL_ACCESS,"{""sku_id"":""89DB-C7FE-AF68"",""description"":""nearline storage turin dual-region"",""original_region"":""europe-west12""}",25-06-2024,15:05:00,19:05:00
82,male,29,0,0,345779,9.5,,S,43,D,low,44,,low,88,B,high,95,Y,low,341,X,high,229,X,medium,401,Y,medium,293,Y,low,338,X,high,234,ARCHIVE,europe,ARCHIVE,"{""sku_id"":""2C07-1488-8F24"",""description"":""archive storage belgium/london dual-region"",""original_region"":""eur5""}",16-06-2024,11:27:00,12:17:00
83,female,,0,0,330932,7.7875,,Q,16,D,low,94,,low,9,C,unknown,,Y,medium,97,Z,high,66,Y,low,160,Z,medium,104,Z,low,83,Y,high,198,COLDLINE,asia,RARE_ACCESS,"{""sku_id"":""2D3D-C91F-7E7C"",""description"":""coldline storage asia multi-region"",""original_region"":""asia""}",04-05-2024,15:17:00,18:47:00
84,male,28,0,0,113059,47.1,,S,83,D,unknown,,A,medium,64,,unknown,91,,high,350,Y,medium,470,Z,high,364,Y,medium,124,Y,low,390,X,high,267,STANDARD,europe,FREQUENT_ACCESS,"{""sku_id"":""DC97-82D4-0359"",""description"":""autoclass standard storage belgium/london dual-region"",""original_region"":""eur5""}",20-04-2024,15:57:00,18:10:00
85,female,17,0,0,SO/C 14885,10.5,,S,62,C,unknown,66,B,medium,15,D,,70,X,medium,94,X,medium,275,Y,low,469,Z,low,326,Y,low,4,X,medium,468,STANDARD,europe,FREQUENT_ACCESS,"{""sku_id"":""FF88-BF44-9313"",""description"":""autoclass coldline storage paris dual-region"",""original_region"":""europe-west9""}",06-05-2024,13:21:00,13:37:00
86,female,33,3,0,3101278,15.85,,S,70,,low,,,low,23,A,medium,,Y,high,175,Z,low,124,Y,medium,414,Y,high,129,Y,medium,416,,low,437,STANDARD,north_america,FREQUENT_ACCESS,"{""sku_id"":""FEC5-B147-BD88"",""description"":""autoclass coldline storage mexico"",""original_region"":""northamerica-south1""}",23-10-2024,10:39:00,13:05:00
87,male,16,1,3,W./C. 6608,34.375,,S,9,B,medium,,B,medium,18,D,,,Y,low,97,Y,low,472,X,low,93,X,medium,334,Y,low,198,,high,303,NEARLINE,north_america,OCCASIONAL_ACCESS,"{""sku_id"":""F18D-89DB-7C30"",""description"":""nearline storage toronto"",""original_region"":""northamerica-northeast2""}",22-04-2024,18:01:00,21:35:00
88,male,,0,0,SOTON/OQ 392086,8.05,,S,31,A,,49,,,54,,,51,X,low,346,Z,high,349,Y,,90,Z,medium,495,X,low,118,Z,medium,141,STANDARD,north_america,FREQUENT_ACCESS,"{""sku_id"":""FDFD-25D3-9C09"",""description"":""standard storage salt lake city dual-region"",""original_region"":""us-west3""}",29-06-2024,17:10:00,19:01:00
89,female,23,3,2,19950,263,C23 C25 C27,S,,B,,44,A,low,62,C,,36,Y,,465,Y,medium,64,Z,low,56,Z,medium,,,high,277,Y,high,188,NEARLINE,north_america,OCCASIONAL_ACCESS,"{""sku_id"":""D5C1-AAF1-5B8F"",""description"":""nearline storage northern virginia"",""original_region"":""us-east4""}",02-03-2024,21:52:00,01:13:00
90,male,24,0,0,343275,8.05,,S,,B,,65,,medium,75,A,medium,83,X,high,22,Z,high,413,Y,low,420,X,medium,462,X,high,494,X,high,122,COLDLINE,north_america,RARE_ACCESS,"{""sku_id"":""3081-BF3D-2E14"",""description"":""coldline storage mexico"",""original_region"":""northamerica-south1""}",25-07-2024,06:59:00,09:00:00
91,male,29,0,0,343276,8.05,,S,43,A,,,B,,,C,unknown,4,Z,low,301,Z,low,29,Z,medium,273,X,,85,Z,high,80,X,high,93,STANDARD,north_america,FREQUENT_ACCESS,"{""sku_id"":""E9D3-E7C5-94A2"",""description"":""autoclass coldline storage los angeles"",""original_region"":""us-west2""}",08-12-2024,20:32:00,21:05:00
92,male,20,0,0,347466,7.8542,,S,,A,low,31,B,,93,,medium,,Z,low,124,,,,Y,medium,77,Z,low,69,,medium,155,X,medium,4,ARCHIVE,europe,ARCHIVE,"{""sku_id"":""5ACD-E7DB-7BFA"",""description"":""archive storage madrid"",""original_region"":""europe-southwest1""}",25-06-2024,10:08:00,14:02:00
93,male,46,1,0,W.E.P. 5734,61.175,E31,S,,C,medium,,D,,37,C,,55,X,low,375,Y,high,196,Z,low,293,,medium,417,X,medium,319,X,medium,386,ARCHIVE,north_america,ARCHIVE,"{""sku_id"":""A4F8-B0EC-4F8E"",""description"":""archive storage dallas"",""original_region"":""us-south1""}",28-05-2024,09:42:00,11:02:00
94,male,26,1,2,C.A. 2315,20.575,,S,38,B,high,18,,,,B,high,97,X,high,69,Z,medium,146,Y,low,264,Z,medium,102,Y,high,46,Y,high,369,NEARLINE,europe,OCCASIONAL_ACCESS,"{""sku_id"":""3480-CB61-4864"",""description"":""nearline storage stockholm"",""original_region"":""europe-north2""}",02-04-2024,07:32:00,09:26:00
95,male,59,0,0,364500,7.25,,S,89,,high,,,high,3,C,,99,X,medium,183,X,low,26,Z,low,298,Z,low,323,Z,medium,477,Y,high,,STANDARD,asia,FREQUENT_ACCESS,"{""sku_id"":""9ADF-4F85-635A"",""description"":""autoclass nearline storage doha"",""original_region"":""me-central1""}",15-04-2024,08:58:00,12:51:00
96,male,,0,0,374910,8.05,,S,28,B,,,,,12,C,medium,59,Z,medium,102,Y,,465,Y,medium,317,X,high,53,Z,low,261,Z,low,343,NEARLINE,north_america,OCCASIONAL_ACCESS,"{""sku_id"":""48FC-D3ED-FA72"",""description"":""nearline storage montreal"",""original_region"":""northamerica-northeast1""}",25-12-2024,10:59:00,12:28:00
97,male,71,0,0,PC 17754,34.6542,A5,C,23,D,unknown,95,A,unknown,,B,high,42,Z,low,436,Y,,279,Y,high,82,Z,medium,43,X,high,495,X,medium,82,NEARLINE,europe,OCCASIONAL_ACCESS,"{""sku_id"":""361C-27C1-D7CE"",""description"":""nearline storage zurich"",""original_region"":""europe-west6""}",21-02-2024,19:33:00,21:07:00
98,male,23,0,1,PC 17759,63.3583,D10 D12,C,68,C,unknown,,,,41,D,unknown,27,X,high,41,X,low,303,Y,low,193,X,low,100,X,medium,207,Z,medium,138,COLDLINE,north_america,RARE_ACCESS,"{""sku_id"":""37C4-203D-1024"",""description"":""coldline storage us multi-region"",""original_region"":""us""}",20-07-2024,15:15:00,15:59:00
99,female,34,0,1,231919,23,,S,,A,,39,C,,,C,unknown,99,Y,low,290,Z,low,,Y,low,360,X,low,,,medium,416,X,low,129,NEARLINE,europe,OCCASIONAL_ACCESS,"{""sku_id"":""37D3-343A-3DF1"",""description"":""nearline storage frankfurt/zurich dual-region"",""original_region"":""eur8""}",19-06-2024,20:45:00,00:07:00
100,male,34,1,0,244367,26,,S,13,A,,,B,unknown,12,,unknown,,X,low,60,Z,low,254,,high,454,Y,low,145,Y,low,165,Z,medium,64,COLDLINE,north_america,RARE_ACCESS,"{""sku_id"":""B318-1FE2-6BFD"",""description"":""coldline storage los angeles dual-region"",""original_region"":""us-west2""}",20-12-2024,14:37:00,17:26:00
101,female,28,0,0,349245,7.8958,,S,83,C,high,80,B,,26,,high,12,Z,high,299,Z,high,144,X,high,,,medium,111,Z,medium,221,Z,high,364,NEARLINE,europe,OCCASIONAL_ACCESS,"{""sku_id"":""BEA8-18F6-120A"",""description"":""nearline storage berlin"",""original_region"":""europe-west10""}",10-06-2024,18:38:00,19:02:00
102,male,,0,0,349215,7.8958,,S,,C,,48,B,low,98,D,,50,X,high,383,Y,medium,389,Z,,285,X,,418,Z,medium,173,X,low,21,NEARLINE,asia,OCCASIONAL_ACCESS,"{""sku_id"":""3A5D-58D0-6BE4"",""description"":""nearline storage doha"",""original_region"":""me-central1""}",23-03-2024,10:11:00,13:12:00
103,male,21,0,1,35281,77.2875,D26,S,80,B,medium,96,,unknown,2,B,high,39,X,medium,376,Y,low,265,Z,low,474,X,medium,87,X,high,273,X,medium,202,COLDLINE,north_america,RARE_ACCESS,"{""sku_id"":""E209-9471-B5A2"",""description"":""coldline storage oregon"",""original_region"":""us-west1""}",23-06-2024,19:59:00,20:33:00
104,male,33,0,0,7540,8.6542,,S,0,C,low,,B,,42,C,,49,Z,high,16,Y,high,,Z,high,300,X,medium,47,X,medium,111,X,medium,243,NEARLINE,europe,OCCASIONAL_ACCESS,"{""sku_id"":""3C81-A91C-A94F"",""description"":""nearline storage london"",""original_region"":""europe-west2""}",25-11-2024,21:23:00,00:40:00
105,male,37,2,0,3101276,7.925,,S,79,,medium,70,,,19,A,unknown,,,medium,386,Z,high,422,Y,medium,113,Z,low,55,Y,medium,,Z,high,288,COLDLINE,europe,RARE_ACCESS,"{""sku_id"":""3DF8-830A-D07C"",""description"":""coldline storage stockholm"",""original_region"":""europe-north2""}",31-03-2024,11:46:00,13:20:00
106,male,28,0,0,349207,7.8958,,S,,,,75,C,high,53,B,unknown,26,Y,medium,148,Z,high,406,Z,low,291,Y,low,441,,high,419,X,low,96,NEARLINE,north_america,OCCASIONAL_ACCESS,"{""sku_id"":""3E75-94D0-A39A"",""description"":""nearline storage iowa/south carolina dual-region"",""original_region"":""nam4""}",28-04-2024,13:52:00,14:44:00
107,female,21,0,0,343120,7.65,,S,,A,unknown,,A,unknown,97,C,unknown,,Z,medium,340,X,low,123,X,,8,X,high,237,Y,low,77,,medium,,COLDLINE,north_america,RARE_ACCESS,"{""sku_id"":""D85F-8CE9-F6EF"",""description"":""coldline storage south carolina"",""original_region"":""us-east1""}",28-08-2024,17:55:00,20:13:00
108,male,,0,0,312991,7.775,,S,66,B,unknown,,,low,22,D,high,,X,,481,Y,low,324,,medium,244,X,low,,,high,396,X,,396,NEARLINE,asia,OCCASIONAL_ACCESS,"{""sku_id"":""FD55-A8ED-B1A6"",""description"":""nearline storage mumbai"",""original_region"":""asia-south1""}",30-04-2024,13:39:00,16:47:00
109,male,38,0,0,349249,7.8958,,S,,,,58,C,low,37,C,,32,X,high,59,X,high,460,Z,high,283,Z,medium,403,Z,low,427,X,medium,187,COLDLINE,europe,RARE_ACCESS,"{""sku_id"":""4D09-6DB4-A3D7"",""description"":""coldline storage warsaw dual-region"",""original_region"":""europe-central2""}",02-01-2024,10:32:00,11:55:00
110,female,,1,0,371110,24.15,,Q,,D,low,,,unknown,44,,medium,0,Y,medium,181,Z,high,399,Z,high,28,Z,medium,140,Y,low,17,Z,high,475,NEARLINE,asia,OCCASIONAL_ACCESS,"{""sku_id"":""403B-273A-D4AE"",""description"":""nearline storage hong kong"",""original_region"":""asia-east2""}",18-09-2024,06:54:00,08:56:00
111,male,47,0,0,110465,52,C110,S,,D,low,11,,high,79,B,,67,Y,low,433,Y,high,99,Y,medium,101,Z,low,395,Z,medium,337,,high,214,STANDARD,asia,FREQUENT_ACCESS,"{""sku_id"":""EBB8-4CFD-EA34"",""description"":""standard storage tel aviv"",""original_region"":""me-west1""}",27-08-2024,08:43:00,11:48:00
112,female,14.5,1,0,2665,14.4542,,C,78,,medium,13,A,low,,C,unknown,85,,medium,70,Y,medium,427,Y,medium,494,Y,high,228,Z,low,242,Y,medium,388,COLDLINE,asia,RARE_ACCESS,"{""sku_id"":""8E89-0AC8-66C0"",""description"":""coldline storage singapore"",""original_region"":""asia-southeast1""}",02-10-2024,15:13:00,15:40:00
113,male,22,0,0,324669,8.05,,S,55,A,,,C,unknown,,,unknown,,Z,medium,,X,medium,28,Z,high,314,Z,medium,,Y,low,318,Y,medium,57,NEARLINE,asia,OCCASIONAL_ACCESS,"{""sku_id"":""DCA1-44F3-A410"",""description"":""nearline storage singapore dual-region"",""original_region"":""asia-southeast1""}",12-11-2024,18:21:00,19:00:00
114,female,20,1,0,4136,9.825,,S,45,,unknown,65,B,,48,A,medium,16,Z,medium,274,X,low,308,Z,low,,Y,medium,264,Z,medium,147,Z,high,425,NEARLINE,europe,OCCASIONAL_ACCESS,"{""sku_id"":""6E82-022D-E319"",""description"":""nearline storage frankfurt dual-region"",""original_region"":""europe-west3""}",20-12-2024,15:51:00,19:06:00
115,female,17,0,0,2627,14.4583,,C,,A,,28,C,medium,,A,,76,X,medium,498,Z,low,255,Z,medium,114,Y,low,,Z,high,110,Z,medium,239,COLDLINE,north_america,RARE_ACCESS,"{""sku_id"":""BD90-D1A2-6BFD"",""description"":""coldline storage dallas"",""original_region"":""us-south1""}",16-01-2024,21:50:00,00:03:00
116,male,21,0,0,STON/O 2. 3101294,7.925,,S,,,,73,A,medium,0,C,,14,Z,medium,147,Z,low,18,Y,low,62,Y,high,102,X,low,143,Z,low,495,NEARLINE,europe,OCCASIONAL_ACCESS,"{""sku_id"":""7446-C63C-1119"",""description"":""nearline storage warsaw"",""original_region"":""europe-central2""}",15-12-2024,08:09:00,10:48:00
117,male,70.5,0,0,370369,7.75,,Q,3,,,69,,high,80,D,low,62,X,high,,Y,medium,363,Z,high,214,Y,low,29,X,low,76,Y,high,350,ARCHIVE,asia,ARCHIVE,"{""sku_id"":""4B5C-6444-A206"",""description"":""archive storage asia multi-region"",""original_region"":""asia""}",04-10-2024,15:24:00,19:11:00
118,male,29,1,0,11668,21,,S,13,,medium,,,low,24,,,70,Y,high,397,Z,medium,148,Y,medium,272,Y,low,365,X,high,202,Z,high,370,COLDLINE,europe,RARE_ACCESS,"{""sku_id"":""4C20-3C91-DA5D"",""description"":""coldline storage belgium/london dual-region"",""original_region"":""eur5""}",06-12-2024,16:15:00,17:19:00
119,male,24,0,1,PC 17558,247.5208,B58 B60,C,24,A,,91,B,medium,,D,,15,Y,high,59,,medium,426,Y,high,89,Y,high,476,Y,high,436,,medium,74,NEARLINE,europe,OCCASIONAL_ACCESS,"{""sku_id"":""4CF0-069A-15D9"",""description"":""nearline storage europe multi-region"",""original_region"":""europe""}",09-05-2024,18:51:00,20:48:00
120,female,2,4,2,347082,31.275,,S,11,,high,88,,,97,,medium,11,Y,,163,Y,medium,439,Z,,400,Y,medium,289,Z,medium,389,Y,low,283,NEARLINE,north_america,OCCASIONAL_ACCESS,"{""sku_id"":""DB57-CF96-4A4C"",""description"":""nearline storage los angeles dual-region"",""original_region"":""us-west2""}",21-08-2024,06:39:00,07:46:00
121,male,21,2,0,S.O.C. 14879,73.5,,S,43,C,low,,C,low,63,C,unknown,7,X,low,158,X,medium,295,Y,high,214,Z,high,58,,medium,89,Z,low,369,ARCHIVE,asia,ARCHIVE,"{""sku_id"":""4E33-234A-ABE4"",""description"":""archive storage tokyo"",""original_region"":""asia-northeast1""}",20-12-2024,13:34:00,16:16:00
122,male,,0,0,A4. 54510,8.05,,S,,,medium,76,,unknown,,D,,70,Y,low,200,Y,high,313,X,,27,Z,low,56,Y,high,279,Z,low,,STANDARD,africa,FREQUENT_ACCESS,"{""sku_id"":""CF16-78C4-2B5A"",""description"":""autoclass archive storage johannesburg"",""original_region"":""africa-south1""}",26-05-2024,16:23:00,18:24:00
123,male,32.5,1,0,237736,30.0708,,C,65,D,high,,,low,60,,high,61,X,high,286,X,medium,26,Z,medium,68,Y,high,272,Z,low,36,X,high,188,NEARLINE,north_america,OCCASIONAL_ACCESS,"{""sku_id"":""7500-8C3C-84DC"",""description"":""nearline storage iowa dual-region"",""original_region"":""us-central1""}",13-12-2024,13:00:00,14:21:00
124,female,32.5,0,0,27267,13,E101,S,47,D,medium,40,A,unknown,21,,low,11,Z,high,110,X,high,445,Y,high,430,Y,high,447,X,high,29,Y,low,281,NEARLINE,north_america,OCCASIONAL_ACCESS,"{""sku_id"":""9D00-E37F-E3D4"",""description"":""nearline storage las vegas dual-region"",""original_region"":""us-west4""}",21-02-2024,16:46:00,18:48:00
125,male,54,0,1,35281,77.2875,D26,S,85,C,,,D,low,69,C,unknown,50,X,low,195,Y,high,340,X,medium,168,Z,medium,,Y,medium,,Z,low,86,NEARLINE,asia,OCCASIONAL_ACCESS,"{""sku_id"":""5467-3F51-D0D1"",""description"":""nearline storage osaka/tokyo dual-region"",""original_region"":""asia1""}",11-04-2024,09:27:00,13:08:00
126,male,12,1,0,2651,11.2417,,C,56,,,60,A,medium,61,C,,79,Y,low,458,X,medium,192,Y,high,186,Y,low,151,Y,medium,151,X,high,,COLDLINE,north_america,RARE_ACCESS,"{""sku_id"":""ADA4-7896-0A0A"",""description"":""coldline storage salt lake city"",""original_region"":""us-west3""}",21-05-2024,09:41:00,13:20:00
127,male,,0,0,370372,7.75,,Q,7,B,unknown,41,C,low,,,,23,X,high,414,Z,high,42,X,low,99,X,,310,Z,medium,352,,medium,237,COLDLINE,europe,RARE_ACCESS,"{""sku_id"":""D056-E841-A979"",""description"":""coldline storage paris"",""original_region"":""europe-west9""}",16-12-2024,15:14:00,17:49:00
128,male,24,0,0,C 17369,7.1417,,S,76,D,low,99,,,7,B,,60,X,low,478,X,low,252,Z,high,403,Z,low,78,Z,,77,Y,medium,16,ARCHIVE,north_america,ARCHIVE,"{""sku_id"":""86E7-6DF6-0AE1"",""description"":""archive storage salt lake city"",""original_region"":""us-west3""}",25-04-2024,16:20:00,19:01:00
129,female,,1,1,2668,22.3583,F E69,C,57,,low,17,D,high,64,D,high,29,Y,low,341,Z,medium,450,Z,low,408,Z,high,239,Y,high,59,X,low,458,ARCHIVE,europe,ARCHIVE,"{""sku_id"":""5A75-E003-2CBF"",""description"":""archive storage europe multi-region"",""original_region"":""europe""}",25-08-2024,18:54:00,22:17:00
130,male,45,0,0,347061,6.975,,S,63,,high,9,,low,,,unknown,,Z,high,291,X,low,431,X,high,121,Y,low,,Y,high,357,Z,low,321,STANDARD,north_america,FREQUENT_ACCESS,"{""sku_id"":""EC30-92F5-3843"",""description"":""standard storage phoenix"",""original_region"":""us-west8""}",11-08-2024,17:57:00,21:12:00
131,male,33,0,0,349241,7.8958,,C,56,A,medium,2,A,high,77,A,,,Y,low,106,Z,low,49,Z,medium,364,Z,low,314,Z,,103,Y,low,91,ARCHIVE,north_america,ARCHIVE,"{""sku_id"":""5C49-0E06-BAF4"",""description"":""archive storage iowa/south carolina dual-region"",""original_region"":""nam4""}",16-03-2024,08:05:00,09:02:00
132,male,20,0,0,SOTON/O.Q. 3101307,7.05,,S,55,A,high,81,D,,12,B,,35,Z,low,79,Y,low,381,Z,low,226,X,low,51,Y,low,29,Z,medium,448,NEARLINE,asia,OCCASIONAL_ACCESS,"{""sku_id"":""5E51-E5C9-7A7D"",""description"":""nearline storage jakarta"",""original_region"":""asia-southeast2""}",23-07-2024,12:56:00,14:49:00
133,female,47,1,0,A/5. 3337,14.5,,S,9,,low,40,C,medium,53,,high,49,Z,high,,Z,low,40,Z,high,83,Z,low,,X,low,394,Y,high,345,ARCHIVE,asia,ARCHIVE,"{""sku_id"":""B9DB-1163-E3BD"",""description"":""archive storage singapore"",""original_region"":""asia-southeast1""}",19-07-2024,11:09:00,14:26:00
134,female,29,1,0,228414,26,,S,55,,,43,,low,81,B,unknown,20,Y,low,202,Y,medium,188,,low,397,X,high,29,Y,high,352,Y,high,346,NEARLINE,north_america,OCCASIONAL_ACCESS,"{""sku_id"":""E5F7-218B-F872"",""description"":""nearline storage oregon dual-region"",""original_region"":""us-west1""}",10-02-2024,10:43:00,13:47:00
135,male,25,0,0,C.A. 29178,13,,S,79,B,unknown,64,C,high,89,,medium,39,Z,high,393,,high,223,X,medium,41,Z,medium,200,Y,low,464,,low,466,ARCHIVE,asia,ARCHIVE,"{""sku_id"":""62E5-3AA6-3149"",""description"":""archive storage jakarta"",""original_region"":""asia-southeast2""}",11-04-2024,14:03:00,15:51:00
136,male,23,0,0,SC/PARIS 2133,15.0458,,C,30,D,,,A,,93,,,62,Y,medium,4,X,,11,Z,high,437,Y,low,118,Y,medium,,,high,202,ARCHIVE,europe,ARCHIVE,"{""sku_id"":""C6A0-DADE-4F0E"",""description"":""archive storage paris dual-region"",""original_region"":""europe-west9""}",24-06-2024,06:51:00,09:39:00
137,female,19,0,2,11752,26.2833,D47,S,,A,medium,57,C,low,,,,38,Y,medium,445,Y,,68,X,,,,medium,489,Z,medium,238,Y,high,177,COLDLINE,north_america,RARE_ACCESS,"{""sku_id"":""64F6-F598-D260"",""description"":""coldline storage phoenix"",""original_region"":""us-west8""}",07-09-2024,08:18:00,11:21:00
138,male,37,1,0,113803,53.1,C123,S,3,C,,5,,,,B,low,,Z,high,85,Y,low,440,Y,medium,161,Z,high,159,Y,high,335,Y,low,,NEARLINE,europe,OCCASIONAL_ACCESS,"{""sku_id"":""ADB6-51A3-28B0"",""description"":""nearline storage paris dual-region"",""original_region"":""europe-west9""}",02-11-2024,08:57:00,11:32:00
139,male,16,0,0,7534,9.2167,,S,34,B,high,,B,medium,57,C,,,Y,,197,Z,medium,314,Z,medium,113,X,medium,17,X,medium,396,Z,medium,444,COLDLINE,asia,RARE_ACCESS,"{""sku_id"":""6B5F-CF08-C03D"",""description"":""coldline storage osaka"",""original_region"":""asia-northeast2""}",22-08-2024,15:12:00,17:51:00
140,male,24,0,0,PC 17593,79.2,B86,C,43,A,low,,,low,46,D,,13,Z,low,178,X,medium,,Y,high,117,Z,high,216,,high,314,Z,medium,406,COLDLINE,europe,RARE_ACCESS,"{""sku_id"":""6CCC-4CDD-383C"",""description"":""coldline storage europe multi-region"",""original_region"":""europe""}",28-08-2024,13:23:00,13:54:00
141,female,,0,2,2678,15.2458,,C,,D,,45,B,unknown,23,,medium,,X,low,462,X,low,285,X,,240,X,low,368,Y,medium,159,Z,low,393,ARCHIVE,asia,ARCHIVE,"{""sku_id"":""6D22-D2AA-4F85"",""description"":""archive storage hong kong"",""original_region"":""asia-east2""}",28-02-2024,14:02:00,15:18:00
142,female,22,0,0,347081,7.75,,S,21,A,,16,,high,,C,low,46,Y,medium,360,X,low,,Z,low,375,Z,medium,342,X,high,444,X,high,382,COLDLINE,north_america,RARE_ACCESS,"{""sku_id"":""6E87-6282-15AF"",""description"":""coldline storage iowa/south carolina dual-region"",""original_region"":""nam4""}",23-01-2024,10:32:00,14:22:00
143,female,24,1,0,STON/O2. 3101279,15.85,,S,,,unknown,,,unknown,14,A,,60,Y,high,17,X,medium,9,Y,low,199,Z,high,488,Z,low,351,X,high,17,COLDLINE,europe,RARE_ACCESS,"{""sku_id"":""6FC6-63C5-6832"",""description"":""coldline storage frankfurt/zurich dual-region"",""original_region"":""eur8""}",03-12-2024,06:58:00,10:52:00
144,male,19,0,0,365222,6.75,,Q,,,,33,D,medium,,A,unknown,73,X,low,426,Z,high,273,,low,257,X,high,182,X,high,438,X,medium,245,COLDLINE,north_america,RARE_ACCESS,"{""sku_id"":""6FF2-2736-1E63"",""description"":""coldline storage day0 (alabama)"",""original_region"":""us-east7""}",31-01-2024,17:31:00,20:24:00
145,male,18,0,0,231945,11.5,,S,99,D,medium,27,,,,,low,,Z,medium,338,X,medium,385,Y,high,485,Z,low,261,Y,,278,Y,low,177,ARCHIVE,north_america,ARCHIVE,"{""sku_id"":""9792-0238-A65E"",""description"":""archive storage oregon dual-region"",""original_region"":""us-west1""}",27-12-2024,14:17:00,16:14:00
146,male,19,1,1,C.A. 33112,36.75,,S,85,A,unknown,29,A,,,A,,97,X,medium,34,Z,medium,102,Y,high,248,Z,medium,279,Z,high,224,X,medium,180,COLDLINE,north_america,RARE_ACCESS,"{""sku_id"":""EAC3-75EC-684F"",""description"":""coldline storage las vegas dual-region"",""original_region"":""us-west4""}",02-03-2024,14:18:00,15:00:00
147,male,27,0,0,350043,7.7958,,S,3,,,72,A,low,10,,low,42,X,low,390,X,high,245,Z,medium,396,Y,high,12,X,medium,421,Z,medium,427,NEARLINE,south_america,OCCASIONAL_ACCESS,"{""sku_id"":""7250-679F-299A"",""description"":""nearline storage santiago"",""original_region"":""southamerica-west1""}",21-06-2024,06:04:00,07:25:00
148,female,9,2,2,W./C. 6608,34.375,,S,23,C,,10,B,medium,26,B,,88,X,,16,Z,medium,206,X,high,192,Y,low,2,Y,low,305,Z,high,198,COLDLINE,asia,RARE_ACCESS,"{""sku_id"":""E70A-97D8-6230"",""description"":""coldline storage delhi"",""original_region"":""asia-south2""}",29-10-2024,21:03:00,23:33:00
149,male,36.5,0,2,230080,26,F2,S,,D,unknown,30,D,unknown,,D,high,41,Z,low,212,,high,435,Y,high,39,X,medium,397,X,,387,X,,418,NEARLINE,europe,OCCASIONAL_ACCESS,"{""sku_id"":""72AC-DCBB-8799"",""description"":""nearline storage finland/netherlands dual-region"",""original_region"":""eur4""}",15-05-2024,13:41:00,17:11:00
150,male,42,0,0,244310,13,,S,,A,low,46,B,medium,,,low,40,X,low,81,X,high,81,X,high,127,Z,medium,192,Y,high,444,Z,high,453,NEARLINE,asia,OCCASIONAL_ACCESS,"{""sku_id"":""72E1-0FCE-FA4F"",""description"":""nearline storage dammam"",""original_region"":""me-central2""}",27-12-2024,09:12:00,10:51:00
151,male,51,0,0,S.O.P. 1166,12.525,,S,85,D,,54,,unknown,44,B,high,60,X,medium,5,Y,low,52,X,low,79,Z,low,344,X,low,142,Y,high,,NEARLINE,asia,OCCASIONAL_ACCESS,"{""sku_id"":""C8B6-F995-22B7"",""description"":""nearline storage delhi"",""original_region"":""asia-south2""}",28-01-2024,16:25:00,19:29:00
152,female,22,1,0,113776,66.6,C2,S,28,C,medium,88,B,medium,4,C,,19,Z,high,279,Z,medium,105,X,low,453,Z,high,472,Z,medium,96,X,high,84,NEARLINE,asia,OCCASIONAL_ACCESS,"{""sku_id"":""772C-28AE-ABAE"",""description"":""nearline storage seoul"",""original_region"":""asia-northeast3""}",30-05-2024,09:15:00,11:57:00
153,male,55.5,0,0,A.5. 11206,8.05,,S,91,D,unknown,,,medium,1,A,high,60,X,medium,343,Z,medium,78,,high,13,,high,122,X,low,74,X,low,349,COLDLINE,europe,RARE_ACCESS,"{""sku_id"":""DCF3-6CFB-DC70"",""description"":""coldline storage frankfurt"",""original_region"":""europe-west3""}",17-08-2024,14:36:00,15:21:00
154,male,40.5,0,2,A/5. 851,14.5,,S,29,,low,,,,,D,unknown,,X,medium,239,X,low,423,Y,medium,411,Y,medium,387,Y,high,299,X,low,431,COLDLINE,europe,RARE_ACCESS,"{""sku_id"":""BD2C-E25F-A1BA"",""description"":""coldline storage berlin dual-region"",""original_region"":""europe-west10""}",27-12-2024,13:35:00,16:48:00
155,male,,0,0,Fa 265302,7.3125,,S,43,D,unknown,53,,,44,C,,,X,high,171,Y,low,130,X,low,69,Z,medium,106,X,medium,403,Y,high,203,NEARLINE,north_america,OCCASIONAL_ACCESS,"{""sku_id"":""81A5-ECF2-4B80"",""description"":""nearline storage day0 (alabama)"",""original_region"":""us-east7""}",21-07-2024,08:15:00,12:11:00
156,male,51,0,1,PC 17597,61.3792,,C,66,C,low,2,A,,7,C,unknown,7,Y,high,256,Y,medium,181,X,medium,75,Z,low,370,Y,high,488,X,medium,97,STANDARD,europe,FREQUENT_ACCESS,"{""sku_id"":""D529-048F-1545"",""description"":""autoclass standard storage eu multi-region"",""original_region"":""eu""}",08-11-2024,13:24:00,14:27:00
157,female,16,0,0,35851,7.7333,,Q,12,,low,61,D,low,83,,low,69,X,high,75,Y,medium,128,Z,medium,264,Z,high,79,Z,low,16,X,high,260,NEARLINE,asia,OCCASIONAL_ACCESS,"{""sku_id"":""870D-3A16-D708"",""description"":""nearline storage tel aviv"",""original_region"":""me-west1""}",14-02-2024,12:07:00,13:20:00
158,male,30,0,0,SOTON/OQ 392090,8.05,,S,55,,high,15,D,medium,,D,low,3,Z,high,24,Z,,407,X,high,40,Y,high,152,Z,low,0,Z,high,490,COLDLINE,north_america,RARE_ACCESS,"{""sku_id"":""D716-3E59-667B"",""description"":""coldline storage iowa"",""original_region"":""us-central1""}",27-02-2024,21:56:00,23:29:00
159,male,,0,0,315037,8.6625,,S,50,,high,7,A,high,34,D,medium,10,X,high,78,Y,high,332,Y,medium,38,Z,high,235,X,high,339,Y,medium,258,ARCHIVE,europe,ARCHIVE,"{""sku_id"":""8881-EDBB-6F06"",""description"":""archive storage stockholm"",""original_region"":""europe-north2""}",19-04-2024,11:53:00,12:13:00
160,male,,8,2,CA. 2343,69.55,,S,78,B,unknown,67,C,,45,A,medium,28,Y,high,27,,high,236,X,low,387,Y,medium,244,Z,medium,134,,medium,224,ARCHIVE,asia,ARCHIVE,"{""sku_id"":""91A8-C2FD-83CC"",""description"":""archive storage mumbai dual-region"",""original_region"":""asia-south1""}",30-09-2024,20:07:00,22:43:00
161,male,44,0,1,371362,16.1,,S,99,C,,,D,unknown,,C,low,,X,high,384,Y,low,399,Y,high,,Z,low,,,low,237,X,medium,219,COLDLINE,north_america,RARE_ACCESS,"{""sku_id"":""ADD1-821E-E0DA"",""description"":""coldline storage columbus"",""original_region"":""us-east5""}",15-03-2024,07:49:00,10:18:00
162,female,40,0,0,C.A. 33595,15.75,,S,,,low,,,,93,,medium,0,X,high,304,Z,low,35,Z,medium,298,Y,low,,Y,,39,Y,high,366,COLDLINE,europe,RARE_ACCESS,"{""sku_id"":""C1D5-B464-7C66"",""description"":""coldline storage milan"",""original_region"":""europe-west8""}",09-08-2024,09:56:00,11:32:00
163,male,26,0,0,347068,7.775,,S,40,C,,10,B,high,78,B,unknown,,X,,93,Z,medium,339,Y,low,59,Z,low,3,Z,medium,37,,medium,170,ARCHIVE,asia,ARCHIVE,"{""sku_id"":""8DFA-F1E2-A9BF"",""description"":""archive storage tel aviv"",""original_region"":""me-west1""}",23-10-2024,08:51:00,12:02:00
164,male,17,0,0,315093,8.6625,,S,40,D,,74,D,,19,,high,78,Z,low,,Z,medium,180,Y,low,42,X,low,440,X,high,264,X,medium,364,ARCHIVE,asia,ARCHIVE,"{""sku_id"":""8E50-F3F3-15C5"",""description"":""archive storage dammam"",""original_region"":""me-central2""}",21-07-2024,09:47:00,11:30:00
165,male,1,4,1,3101295,39.6875,,S,41,,,76,C,medium,73,,high,45,Z,medium,242,X,high,189,X,medium,334,X,low,103,X,medium,344,,medium,493,ARCHIVE,europe,ARCHIVE,"{""sku_id"":""F55D-740B-7F5B"",""description"":""archive storage finland dual-region"",""original_region"":""europe-north1""}",24-11-2024,19:54:00,21:44:00
166,male,9,0,2,363291,20.525,,S,81,A,,,,,17,B,low,19,X,high,55,X,high,79,X,high,196,X,medium,355,Z,high,443,X,low,386,ARCHIVE,europe,ARCHIVE,"{""sku_id"":""8F97-AEF5-DFFF"",""description"":""archive storage london"",""original_region"":""europe-west2""}",29-08-2024,17:57:00,21:54:00
167,female,,0,1,113505,55,E33,S,32,,unknown,83,A,high,45,C,low,42,X,high,485,X,high,48,X,high,9,Z,low,355,Z,medium,241,Z,medium,464,NEARLINE,europe,OCCASIONAL_ACCESS,"{""sku_id"":""BDF5-445D-55FB"",""description"":""nearline storage madrid dual-region"",""original_region"":""europe-southwest1""}",20-01-2024,21:38:00,00:46:00
168,female,45,1,4,347088,27.9,,S,16,B,unknown,43,C,low,,,medium,69,Z,medium,468,X,low,346,Y,low,340,Z,low,228,Z,medium,322,Z,medium,394,ARCHIVE,asia,ARCHIVE,"{""sku_id"":""DF77-0EDE-4A82"",""description"":""archive storage taiwan dual-region"",""original_region"":""asia-east1""}",25-12-2024,06:50:00,10:42:00
169,male,,0,0,PC 17318,25.925,,S,,C,high,18,,unknown,3,A,,73,Y,,379,Z,medium,425,Z,medium,484,X,high,268,X,,430,Z,low,421,COLDLINE,europe,RARE_ACCESS,"{""sku_id"":""F252-25C0-60F6"",""description"":""coldline storage madrid dual-region"",""original_region"":""europe-southwest1""}",22-09-2024,14:18:00,14:46:00
170,male,28,0,0,1601,56.4958,,S,2,,,,,,,A,unknown,,X,low,404,Z,low,455,X,high,280,Y,medium,36,X,low,215,Y,high,19,ARCHIVE,asia,ARCHIVE,"{""sku_id"":""97DE-FF9D-7B7F"",""description"":""archive storage osaka"",""original_region"":""asia-northeast2""}",10-03-2024,10:01:00,12:23:00
171,male,61,0,0,111240,33.5,B19,S,10,B,high,21,A,medium,22,,,16,X,medium,273,X,medium,121,,medium,190,Y,high,450,Y,high,104,Z,high,176,ARCHIVE,north_america,ARCHIVE,"{""sku_id"":""A386-C234-21D1"",""description"":""archive storage northern virginia"",""original_region"":""us-east4""}",18-10-2024,06:00:00,07:46:00
172,male,4,4,1,382652,29.125,,Q,9,B,high,20,B,medium,,A,,95,Y,medium,401,Y,low,381,Z,low,421,Z,low,59,X,medium,412,X,low,136,COLDLINE,africa,RARE_ACCESS,"{""sku_id"":""9A27-B3AE-E1C9"",""description"":""coldline storage johannesburg"",""original_region"":""africa-south1""}",11-12-2024,09:18:00,13:17:00
173,female,1,1,1,347742,11.1333,,S,,B,high,32,D,unknown,49,D,medium,,Y,medium,264,X,high,55,Y,high,168,X,medium,329,Z,low,1,Z,low,431,ARCHIVE,north_america,ARCHIVE,"{""sku_id"":""FA47-FB9E-B287"",""description"":""archive storage los angeles dual-region"",""original_region"":""us-west2""}",18-10-2024,09:04:00,12:22:00
174,male,21,0,0,STON/O 2. 3101280,7.925,,S,,D,high,,,medium,2,C,high,98,Y,low,83,X,medium,389,,,306,Y,,0,Z,medium,137,X,medium,114,NEARLINE,north_america,OCCASIONAL_ACCESS,"{""sku_id"":""9E8A-BB82-26BF"",""description"":""nearline storage us multi-region"",""original_region"":""us""}",04-05-2024,10:07:00,12:53:00
175,male,56,0,0,17764,30.6958,A7,C,69,B,medium,,B,medium,,,low,,X,low,83,Y,high,283,Y,medium,237,X,high,372,Z,medium,65,X,low,483,NEARLINE,europe,OCCASIONAL_ACCESS,"{""sku_id"":""A5D0-60CC-E116"",""description"":""nearline storage netherlands"",""original_region"":""europe-west4""}",27-11-2024,12:43:00,13:53:00
176,male,18,1,1,350404,7.8542,,S,46,,high,,,low,,B,,11,Y,medium,427,X,low,430,Y,high,363,,medium,179,Z,high,321,X,low,349,COLDLINE,asia,RARE_ACCESS,"{""sku_id"":""A082-619E-F48D"",""description"":""coldline storage taiwan dual-region"",""original_region"":""asia-east1""}",10-10-2024,20:23:00,22:44:00
177,male,,3,1,4133,25.4667,,S,71,B,unknown,62,B,medium,95,B,,,X,medium,223,Z,high,33,Z,medium,258,Z,high,,X,medium,134,,medium,61,COLDLINE,asia,RARE_ACCESS,"{""sku_id"":""A554-EBBE-0961"",""description"":""coldline storage hong kong"",""original_region"":""asia-east2""}",03-08-2024,06:57:00,08:32:00
178,female,50,0,0,PC 17595,28.7125,C49,C,16,A,unknown,33,C,low,,,,32,Y,high,364,Z,medium,388,Y,low,240,Z,high,11,,medium,172,X,high,,ARCHIVE,europe,ARCHIVE,"{""sku_id"":""D9F7-D25F-B0EF"",""description"":""archive storage frankfurt"",""original_region"":""europe-west3""}",12-04-2024,12:33:00,14:02:00
179,male,30,0,0,250653,13,,S,90,B,high,,B,,19,,unknown,,X,low,72,Y,low,233,Z,high,210,Z,low,109,X,low,326,X,low,171,COLDLINE,oceania,RARE_ACCESS,"{""sku_id"":""C95F-F64A-E99D"",""description"":""coldline storage sydney"",""original_region"":""australia-southeast1""}",07-03-2024,12:58:00,13:39:00
180,male,36,0,0,LINE,0,,S,50,A,low,51,,unknown,60,,,71,X,medium,223,X,,284,Z,low,147,Z,low,217,X,medium,148,X,medium,148,COLDLINE,asia,RARE_ACCESS,"{""sku_id"":""AD24-C6C3-2558"",""description"":""coldline storage seoul"",""original_region"":""asia-northeast3""}",31-03-2024,17:11:00,18:28:00
181,female,,8,2,CA. 2343,69.55,,S,93,A,,,C,,36,,high,,Z,high,41,Y,low,269,X,low,243,Z,low,358,X,low,181,X,medium,497,ARCHIVE,europe,ARCHIVE,"{""sku_id"":""D1E2-71BA-61C9"",""description"":""archive storage berlin"",""original_region"":""europe-west10""}",22-02-2024,06:08:00,08:36:00
182,male,,0,0,SC/PARIS 2131,15.05,,C,,,medium,43,D,unknown,60,A,,58,Y,low,110,Z,low,357,X,medium,30,Y,high,298,Z,medium,249,Z,low,,NEARLINE,oceania,OCCASIONAL_ACCESS,"{""sku_id"":""FA57-D1B5-D5AD"",""description"":""nearline storage melbourne"",""original_region"":""australia-southeast2""}",23-01-2024,14:37:00,17:13:00
183,male,9,4,2,347077,31.3875,,S,49,A,low,29,B,unknown,,C,unknown,,Y,low,,X,low,299,,,169,X,high,130,Z,high,59,X,,381,STANDARD,europe,FREQUENT_ACCESS,"{""sku_id"":""EC40-8747-D6FF"",""description"":""standard storage europe multi-region"",""original_region"":""europe""}",15-08-2024,20:32:00,21:07:00
184,male,1,2,1,230136,39,F4,S,69,,,,,,29,C,low,61,X,low,104,Z,high,207,Y,medium,38,Z,medium,297,Y,high,467,X,medium,155,COLDLINE,europe,RARE_ACCESS,"{""sku_id"":""B7BF-2911-04C8"",""description"":""coldline storage zurich"",""original_region"":""europe-west6""}",05-09-2024,15:01:00,16:25:00
185,female,4,0,2,315153,22.025,,S,49,D,high,,A,high,65,C,unknown,39,X,medium,303,X,high,217,Y,medium,161,,high,111,X,low,490,X,low,331,COLDLINE,asia,RARE_ACCESS,"{""sku_id"":""B8B9-DCE6-7FE0"",""description"":""coldline storage tel aviv"",""original_region"":""me-west1""}",19-05-2024,15:50:00,18:25:00
186,male,,0,0,113767,50,A32,S,44,C,unknown,,D,high,26,B,unknown,,Z,high,2,X,medium,35,Y,high,175,,high,277,,medium,,Y,high,171,NEARLINE,north_america,OCCASIONAL_ACCESS,"{""sku_id"":""BAAE-61A8-B81F"",""description"":""nearline storage mexico"",""original_region"":""northamerica-south1""}",13-05-2024,19:24:00,21:46:00
187,female,,1,0,370365,15.5,,Q,,B,,,,medium,90,A,,71,Z,medium,96,Y,high,362,Z,low,13,Z,low,270,Y,high,54,Z,low,301,ARCHIVE,south_america,ARCHIVE,"{""sku_id"":""BCE0-EC75-B79A"",""description"":""archive storage sao paulo"",""original_region"":""southamerica-east1""}",31-01-2024,15:17:00,16:34:00
188,male,45,0,0,111428,26.55,,S,38,A,,47,A,,94,B,unknown,29,Y,medium,345,Y,low,352,Z,medium,148,Z,high,113,,,236,Y,medium,199,ARCHIVE,europe,ARCHIVE,"{""sku_id"":""BEBC-B447-8957"",""description"":""archive storage finland/netherlands dual-region"",""original_region"":""eur4""}",06-06-2024,09:24:00,12:43:00
189,male,40,1,1,364849,15.5,,Q,,D,,,A,medium,,B,high,19,X,high,74,X,low,283,Z,,335,Z,medium,100,Y,medium,177,X,low,304,NEARLINE,africa,OCCASIONAL_ACCESS,"{""sku_id"":""C056-22B3-40B3"",""description"":""nearline storage johannesburg"",""original_region"":""africa-south1""}",29-06-2024,09:20:00,13:17:00
190,male,36,0,0,349247,7.8958,,S,,D,high,,A,low,72,,,70,Y,medium,277,Z,low,360,X,low,484,Y,medium,259,X,medium,83,X,medium,372,ARCHIVE,north_america,ARCHIVE,"{""sku_id"":""C068-E2BC-8F0B"",""description"":""archive storage phoenix"",""original_region"":""us-west8""}",28-12-2024,15:40:00,19:38:00
191,female,32,0,0,234604,13,,S,68,C,,90,B,high,,D,low,,X,medium,433,Z,high,134,,,308,Z,low,293,Y,low,438,Z,medium,157,ARCHIVE,europe,ARCHIVE,"{""sku_id"":""C226-3E29-7EDB"",""description"":""archive storage frankfurt/zurich dual-region"",""original_region"":""eur8""}",05-01-2024,15:25:00,18:17:00
192,male,19,0,0,28424,13,,S,63,A,unknown,67,D,low,,B,low,44,X,high,390,Y,high,111,Z,high,355,X,high,489,Z,medium,207,Y,low,5,COLDLINE,asia,RARE_ACCESS,"{""sku_id"":""C23E-2383-9F73"",""description"":""coldline storage tokyo"",""original_region"":""asia-northeast1""}",25-04-2024,16:05:00,18:16:00
193,female,19,1,0,350046,7.8542,,S,60,,unknown,,A,,73,,low,,X,low,61,Y,high,462,Z,high,334,X,medium,247,Y,low,326,Y,low,48,ARCHIVE,north_america,ARCHIVE,"{""sku_id"":""C798-FD00-712C"",""description"":""archive storage day0 (alabama)"",""original_region"":""us-east7""}",02-12-2024,08:46:00,11:34:00
194,male,3,1,1,230080,26,F2,S,36,,unknown,96,D,,93,C,low,18,Y,high,73,X,high,,Y,low,472,Y,low,222,X,low,345,Z,high,453,NEARLINE,north_america,OCCASIONAL_ACCESS,"{""sku_id"":""DF79-C2F4-6459"",""description"":""nearline storage dallas"",""original_region"":""us-south1""}",28-10-2024,13:43:00,14:05:00
195,female,44,0,0,PC 17610,27.7208,B4,C,95,A,medium,71,,high,22,D,unknown,81,Y,low,352,Y,low,426,Y,high,470,X,medium,237,Y,low,159,Z,high,479,NEARLINE,europe,OCCASIONAL_ACCESS,"{""sku_id"":""EBC2-A551-2247"",""description"":""nearline storage milan dual-region"",""original_region"":""europe-west8""}",25-07-2024,19:29:00,23:00:00
196,female,58,0,0,PC 17569,146.5208,B80,C,8,D,,5,C,medium,,B,low,98,Y,medium,173,X,,26,Y,medium,57,Y,low,437,Y,high,174,X,low,,ARCHIVE,europe,ARCHIVE,"{""sku_id"":""CF64-DDCB-E351"",""description"":""archive storage frankfurt/london dual-region"",""original_region"":""eur7""}",21-07-2024,13:44:00,15:07:00
197,male,,0,0,368703,7.75,,Q,,A,,72,B,medium,,,,,Z,low,,X,medium,274,Y,low,236,Y,low,153,Y,high,485,Z,,53,ARCHIVE,africa,ARCHIVE,"{""sku_id"":""D145-9D81-101D"",""description"":""archive storage johannesburg"",""original_region"":""africa-south1""}",29-06-2024,21:35:00,23:23:00
198,male,42,0,1,4579,8.4042,,S,,,unknown,,D,low,33,A,,14,X,medium,238,Z,high,367,X,high,453,X,medium,190,Y,low,412,Z,high,293,COLDLINE,north_america,RARE_ACCESS,"{""sku_id"":""DEB7-C375-8A8E"",""description"":""coldline storage montreal dual-region"",""original_region"":""northamerica-northeast1""}",15-02-2024,07:34:00,08:04:00
199,female,,0,0,370370,7.75,,Q,33,D,,,,medium,23,C,,,X,medium,289,Y,high,18,Y,medium,440,Z,high,184,Y,low,250,Z,medium,216,COLDLINE,south_america,RARE_ACCESS,"{""sku_id"":""D359-4780-9DF6"",""description"":""coldline storage santiago"",""original_region"":""southamerica-west1""}",31-05-2024,11:48:00,13:44:00
200,female,24,0,0,248747,13,,S,96,D,,48,B,high,,A,unknown,86,Z,low,224,Z,medium,484,X,high,267,Y,low,311,X,medium,266,X,low,118,NEARLINE,europe,OCCASIONAL_ACCESS,"{""sku_id"":""D528-FE50-EB4C"",""description"":""nearline storage belgium/london dual-region"",""original_region"":""eur5""}",31-03-2024,11:16:00,14:16:00
201,male,28,0,0,345770,9.5,,S,,A,low,51,A,,33,A,unknown,8,X,high,11,X,low,393,Z,low,221,Z,medium,349,Y,low,,Z,low,189,COLDLINE,asia,RARE_ACCESS,"{""sku_id"":""D695-04DF-5EB6"",""description"":""coldline storage osaka/tokyo dual-region"",""original_region"":""asia1""}",09-01-2024,20:28:00,21:38:00
202,male,,8,2,CA. 2343,69.55,,S,90,,,31,D,medium,72,,,,X,high,47,Y,high,,Z,low,29,X,low,240,X,medium,102,X,high,,ARCHIVE,south_america,ARCHIVE,"{""sku_id"":""DB02-FF60-E0AB"",""description"":""archive storage santiago"",""original_region"":""southamerica-west1""}",07-02-2024,15:09:00,15:48:00
203,male,34,0,0,3101264,6.4958,,S,49,C,low,,B,,37,,unknown,,Z,low,,X,high,253,X,high,238,Z,high,131,Y,medium,3,Y,low,498,COLDLINE,europe,RARE_ACCESS,"{""sku_id"":""DE73-C395-1FEF"",""description"":""coldline storage belgium dual-region"",""original_region"":""europe-west1""}",18-02-2024,20:12:00,21:53:00
204,male,45.5,0,0,2628,7.225,,C,,C,unknown,61,B,high,37,A,,3,,medium,132,X,high,456,X,low,253,Z,high,344,Y,medium,402,X,high,436,ARCHIVE,north_america,ARCHIVE,"{""sku_id"":""DC66-8442-8C3E"",""description"":""archive storage mexico"",""original_region"":""northamerica-south1""}",28-03-2024,11:05:00,11:31:00
205,male,18,0,0,A/5 3540,8.05,,S,45,,high,,C,high,94,,low,,,high,408,,low,426,Y,medium,316,X,medium,137,Y,medium,470,Y,low,,ARCHIVE,asia,ARCHIVE,"{""sku_id"":""DD17-059C-BC8A"",""description"":""archive storage seoul"",""original_region"":""asia-northeast3""}",21-11-2024,15:25:00,18:27:00
206,female,2,0,1,347054,10.4625,G6,S,26,D,medium,89,C,low,,D,,7,Z,high,485,,low,413,Z,medium,,Y,high,448,Y,medium,81,Z,high,250,NEARLINE,europe,OCCASIONAL_ACCESS,"{""sku_id"":""DEB9-6FEE-A424"",""description"":""nearline storage frankfurt/london dual-region"",""original_region"":""eur7""}",16-11-2024,20:25:00,20:51:00
207,male,32,1,0,3101278,15.85,,S,76,D,high,77,C,high,92,C,medium,17,Y,low,237,Y,high,491,X,,,,,312,Z,low,140,Y,low,264,NEARLINE,asia,OCCASIONAL_ACCESS,"{""sku_id"":""DEEA-BC30-584C"",""description"":""nearline storage asia multi-region"",""original_region"":""asia""}",30-08-2024,17:09:00,17:51:00
208,male,26,0,0,2699,18.7875,,C,,,high,60,B,low,71,,high,48,X,low,13,Z,high,372,Y,medium,484,X,medium,220,,high,176,Y,,146,COLDLINE,europe,RARE_ACCESS,"{""sku_id"":""E689-022A-1A47"",""description"":""coldline storage frankfurt/london dual-region"",""original_region"":""eur7""}",23-10-2024,06:43:00,10:18:00
209,female,16,0,0,367231,7.75,,Q,26,,high,,A,medium,,D,unknown,,Z,medium,35,Z,high,467,X,high,108,Z,low,116,Y,high,406,X,high,217,ARCHIVE,oceania,ARCHIVE,"{""sku_id"":""F00F-7CD9-FA68"",""description"":""archive storage sydney"",""original_region"":""australia-southeast1""}",30-06-2024,10:51:00,12:55:00
210,male,40,0,0,112277,31,A31,C,77,C,high,33,,high,,B,,,X,medium,407,X,medium,476,Z,high,191,Z,high,378,Y,low,203,Z,high,190,COLDLINE,asia,RARE_ACCESS,"{""sku_id"":""EA16-9877-BC89"",""description"":""coldline storage doha"",""original_region"":""me-central1""}",30-07-2024,06:58:00,08:18:00
211,male,24,0,0,SOTON/O.Q. 3101311,7.05,,S,26,A,,76,A,,93,D,low,,Z,,171,Y,high,9,Z,high,254,Z,low,304,Y,medium,21,Z,low,34,ARCHIVE,europe,ARCHIVE,"{""sku_id"":""ED7A-CB32-823B"",""description"":""archive storage zurich"",""original_region"":""europe-west6""}",25-01-2024,16:13:00,18:51:00
212,female,35,0,0,F.C.C. 13528,21,,S,,,medium,31,,high,94,,medium,20,Y,medium,440,Z,low,327,X,medium,146,Y,high,441,Y,low,292,X,medium,208,COLDLINE,europe,RARE_ACCESS,"{""sku_id"":""EE38-38A9-BA49"",""description"":""coldline storage finland/netherlands dual-region"",""original_region"":""eur4""}",08-04-2024,19:08:00,21:02:00
213,male,22,0,0,A/5 21174,7.25,,S,78,A,,26,,unknown,4,,,87,Z,medium,253,X,high,166,X,low,,Z,high,353,X,medium,73,X,low,,NEARLINE,north_america,OCCASIONAL_ACCESS,"{""sku_id"":""F26E-DA3A-2CD0"",""description"":""nearline storage phoenix"",""original_region"":""us-west8""}",30-04-2024,11:42:00,15:21:00
214,male,30,0,0,250646,13,,S,44,D,,86,C,,35,A,unknown,,Z,medium,439,Z,medium,247,X,low,305,Z,high,394,X,high,322,Y,low,152,COLDLINE,south_america,RARE_ACCESS,"{""sku_id"":""F53F-3D3B-0326"",""description"":""coldline storage sao paulo"",""original_region"":""southamerica-east1""}",27-08-2024,07:23:00,09:11:00
215,male,,1,0,367229,7.75,,Q,,,,,D,unknown,41,,,,Z,medium,,Y,low,83,Z,medium,118,Z,medium,46,X,medium,428,Y,high,306,,,,,14-05-2024,17:22:00,19:10:00
216,female,31,1,0,35273,113.275,D36,C,27,A,low,,A,,,A,,72,X,high,429,X,high,337,Z,medium,439,Y,medium,12,X,high,33,X,high,356,,,,,24-08-2024,18:50:00,19:09:00
217,female,27,0,0,STON/O2. 3101283,7.925,,S,,A,unknown,86,D,medium,77,A,low,48,Z,high,273,Z,medium,417,Y,low,396,Z,low,329,Z,medium,497,X,,23,,,,,13-11-2024,19:28:00,20:25:00
218,male,42,1,0,243847,27,,S,,A,low,,D,unknown,69,,,41,X,high,218,Z,low,205,X,high,214,X,low,,X,low,331,X,high,171,,,,,08-08-2024,12:01:00,12:53:00
219,female,32,0,0,11813,76.2917,D15,C,44,C,low,,C,medium,21,D,unknown,75,X,low,264,X,high,349,Y,medium,231,Y,high,445,Z,high,25,Z,medium,15,,,,,31-08-2024,13:32:00,15:48:00
220,male,30,0,0,W/C 14208,10.5,,S,90,B,,52,C,low,,,low,,Y,medium,163,Z,,162,Z,high,474,X,low,441,Z,low,110,Y,medium,410,,,,,04-01-2024,06:55:00,10:34:00
221,male,16,0,0,SOTON/OQ 392089,8.05,,S,12,D,low,,,,,,,82,X,low,301,Z,low,374,Z,medium,13,Y,high,292,X,medium,83,X,medium,463,,,,,24-03-2024,10:26:00,10:54:00
222,male,27,0,0,220367,13,,S,45,B,medium,,A,,44,D,,68,Y,high,385,Y,high,41,Y,medium,189,Z,high,364,,high,,X,high,231,,,,,18-04-2024,06:29:00,08:32:00
223,male,51,0,0,21440,8.05,,S,,,medium,,,,,A,low,76,X,medium,405,Y,high,440,Z,low,30,X,low,210,Y,high,361,Z,low,472,,,,,18-03-2024,18:37:00,20:51:00
224,male,,0,0,349234,7.8958,,S,20,C,,,,,,,low,42,Y,low,489,X,low,189,Z,low,69,,high,479,Y,low,186,Y,high,314,,,,,13-06-2024,16:16:00,20:09:00
225,male,38,1,0,19943,90,C93,S,,C,,79,,high,92,,medium,38,Y,high,,Y,medium,252,Z,medium,,X,low,17,Y,high,264,Y,,434,,,,,17-07-2024,08:11:00,10:06:00
226,male,22,0,0,PP 4348,9.35,,S,30,,high,59,A,low,90,D,high,57,Y,medium,384,Z,high,401,,medium,50,Z,low,146,Y,high,174,Y,high,473,,,,,24-09-2024,08:51:00,10:26:00
227,male,19,0,0,SW/PP 751,10.5,,S,80,,low,,A,high,1,,high,64,,low,444,Z,low,14,X,high,478,Z,medium,348,Z,high,202,X,medium,293,,,,,01-05-2024,10:52:00,14:01:00
228,male,20.5,0,0,A/5 21173,7.25,,S,57,C,high,40,A,high,,C,high,92,Z,low,8,Y,high,472,Y,medium,391,X,low,393,Y,,319,Z,medium,223,,,,,24-07-2024,20:26:00,21:23:00
229,male,18,0,0,236171,13,,S,54,,high,38,C,unknown,,A,,85,X,high,237,X,medium,307,Y,,320,X,low,121,X,,97,X,medium,370,,,,,21-08-2024,15:19:00,15:49:00
230,female,,3,1,4133,25.4667,,S,17,,high,42,C,,82,C,medium,5,Z,low,350,Z,,487,Z,high,370,Z,medium,400,Y,low,379,Z,medium,85,,,,,11-05-2024,07:13:00,07:59:00
231,female,35,1,0,36973,83.475,C83,S,46,,high,99,,,80,C,medium,15,Y,medium,228,Z,high,,Z,medium,92,Y,high,230,Z,medium,472,Y,low,148,,,,,18-08-2024,14:45:00,18:31:00
232,male,29,0,0,347067,7.775,,S,85,C,,,A,low,,D,medium,94,Y,high,50,X,medium,103,Z,high,58,Y,low,428,Z,low,487,X,high,274,,,,,22-10-2024,06:29:00,07:00:00
233,male,59,0,0,237442,13.5,,S,,D,,15,A,high,6,,,,Y,low,327,Z,medium,291,Z,high,,X,,133,X,low,86,Y,medium,100,,,,,18-04-2024,12:05:00,12:56:00
234,female,5,4,2,347077,31.3875,,S,75,C,,4,A,unknown,,A,low,,X,low,203,,medium,285,Y,high,382,Z,medium,346,Y,high,205,X,low,248,,,,,17-06-2024,18:30:00,22:19:00
235,male,24,0,0,C.A. 29566,10.5,,S,,,high,51,,low,,A,,5,Z,low,308,Z,medium,460,Z,low,152,X,low,103,Z,high,132,Z,high,427,,,,,05-09-2024,07:09:00,10:38:00
236,female,,0,0,W./C. 6609,7.55,,S,,,unknown,80,,medium,,D,unknown,,X,high,0,Z,high,287,Y,medium,87,X,low,69,X,low,317,Y,medium,,,,,,07-07-2024,08:52:00,10:13:00
237,male,44,1,0,26707,26,,S,,B,high,,B,,8,A,,40,Z,medium,5,Y,medium,203,Z,low,392,Y,medium,352,X,medium,162,Z,low,445,,,,,07-03-2024,21:48:00,01:42:00
238,female,8,0,2,C.A. 31921,26.25,,S,43,A,low,56,,,,D,,,X,low,301,,medium,,,high,,Z,high,340,X,medium,197,X,medium,430,,,,,02-09-2024,20:24:00,00:24:00
239,male,19,0,0,28665,10.5,,S,30,A,medium,79,B,,43,B,medium,77,Z,low,491,X,high,162,X,high,268,Y,low,146,X,low,69,Y,medium,166,,,,,26-04-2024,10:50:00,11:31:00
240,male,33,0,0,SCO/W 1585,12.275,,S,62,,high,51,D,medium,76,,high,89,Y,high,319,X,high,290,,,,Z,medium,,Z,low,279,X,low,356,,,,,05-04-2024,14:09:00,16:01:00
241,female,,1,0,2665,14.4542,,C,14,,low,90,,medium,31,D,high,,Y,low,471,X,medium,184,X,medium,389,Y,medium,470,X,medium,268,X,low,186,,,,,21-09-2024,12:31:00,14:30:00
242,female,,1,0,367230,15.5,,Q,58,,unknown,63,,unknown,,C,,,Z,low,423,Z,medium,181,,medium,367,X,high,166,X,,275,Y,medium,485,,,,,22-07-2024,15:49:00,16:46:00
243,male,29,0,0,W./C. 14263,10.5,,S,9,B,unknown,73,B,,,C,low,54,X,medium,140,Y,medium,7,Z,medium,,X,,250,,high,170,X,high,88,,,,,05-02-2024,07:17:00,09:27:00
244,male,22,0,0,STON/O 2. 3101275,7.125,,S,64,C,unknown,78,A,low,,D,,54,Y,medium,51,X,medium,471,X,medium,64,Z,high,104,,high,377,Y,high,134,,,,,24-01-2024,21:21:00,22:49:00
245,male,30,0,0,2694,7.225,,C,,D,low,62,D,unknown,29,D,high,3,Z,medium,279,,medium,418,Y,high,434,Y,high,259,Z,low,303,X,low,470,,,,,29-09-2024,18:05:00,19:47:00
246,male,44,2,0,19928,90,C78,Q,8,D,high,5,,medium,25,C,low,,X,high,310,Z,,127,Z,high,68,Y,medium,442,X,medium,88,Y,medium,119,,,,,30-03-2024,13:11:00,14:00:00
247,female,25,0,0,347071,7.775,,S,,B,high,42,,unknown,,B,high,,X,low,385,Y,medium,68,Z,medium,214,Y,high,317,Y,medium,183,X,high,309,,,,,13-10-2024,21:35:00,23:53:00
248,female,24,0,2,250649,14.5,,S,41,B,high,14,A,,28,D,,,Y,medium,260,Z,medium,417,Y,high,447,X,low,70,Y,low,,X,medium,145,,,,,03-09-2024,18:17:00,20:58:00
249,male,37,1,1,11751,52.5542,D35,S,78,,unknown,51,B,,68,C,,,X,low,,X,low,418,Y,low,208,Y,high,370,X,high,58,Y,medium,142,,,,,03-08-2024,09:48:00,12:56:00
250,male,54,1,0,244252,26,,S,4,A,,,,low,,,high,44,Z,medium,421,X,high,448,X,low,415,X,low,211,X,medium,176,X,high,335,,,,,18-12-2024,12:52:00,16:40:00
251,male,,0,0,362316,7.25,,S,17,C,high,,C,unknown,,,,,Z,low,292,Y,high,273,Z,low,244,Z,low,9,Z,high,436,Z,medium,397,,,,,19-07-2024,10:51:00,13:33:00
252,female,29,1,1,347054,10.4625,G6,S,49,B,high,,A,high,,C,,,X,high,275,Y,low,367,X,,372,Z,medium,311,X,medium,220,X,high,,,,,,15-05-2024,07:39:00,10:35:00
253,male,62,0,0,113514,26.55,C87,S,18,,,2,C,medium,,B,low,70,X,high,9,Z,low,364,Z,,295,Z,medium,149,X,medium,,Y,medium,491,,,,,14-01-2024,06:14:00,09:13:00
254,male,30,1,0,A/5. 3336,16.1,,S,,C,unknown,,D,unknown,58,D,medium,63,Z,high,390,Z,medium,,Z,high,140,X,,485,Y,low,340,X,medium,44,,,,,19-07-2024,14:53:00,18:16:00
255,female,41,0,2,370129,20.2125,,S,,B,,50,D,unknown,,,high,10,Y,low,340,X,high,261,X,high,447,X,high,497,X,medium,160,Z,medium,50,,,,,14-11-2024,10:50:00,14:04:00
256,female,29,0,2,2650,15.2458,,C,14,,unknown,7,,,25,,medium,29,Z,low,448,,medium,130,Y,high,233,,medium,335,X,high,413,Z,high,488,,,,,12-07-2024,06:46:00,08:41:00
257,female,,0,0,PC 17585,79.2,,C,,C,low,,,,98,C,unknown,84,Z,high,46,X,high,376,Z,high,228,Z,medium,315,X,medium,8,X,medium,,,,,,07-07-2024,07:10:00,08:45:00
258,female,30,0,0,110152,86.5,B77,S,10,A,,75,C,high,20,C,unknown,,Y,medium,73,Y,low,485,Y,medium,329,Z,high,152,,medium,236,X,low,157,,,,,09-05-2024,11:40:00,14:49:00
259,female,35,0,0,PC 17755,512.3292,,C,,,high,70,A,medium,13,C,unknown,,X,low,335,Z,medium,38,X,high,465,Z,medium,35,Y,low,298,,medium,60,,,,,11-12-2024,21:30:00,23:01:00
260,female,50,0,1,230433,26,,S,58,A,low,17,A,,82,D,low,52,Y,medium,244,Z,high,37,X,high,435,Y,high,,,low,119,X,low,111,,,,,13-08-2024,21:01:00,22:02:00
261,male,,0,0,384461,7.75,,Q,79,B,medium,,D,,89,B,,11,Y,high,293,X,high,132,Y,high,196,X,high,231,,high,391,X,low,37,,,,,29-01-2024,20:13:00,23:38:00
262,male,3,4,2,347077,31.3875,,S,17,D,,63,,,9,D,low,12,Y,high,217,Y,low,58,X,high,115,Z,medium,158,X,,39,,high,179,,,,,03-08-2024,12:47:00,14:50:00
263,male,52,1,1,110413,79.65,E67,S,29,A,high,39,,,59,,high,98,X,low,320,Z,high,4,Z,high,162,Y,high,480,X,medium,325,Y,medium,147,,,,,26-05-2024,06:15:00,07:32:00
264,male,40,0,0,112059,0,B94,S,92,,low,0,,,,A,medium,3,X,,329,,low,489,Z,medium,131,Y,high,146,X,medium,316,Y,low,79,,,,,11-03-2024,21:38:00,21:53:00
265,female,,0,0,382649,7.75,,Q,98,C,medium,,,,22,C,,2,,,94,Z,low,291,X,high,147,X,high,107,Z,high,393,X,high,359,,,,,25-11-2024,14:14:00,16:46:00
266,male,36,0,0,C.A. 17248,10.5,,S,58,D,,79,C,medium,,A,,1,Y,medium,380,Y,high,388,X,medium,215,Y,,,Y,,103,X,high,17,,,,,06-02-2024,08:22:00,09:21:00
267,male,16,4,1,3101295,39.6875,,S,44,,high,3,C,low,68,D,low,62,Y,high,246,X,high,283,X,medium,10,Z,medium,417,,medium,77,Y,low,237,,,,,12-07-2024,06:57:00,10:07:00
268,male,25,1,0,347083,7.775,,S,34,C,medium,,D,unknown,57,,high,,X,high,287,X,low,,Y,,266,Z,low,188,X,low,290,Z,low,152,,,,,23-05-2024,09:12:00,12:12:00
269,female,58,0,1,PC 17582,153.4625,C125,S,61,D,high,38,D,high,51,,high,,Z,medium,308,Z,high,343,Z,low,424,,medium,,X,low,485,Y,high,325,,,,,02-01-2024,09:54:00,12:01:00
270,female,35,0,0,PC 17760,135.6333,C99,S,,,high,,A,high,88,C,high,79,Z,medium,372,Y,high,80,X,high,215,X,,,,medium,392,Y,low,168,,,,,27-04-2024,20:32:00,23:21:00
271,male,,0,0,113798,31,,S,29,A,,47,,low,,B,medium,71,Z,medium,150,Z,low,75,Z,low,39,Z,medium,260,Z,high,105,X,high,236,,,,,19-02-2024,16:31:00,18:33:00
272,male,25,0,0,LINE,0,,S,,D,,42,A,low,62,B,,,Z,medium,3,Y,low,244,Z,medium,194,X,low,434,Y,low,203,Z,medium,405,,,,,04-07-2024,11:08:00,13:49:00
273,female,41,0,1,250644,19.5,,S,15,A,unknown,,B,low,31,D,,7,Y,low,90,Y,low,185,X,low,167,Y,medium,193,Z,medium,133,Z,medium,72,,,,,05-11-2024,07:18:00,09:51:00
274,male,37,0,1,PC 17596,29.7,C118,C,95,C,low,5,B,,97,,,48,X,high,482,Z,high,420,X,high,297,Y,medium,9,X,low,389,Z,medium,217,,,,,19-03-2024,14:48:00,17:52:00
275,female,,0,0,370375,7.75,,Q,41,B,,3,D,unknown,25,D,unknown,8,Y,medium,111,Z,medium,153,Z,,125,Y,low,187,Y,low,256,Z,low,281,,,,,16-03-2024,08:55:00,11:56:00
276,female,63,1,0,13502,77.9583,D7,S,48,C,low,9,,medium,,B,medium,11,Y,low,124,X,medium,164,Y,low,150,Z,medium,1,Z,,218,Z,high,368,,,,,30-12-2024,13:40:00,15:59:00
277,female,45,0,0,347073,7.75,,S,,,low,69,,high,63,,low,46,Z,medium,429,Z,medium,264,Y,low,372,Z,high,211,X,high,2,X,medium,268,,,,,07-05-2024,09:16:00,12:09:00
278,male,,0,0,239853,0,,S,78,,,78,,,,C,unknown,,X,medium,117,X,medium,96,X,medium,87,Y,low,237,Y,medium,316,X,,,,,,,29-04-2024,13:22:00,13:42:00
279,male,7,4,1,382652,29.125,,Q,,C,,,B,unknown,75,A,medium,99,X,high,232,Z,medium,429,Y,high,466,,medium,365,X,medium,221,X,high,397,,,,,26-03-2024,17:25:00,19:25:00
280,female,35,1,1,C.A. 2673,20.25,,S,,,high,7,,medium,24,A,low,,X,high,185,X,low,5,,low,148,Z,,34,Z,low,19,,low,394,,,,,14-08-2024,21:06:00,23:50:00
281,male,65,0,0,336439,7.75,,Q,,B,medium,41,,medium,26,,low,27,X,medium,,,medium,423,Z,high,,Z,medium,240,Z,medium,97,Y,medium,,,,,,09-09-2024,14:16:00,16:24:00
282,male,28,0,0,347464,7.8542,,S,,,,98,,,34,,medium,32,Y,high,297,X,low,311,Y,medium,41,Z,medium,88,Y,high,363,X,medium,459,,,,,29-05-2024,16:04:00,17:21:00
283,male,16,0,0,345778,9.5,,S,67,D,medium,,D,low,68,A,low,,X,low,257,Z,high,443,Y,medium,159,Y,high,233,Y,medium,374,Z,low,11,,,,,12-06-2024,07:12:00,08:16:00
284,male,19,0,0,A/5. 10482,8.05,,S,49,A,low,,A,unknown,39,C,,,X,high,250,Z,low,146,X,medium,188,Y,high,492,Z,high,246,Y,low,249,,,,,24-01-2024,20:28:00,22:08:00
285,male,,0,0,113056,26,A19,S,44,B,medium,53,C,,56,A,high,51,Y,medium,417,,low,450,Z,low,227,X,high,370,Y,low,378,Y,low,401,,,,,10-12-2024,06:12:00,07:11:00
286,male,33,0,0,349239,8.6625,,C,,C,high,,B,medium,55,D,,76,Z,medium,290,Y,medium,,Z,medium,45,Y,low,422,Z,medium,369,Z,high,51,,,,,11-11-2024,09:58:00,12:10:00
287,male,30,0,0,345774,9.5,,S,,,high,,,high,19,D,,84,Y,,254,Z,medium,228,Z,low,123,Y,low,19,X,medium,307,Y,medium,409,,,,,03-03-2024,17:03:00,18:04:00
288,male,22,0,0,349206,7.8958,,S,57,D,medium,47,C,high,23,,low,5,X,low,443,X,medium,141,Z,medium,438,X,medium,382,Z,high,104,X,high,19,,,,,21-05-2024,15:04:00,16:26:00
289,male,42,0,0,237798,13,,S,,B,,,,,30,A,unknown,28,X,high,46,Y,high,98,Z,low,461,,medium,432,Z,low,210,Z,low,,,,,,30-06-2024,13:05:00,13:55:00
290,female,22,0,0,370373,7.75,,Q,47,D,high,,,high,,B,,25,Z,,416,Z,,75,Z,low,220,Y,low,335,Z,low,,Z,low,93,,,,,08-05-2024,18:00:00,21:25:00
291,female,26,0,0,19877,78.85,,S,,,,,D,unknown,,,,55,Y,high,98,Y,medium,291,Z,medium,59,,medium,391,,high,155,X,low,333,,,,,22-07-2024,09:51:00,11:30:00
292,female,19,1,0,11967,91.0792,B49,C,26,C,medium,5,,,,,high,,Y,low,165,X,high,480,Y,,137,X,low,23,,low,330,Y,low,414,,,,,09-01-2024,06:29:00,08:10:00
293,male,36,0,0,SC/Paris 2163,12.875,D,C,95,C,,0,,,,C,,,Z,low,6,Y,medium,282,X,low,475,X,low,369,Y,medium,413,Y,medium,407,,,,,09-09-2024,11:14:00,14:51:00
294,female,24,0,0,349236,8.85,,S,33,A,unknown,41,A,,67,C,,91,Y,high,285,Y,low,482,X,high,459,Y,medium,417,Y,low,266,X,low,287,,,,,22-07-2024,12:32:00,15:53:00
295,male,24,0,0,349233,7.8958,,S,,A,,,D,,,C,unknown,33,Y,high,415,Z,low,377,Z,low,406,Z,,115,Z,medium,253,X,medium,454,,,,,02-02-2024,11:32:00,11:48:00
296,male,,0,0,PC 17612,27.7208,,C,,,,,,unknown,68,,high,,Z,low,190,Z,low,342,Z,low,431,X,low,235,Y,low,93,Z,high,70,,,,,16-12-2024,18:00:00,19:18:00
297,male,23.5,0,0,2693,7.2292,,C,84,C,,7,B,medium,,A,medium,43,X,low,331,Y,low,362,Y,high,355,Z,medium,211,X,low,248,Y,low,,,,,,23-01-2024,18:18:00,21:40:00
298,female,2,1,2,113781,151.55,C22 C26,S,,,high,67,D,,,,unknown,,Y,medium,196,Z,high,464,Z,low,311,Z,high,49,Z,medium,20,Y,,66,,,,,10-12-2024,17:00:00,19:03:00
299,male,,0,0,19988,30.5,C106,S,28,A,high,45,,high,89,,medium,88,Y,low,379,X,medium,429,X,high,386,X,high,64,Y,low,56,Z,high,359,,,,,03-01-2024,09:25:00,10:24:00
300,female,50,0,1,PC 17558,247.5208,B58 B60,C,2,,,23,,,20,D,,,X,medium,499,X,medium,80,Y,low,323,Y,low,150,Z,low,,Y,medium,445,,,,,14-03-2024,13:11:00,14:55:00
301,female,,0,0,9234,7.75,,Q,36,D,unknown,20,D,medium,16,C,low,33,,low,357,Y,medium,292,Y,,169,X,high,54,Y,medium,109,Z,low,465,,,,,29-10-2024,11:57:00,13:36:00
302,male,,2,0,367226,23.25,,Q,82,,unknown,66,D,unknown,39,B,low,,Z,low,170,Z,low,230,X,low,320,Y,medium,250,Y,medium,173,Y,high,260,,,,,03-09-2024,20:01:00,21:28:00
303,male,19,0,0,LINE,0,,S,0,B,unknown,52,B,unknown,83,C,unknown,38,X,low,412,Z,high,439,Z,high,147,Z,medium,27,,medium,,Z,,66,,,,,16-06-2024,11:41:00,13:53:00
304,female,,0,0,226593,12.35,E101,Q,89,,unknown,,B,medium,96,C,,,Y,low,18,Y,low,102,Y,low,,Y,high,,Z,high,236,X,,85,,,,,23-10-2024,15:53:00,18:18:00
305,male,,0,0,A/5 2466,8.05,,S,,D,unknown,28,,medium,,,,30,Y,low,493,X,medium,409,X,low,190,Y,medium,314,Z,high,349,Z,low,313,,,,,04-02-2024,07:06:00,08:41:00
306,male,0.92,1,2,113781,151.55,C22 C26,S,14,B,,52,A,,,B,,10,X,medium,419,Z,high,239,Z,high,243,X,high,126,Y,high,223,X,high,448,,,,,15-07-2024,08:31:00,10:27:00
307,female,,0,0,17421,110.8833,,C,,B,low,86,C,,23,C,,,X,low,326,Y,high,466,Y,medium,90,Y,,189,Y,medium,422,Z,low,493,,,,,14-06-2024,13:24:00,15:16:00
308,female,17,1,0,PC 17758,108.9,C65,C,55,C,,31,,medium,59,A,,65,,low,310,X,medium,,Y,,478,Y,low,167,X,high,241,Y,medium,360,,,,,07-09-2024,11:18:00,13:19:00
309,male,30,1,0,P/PP 3381,24,,C,31,A,low,39,D,,18,A,high,93,Z,low,126,Y,high,172,Y,low,,Z,high,,X,high,496,Y,medium,440,,,,,07-09-2024,14:20:00,16:00:00
310,female,30,0,0,PC 17485,56.9292,E36,C,,D,low,16,,low,53,A,,0,Y,high,215,Z,low,422,Y,,53,Z,low,231,Z,medium,499,Z,medium,,,,,,06-02-2024,06:10:00,09:16:00
311,female,24,0,0,11767,83.1583,C54,C,66,D,unknown,,C,,,,medium,63,Y,low,50,X,,93,Y,medium,237,X,high,66,Y,,213,Y,low,98,,,,,07-07-2024,07:15:00,10:35:00
312,female,18,2,2,PC 17608,262.375,B57 B59 B63 B66,C,67,,unknown,3,C,medium,7,A,low,56,Y,high,169,Y,medium,2,Z,medium,227,Y,medium,0,Y,high,382,Z,low,232,,,,,21-04-2024,11:23:00,14:17:00
313,female,26,1,1,250651,26,,S,,C,high,24,C,unknown,96,B,unknown,62,Z,low,294,X,low,253,Z,,442,Y,high,221,Y,high,226,Z,high,49,,,,,21-10-2024,08:59:00,12:13:00
314,male,28,0,0,349243,7.8958,,S,28,C,high,,A,unknown,89,,unknown,98,Z,low,181,Z,low,,Y,low,377,Y,medium,282,X,medium,437,Z,medium,336,,,,,10-09-2024,20:57:00,21:13:00
315,male,43,1,1,F.C.C. 13529,26.25,,S,24,,,1,B,unknown,,B,medium,39,X,medium,385,X,high,62,,high,439,,medium,384,X,low,383,X,high,164,,,,,20-02-2024,18:21:00,22:01:00
316,female,26,0,0,347470,7.8542,,S,,D,,98,,,62,A,,,Y,high,426,Z,high,497,X,high,233,Z,medium,,X,medium,169,Z,medium,169,,,,,22-06-2024,11:23:00,12:39:00
317,female,24,1,0,244367,26,,S,,,unknown,40,B,,,D,low,1,Y,low,280,Z,low,19,Z,low,77,X,low,41,Z,low,160,Y,low,1,,,,,18-07-2024,18:07:00,22:03:00
318,male,54,0,0,29011,14,,S,,,medium,,D,high,57,B,,,X,low,170,Z,low,294,X,high,360,X,high,298,,low,440,X,medium,499,,,,,15-09-2024,16:19:00,19:20:00
319,female,31,0,2,36928,164.8667,C7,S,93,C,high,53,,unknown,,A,,17,,high,151,Y,,130,Z,low,109,X,medium,451,X,,,Z,high,213,,,,,12-12-2024,17:50:00,19:10:00
320,female,40,1,1,16966,134.5,E34,C,,,,,B,low,53,,,,X,low,273,Z,low,148,Y,low,318,Z,medium,119,Y,low,347,Z,low,392,,,,,12-06-2024,13:05:00,15:58:00
321,male,22,0,0,A/5 21172,7.25,,S,,D,low,,,high,,,low,,Z,low,359,X,low,105,Y,high,205,X,medium,42,X,,338,Z,medium,259,,,,,10-04-2024,15:13:00,15:36:00
322,male,27,0,0,349219,7.8958,,S,,D,,88,A,low,39,,,27,X,low,63,,high,194,X,low,174,X,high,201,Z,medium,82,Z,high,320,,,,,25-04-2024,16:28:00,17:01:00
323,female,30,0,0,234818,12.35,,Q,,C,,,B,,84,,low,11,Y,high,223,X,high,333,Y,low,59,Y,medium,280,X,low,118,Y,high,233,,,,,06-06-2024,14:23:00,18:12:00
324,female,22,1,1,248738,29,,S,91,B,,,B,medium,25,,high,,Z,high,220,X,high,161,Z,medium,,Z,low,311,X,,450,Y,medium,343,,,,,28-08-2024,20:09:00,23:56:00
325,male,,8,2,CA. 2343,69.55,,S,,B,medium,70,D,high,96,B,high,65,Y,high,143,Y,low,360,X,low,344,Z,low,56,Z,,139,X,low,99,,,,,26-05-2024,16:51:00,19:51:00
326,female,36,0,0,PC 17760,135.6333,C32,C,23,B,high,30,,unknown,75,,,28,X,medium,118,Y,high,223,Z,low,170,Z,high,328,Z,low,434,Y,medium,498,,,,,09-03-2024,12:03:00,13:28:00
327,male,61,0,0,345364,6.2375,,S,23,C,unknown,99,A,low,89,B,low,13,X,low,420,Z,low,392,X,low,368,Z,low,171,Z,medium,178,X,medium,213,,,,,16-06-2024,13:59:00,14:23:00
328,female,36,0,0,28551,13,D,S,3,,high,25,,high,50,,medium,57,Y,low,216,X,high,222,Y,low,493,Z,high,15,Y,low,423,Z,high,5,,,,,22-01-2024,17:41:00,18:14:00
329,female,31,1,1,363291,20.525,,S,,C,medium,29,,low,22,A,low,,Z,high,288,Y,medium,182,Y,high,360,Z,medium,461,Y,medium,288,Z,low,,,,,,10-03-2024,07:44:00,08:23:00
330,female,16,0,1,111361,57.9792,B18,C,55,D,medium,71,A,low,3,D,high,,Y,high,19,Z,low,253,Z,high,474,X,low,267,X,high,49,Z,medium,11,,,,,30-04-2024,14:11:00,14:35:00
331,female,,2,0,367226,23.25,,Q,54,,high,78,C,,53,,low,38,X,low,141,X,high,343,X,high,235,Y,high,152,X,high,135,Y,low,236,,,,,22-08-2024,18:36:00,22:14:00
332,male,45.5,0,0,113043,28.5,C124,S,,C,medium,12,C,high,39,D,high,,Z,high,111,Z,medium,,,medium,188,Y,high,408,,low,,Z,high,392,,,,,20-12-2024,18:29:00,18:58:00
333,male,38,0,1,PC 17582,153.4625,C91,S,30,,high,55,,low,11,C,unknown,24,Y,high,164,Y,low,453,Z,medium,421,Y,high,398,Z,medium,104,X,high,185,,,,,09-05-2024,21:54:00,01:47:00
334,male,16,2,0,345764,18,,S,82,C,,,B,medium,,D,high,28,X,high,420,Y,high,258,X,low,331,Z,medium,103,Z,medium,113,Y,high,104,,,,,25-07-2024,16:28:00,17:30:00
335,female,,1,0,PC 17611,133.65,,S,,,,61,,,97,,,14,Y,high,,X,high,148,Y,high,302,Z,high,480,Z,medium,74,Z,low,120,,,,,17-11-2024,20:41:00,00:22:00
336,male,,0,0,349225,7.8958,,S,80,,unknown,55,,medium,,D,,,X,medium,451,X,medium,,,high,320,Y,low,265,Z,low,,Z,high,342,,,,,07-12-2024,07:05:00,10:08:00
337,male,29,1,0,113776,66.6,C2,S,96,,medium,,B,unknown,,C,,14,Z,low,211,Z,medium,196,X,medium,496,,low,131,Y,high,404,Z,medium,286,,,,,11-12-2024,13:39:00,14:45:00
338,female,41,0,0,16966,134.5,E40,C,31,,medium,,,,,D,,68,Z,,385,Z,,27,Y,low,343,Y,medium,223,Z,low,468,Y,medium,,,,,,10-04-2024,20:57:00,22:32:00
339,male,45,0,0,7598,8.05,,S,20,,high,65,,,,,,,X,low,80,,medium,17,Y,high,407,X,high,93,Z,low,442,X,low,257,,,,,14-04-2024,14:43:00,18:17:00
340,male,45,0,0,113784,35.5,T,S,95,,,67,D,,62,,unknown,,Y,,407,Y,,185,X,low,17,Y,medium,424,X,high,441,Z,medium,159,,,,,14-06-2024,12:32:00,12:53:00
341,male,2,1,1,230080,26,F2,S,63,,unknown,,C,high,41,C,unknown,,X,high,305,Y,medium,145,Z,low,361,X,medium,134,Z,medium,452,Y,high,467,,,,,20-03-2024,17:09:00,18:19:00
342,female,24,3,2,19950,263,C23 C25 C27,S,29,,low,,,medium,,A,medium,63,Y,low,19,Y,high,442,Z,high,158,X,high,219,,low,283,Y,low,115,,,,,21-03-2024,14:08:00,17:43:00
343,male,28,0,0,248740,13,,S,62,B,unknown,72,B,,18,,medium,75,X,high,344,Z,low,365,X,high,61,X,low,34,X,high,410,X,medium,418,,,,,05-12-2024,09:41:00,12:06:00
344,male,25,0,0,244361,13,,S,51,C,,77,,medium,66,A,low,56,Z,high,239,Y,low,395,Y,medium,138,Y,medium,471,Y,low,317,Z,low,388,,,,,07-10-2024,14:28:00,17:08:00
345,male,36,0,0,229236,13,,S,,A,,12,B,low,98,A,,,X,medium,,X,low,272,Z,low,416,X,medium,,X,high,68,,low,3,,,,,29-06-2024,10:26:00,12:38:00
346,female,24,0,0,248733,13,F33,S,25,C,high,88,,low,85,,high,25,Z,low,423,X,low,55,X,medium,408,X,medium,326,,high,12,Z,medium,85,,,,,10-04-2024,07:48:00,10:36:00
347,female,40,0,0,31418,13,,S,99,,unknown,,,medium,4,,,,X,low,268,Z,high,425,X,high,152,X,low,176,Y,medium,48,Z,medium,276,,,,,28-03-2024,09:41:00,10:11:00
348,female,,1,0,386525,16.1,,S,,,low,,C,unknown,11,A,medium,,X,high,303,Z,medium,247,Y,high,96,Y,high,280,Z,medium,172,X,low,79,,,,,13-01-2024,13:31:00,16:06:00
349,male,3,1,1,C.A. 37671,15.9,,S,,,high,48,,low,62,B,low,,Z,low,,X,low,214,Z,low,,Y,high,280,Y,medium,249,Y,low,426,,,,,17-05-2024,08:53:00,12:35:00
350,male,42,0,0,315088,8.6625,,S,16,B,low,48,,,92,B,low,49,Z,high,,X,medium,302,Z,medium,165,Y,high,145,X,medium,319,Z,high,,,,,,13-09-2024,08:15:00,09:37:00
351,male,23,0,0,7267,9.225,,S,,A,low,91,,medium,84,C,,90,X,low,166,X,,81,Y,low,231,Y,high,216,Z,high,260,Y,low,418,,,,,09-06-2024,14:55:00,16:15:00
352,male,,0,0,113510,35,C128,S,,B,unknown,96,A,high,90,,low,27,X,medium,350,Y,high,240,Z,high,392,X,medium,298,X,medium,183,Z,medium,,,,,,19-05-2024,10:58:00,12:21:00
353,male,15,1,1,2695,7.2292,,C,29,C,high,80,A,low,14,C,,51,Z,medium,169,Y,low,302,Y,high,165,Z,low,108,Y,low,366,Y,high,12,,,,,20-12-2024,13:00:00,13:47:00
354,male,25,1,0,349237,17.8,,S,43,A,medium,65,B,low,51,B,,,Z,low,444,X,high,348,Z,medium,86,X,low,65,X,low,430,X,high,320,,,,,19-03-2024,08:11:00,11:29:00
355,male,,0,0,2647,7.225,,C,96,C,high,10,B,low,72,D,,63,Y,high,158,X,medium,250,Y,low,54,X,medium,89,X,medium,111,,high,401,,,,,04-12-2024,12:20:00,16:19:00
356,male,28,0,0,345783,9.5,,S,99,A,medium,91,C,medium,62,B,,,X,high,,X,high,,Z,medium,342,Z,high,208,X,medium,130,X,low,495,,,,,30-05-2024,14:43:00,16:09:00
357,female,22,0,1,113505,55,E33,S,15,D,medium,13,A,,77,B,high,41,X,low,222,Y,medium,495,Y,low,,Y,medium,106,Y,medium,465,Y,high,393,,,,,12-05-2024,10:46:00,12:23:00
358,female,38,0,0,237671,13,,S,89,C,medium,16,B,unknown,21,A,medium,0,X,high,9,X,high,48,,,,Y,high,142,Z,medium,,Z,high,373,,,,,13-06-2024,12:20:00,16:00:00
359,female,,0,0,330931,7.8792,,Q,,B,medium,6,D,,45,D,,,Z,high,405,Y,high,41,,high,401,Y,low,342,Z,medium,154,X,low,28,,,,,19-08-2024,06:27:00,09:26:00
360,female,,0,0,330980,7.8792,,Q,,C,unknown,94,D,,44,,low,,X,high,67,X,,257,Z,low,46,Y,low,335,Z,low,254,X,high,301,,,,,08-03-2024,16:31:00,16:51:00
361,male,40,1,4,347088,27.9,,S,84,A,medium,,D,,93,B,high,,Y,medium,234,Z,low,413,,high,326,Z,medium,471,X,low,288,Y,low,356,,,,,17-06-2024,06:17:00,07:18:00
362,male,29,1,0,SC/PARIS 2167,27.7208,,C,,A,medium,,,,20,B,unknown,,Z,medium,453,Z,high,256,Z,,5,Z,medium,381,X,low,317,X,medium,197,,,,,16-10-2024,21:13:00,22:53:00
363,female,45,0,1,2691,14.4542,,C,22,D,high,8,A,medium,32,D,high,14,X,medium,496,Y,low,108,X,high,471,X,high,212,Y,high,432,Y,high,499,,,,,14-02-2024,16:15:00,18:05:00
364,male,35,0,0,SOTON/O.Q. 3101310,7.05,,S,89,D,unknown,41,,medium,,,medium,,,,115,Z,high,281,Z,low,356,Y,medium,464,Z,medium,52,Y,medium,493,,,,,01-08-2024,09:27:00,12:33:00
365,male,,1,0,370365,15.5,,Q,,,medium,72,A,high,15,A,high,79,Z,,188,Y,medium,471,X,low,410,Z,high,460,X,high,261,X,low,428,,,,,15-04-2024,16:43:00,19:38:00
366,male,30,0,0,C 7076,7.25,,S,,B,unknown,99,,,,A,unknown,45,X,low,282,X,low,83,Z,medium,333,Y,low,111,Z,low,108,X,low,439,,,,,14-07-2024,09:35:00,12:43:00
367,female,60,1,0,110813,75.25,D37,C,46,A,medium,,,medium,84,C,low,5,X,,349,X,low,222,Y,low,201,Y,low,85,Z,low,376,X,high,284,,,,,13-04-2024,16:04:00,17:19:00
368,female,,0,0,2626,7.2292,,C,31,,high,60,D,medium,,A,high,6,X,high,125,X,high,319,Y,high,497,Y,,442,X,low,298,Y,low,410,,,,,16-07-2024,09:44:00,10:03:00
369,female,,0,0,14313,7.75,,Q,,B,unknown,83,C,high,70,,low,67,X,medium,274,Z,medium,196,Z,medium,393,Y,,445,X,medium,374,X,medium,35,,,,,17-06-2024,07:00:00,09:14:00
370,female,24,0,0,PC 17477,69.3,B35,C,77,,,90,B,high,59,A,,,X,medium,417,,low,22,Y,,44,,,422,X,medium,452,Z,high,115,,,,,04-10-2024,07:42:00,09:03:00
371,male,25,1,0,11765,55.4417,E50,C,33,C,low,27,B,low,,D,unknown,,Z,high,381,Y,high,334,X,low,288,Z,low,230,X,low,,X,high,331,,,,,14-08-2024,11:11:00,14:02:00
372,male,18,1,0,3101267,6.4958,,S,66,A,high,,D,,30,D,medium,40,X,high,411,X,high,370,X,low,271,Y,medium,431,Z,medium,427,X,high,61,,,,,17-02-2024,20:27:00,22:16:00
373,male,19,0,0,323951,8.05,,S,41,D,,51,D,high,99,,,49,X,high,444,X,low,327,Z,high,143,Y,low,,Z,low,405,Y,,406,,,,,24-04-2024,14:25:00,16:46:00
374,male,22,0,0,PC 17760,135.6333,,C,,C,medium,93,C,high,,,medium,16,Z,low,430,Y,low,,Y,medium,,X,high,370,Z,medium,312,Y,low,88,,,,,10-09-2024,11:10:00,12:24:00
375,female,3,3,1,349909,21.075,,S,,,unknown,11,D,,71,B,low,,X,low,255,X,high,328,Z,low,,,low,301,X,medium,196,Z,high,174,,,,,09-05-2024,12:25:00,15:29:00
376,female,,1,0,PC 17604,82.1708,,C,9,,,9,B,high,,,,76,X,low,487,X,medium,165,X,high,43,Z,high,133,Z,low,168,X,medium,129,,,,,30-12-2024,09:06:00,10:32:00
377,female,22,0,0,C 7077,7.25,,S,,C,high,,B,high,,C,,42,X,low,247,X,low,8,X,low,464,Z,,,Z,low,181,Z,,270,,,,,27-08-2024,11:25:00,12:33:00
378,male,27,0,2,113503,211.5,C82,C,74,,high,67,D,medium,,,low,49,Z,medium,354,Y,medium,494,Z,high,350,Y,medium,438,Z,high,303,Z,high,40,,,,,14-08-2024,21:12:00,22:25:00
379,male,20,0,0,2648,4.0125,,C,37,A,low,17,B,high,84,C,low,,Z,high,471,X,high,102,X,medium,56,Y,medium,442,Y,high,401,Y,high,406,,,,,23-09-2024,21:32:00,22:00:00
380,male,19,0,0,347069,7.775,,S,,,medium,89,D,medium,63,A,unknown,,,medium,21,Z,medium,,Z,medium,152,X,low,299,X,high,,,medium,444,,,,,16-12-2024,11:11:00,13:05:00
381,female,42,0,0,PC 17757,227.525,,C,0,B,high,10,B,medium,28,B,,98,Z,high,466,Y,high,270,Y,low,419,X,medium,19,Z,,289,Y,low,373,,,,,19-09-2024,12:11:00,12:46:00
382,female,1,0,2,2653,15.7417,,C,,D,low,,B,low,96,,unknown,81,X,medium,,X,,269,Y,low,351,Y,,370,X,medium,206,Z,low,92,,,,,08-04-2024,09:21:00,11:52:00
383,male,32,0,0,STON/O 2. 3101293,7.925,,S,94,B,medium,,A,medium,70,,high,,Y,high,498,X,high,10,X,,38,X,high,126,X,high,303,X,medium,145,,,,,19-06-2024,18:59:00,21:18:00
384,female,35,1,0,113789,52,,S,,,,,C,low,42,,,,Y,low,386,Z,medium,495,X,medium,73,X,high,102,X,high,409,Z,low,113,,,,,12-02-2024,11:53:00,12:26:00
385,male,,0,0,349227,7.8958,,S,3,A,unknown,,B,,13,,medium,72,X,low,78,Y,high,264,Z,medium,464,,low,39,X,high,205,X,low,301,,,,,22-11-2024,13:39:00,17:17:00
386,male,18,0,0,S.O.C. 14879,73.5,,S,12,B,low,84,B,medium,97,B,,33,Z,high,150,Z,medium,415,Y,medium,78,Y,medium,78,Y,medium,198,Z,high,444,,,,,02-02-2024,18:31:00,19:05:00
387,male,1,5,2,CA 2144,46.9,,S,6,B,unknown,10,C,high,,C,unknown,51,Y,medium,1,Z,high,388,Y,medium,312,Z,low,245,X,medium,100,X,low,439,,,,,02-03-2024,19:19:00,22:44:00
388,female,36,0,0,27849,13,,S,83,A,medium,,A,unknown,,,low,14,Z,medium,303,Z,low,68,,low,497,Z,medium,138,Z,low,249,Y,high,,,,,,10-08-2024,08:35:00,09:31:00
389,male,,0,0,367655,7.7292,,Q,89,B,high,61,,low,83,,,,X,high,218,,low,,Y,medium,83,X,,,Z,low,228,Y,medium,344,,,,,25-05-2024,09:34:00,12:27:00
390,female,17,0,0,SC 1748,12,,C,15,,high,2,D,unknown,60,D,high,,Z,high,237,Z,,295,Z,high,22,Z,medium,255,X,medium,80,Y,high,110,,,,,02-05-2024,19:29:00,23:05:00
391,male,36,1,2,113760,120,B96 B98,S,74,A,,74,C,medium,,,unknown,72,X,,366,Z,low,92,Z,high,408,Y,high,263,Z,high,,,low,199,,,,,21-12-2024,06:51:00,08:04:00
392,male,21,0,0,350034,7.7958,,S,17,,unknown,,C,,23,A,unknown,60,X,medium,410,,high,290,Y,medium,474,Z,high,208,X,medium,,X,medium,,,,,,06-04-2024,12:10:00,12:52:00
393,male,28,2,0,3101277,7.925,,S,36,C,low,75,,,7,A,low,,Y,medium,36,X,low,308,X,medium,257,X,low,226,X,medium,145,Z,high,31,,,,,10-03-2024,12:17:00,15:10:00
394,female,23,1,0,35273,113.275,D36,C,59,D,low,,C,unknown,,,,50,X,medium,458,Y,high,326,Y,medium,116,Y,,443,,high,472,Y,medium,400,,,,,04-11-2024,11:52:00,13:18:00
395,female,24,0,2,PP 9549,16.7,G6,S,,C,unknown,19,B,low,,C,,,X,high,186,Z,medium,160,Z,high,29,Y,medium,141,X,medium,136,Y,high,289,,,,,28-06-2024,18:55:00,20:05:00
396,male,22,0,0,350052,7.7958,,S,87,A,high,,,,,,low,,Z,high,376,Z,medium,470,X,medium,455,Y,high,6,X,medium,209,Y,high,485,,,,,10-02-2024,10:15:00,11:01:00
397,female,31,0,0,350407,7.8542,,S,4,,unknown,6,A,,16,A,,1,Y,low,290,X,medium,118,Y,high,399,Y,low,400,X,high,65,Y,high,420,,,,,20-01-2024,14:54:00,17:57:00
398,male,46,0,0,28403,26,,S,19,B,medium,53,C,,57,C,,,Y,medium,221,X,medium,246,X,low,448,,low,40,Y,low,306,Y,medium,324,,,,,19-02-2024,09:30:00,12:54:00
399,male,23,0,0,244278,10.5,,S,,B,,,C,high,12,A,low,,X,medium,106,X,medium,419,Y,,394,,high,387,X,medium,240,Y,,21,,,,,23-07-2024,13:38:00,17:31:00
400,female,28,0,0,240929,12.65,,S,31,A,low,,,medium,,A,,36,Z,medium,94,Z,medium,38,Z,medium,216,Y,low,162,X,high,133,,low,221,,,,,06-01-2024,12:11:00,12:45:00
401,male,39,0,0,STON/O 2. 3101289,7.925,,S,99,D,medium,20,,medium,79,A,high,87,Z,low,365,Y,high,201,Y,medium,241,Y,medium,420,X,medium,144,X,low,237,,,,,12-12-2024,20:44:00,21:59:00
402,male,26,0,0,341826,8.05,,S,77,,low,76,D,,,C,unknown,64,Z,medium,160,Y,high,,Z,medium,191,Y,high,83,Z,low,467,Y,low,337,,,,,04-06-2024,10:46:00,11:52:00
403,female,21,1,0,4137,9.825,,S,,C,unknown,69,,,94,B,low,60,Y,high,114,X,medium,386,X,low,365,Y,,82,Z,high,343,X,low,283,,,,,25-01-2024,13:29:00,15:34:00
404,male,28,1,0,STON/O2. 3101279,15.85,,S,97,,,,C,,31,B,,,Y,low,2,X,medium,393,Z,medium,50,X,low,203,,medium,76,Y,high,390,,,,,26-04-2024,12:31:00,15:28:00
405,female,20,0,0,315096,8.6625,,S,,D,unknown,,D,unknown,94,C,low,50,X,medium,420,Z,low,,Z,medium,20,Z,high,209,X,high,67,Y,low,11,,,,,26-11-2024,19:13:00,20:53:00
406,male,34,1,0,28664,21,,S,,A,low,6,,,78,A,high,70,X,high,197,X,high,,Z,medium,480,X,low,358,X,low,35,Y,medium,56,,,,,13-09-2024,06:46:00,07:33:00
407,male,51,0,0,347064,7.75,,S,43,,low,44,A,unknown,33,,unknown,,X,medium,174,X,low,245,Y,medium,159,Z,high,323,Z,high,123,X,medium,476,,,,,13-09-2024,07:32:00,09:43:00
408,male,3,1,1,29106,18.75,,S,14,B,,,B,unknown,,,unknown,60,Y,medium,185,X,medium,13,Z,medium,17,X,medium,496,Y,high,369,Y,low,217,,,,,12-01-2024,09:41:00,12:50:00
409,male,21,0,0,312992,7.775,,S,,,,11,D,medium,10,C,medium,17,Z,low,299,X,high,411,Z,medium,,Z,low,,X,,30,Z,high,411,,,,,10-02-2024,18:09:00,18:40:00
410,female,,3,1,4133,25.4667,,S,1,B,medium,55,B,high,,,medium,67,Z,low,240,Y,high,151,Z,medium,199,X,medium,101,X,low,124,Y,high,428,,,,,28-10-2024,12:01:00,15:14:00
411,male,,0,0,349222,7.8958,,S,17,A,medium,,D,,20,C,,7,X,medium,272,Z,medium,233,Z,low,115,Z,,44,Z,medium,20,X,low,60,,,,,22-07-2024,08:45:00,11:01:00
412,male,,0,0,394140,6.8583,,Q,22,,,,,,26,,unknown,31,X,,138,X,medium,341,X,high,217,X,high,132,Z,,324,Y,low,,,,,,30-12-2024,10:20:00,13:29:00
413,female,33,1,0,19928,90,C78,Q,27,B,,,,high,41,A,,91,X,low,148,Y,low,388,Y,high,225,Y,medium,491,Y,low,407,Y,low,86,,,,,18-02-2024,11:58:00,15:47:00
414,male,,0,0,239853,0,,S,13,A,low,8,B,medium,,C,low,,X,low,431,X,medium,43,Z,medium,,Y,high,384,X,medium,264,,low,76,,,,,09-08-2024,10:29:00,13:44:00
415,male,44,0,0,STON/O 2. 3101269,7.925,,S,1,,,67,C,high,80,A,unknown,90,Y,high,219,Y,low,383,Z,high,,X,low,370,X,low,452,Y,,122,,,,,28-12-2024,19:13:00,22:59:00
416,female,,0,0,343095,8.05,,S,67,A,low,33,,medium,69,B,,35,Z,high,,X,high,187,,medium,440,Y,high,136,X,high,344,,low,,,,,,28-07-2024,18:58:00,20:51:00
417,female,34,1,1,28220,32.5,,S,96,,low,,,high,15,,unknown,68,X,low,422,Y,high,,Y,low,413,X,low,234,Z,high,381,Y,medium,46,,,,,05-04-2024,11:51:00,14:43:00
418,female,18,0,2,250652,13,,S,12,B,,19,C,medium,16,,low,70,Z,medium,355,,low,66,X,high,246,Y,medium,351,Z,high,156,Z,medium,333,,,,,26-11-2024,17:03:00,17:33:00
419,male,30,0,0,28228,13,,S,,,medium,97,,medium,,C,,,Y,medium,274,Y,low,358,,low,278,Y,high,473,X,low,432,X,low,190,,,,,26-11-2024,06:44:00,09:26:00
420,female,10,0,2,345773,24.15,,S,50,C,,25,D,,94,D,medium,,Y,low,418,X,medium,,X,medium,66,,high,291,Z,high,315,X,medium,132,,,,,25-01-2024,09:57:00,12:41:00
421,male,,0,0,349254,7.8958,,C,92,A,medium,68,D,,,C,high,96,Z,low,27,X,medium,51,Z,medium,288,Z,high,10,Z,medium,43,Y,medium,119,,,,,12-12-2024,10:08:00,12:12:00
422,male,21,0,0,A/5. 13032,7.7333,,Q,69,,medium,,B,,,B,medium,11,Z,low,249,X,medium,70,X,medium,335,Y,high,427,Z,low,41,X,low,172,,,,,17-09-2024,12:14:00,12:34:00
423,male,29,0,0,315082,7.875,,S,,D,medium,18,,low,14,A,medium,,,,356,Z,low,,,low,443,Z,high,466,Z,medium,449,Z,low,,,,,,03-10-2024,17:31:00,19:18:00
424,female,28,1,1,347080,14.4,,S,,A,high,30,,low,23,C,medium,44,Y,low,54,X,high,54,X,high,23,Z,,16,Y,medium,137,Z,high,157,,,,,02-12-2024,20:40:00,00:24:00
425,male,18,1,1,370129,20.2125,,S,41,B,,1,B,,,D,unknown,67,X,medium,91,Y,low,260,Z,medium,431,X,high,196,Z,medium,233,Y,,259,,,,,01-09-2024,14:01:00,14:31:00
426,male,,0,0,A/4. 34244,7.25,,S,,A,low,,C,,20,B,,55,Z,low,32,Y,medium,348,Z,medium,259,X,medium,489,Z,high,380,Z,low,496,,,,,16-02-2024,12:22:00,12:45:00
427,female,28,1,0,2003,26,,S,86,,medium,33,,low,61,,,,Z,low,243,Y,high,456,Y,medium,,Z,medium,476,Z,low,384,Z,high,225,,,,,22-04-2024,12:22:00,15:54:00
428,female,19,0,0,250655,26,,S,80,,low,49,A,unknown,92,,low,9,Z,low,270,X,high,,Z,high,,X,low,482,Y,medium,13,X,medium,91,,,,,13-10-2024,19:15:00,22:54:00
429,male,,0,0,364851,7.75,,Q,2,A,medium,15,B,,,C,high,51,Y,medium,234,Y,medium,147,,medium,232,X,medium,487,X,low,307,Y,high,305,,,,,13-04-2024,21:12:00,21:44:00
430,male,32,0,0,SOTON/O.Q. 392078,8.05,E10,S,71,A,,82,,high,60,C,high,83,X,low,27,Z,low,77,Z,medium,205,Y,low,11,Y,high,456,Y,low,414,,,,,07-05-2024,18:07:00,18:46:00
431,male,28,0,0,110564,26.55,C52,S,8,B,medium,21,B,low,,A,high,,,low,243,Z,high,,Y,high,95,Z,high,,,medium,174,Z,low,299,,,,,17-10-2024,16:34:00,20:21:00
432,female,,1,0,376564,16.1,,S,73,C,low,,,unknown,,A,low,27,Y,low,444,X,low,296,Y,medium,36,X,low,249,Y,high,271,X,medium,265,,,,,01-03-2024,10:27:00,13:28:00
433,female,42,1,0,SC/AH 3085,26,,S,82,B,high,87,C,high,0,,unknown,86,Y,high,15,Y,low,491,X,low,41,Y,low,301,Z,low,132,X,low,334,,,,,29-03-2024,11:01:00,12:42:00
434,male,17,0,0,STON/O 2. 3101274,7.125,,S,13,,low,71,,,11,B,unknown,35,X,medium,387,X,low,21,Z,low,133,Y,low,200,Y,low,360,Z,medium,440,,,,,25-01-2024,16:38:00,20:03:00
435,male,50,1,0,13507,55.9,E44,S,43,,low,60,B,,,,unknown,56,Z,high,136,Z,high,352,X,low,146,Y,low,134,X,high,59,Z,low,38,,,,,02-11-2024,18:42:00,20:24:00
436,female,14,1,2,113760,120,B96 B98,S,12,D,,,A,medium,,B,unknown,,Y,low,37,Y,medium,16,Z,low,231,Y,high,127,X,low,259,X,high,490,,,,,23-12-2024,10:44:00,12:23:00
437,female,21,2,2,W./C. 6608,34.375,,S,56,A,unknown,,D,,32,,medium,52,X,,25,Z,medium,54,Z,low,305,X,low,301,Y,medium,206,Y,high,446,,,,,06-10-2024,18:41:00,20:11:00
438,female,24,2,3,29106,18.75,,S,92,C,unknown,96,D,unknown,52,C,,,Y,low,6,Z,high,215,Z,,495,Y,medium,488,X,,320,Z,high,480,,,,,30-10-2024,16:30:00,17:42:00
439,male,64,1,4,19950,263,C23 C25 C27,S,,D,high,,D,,57,A,medium,,Z,low,207,X,high,183,X,,397,X,high,413,X,medium,247,X,medium,,,,,,12-05-2024,10:46:00,12:10:00
440,male,31,0,0,C.A. 18723,10.5,,S,39,A,high,40,A,high,66,,,47,Y,low,248,Y,high,182,Z,low,242,Z,medium,87,X,high,490,Y,medium,427,,,,,28-09-2024,06:09:00,08:10:00
441,female,45,1,1,F.C.C. 13529,26.25,,S,97,D,high,25,C,high,,,medium,,,low,310,Y,low,33,Z,medium,456,X,medium,74,Y,high,491,Z,medium,40,,,,,16-05-2024,15:57:00,17:59:00
442,male,20,0,0,345769,9.5,,S,,,high,,,unknown,37,,high,65,Z,low,40,,,272,Y,medium,278,Z,medium,131,Y,medium,142,Z,low,206,,,,,08-08-2024,07:59:00,09:13:00
443,male,25,1,0,347076,7.775,,S,,B,high,97,D,medium,88,A,unknown,41,Y,low,327,Z,medium,170,Y,low,211,X,medium,366,Y,medium,18,X,medium,439,,,,,08-04-2024,19:17:00,20:16:00
444,female,28,0,0,230434,13,,S,48,,unknown,69,,low,5,A,high,52,Y,low,369,Y,high,496,X,low,108,Y,high,4,X,low,246,Z,low,135,,,,,13-04-2024,12:32:00,15:02:00
445,male,,0,0,65306,8.1125,,S,50,C,,3,C,,,C,unknown,,X,high,32,X,medium,394,Y,high,211,X,medium,352,X,low,295,Y,high,381,,,,,07-02-2024,14:46:00,17:16:00
446,male,4,0,2,33638,81.8583,A34,S,66,,low,46,A,high,95,,unknown,86,Z,low,,Y,low,217,Z,low,20,Y,high,290,Z,high,375,Y,low,159,,,,,20-06-2024,11:45:00,15:45:00
447,female,13,0,1,250644,19.5,,S,,,medium,,C,,17,A,low,12,Z,,59,Z,,382,,low,76,Z,high,329,Z,,262,X,low,294,,,,,10-09-2024,14:26:00,16:23:00
448,male,34,0,0,113794,26.55,,S,,C,unknown,,D,medium,99,,unknown,87,Y,medium,219,Y,medium,288,Z,medium,472,Z,low,,X,,293,Z,high,326,,,,,22-02-2024,11:10:00,15:01:00
449,female,5,2,1,2666,19.2583,,C,52,D,medium,77,A,high,28,A,unknown,,X,medium,330,Z,high,247,X,low,97,Z,low,295,Z,high,11,X,low,438,,,,,08-11-2024,19:37:00,20:05:00
450,male,52,0,0,113786,30.5,C104,S,28,B,low,70,,,36,A,,,Y,,435,Z,medium,459,Z,medium,283,,medium,310,Y,medium,381,Z,medium,170,,,,,17-01-2024,09:33:00,11:26:00
451,male,36,1,2,C.A. 34651,27.75,,S,,,unknown,6,,,,C,,2,Z,medium,265,Y,medium,293,Y,high,51,Y,medium,240,X,low,164,X,,393,,,,,07-04-2024,15:31:00,15:55:00
452,male,,1,0,65303,19.9667,,S,,B,high,55,A,unknown,94,A,,,X,low,217,Z,low,241,X,medium,300,Z,low,,Y,medium,,Z,low,217,,,,,22-09-2024,06:59:00,09:42:00
453,male,30,0,0,113051,27.75,C111,C,,D,,,,,,A,unknown,5,Y,low,,Y,low,283,Y,low,487,Z,high,190,X,medium,211,X,medium,196,,,,,19-02-2024,19:50:00,22:23:00
454,male,49,1,0,17453,89.1042,C92,C,2,D,medium,48,,high,16,D,,,Y,low,108,Y,low,390,X,high,228,Z,,33,Y,medium,35,Y,high,39,,,,,23-06-2024,14:24:00,16:50:00
455,male,,0,0,A/5 2817,8.05,,S,59,,low,,B,,48,A,low,,Y,high,102,Z,low,370,Y,,63,X,medium,12,Z,low,247,X,low,38,,,,,08-01-2024,18:52:00,21:22:00
456,male,29,0,0,349240,7.8958,,C,,C,medium,,D,medium,15,C,low,76,Y,medium,233,X,,274,Y,low,11,X,,357,Z,low,190,X,medium,385,,,,,01-12-2024,07:15:00,09:55:00
457,male,65,0,0,13509,26.55,E38,S,,D,medium,86,D,high,78,D,low,70,Z,low,60,Z,low,88,Y,low,378,X,medium,318,X,high,116,X,high,52,,,,,20-01-2024,17:30:00,19:15:00
458,female,,1,0,17464,51.8625,D21,S,63,B,unknown,46,B,low,,D,,84,X,,11,Y,low,318,,low,51,,,204,Z,high,122,Z,,55,,,,,10-03-2024,06:54:00,08:21:00
459,female,50,0,0,F.C.C. 13531,10.5,,S,84,,,53,A,,49,D,unknown,0,Y,medium,181,Y,high,215,X,high,158,Z,low,373,Y,medium,17,X,high,92,,,,,28-08-2024,17:25:00,21:09:00
460,male,,0,0,371060,7.75,,Q,10,,low,62,,high,39,B,high,78,Z,low,76,Z,high,466,Z,high,421,X,high,236,X,high,443,X,high,168,,,,,10-07-2024,10:28:00,11:27:00
461,male,48,0,0,19952,26.55,E12,S,72,A,,65,A,high,3,D,low,31,Z,,318,Y,low,454,Y,medium,268,Z,high,127,Z,high,146,Y,high,81,,,,,06-11-2024,11:15:00,12:25:00
462,male,34,0,0,364506,8.05,,S,,,unknown,63,D,medium,5,,,,Y,high,274,Z,high,0,,high,436,Z,high,292,,high,437,Z,medium,295,,,,,04-09-2024,18:29:00,20:55:00
463,male,47,0,0,111320,38.5,E63,S,,A,medium,78,C,high,51,,medium,76,Z,medium,242,Y,low,499,X,high,436,Y,medium,188,X,high,418,X,high,411,,,,,12-12-2024,17:56:00,21:10:00
464,male,48,0,0,234360,13,,S,,,medium,98,C,low,39,A,,68,X,high,248,X,low,450,Z,medium,330,X,low,487,X,high,228,X,high,265,,,,,14-05-2024,06:50:00,09:42:00
465,male,,0,0,A/S 2816,8.05,,S,0,,high,82,A,high,12,C,,41,Y,low,49,Y,medium,453,X,high,468,X,high,360,X,high,403,,medium,332,,,,,01-09-2024,12:23:00,16:23:00
466,male,38,0,0,SOTON/O.Q. 3101306,7.05,,S,96,B,high,13,,unknown,13,D,medium,61,Z,high,201,X,low,248,,medium,18,Z,medium,374,Z,low,105,,low,446,,,,,29-05-2024,09:02:00,12:23:00
467,male,,0,0,239853,0,,S,16,B,medium,,C,unknown,,,,46,Y,medium,35,Z,low,135,Z,high,120,Z,high,343,,high,90,X,high,447,,,,,12-06-2024,14:57:00,15:51:00
468,male,56,0,0,113792,26.55,,S,59,B,unknown,,,unknown,,D,,62,Y,high,177,X,high,303,X,high,138,,low,341,,,449,Z,low,329,,,,,31-12-2024,14:36:00,16:27:00
469,male,,0,0,36209,7.725,,Q,18,B,high,50,B,,60,,medium,45,Y,high,338,Y,high,441,X,high,,,high,386,X,,323,Y,high,34,,,,,11-01-2024,09:34:00,11:49:00
470,female,0.75,2,1,2666,19.2583,,C,93,B,low,52,,low,83,D,high,39,Y,medium,493,Z,low,225,X,medium,310,Z,high,215,X,,344,Z,medium,394,,,,,06-03-2024,07:28:00,10:23:00
471,male,,0,0,323592,7.25,,S,,C,,71,,high,6,C,,20,Z,low,148,,low,492,X,,126,Z,low,410,Y,low,461,,medium,378,,,,,07-11-2024,11:39:00,13:22:00
472,male,38,0,0,315089,8.6625,,S,,D,unknown,,B,low,,B,,38,Y,high,132,Y,high,130,Z,low,104,,medium,17,Z,high,6,Y,high,151,,,,,07-04-2024,12:51:00,14:30:00
473,female,33,1,2,C.A. 34651,27.75,,S,43,C,medium,26,C,medium,,A,,,X,medium,334,Y,high,426,Y,medium,,X,medium,333,X,,,Z,medium,81,,,,,04-10-2024,17:51:00,20:23:00
474,female,23,0,0,SC/AH Basle 541,13.7917,D,C,46,C,high,45,B,high,20,,unknown,87,X,medium,458,Y,low,,Y,low,429,X,medium,269,Z,low,480,X,high,66,,,,,24-08-2024,14:30:00,18:10:00
475,female,22,0,0,7553,9.8375,,S,,D,,,,high,53,,,,Z,high,147,Z,high,419,Y,medium,7,Y,low,4,Z,high,64,Z,high,138,,,,,17-10-2024,18:41:00,21:03:00
476,male,,0,0,110465,52,A14,S,78,D,,31,C,high,,B,medium,18,Y,high,419,X,low,472,Z,low,182,Y,low,330,Z,high,224,X,low,371,,,,,01-10-2024,17:46:00,21:19:00
477,male,34,1,0,31027,21,,S,84,,unknown,2,,unknown,,C,low,50,X,low,157,Y,medium,351,Z,medium,267,Y,,1,Z,low,11,X,high,472,,,,,25-10-2024,16:27:00,17:26:00
478,male,29,1,0,3460,7.0458,,S,1,C,low,97,,low,,,,,X,medium,319,X,high,311,X,high,117,Y,medium,352,,medium,162,X,low,76,,,,,30-08-2024,12:41:00,15:25:00
479,male,22,0,0,350060,7.5208,,S,,A,high,,B,unknown,66,B,high,,X,high,104,Y,medium,205,Z,low,362,Z,low,262,X,low,86,Y,,207,,,,,17-11-2024,20:31:00,22:52:00
480,female,2,0,1,3101298,12.2875,,S,,A,high,60,,,75,A,,32,X,,131,Z,medium,436,Y,medium,378,Z,medium,303,Z,high,127,,low,417,,,,,21-06-2024,13:13:00,14:36:00
481,male,9,5,2,CA 2144,46.9,,S,,D,low,,A,medium,0,B,,4,Z,medium,491,X,high,63,Z,low,419,Z,medium,304,Y,high,406,Y,low,42,,,,,19-05-2024,14:52:00,15:36:00
482,male,,0,0,239854,0,,S,82,,,27,,medium,,A,,5,Y,low,194,Y,medium,145,Z,,393,Z,high,150,Y,medium,137,Y,,471,,,,,19-02-2024,09:44:00,13:35:00
483,male,50,0,0,A/5 3594,8.05,,S,25,D,,34,,high,50,A,low,,Y,low,8,X,high,65,Y,low,420,Y,medium,311,Y,,406,Y,high,9,,,,,29-10-2024,07:42:00,10:13:00
484,female,63,0,0,4134,9.5875,,S,79,,medium,28,B,high,36,,high,72,X,medium,386,X,high,138,Y,low,182,Y,low,110,X,high,447,X,medium,141,,,,,03-01-2024,19:45:00,22:27:00
485,male,25,1,0,11967,91.0792,B49,C,,D,,,,medium,,,unknown,86,Z,high,63,Z,low,261,Y,medium,149,Y,medium,379,Y,low,270,Z,medium,16,,,,,16-02-2024,21:11:00,22:17:00
486,female,,3,1,4133,25.4667,,S,23,C,low,15,B,low,,C,medium,49,Z,medium,55,Z,high,167,X,low,158,Z,low,45,Z,medium,269,Y,medium,380,,,,,21-01-2024,21:31:00,22:28:00
487,female,35,1,0,19943,90,C93,S,33,D,,,D,low,75,C,unknown,,Z,low,418,Z,high,210,X,high,426,Z,low,70,Y,high,166,X,medium,213,,,,,12-08-2024,12:21:00,13:46:00
488,male,58,0,0,11771,29.7,B37,C,53,A,,45,,medium,82,C,low,92,Y,high,174,Y,high,115,Y,high,324,Y,high,351,Y,medium,333,Z,high,218,,,,,16-12-2024,11:55:00,13:20:00
489,male,30,0,0,A.5. 18509,8.05,,S,76,D,,53,B,,41,,,27,Y,low,69,Y,medium,176,Z,low,161,Z,low,28,X,low,,Y,high,273,,,,,06-02-2024,17:24:00,19:37:00
490,male,9,1,1,C.A. 37671,15.9,,S,,A,,1,,high,93,A,unknown,15,X,low,,Z,medium,248,Y,high,360,X,low,485,Y,high,431,Z,low,149,,,,,16-01-2024,19:09:00,22:16:00
491,male,,1,0,65304,19.9667,,S,93,B,,84,C,unknown,92,C,high,13,Z,medium,140,Y,medium,106,Y,medium,116,Y,medium,15,X,medium,97,Y,medium,378,,,,,10-04-2024,07:54:00,10:13:00
492,male,21,0,0,SOTON/OQ 3101317,7.25,,S,,A,low,67,,low,66,D,high,35,Z,high,316,Z,high,,Y,medium,133,Z,medium,262,Y,low,343,Y,low,215,,,,,20-03-2024,08:28:00,10:04:00
493,male,55,0,0,113787,30.5,C30,S,75,B,medium,7,B,medium,58,A,unknown,73,X,low,131,X,medium,448,X,high,0,Z,high,492,X,high,69,Z,low,397,,,,,27-02-2024,16:14:00,20:07:00
494,male,71,0,0,PC 17609,49.5042,,C,,,high,84,C,low,,,medium,,Y,,290,X,low,438,Y,,483,Y,high,336,Z,high,245,Z,low,323,,,,,12-05-2024,18:51:00,20:08:00
495,male,21,0,0,A/4 45380,8.05,,S,,B,unknown,3,C,,60,C,,,X,high,348,Y,high,0,Y,low,117,X,low,316,X,medium,44,Z,high,337,,,,,22-04-2024,13:23:00,15:33:00
496,male,,0,0,2627,14.4583,,C,41,,unknown,,A,,,D,,34,Y,medium,378,X,low,247,Z,low,376,Z,high,346,X,high,275,Y,high,494,,,,,18-04-2024,16:49:00,19:12:00
497,female,54,1,0,36947,78.2667,D20,C,,C,high,46,D,low,97,B,low,,X,,,,medium,397,Z,medium,59,Z,high,353,Y,,425,Y,low,253,,,,,06-12-2024,07:11:00,09:32:00
498,male,,0,0,C.A. 6212,15.1,,S,37,C,low,,C,,19,D,high,68,Z,medium,307,X,low,174,Z,medium,18,Y,low,80,Y,high,408,Y,high,150,,,,,24-01-2024,07:40:00,10:16:00
499,female,25,1,2,113781,151.55,C22 C26,S,92,D,,95,A,high,66,A,medium,66,Z,low,420,X,medium,115,Y,high,,Z,medium,154,Z,high,357,Y,low,363,,,,,27-05-2024,10:42:00,13:29:00
500,male,24,0,0,350035,7.7958,,S,,,low,,C,unknown,73,,unknown,43,Z,low,420,Z,medium,305,Z,medium,49,Y,high,95,Y,low,288,Y,low,352,,,,,21-11-2024,13:52:00,17:12:00
501,male,17,0,0,315086,8.6625,,S,11,B,low,,C,,,D,unknown,,X,medium,373,Y,,1,X,medium,72,Y,medium,105,Y,high,312,X,low,241,,,,,26-06-2024,13:55:00,16:31:00
502,female,21,0,0,364846,7.75,,Q,65,D,high,57,D,medium,34,B,medium,,X,medium,199,Z,high,,X,low,165,X,medium,104,Z,low,49,Z,low,167,,,,,28-06-2024,13:41:00,15:52:00
503,female,,0,0,330909,7.6292,,Q,96,,,,,high,86,C,high,65,Z,high,265,X,medium,225,Z,medium,292,Y,high,318,,medium,363,X,medium,465,,,,,22-05-2024,15:18:00,19:15:00
504,female,37,0,0,4135,9.5875,,S,86,,low,72,B,high,48,A,,81,X,low,483,X,,341,Y,medium,9,Y,medium,466,Z,low,340,X,medium,,,,,,09-12-2024,19:17:00,20:28:00
505,female,16,0,0,110152,86.5,B79,S,27,B,low,88,A,high,38,C,medium,,Y,low,124,Y,low,341,X,medium,63,Y,medium,279,Y,medium,71,X,low,39,,,,,15-03-2024,11:38:00,13:44:00
506,male,18,1,0,PC 17758,108.9,C65,C,,A,high,,C,low,15,C,unknown,85,Z,low,346,Z,high,267,Y,high,168,X,low,7,Z,medium,316,X,medium,315,,,,,18-06-2024,06:12:00,08:30:00
507,female,33,0,2,26360,26,,S,,,medium,,,,32,,medium,,Y,medium,396,Z,high,291,Z,medium,352,Y,medium,346,X,high,192,Y,medium,40,,,,,13-10-2024,06:37:00,08:52:00
508,male,,0,0,111427,26.55,,S,,,high,51,B,,97,A,,,X,high,240,Z,medium,13,X,low,48,Z,low,270,Z,low,254,Z,medium,380,,,,,21-06-2024,13:47:00,15:08:00
509,male,28,0,0,C 4001,22.525,,S,26,A,medium,,,unknown,,,high,95,Z,high,432,Y,,490,Y,high,142,Z,high,388,Z,high,,X,high,421,,,,,12-11-2024,16:22:00,19:56:00
510,male,26,0,0,1601,56.4958,,S,23,C,high,,C,unknown,,,unknown,56,Z,low,214,Z,medium,38,Z,medium,,X,low,188,Y,high,161,Z,medium,,,,,,11-10-2024,10:21:00,12:39:00
511,male,29,0,0,382651,7.75,,Q,99,A,,,B,high,,D,high,27,X,medium,418,X,high,488,Z,medium,154,Y,low,214,X,low,458,,medium,118,,,,,27-03-2024,17:56:00,19:29:00
512,male,,0,0,SOTON/OQ 3101316,8.05,,S,74,C,,70,,high,,A,unknown,60,Y,high,322,Y,low,486,Y,high,,X,,329,,high,208,Z,high,471,,,,,07-02-2024,15:38:00,16:00:00
513,male,36,0,0,PC 17473,26.2875,E25,S,84,,medium,51,B,,66,C,medium,62,Y,low,25,X,high,358,,medium,320,,medium,353,X,high,256,Y,high,44,,,,,17-05-2024,07:30:00,10:34:00
514,female,54,1,0,PC 17603,59.4,,C,81,,high,,,unknown,37,D,medium,,Y,high,411,X,high,373,Z,high,33,Y,medium,110,X,low,14,Z,,53,,,,,11-09-2024,10:34:00,12:57:00
515,male,24,0,0,349209,7.4958,,S,95,B,high,42,B,medium,84,C,medium,20,Z,low,348,Y,high,14,Y,high,469,Z,high,293,Z,low,61,Z,medium,152,,,,,04-04-2024,08:37:00,09:13:00
516,male,47,0,0,36967,34.0208,D46,S,10,,high,49,D,medium,42,B,low,,Z,low,111,Z,high,474,Z,medium,122,Y,low,480,Y,high,140,Z,low,270,,,,,07-06-2024,19:13:00,21:36:00
517,female,34,0,0,C.A. 34260,10.5,F33,S,,,,,C,high,85,A,,54,X,low,351,X,high,,Z,high,495,X,high,32,Y,medium,489,Y,low,355,,,,,28-05-2024,14:04:00,17:39:00
518,male,,0,0,371110,24.15,,Q,,A,low,55,C,,74,B,medium,14,Z,high,255,Z,,169,X,low,364,Y,low,165,Z,low,129,X,low,145,,,,,20-03-2024,06:06:00,08:12:00
519,female,36,1,0,226875,26,,S,47,C,,79,,,77,A,unknown,77,Z,high,471,Y,low,334,X,high,178,Y,medium,266,Z,medium,197,Y,high,457,,,,,16-03-2024,12:20:00,16:18:00
520,male,32,0,0,349242,7.8958,,S,59,C,high,2,C,high,92,A,unknown,,X,high,152,Z,low,267,Z,high,151,Z,low,462,Z,medium,427,Z,high,408,,,,,14-08-2024,19:20:00,19:44:00
521,female,30,0,0,12749,93.5,B73,S,35,A,high,75,A,high,79,B,,93,X,high,131,X,medium,180,X,low,473,Z,low,484,X,high,159,Y,medium,115,,,,,13-08-2024,20:51:00,21:24:00
522,male,22,0,0,349252,7.8958,,S,,C,,50,,medium,,,medium,67,Y,high,29,Z,,160,Z,low,498,Z,low,294,X,low,406,X,high,31,,,,,25-06-2024,07:55:00,10:20:00
523,male,,0,0,2624,7.225,,C,19,A,,,B,high,52,A,high,33,Z,medium,393,X,low,59,,low,306,Z,low,273,Z,,59,Y,high,350,,,,,11-03-2024,14:25:00,16:19:00
524,female,44,0,1,111361,57.9792,B18,C,,A,high,47,C,,,,unknown,37,Z,high,492,Y,medium,454,Z,low,23,Y,medium,,X,,66,X,medium,87,,,,,08-05-2024,08:52:00,09:53:00
525,male,,0,0,2700,7.2292,,C,,D,,47,C,medium,6,,low,69,Y,low,344,Z,low,332,Y,high,,Y,high,222,X,high,6,Z,low,140,,,,,23-07-2024,16:40:00,19:47:00
526,male,40.5,0,0,367232,7.75,,Q,,D,,12,B,,59,,unknown,8,X,medium,184,Z,medium,143,X,low,238,Y,high,,Y,high,62,Z,medium,386,,,,,25-11-2024,15:08:00,16:35:00
527,female,50,0,0,W./C. 14258,10.5,,S,,B,high,,B,,,,unknown,71,X,high,439,X,,361,X,low,,Y,high,272,Y,high,,Y,high,94,,,,,30-11-2024,09:40:00,13:36:00
528,male,,0,0,PC 17483,221.7792,C95,S,14,D,medium,70,C,unknown,,D,unknown,55,Z,high,126,X,high,346,Y,medium,400,,medium,276,X,,45,X,medium,177,,,,,26-08-2024,14:58:00,16:13:00
529,male,39,0,0,3101296,7.925,,S,91,D,high,,,high,10,C,low,22,Y,medium,346,Y,high,69,Y,medium,16,Z,low,421,Z,high,306,X,medium,463,,,,,07-11-2024,06:06:00,09:24:00
530,male,23,2,1,29104,11.5,,S,92,,,9,A,unknown,50,A,unknown,89,Y,low,298,Y,medium,87,X,medium,185,Y,low,,Y,low,299,X,medium,,,,,,06-07-2024,07:19:00,07:45:00
531,female,2,1,1,26360,26,,S,59,A,unknown,21,B,,57,A,high,62,Z,high,426,X,high,115,Z,medium,37,Y,low,478,Y,medium,117,Y,,310,,,,,13-03-2024,16:21:00,17:06:00
532,male,,0,0,2641,7.2292,,C,16,,,87,,unknown,10,C,high,16,X,low,485,X,low,52,,high,218,Z,medium,352,Y,medium,18,X,medium,499,,,,,14-12-2024,08:16:00,11:06:00
533,male,17,1,1,2690,7.2292,,C,15,C,,,D,high,63,,low,65,X,high,179,X,low,411,Z,,402,,high,293,Z,high,80,Z,low,385,,,,,22-01-2024,11:19:00,13:31:00
534,female,,0,2,2668,22.3583,,C,,,low,50,,unknown,16,,medium,41,Z,high,47,X,high,,X,medium,64,Y,medium,289,Y,medium,71,Z,,229,,,,,31-08-2024,16:09:00,18:10:00
535,female,30,0,0,315084,8.6625,,S,57,,,,D,unknown,14,D,medium,76,X,high,78,Y,high,405,X,low,68,Y,medium,288,Z,low,264,Y,medium,332,,,,,22-07-2024,10:55:00,14:08:00
536,female,7,0,2,F.C.C. 13529,26.25,,S,15,B,unknown,,C,unknown,40,D,unknown,49,Z,low,369,X,,264,Y,high,478,Z,medium,,X,low,465,Z,high,266,,,,,06-01-2024,18:23:00,18:51:00
537,male,45,0,0,113050,26.55,B38,S,45,A,,85,B,,,C,,99,Z,low,181,Z,low,58,Y,low,88,X,high,,Z,medium,217,Y,low,181,,,,,14-11-2024,14:21:00,15:55:00
538,female,30,0,0,PC 17761,106.425,,C,11,D,,89,,high,91,C,,92,X,medium,69,Z,low,422,Y,medium,,X,high,369,Z,high,316,X,high,487,,,,,20-10-2024,11:42:00,13:52:00
539,male,,0,0,364498,14.5,,S,,,low,28,D,unknown,,D,,4,Y,medium,407,X,low,86,X,high,292,X,medium,126,X,high,151,Z,high,296,,,,,19-10-2024,14:15:00,14:42:00
540,female,22,0,2,13568,49.5,B39,C,2,,unknown,58,A,medium,,A,low,,Z,medium,324,Z,medium,499,X,medium,138,Z,high,326,Z,high,45,Y,high,373,,,,,28-09-2024,16:19:00,18:00:00
541,female,36,0,2,WE/P 5735,71,B22,S,70,D,,,A,low,73,C,unknown,,Y,low,65,Y,low,7,X,medium,478,X,medium,263,X,low,109,Z,low,204,,,,,04-02-2024,18:36:00,21:23:00
542,female,9,4,2,347082,31.275,,S,,,,,B,unknown,,,unknown,,X,medium,356,X,high,311,,low,81,Z,low,183,Y,medium,239,Z,low,98,,,,,20-08-2024,20:23:00,22:51:00
543,female,11,4,2,347082,31.275,,S,19,,high,0,A,high,98,A,medium,14,X,high,318,X,medium,156,Z,high,283,Z,,401,Z,medium,429,Z,medium,61,,,,,12-10-2024,12:50:00,13:37:00
544,male,32,1,0,2908,26,,S,17,A,medium,97,D,,74,A,high,53,X,high,492,Y,high,,Y,low,460,Z,high,159,X,high,124,,low,402,,,,,19-07-2024,21:58:00,01:26:00
545,male,50,1,0,PC 17761,106.425,C86,C,83,,high,35,D,high,,B,unknown,15,X,medium,493,Z,medium,419,Z,high,366,X,,,Y,low,491,,medium,260,,,,,14-02-2024,11:26:00,13:49:00
546,male,64,0,0,693,26,,S,5,,,,C,low,94,B,high,,X,low,487,X,high,393,X,medium,14,Y,high,125,Z,high,319,X,high,257,,,,,25-06-2024,08:06:00,08:35:00
547,female,19,1,0,2908,26,,S,42,B,low,61,,medium,10,D,high,45,X,low,447,X,low,140,X,medium,93,,low,,Y,low,177,X,medium,60,,,,,02-02-2024,17:11:00,19:30:00
548,male,,0,0,SC/PARIS 2146,13.8625,,C,,C,,78,A,medium,45,B,low,99,Z,low,,,medium,31,X,high,62,X,medium,287,X,medium,311,X,high,,,,,,06-07-2024,06:34:00,09:47:00
549,male,33,1,1,363291,20.525,,S,51,B,,,C,,,C,,87,Y,,335,Z,low,141,X,high,457,X,low,487,X,high,349,X,high,131,,,,,26-06-2024,14:15:00,15:35:00
550,male,8,1,1,C.A. 33112,36.75,,S,68,D,unknown,,B,unknown,0,,,,X,high,,X,high,404,X,low,100,Z,high,149,Y,high,342,Y,high,299,,,,,06-12-2024,21:05:00,00:39:00
551,male,17,0,2,17421,110.8833,C70,C,80,D,low,89,B,high,45,D,high,,X,medium,396,Z,medium,257,Y,medium,27,Y,low,57,X,medium,432,Z,high,175,,,,,07-03-2024,11:00:00,13:36:00
552,male,27,0,0,244358,26,,S,,,unknown,93,B,low,68,C,unknown,,X,high,482,Y,,379,Z,medium,191,Y,low,60,X,medium,330,X,low,113,,,,,22-04-2024,16:52:00,20:36:00
553,male,,0,0,330979,7.8292,,Q,82,D,high,15,,medium,79,D,,66,X,low,58,X,high,247,Y,low,141,Z,,245,Z,high,13,Y,low,81,,,,,19-01-2024,13:40:00,14:26:00
554,male,22,0,0,2620,7.225,,C,,C,,90,C,low,41,C,high,13,Z,high,68,Z,high,264,Z,medium,,Y,medium,391,Y,medium,188,Z,high,407,,,,,30-07-2024,16:48:00,19:32:00
555,female,22,0,0,347085,7.775,,S,,B,unknown,90,A,unknown,86,A,,,X,low,249,X,low,32,X,low,226,Z,high,356,Y,medium,454,Y,high,,,,,,08-08-2024,19:08:00,22:54:00
556,male,62,0,0,113807,26.55,,S,50,C,low,,C,medium,67,C,,99,Y,low,146,Y,high,11,Z,medium,450,X,,104,X,low,103,X,high,1,,,,,16-01-2024,19:40:00,22:01:00
557,female,48,1,0,11755,39.6,A16,C,,D,low,21,D,,4,B,low,,Y,high,265,Y,high,,X,low,,X,low,417,Z,high,249,Y,,153,,,,,26-07-2024,07:57:00,10:07:00
558,male,,0,0,PC 17757,227.525,,C,,,unknown,,A,medium,27,B,high,1,X,high,155,Z,medium,101,X,low,490,X,medium,82,Y,high,250,Z,low,444,,,,,23-07-2024,12:21:00,15:29:00
559,female,39,1,1,110413,79.65,E67,S,79,,low,99,D,low,93,C,medium,,X,medium,391,Z,medium,180,Y,high,331,Y,medium,279,,medium,278,Z,medium,,,,,,17-01-2024,06:33:00,08:01:00
560,female,36,1,0,345572,17.4,,S,85,,,,C,unknown,0,B,unknown,,X,medium,449,Z,high,184,Y,,191,Z,high,424,,low,434,Z,medium,409,,,,,21-02-2024,18:20:00,18:39:00
561,male,,0,0,372622,7.75,,Q,53,A,,,B,high,10,A,unknown,,X,high,141,,medium,316,X,low,339,Y,high,403,,,269,Y,,102,,,,,13-04-2024,15:11:00,16:19:00
562,male,40,0,0,349251,7.8958,,S,4,,unknown,19,C,medium,34,,unknown,63,Z,high,386,X,medium,470,X,,174,X,low,351,,low,0,Y,medium,485,,,,,12-02-2024,09:23:00,10:15:00
563,male,28,0,0,218629,13.5,,S,49,C,,8,,,99,C,unknown,35,Z,low,53,X,low,378,Z,low,105,,low,165,Y,low,121,Z,medium,58,,,,,22-03-2024,19:01:00,19:48:00
564,male,,0,0,SOTON/OQ 392082,8.05,,S,18,,high,25,D,high,,,medium,35,Y,low,398,Y,high,319,Z,high,117,Y,medium,383,,medium,315,Z,low,17,,,,,16-03-2024,16:34:00,19:24:00
565,female,,0,0,SOTON/O.Q. 392087,8.05,,S,88,D,low,6,A,low,,,,,Z,low,,Y,high,417,Z,high,,,medium,193,Z,medium,391,X,high,238,,,,,24-02-2024,12:52:00,14:34:00
566,male,24,2,0,A/4 48871,24.15,,S,23,D,,19,A,,39,C,high,85,Z,medium,355,X,low,255,X,high,324,X,high,175,Z,medium,323,X,medium,218,,,,,15-06-2024,20:49:00,23:09:00
567,male,19,0,0,349205,7.8958,,S,22,,,7,C,,93,C,,49,Z,low,,X,medium,72,Y,,,X,high,266,X,high,366,Y,high,145,,,,,05-07-2024,06:06:00,09:25:00
568,female,29,0,4,349909,21.075,,S,24,,low,76,B,low,21,D,medium,31,X,medium,53,Y,low,,Z,low,99,Y,low,308,X,low,120,X,low,84,,,,,31-10-2024,20:04:00,20:42:00
569,male,,0,0,2686,7.2292,,C,64,,high,58,A,high,57,B,high,,Z,low,421,Z,medium,488,Y,medium,0,Z,medium,,X,high,47,Y,high,160,,,,,16-01-2024,14:59:00,18:01:00
570,male,32,0,0,350417,7.8542,,S,,D,low,51,B,unknown,46,,,1,,medium,54,Z,low,389,X,low,32,Z,medium,,Y,low,474,Y,medium,186,,,,,29-01-2024,17:41:00,19:30:00
571,male,62,0,0,S.W./PP 752,10.5,,S,94,,medium,80,C,,,,unknown,48,Y,high,240,Z,high,174,Z,low,452,,medium,433,Y,medium,281,Z,high,300,,,,,21-05-2024,07:01:00,07:40:00
572,female,53,2,0,11769,51.4792,C101,S,41,C,,41,,high,75,,low,55,Z,low,87,Y,,161,Z,medium,11,Z,low,141,Y,high,369,Z,low,179,,,,,16-01-2024,18:16:00,21:02:00
573,male,36,0,0,PC 17474,26.3875,E25,S,,D,high,40,D,,83,,medium,67,Y,low,423,Z,high,459,X,,310,Y,high,120,X,high,478,X,low,122,,,,,20-07-2024,07:36:00,10:24:00
574,female,,0,0,14312,7.75,,Q,4,D,,20,B,unknown,11,D,,80,X,,287,Y,high,47,Z,low,163,Y,low,34,Z,medium,91,Z,low,298,,,,,03-01-2024,10:42:00,14:07:00
575,male,16,0,0,A/4. 20589,8.05,,S,0,A,low,,A,high,,D,,36,X,low,253,Y,high,,Z,low,69,Z,high,203,Y,low,435,Z,medium,291,,,,,30-12-2024,07:46:00,08:28:00
576,male,19,0,0,358585,14.5,,S,37,A,unknown,,,high,,D,high,,X,,158,X,low,338,Y,high,149,X,high,85,Y,medium,183,Y,medium,218,,,,,24-02-2024,18:36:00,21:43:00
577,female,34,0,0,243880,13,,S,92,B,high,58,D,unknown,,,low,,X,high,391,Y,high,403,X,low,46,Y,high,465,Y,medium,312,X,low,55,,,,,03-05-2024,06:47:00,10:06:00
578,female,39,1,0,13507,55.9,E44,S,52,,,,A,unknown,66,D,medium,76,Y,medium,105,X,high,164,Z,medium,156,X,low,448,Z,high,193,Z,low,482,,,,,24-06-2024,17:43:00,18:35:00
579,female,,1,0,2689,14.4583,,C,89,C,,53,B,,63,,unknown,,,low,360,Y,low,324,Z,low,408,Y,medium,414,X,medium,99,X,high,259,,,,,12-08-2024,06:08:00,07:42:00
580,male,32,0,0,STON/O 2. 3101286,7.925,,S,10,,,29,,high,37,D,medium,3,Y,medium,484,Z,low,162,,high,310,X,low,140,Z,,439,X,high,138,,,,,20-10-2024,20:21:00,21:42:00
581,female,25,1,1,237789,30,,S,9,B,high,,C,low,,B,medium,,Y,high,133,Y,high,8,X,medium,405,X,medium,345,,,173,Y,low,362,,,,,07-04-2024,17:19:00,20:14:00
582,female,39,1,1,17421,110.8833,C68,C,83,A,high,82,B,unknown,,,low,,X,low,343,X,medium,227,X,low,,Y,high,245,Y,low,12,X,high,209,,,,,29-12-2024,16:05:00,18:26:00
583,male,54,0,0,28403,26,,S,10,A,,,,unknown,82,B,,,Y,high,154,Z,low,489,Z,low,463,X,medium,136,X,high,75,Y,high,82,,,,,30-03-2024,08:49:00,09:26:00
584,male,36,0,0,13049,40.125,A10,C,5,A,medium,25,,medium,89,A,low,50,Z,high,464,Z,medium,121,Y,high,54,Z,low,267,Z,medium,480,X,high,350,,,,,28-07-2024,08:46:00,11:11:00
585,male,,0,0,3411,8.7125,,C,40,,unknown,71,,high,29,C,medium,46,X,low,449,Y,high,81,X,high,79,X,low,82,Z,medium,410,X,low,,,,,,18-04-2024,17:48:00,20:54:00
586,female,18,0,2,110413,79.65,E68,S,92,C,,,A,,,A,high,37,,medium,156,X,medium,460,Y,high,,X,low,480,Y,low,332,Z,medium,138,,,,,09-09-2024,07:37:00,10:11:00
587,male,47,0,0,237565,15,,S,68,B,,,,,32,A,,41,Z,low,,X,medium,,Z,low,261,Y,medium,81,Z,medium,389,X,low,331,,,,,27-08-2024,09:09:00,11:25:00
588,male,60,1,1,13567,79.2,B41,C,9,B,medium,31,C,,3,,,1,Y,medium,41,X,medium,423,,high,391,Y,medium,150,Z,medium,324,Y,low,361,,,,,07-04-2024,11:55:00,13:26:00
589,male,22,0,0,14973,8.05,,S,83,B,unknown,35,A,unknown,16,,medium,10,,high,348,Z,low,488,Y,medium,60,Y,high,110,Z,low,455,Z,high,495,,,,,01-06-2024,12:56:00,15:29:00
590,male,,0,0,A./5. 3235,8.05,,S,84,C,medium,,B,unknown,30,A,low,75,X,high,459,X,low,495,X,high,55,Z,low,260,X,high,,Y,high,354,,,,,26-05-2024,21:00:00,00:32:00
591,male,35,0,0,STON/O 2. 3101273,7.125,,S,80,D,low,1,A,low,98,D,medium,36,Z,low,72,Y,medium,,X,medium,397,Y,,336,Z,high,31,X,,115,,,,,26-05-2024,15:03:00,18:49:00
592,female,52,1,0,36947,78.2667,D20,C,90,,high,,D,unknown,20,D,,,Y,medium,408,Z,low,482,Y,medium,274,Y,,479,X,low,347,Z,medium,356,,,,,04-04-2024,06:54:00,07:29:00
593,male,47,0,0,A/5 3902,7.25,,S,23,C,unknown,12,,,50,D,medium,39,,low,377,Z,high,,Z,medium,,Z,high,194,Y,low,482,Z,low,,,,,,30-05-2024,08:09:00,09:40:00
594,female,,0,2,364848,7.75,,Q,,,low,,D,low,,B,medium,99,Y,low,235,X,medium,157,Z,low,111,Y,low,100,X,medium,290,X,high,337,,,,,20-07-2024,15:16:00,18:05:00
595,male,37,1,0,SC/AH 29037,26,,S,,C,medium,55,,,35,A,medium,,Z,high,111,Z,medium,229,X,high,347,X,,10,X,high,483,Z,medium,373,,,,,08-08-2024,14:45:00,15:15:00
596,male,36,1,1,345773,24.15,,S,80,A,medium,,,high,91,,,18,,,326,Z,medium,190,X,medium,401,Y,medium,298,Z,low,200,X,low,408,,,,,30-09-2024,06:53:00,08:59:00
597,female,,0,0,248727,33,,S,57,,low,34,B,unknown,9,C,high,58,,medium,297,Y,high,254,Y,low,15,Z,,489,Y,high,337,Z,high,284,,,,,18-07-2024,20:14:00,22:36:00
598,male,49,0,0,LINE,0,,S,77,A,high,77,,low,87,A,high,,Y,high,405,X,medium,,X,,26,X,medium,31,Z,medium,254,X,low,497,,,,,12-02-2024,15:45:00,18:43:00
599,male,,0,0,2664,7.225,,C,,B,medium,,,,74,D,unknown,14,Z,high,282,Z,low,120,X,low,388,Z,low,498,X,medium,440,X,low,322,,,,,26-07-2024,21:28:00,21:53:00
600,male,49,1,0,PC 17485,56.9292,A20,C,64,,low,1,A,,,B,high,,Z,low,24,Y,medium,7,Y,high,441,Y,,131,Z,low,323,X,high,27,,,,,15-07-2024,17:51:00,19:34:00
601,female,24,2,1,243847,27,,S,,,medium,,D,medium,76,,high,,Y,low,101,Y,low,301,Z,low,114,X,high,454,Z,medium,219,Z,medium,86,,,,,26-06-2024,20:46:00,23:03:00
602,male,,0,0,349214,7.8958,,S,77,,unknown,2,,,42,A,high,73,X,medium,190,Y,medium,,Y,,352,,low,34,,high,122,Y,high,248,,,,,09-03-2024,13:14:00,14:43:00
603,male,,0,0,113796,42.4,,S,73,,unknown,52,D,unknown,97,B,high,56,Z,high,245,X,medium,430,Z,medium,421,Y,low,445,,low,156,Y,low,217,,,,,26-11-2024,09:07:00,11:46:00
604,male,44,0,0,364511,8.05,,S,,A,high,87,A,unknown,3,,low,65,Y,low,174,Y,medium,5,X,high,56,Z,medium,165,X,medium,37,X,,406,,,,,17-09-2024,10:10:00,11:01:00
605,male,35,0,0,111426,26.55,,C,82,A,medium,,D,medium,2,,medium,26,Y,medium,439,X,medium,299,Y,low,92,X,high,137,Y,low,77,X,medium,336,,,,,02-06-2024,09:36:00,10:49:00
606,male,36,1,0,349910,15.55,,S,,,unknown,,,,,C,,28,Z,high,140,X,medium,265,Y,low,65,X,medium,103,Y,low,254,Z,low,0,,,,,23-05-2024,15:52:00,16:08:00
607,male,30,0,0,349246,7.8958,,S,,C,low,,B,high,93,D,low,63,Y,high,340,Y,high,212,Z,low,395,X,low,66,Y,low,15,Z,low,227,,,,,30-12-2024,19:33:00,20:48:00
608,male,27,0,0,113804,30.5,,S,,,high,78,A,low,6,C,unknown,35,Y,medium,180,X,high,334,,low,385,Y,low,399,X,high,235,Z,low,272,,,,,12-05-2024,14:47:00,15:22:00
609,female,22,1,2,SC/Paris 2123,41.5792,,C,,D,,,,high,77,,,,X,high,496,Z,high,213,Z,medium,67,Z,low,34,Y,high,20,,,,,,,,29-02-2024,09:03:00,12:17:00
610,female,40,0,0,PC 17582,153.4625,C125,S,85,D,high,28,,unknown,93,C,,15,Z,high,458,Z,low,457,Z,,87,Z,high,231,Y,low,80,Z,medium,,,,,,14-06-2024,09:19:00,09:37:00
611,female,39,1,5,347082,31.275,,S,83,A,low,0,,,,,low,30,Y,high,392,Y,medium,453,Z,high,331,Y,low,474,Y,high,345,Y,,90,,,,,21-05-2024,16:15:00,17:47:00
612,male,,0,0,SOTON/O.Q. 3101305,7.05,,S,,,high,44,B,low,86,,unknown,10,Z,high,382,Y,low,,Y,medium,448,,high,202,X,medium,14,X,,95,,,,,02-06-2024,12:47:00,15:05:00
613,female,,1,0,367230,15.5,,Q,78,B,high,61,,low,75,D,low,8,X,high,321,X,medium,229,,,389,Y,low,413,Y,high,168,X,high,157,,,,,22-11-2024,19:08:00,21:09:00
614,male,,0,0,370377,7.75,,Q,38,A,unknown,,C,high,,C,,,Z,low,293,X,high,298,Y,low,83,X,,346,Z,medium,95,Y,high,200,,,,,26-05-2024,08:03:00,09:27:00
615,male,35,0,0,364512,8.05,,S,68,,low,93,A,low,85,B,low,48,Y,low,281,Z,medium,450,Y,low,193,Y,high,397,Y,high,27,Y,,54,,,,,02-04-2024,09:40:00,13:37:00
616,female,24,1,2,220845,65,,S,63,,,,,unknown,69,B,unknown,14,X,medium,13,Y,high,150,X,high,33,Z,high,473,X,low,104,X,low,394,,,,,28-10-2024,15:23:00,17:29:00
617,male,34,1,1,347080,14.4,,S,,,unknown,78,B,low,1,,low,9,X,high,,Z,high,,X,medium,122,Y,low,48,Z,low,56,Y,high,33,,,,,22-05-2024,09:01:00,12:35:00
618,female,26,1,0,A/5. 3336,16.1,,S,26,B,,2,,low,,,unknown,87,X,high,,X,high,295,Z,medium,,X,low,,X,,40,X,low,33,,,,,05-06-2024,11:29:00,12:36:00
619,female,4,2,1,230136,39,F4,S,6,B,high,85,,medium,,A,high,51,X,high,263,X,high,31,Y,medium,172,X,low,160,Z,high,332,Z,medium,63,,,,,02-07-2024,14:27:00,18:24:00
620,male,26,0,0,31028,10.5,,S,13,A,low,75,A,unknown,,,low,71,Y,low,435,Y,high,374,Z,medium,303,Z,medium,33,X,low,62,Y,low,67,,,,,06-09-2024,11:13:00,14:59:00
621,male,27,1,0,2659,14.4542,,C,43,B,high,,C,,,,,72,Z,high,201,Z,high,101,X,high,148,,high,53,X,low,469,Y,low,282,,,,,20-09-2024,20:42:00,21:06:00
622,male,42,1,0,11753,52.5542,D19,S,47,A,,58,D,medium,,B,unknown,10,Z,,56,Y,low,257,Z,low,281,X,high,54,Y,high,243,Y,medium,409,,,,,05-03-2024,13:07:00,16:28:00
623,male,20,1,1,2653,15.7417,,C,,D,,,D,high,29,,low,,Z,low,417,Z,low,475,Z,medium,316,Y,high,474,Z,medium,203,,low,471,,,,,22-05-2024,21:03:00,00:53:00
624,male,21,0,0,350029,7.8542,,S,41,,low,90,,,19,D,unknown,,Y,high,254,X,medium,389,Y,low,97,Z,low,428,Y,high,437,,high,,,,,,10-11-2024,07:09:00,07:45:00
625,male,21,0,0,54636,16.1,,S,60,D,high,55,A,unknown,8,D,,44,Y,high,470,Z,high,349,Y,low,22,X,medium,294,X,medium,388,Y,medium,342,,,,,02-01-2024,06:26:00,08:26:00
626,male,61,0,0,36963,32.3208,D50,S,23,,,,,low,63,,,86,X,medium,106,Y,medium,34,Z,high,169,X,high,422,Z,low,,Z,high,295,,,,,25-10-2024,19:23:00,20:31:00
627,male,57,0,0,219533,12.35,,Q,33,D,medium,61,D,unknown,95,D,medium,,X,low,239,X,low,429,Y,high,20,Y,high,171,X,medium,486,Y,low,154,,,,,18-02-2024,08:48:00,09:37:00
628,female,21,0,0,13502,77.9583,D9,S,36,C,,68,C,unknown,,D,,,Y,low,333,Y,high,167,Z,,79,Y,low,237,,low,265,X,high,208,,,,,02-02-2024,07:32:00,09:28:00
629,male,26,0,0,349224,7.8958,,S,50,B,unknown,,C,,,D,medium,10,Z,high,68,Z,high,25,X,low,143,Y,low,,X,medium,354,Y,low,436,,,,,21-08-2024,07:39:00,08:39:00
630,male,,0,0,334912,7.7333,,Q,36,C,high,81,B,,,,unknown,61,X,low,498,Z,medium,479,X,low,169,Z,low,73,Z,high,484,Z,medium,52,,,,,01-12-2024,14:44:00,16:13:00
631,male,80,0,0,27042,30,A23,S,73,B,,20,C,medium,17,B,,88,X,medium,304,X,high,95,X,medium,138,Z,high,73,Y,low,361,Z,medium,412,,,,,21-06-2024,20:44:00,00:16:00
632,male,51,0,0,347743,7.0542,,S,32,A,,89,A,unknown,21,,,57,X,low,85,Z,high,161,,,26,Y,medium,263,,low,295,X,high,,,,,,12-04-2024,20:37:00,22:46:00
633,male,32,0,0,13214,30.5,B50,C,43,B,low,55,,unknown,28,D,unknown,80,X,low,370,X,high,71,Z,high,88,,high,126,Y,high,307,Z,,28,,,,,21-12-2024,16:29:00,18:23:00
634,male,,0,0,112052,0,,S,37,,high,32,,high,68,,medium,53,X,high,439,Y,low,310,Z,high,441,X,high,334,X,low,327,Z,low,120,,,,,26-02-2024,16:09:00,19:01:00
635,female,9,3,2,347088,27.9,,S,,,high,,,,29,D,low,41,X,high,186,,low,433,Y,high,358,,high,317,Y,medium,488,X,low,155,,,,,11-01-2024,08:33:00,11:30:00
636,female,28,0,0,237668,13,,S,68,A,unknown,1,A,,82,,unknown,,X,medium,,Z,medium,259,Y,high,,X,medium,166,Y,,350,Y,high,456,,,,,31-03-2024,15:39:00,19:34:00
637,male,32,0,0,STON/O 2. 3101292,7.925,,S,23,,unknown,74,A,high,36,C,,15,Y,medium,373,Y,high,434,Z,low,11,Y,medium,57,Z,low,149,Z,medium,,,,,,17-09-2024,21:29:00,22:33:00
638,male,31,1,1,C.A. 31921,26.25,,S,29,C,,37,,,10,A,,,Z,medium,72,,high,468,Y,medium,179,X,low,41,Z,low,10,X,low,387,,,,,31-10-2024,19:53:00,22:22:00
639,female,41,0,5,3101295,39.6875,,S,79,,,84,D,unknown,9,B,,,X,medium,265,Y,low,436,Y,medium,462,Y,high,221,Y,high,391,Z,,300,,,,,03-07-2024,21:11:00,23:49:00
640,male,,1,0,376564,16.1,,S,94,,medium,23,C,high,40,C,unknown,,X,high,,Z,high,81,X,medium,404,X,high,160,X,high,244,Y,low,40,,,,,20-09-2024,17:09:00,17:35:00
641,male,20,0,0,350050,7.8542,,S,67,A,,92,,high,40,A,unknown,,Z,high,150,Z,medium,103,X,high,378,Z,medium,16,X,high,207,X,low,333,,,,,19-06-2024,19:22:00,21:27:00
642,female,24,0,0,PC 17477,69.3,B35,C,91,,high,94,B,low,,A,high,99,X,low,149,X,high,149,Z,high,124,Y,medium,345,Y,low,467,X,medium,317,,,,,21-10-2024,12:13:00,13:53:00
643,female,2,3,2,347088,27.9,,S,85,D,unknown,10,C,,47,C,,23,Z,low,314,Y,high,319,Z,medium,201,Z,high,478,Y,,,,high,435,,,,,24-04-2024,19:06:00,22:10:00
644,male,,0,0,1601,56.4958,,S,48,C,,64,D,,16,A,medium,72,Y,high,375,X,low,431,,medium,14,Y,medium,489,Y,high,18,Z,high,460,,,,,29-08-2024,16:14:00,17:47:00
645,female,0.75,2,1,2666,19.2583,,C,,,,93,B,,21,,high,87,Z,medium,194,Y,medium,156,Z,high,429,X,high,58,,high,369,Z,low,293,,,,,29-06-2024,06:15:00,07:34:00
646,male,48,1,0,PC 17572,76.7292,D33,C,32,B,,32,C,high,56,B,unknown,83,X,medium,73,Y,low,333,Z,low,56,Z,low,95,Z,medium,462,X,high,,,,,,23-08-2024,11:29:00,14:14:00
647,male,19,0,0,349231,7.8958,,S,,A,unknown,,C,medium,33,,low,,,high,393,Z,medium,93,X,low,309,,low,215,Y,medium,414,Z,high,69,,,,,10-02-2024,11:18:00,13:39:00
648,male,56,0,0,13213,35.5,A26,C,,A,high,,D,unknown,67,,,17,Y,medium,86,X,high,271,Z,medium,141,Z,high,457,X,low,435,Z,low,306,,,,,10-09-2024,12:37:00,13:24:00
649,male,,0,0,S.O./P.P. 751,7.55,,S,96,A,low,47,D,,92,,high,46,X,medium,,Z,high,389,Z,,285,Z,high,287,Y,low,431,X,medium,288,,,,,06-01-2024,17:37:00,21:02:00
650,female,23,0,0,CA. 2314,7.55,,S,84,D,low,2,C,low,35,C,high,77,X,medium,161,Z,high,197,X,medium,413,Z,low,228,X,medium,342,X,medium,,,,,,02-10-2024,14:34:00,14:58:00
651,male,,0,0,349221,7.8958,,S,,C,unknown,84,C,,55,C,unknown,61,Z,low,409,Y,medium,81,X,medium,156,Y,high,462,Y,low,460,X,medium,269,,,,,15-12-2024,21:34:00,23:52:00
652,female,18,0,1,231919,23,,S,65,B,unknown,,D,medium,,B,,,X,high,378,Y,low,205,Z,medium,8,Y,low,331,Y,high,170,Z,medium,340,,,,,02-01-2024,20:20:00,22:48:00
653,male,21,0,0,8475,8.4333,,S,20,D,unknown,,,low,21,,low,21,Y,high,153,,medium,381,X,medium,331,Y,high,492,Y,low,372,Y,medium,207,,,,,07-06-2024,16:09:00,18:45:00
654,female,,0,0,330919,7.8292,,Q,,A,low,25,,,51,D,low,65,Z,high,259,X,medium,467,X,high,266,Y,low,431,,medium,46,X,medium,333,,,,,10-12-2024,10:43:00,12:20:00
655,female,18,0,0,365226,6.75,,Q,,A,high,1,C,high,30,D,unknown,42,X,medium,479,Z,medium,308,X,low,69,Z,medium,499,X,medium,263,Z,medium,372,,,,,09-08-2024,16:41:00,19:02:00
656,male,24,2,0,S.O.C. 14879,73.5,,S,53,B,unknown,,C,,62,D,,,X,low,359,Y,low,335,X,medium,24,Y,high,278,X,,145,Z,medium,294,,,,,08-03-2024,16:51:00,19:33:00
657,male,,0,0,349223,7.8958,,S,76,D,high,2,A,low,74,,high,93,Y,medium,379,X,high,209,Y,high,262,X,high,187,Z,medium,469,Z,medium,199,,,,,20-02-2024,15:42:00,19:28:00
658,female,32,1,1,364849,15.5,,Q,63,C,high,79,C,unknown,14,C,medium,0,X,low,43,Y,,464,Y,low,306,Y,,30,Y,high,218,Z,,132,,,,,19-11-2024,09:17:00,12:29:00
659,male,23,0,0,29751,13,,S,,D,,51,,unknown,18,A,medium,23,Z,high,120,Z,medium,,Z,medium,58,Z,low,364,X,low,,Z,medium,330,,,,,09-03-2024,21:21:00,00:45:00
660,male,58,0,2,35273,113.275,D48,C,28,,low,,,high,2,D,unknown,91,X,medium,52,Z,low,486,X,high,299,X,high,132,Z,low,284,X,high,,,,,,15-04-2024,16:45:00,18:31:00
661,male,50,2,0,PC 17611,133.65,,S,,,medium,81,C,low,1,A,,,X,low,489,X,,,X,medium,222,Y,high,5,X,low,38,X,,,,,,,07-07-2024,21:49:00,01:48:00
662,male,40,0,0,2623,7.225,,C,73,A,,89,,,,,,30,X,medium,171,Z,medium,273,Y,,68,Z,,401,Y,low,63,X,high,251,,,,,03-07-2024,16:46:00,20:18:00
663,male,47,0,0,5727,25.5875,E58,S,3,A,low,12,D,high,70,D,unknown,,X,high,249,,medium,480,Z,low,308,X,low,212,Z,high,215,Y,high,456,,,,,04-07-2024,13:25:00,15:34:00
664,male,36,0,0,349210,7.4958,,S,,C,low,,C,high,,,unknown,,X,low,275,X,,,Y,low,322,Z,,276,Y,low,315,Y,high,148,,,,,14-04-2024,17:09:00,20:58:00
665,male,20,1,0,STON/O 2. 3101285,7.925,,S,,,,12,B,,40,D,high,,Y,medium,261,Y,high,300,Z,low,77,Z,medium,391,Z,low,291,Y,medium,403,,,,,08-07-2024,12:21:00,14:17:00
666,male,32,2,0,S.O.C. 14879,73.5,,S,69,D,unknown,68,D,unknown,,B,low,30,Y,high,26,Z,medium,328,X,high,336,X,medium,164,Y,high,27,Z,high,127,,,,,09-02-2024,20:48:00,23:13:00
667,male,25,0,0,234686,13,,S,50,D,high,56,B,unknown,72,,high,53,Y,high,454,X,low,92,Y,low,111,Z,low,408,Y,high,339,Z,high,128,,,,,10-08-2024,15:18:00,15:49:00
668,male,,0,0,312993,7.775,,S,86,C,high,8,B,high,80,A,high,,X,high,190,Y,low,419,Y,high,298,Y,high,291,Y,low,,Z,low,140,,,,,28-12-2024,13:53:00,16:32:00
669,male,43,0,0,A/5 3536,8.05,,S,91,B,,23,,,73,,high,,X,medium,459,Y,low,181,X,high,406,X,high,283,Y,medium,407,Y,low,26,,,,,05-11-2024,11:26:00,13:03:00
670,female,,1,0,19996,52,C126,S,,A,low,53,D,high,,,low,79,X,medium,382,X,low,329,X,high,468,X,low,134,Y,low,19,X,,230,,,,,13-03-2024,06:29:00,08:46:00
671,female,40,1,1,29750,39,,S,,C,medium,,C,low,52,B,,62,X,medium,,X,high,422,X,high,127,X,medium,394,Z,low,13,Y,medium,176,,,,,14-06-2024,13:05:00,14:20:00
672,male,31,1,0,F.C. 12750,52,B71,S,61,C,,34,,,52,A,unknown,,Z,medium,351,Y,low,57,Y,medium,,Y,medium,120,Z,high,258,,high,115,,,,,05-03-2024,19:30:00,20:01:00
673,male,70,0,0,C.A. 24580,10.5,,S,,D,unknown,,D,,64,A,medium,98,X,,489,X,high,150,X,,47,X,high,309,Y,medium,401,Z,medium,378,,,,,03-03-2024,08:01:00,09:40:00
674,male,31,0,0,244270,13,,S,9,C,,99,A,low,79,B,medium,,X,low,151,X,medium,471,X,medium,484,Y,medium,414,Y,,382,Z,high,258,,,,,04-08-2024,09:03:00,12:36:00
675,male,,0,0,239856,0,,S,62,A,,76,,high,,,low,89,Y,high,164,X,medium,180,Z,low,165,Z,high,58,Y,low,300,Y,low,97,,,,,08-03-2024,20:45:00,00:36:00
676,male,18,0,0,349912,7.775,,S,,,medium,,C,high,67,C,unknown,,X,medium,335,X,high,330,X,high,401,Z,high,200,Z,low,89,Z,medium,96,,,,,02-04-2024,21:21:00,23:42:00
677,male,24.5,0,0,342826,8.05,,S,58,,medium,,D,,83,A,low,92,Y,medium,116,,high,280,Z,high,467,Z,medium,338,Y,medium,476,Y,high,404,,,,,27-10-2024,21:35:00,23:11:00
678,female,18,0,0,4138,9.8417,,S,,A,unknown,,B,high,,,medium,78,Y,medium,401,X,low,434,Y,high,237,Y,medium,136,Y,medium,10,X,low,135,,,,,07-04-2024,14:32:00,15:44:00
679,female,43,1,6,CA 2144,46.9,,S,52,D,medium,51,D,unknown,41,C,medium,21,,medium,14,,high,255,X,,346,Z,high,13,Y,high,173,Z,high,197,,,,,02-02-2024,19:20:00,22:04:00
680,male,36,0,1,PC 17755,512.3292,B51 B53 B55,C,93,A,unknown,44,A,unknown,,B,,20,X,high,448,Z,low,212,Y,low,236,Y,medium,204,Y,low,377,X,low,59,,,,,27-03-2024,09:56:00,12:08:00
681,female,,0,0,330935,8.1375,,Q,72,,,83,D,medium,2,,,54,,medium,173,Y,medium,8,Y,medium,287,X,high,248,Y,medium,308,Y,high,402,,,,,12-06-2024,21:33:00,00:37:00
682,male,27,0,0,PC 17572,76.7292,D49,C,13,D,,,A,,,D,unknown,50,Z,medium,,Z,medium,237,X,high,124,Z,low,460,Z,medium,395,Z,,178,,,,,07-06-2024,20:50:00,00:36:00
683,male,20,0,0,6563,9.225,,S,95,,,,,,80,B,unknown,23,Y,medium,301,X,low,292,X,high,420,X,medium,403,Z,high,383,X,medium,352,,,,,07-03-2024,19:17:00,19:37:00
684,male,14,5,2,CA 2144,46.9,,S,95,A,medium,,,high,17,,high,26,X,low,137,Z,medium,,Z,medium,61,Z,,90,X,medium,469,,high,202,,,,,20-02-2024,21:48:00,23:58:00
685,male,60,1,1,29750,39,,S,16,D,,6,D,low,,B,low,89,Y,low,152,X,medium,390,X,high,,,medium,138,X,medium,258,Z,medium,400,,,,,15-03-2024,13:58:00,14:22:00
686,male,25,1,2,SC/Paris 2123,41.5792,,C,80,A,,69,D,,90,,unknown,,Y,,240,X,high,388,Z,low,459,Z,high,92,Z,medium,410,Y,,201,,,,,15-05-2024,11:00:00,13:23:00
687,male,14,4,1,3101295,39.6875,,S,,C,,65,,high,49,,medium,,Z,,289,Z,high,229,X,medium,405,X,low,455,X,medium,77,,high,447,,,,,25-07-2024,11:54:00,15:30:00
688,male,19,0,0,349228,10.1708,,S,59,D,unknown,58,D,medium,48,B,,,Z,,68,Y,medium,39,Y,low,379,Y,high,176,Y,high,87,Z,high,362,,,,,25-11-2024,07:39:00,10:45:00
689,male,18,0,0,350036,7.7958,,S,44,C,low,5,B,high,42,A,medium,15,Y,low,24,Z,high,127,X,high,328,Y,low,,Y,low,24,Z,low,240,,,,,18-02-2024,12:57:00,14:40:00
690,female,15,0,1,24160,211.3375,B5,S,78,A,low,49,C,low,37,,,,X,high,,Z,,203,Z,,472,Y,medium,,X,medium,102,X,medium,241,,,,,28-07-2024,15:05:00,15:43:00
691,male,31,1,0,17474,57,B20,S,99,D,high,89,A,medium,38,A,,,,medium,177,Y,,,,medium,432,Y,medium,279,Y,low,55,Z,high,310,,,,,07-03-2024,10:38:00,14:01:00
692,female,4,0,1,349256,13.4167,,C,79,A,medium,23,A,high,55,C,,64,X,high,291,X,high,384,Z,high,,Y,low,37,Y,low,412,Z,medium,,,,,,23-06-2024,15:32:00,19:31:00
693,male,,0,0,1601,56.4958,,S,,C,,69,A,high,,A,,,Z,medium,374,Y,high,447,X,low,312,Z,medium,277,Z,,247,X,low,353,,,,,12-04-2024,06:43:00,08:03:00
694,male,25,0,0,2672,7.225,,C,94,,low,85,C,unknown,,A,,23,Y,high,307,Y,low,496,X,medium,214,,high,5,Z,medium,222,Y,,16,,,,,27-05-2024,12:21:00,15:18:00
695,male,60,0,0,113800,26.55,,S,9,,,,,unknown,86,D,medium,18,Y,,52,Y,high,,Y,low,132,X,medium,78,Z,low,319,,high,132,,,,,08-10-2024,11:49:00,12:47:00
696,male,52,0,0,248731,13.5,,S,25,,medium,51,D,,11,A,unknown,,,high,498,X,low,5,Y,high,409,,medium,73,Y,high,179,Z,medium,218,,,,,15-12-2024,06:57:00,10:40:00
697,male,44,0,0,363592,8.05,,S,72,A,medium,,,low,30,B,,7,Y,low,357,Z,medium,286,Y,high,20,Y,high,354,Z,medium,,Z,high,268,,,,,25-01-2024,15:49:00,16:36:00
698,female,,0,0,35852,7.7333,,Q,59,D,high,69,C,,75,C,unknown,,Y,low,24,Y,high,132,Z,low,64,Y,high,320,Z,high,1,Z,high,44,,,,,16-09-2024,09:33:00,12:05:00
699,male,49,1,1,17421,110.8833,C68,C,5,A,,,,low,54,B,medium,86,X,low,381,Z,high,434,Y,medium,52,X,low,279,Z,,356,X,low,99,,,,,30-05-2024,10:46:00,13:06:00
700,male,42,0,0,348121,7.65,F G63,S,9,,medium,,B,,33,B,medium,30,Y,,440,Y,,232,Z,high,101,Z,high,98,Y,high,435,Y,medium,231,,,,,02-08-2024,17:44:00,20:58:00
701,female,18,1,0,PC 17757,227.525,C62 C64,C,52,,low,,A,low,31,,low,,X,medium,284,,high,4,Y,low,256,Z,high,132,X,medium,19,X,low,223,,,,,05-02-2024,06:14:00,09:33:00
702,male,35,0,0,PC 17475,26.2875,E24,S,61,C,high,71,,,11,,,,X,high,416,X,low,111,X,,471,X,high,188,Y,high,40,X,high,,,,,,05-09-2024,15:35:00,18:13:00
703,female,18,0,1,2691,14.4542,,C,16,C,low,24,C,low,,D,low,25,X,high,443,,,170,Y,low,485,Z,high,489,X,medium,68,X,medium,34,,,,,21-06-2024,18:49:00,21:07:00
704,male,25,0,0,36864,7.7417,,Q,17,C,medium,75,,high,,C,medium,6,Y,low,482,X,medium,13,Y,high,450,X,low,352,X,high,304,Z,high,398,,,,,31-10-2024,19:43:00,23:34:00
705,male,26,1,0,350025,7.8542,,S,,C,,54,C,,41,D,unknown,,Z,medium,477,X,,158,Y,,379,Z,high,,X,low,380,Y,low,150,,,,,14-11-2024,16:19:00,17:26:00
706,male,39,0,0,250655,26,,S,56,D,low,93,D,high,,C,high,2,X,medium,96,Z,medium,269,Z,medium,229,X,high,15,Y,high,411,Z,low,275,,,,,12-10-2024,16:56:00,19:19:00
707,female,45,0,0,223596,13.5,,S,,,medium,65,C,high,27,,high,42,X,low,17,Y,low,446,Z,high,387,Y,medium,173,,low,390,,high,473,,,,,11-01-2024,08:56:00,10:41:00
708,male,42,0,0,PC 17476,26.2875,E24,S,,D,,,A,low,,,unknown,3,Y,medium,325,Y,medium,324,X,,134,X,low,104,X,medium,288,Y,medium,189,,,,,19-12-2024,16:41:00,18:11:00
709,female,22,0,0,113781,151.55,,S,47,D,unknown,97,B,,,C,unknown,,X,low,339,X,high,,X,low,331,Z,low,203,X,medium,351,Y,low,156,,,,,27-10-2024,20:21:00,23:43:00
710,male,,1,1,2661,15.2458,,C,,D,unknown,99,D,unknown,40,C,unknown,,X,high,,X,high,208,X,medium,4,Y,low,497,X,,139,Z,high,132,,,,,20-08-2024,21:48:00,00:52:00
711,female,24,0,0,PC 17482,49.5042,C90,C,,,low,74,A,high,25,D,,32,Y,low,118,Y,medium,384,Y,low,451,Z,high,97,X,low,372,X,medium,326,,,,,18-12-2024,18:56:00,22:56:00
712,male,,0,0,113028,26.55,C124,S,,D,high,59,A,medium,63,,,,Y,low,474,X,low,184,X,medium,485,Y,low,298,Y,medium,91,X,low,,,,,,27-10-2024,14:57:00,18:22:00
713,male,48,1,0,19996,52,C126,S,72,A,high,11,D,unknown,54,B,,,X,low,204,Y,high,281,X,high,367,X,,241,Y,low,481,Z,low,279,,,,,01-10-2024,08:38:00,10:12:00
714,male,29,0,0,7545,9.4833,,S,76,D,medium,,,,57,A,,,X,,370,Z,high,492,Y,high,87,Z,low,329,Y,low,20,Y,high,99,,,,,30-03-2024,11:56:00,14:01:00
715,male,52,0,0,250647,13,,S,,C,medium,47,D,,,,high,,X,high,311,Y,high,68,Y,high,129,X,high,,X,high,472,Z,low,473,,,,,28-11-2024,06:15:00,09:18:00
716,male,19,0,0,348124,7.65,F G73,S,79,,,78,,low,72,,medium,36,Z,high,447,Y,high,238,Z,medium,369,Y,low,258,Y,low,230,Z,,21,,,,,23-05-2024,13:58:00,17:12:00
717,female,38,0,0,PC 17757,227.525,C45,C,51,C,medium,58,C,,,D,,,Y,high,356,X,high,304,,high,249,,low,138,Y,high,,X,low,205,,,,,04-05-2024,08:55:00,12:11:00
718,female,27,0,0,34218,10.5,E101,S,,B,low,43,C,,83,C,low,25,,high,,Y,medium,399,Z,high,273,X,low,482,X,low,79,Z,high,62,,,,,04-11-2024,15:27:00,18:29:00
719,male,,0,0,36568,15.5,,Q,,,,,A,low,42,A,,,X,medium,420,Z,high,418,Z,medium,202,Y,medium,133,Z,low,159,X,high,16,,,,,21-11-2024,19:00:00,21:52:00
720,male,33,0,0,347062,7.775,,S,59,D,medium,,,,40,C,medium,73,Z,low,27,Y,medium,143,,low,417,Z,high,72,X,medium,431,Z,,498,,,,,27-03-2024,12:19:00,15:38:00
721,female,6,0,1,248727,33,,S,13,A,,,,,38,B,low,75,,medium,352,Z,high,233,,low,82,X,medium,47,X,medium,7,X,high,42,,,,,22-09-2024,06:17:00,08:53:00
722,male,17,1,0,350048,7.0542,,S,93,B,low,,D,medium,42,,unknown,51,Z,low,293,Z,low,415,Z,medium,220,X,medium,33,X,high,95,Z,low,453,,,,,19-05-2024,21:37:00,00:09:00
723,male,34,0,0,12233,13,,S,84,,low,,,low,66,B,medium,75,Z,low,388,Z,low,419,Y,high,111,Z,medium,176,Y,high,315,Z,high,272,,,,,31-01-2024,13:11:00,14:38:00
724,male,50,0,0,250643,13,,S,,,unknown,87,D,low,49,C,medium,59,Y,high,112,Y,low,411,Z,high,345,X,medium,408,Y,medium,402,Y,low,160,,,,,26-02-2024,06:26:00,08:15:00
725,male,27,1,0,113806,53.1,E8,S,78,D,low,11,D,unknown,12,A,medium,,Z,low,299,X,medium,,X,low,,X,high,77,X,low,215,X,medium,431,,,,,04-09-2024,09:13:00,12:41:00
726,male,20,0,0,315094,8.6625,,S,11,A,high,40,A,unknown,56,C,medium,35,Z,low,142,X,high,133,X,,149,Z,low,2,Y,low,43,X,high,,,,,,14-03-2024,15:42:00,19:19:00
727,female,30,3,0,31027,21,,S,,C,high,51,,,,D,unknown,51,Z,medium,58,Z,,184,Z,high,,Y,low,,X,high,73,Y,,345,,,,,09-11-2024,07:23:00,11:20:00
728,female,,0,0,36866,7.7375,,Q,8,D,high,,C,low,10,,high,,X,low,287,Y,high,327,Z,medium,431,X,low,280,,high,445,Z,low,383,,,,,04-02-2024,09:02:00,12:13:00
729,male,25,1,0,236853,26,,S,48,D,unknown,16,C,,,A,low,76,X,high,10,Z,high,127,X,medium,108,Z,low,281,X,low,107,Z,low,181,,,,,27-04-2024,10:11:00,13:43:00
730,female,25,1,0,STON/O2. 3101271,7.925,,S,65,A,,,D,,31,A,low,,Z,high,46,Z,high,341,Z,medium,434,Y,low,0,Z,medium,289,Y,medium,150,,,,,30-12-2024,09:47:00,13:35:00
731,female,29,0,0,24160,211.3375,B5,S,72,,,59,,medium,,,,5,Z,medium,264,Y,medium,257,Y,high,,Z,low,101,Y,low,468,X,medium,4,,,,,09-01-2024,08:02:00,09:24:00
732,male,11,0,0,2699,18.7875,,C,41,,low,,,medium,17,D,,49,Y,low,449,X,low,221,Y,high,482,Y,low,,Z,low,187,Y,medium,,,,,,31-08-2024,11:53:00,14:08:00
733,male,,0,0,239855,0,,S,,,,16,B,high,,D,,7,X,high,357,Z,medium,177,Z,low,171,Y,,369,Y,high,33,Z,low,21,,,,,07-02-2024,14:15:00,16:01:00
734,male,23,0,0,28425,13,,S,,B,high,42,D,,,,unknown,19,Y,medium,7,X,low,,X,medium,327,Y,medium,325,X,low,,Y,low,228,,,,,24-12-2024,06:25:00,07:42:00
735,male,23,0,0,233639,13,,S,20,,unknown,72,D,,13,B,medium,37,Y,low,54,Y,low,232,,,,Y,low,407,Y,low,,Z,low,265,,,,,05-11-2024,12:19:00,14:51:00
736,male,28.5,0,0,54636,16.1,,S,,,medium,73,,unknown,,A,,0,Y,high,215,X,high,153,X,high,39,Y,medium,273,Y,low,325,X,low,212,,,,,19-04-2024,17:18:00,19:39:00
737,female,48,1,3,W./C. 6608,34.375,,S,,B,,19,C,unknown,31,B,low,22,Y,high,214,X,,191,Y,medium,,X,low,201,Z,high,451,Y,medium,351,,,,,09-02-2024,09:28:00,09:59:00
738,male,35,0,0,PC 17755,512.3292,B101,C,,,unknown,,,medium,58,B,medium,54,,medium,19,Y,high,242,X,low,103,Z,high,279,Y,high,387,X,low,180,,,,,13-07-2024,12:16:00,14:57:00
739,male,,0,0,349201,7.8958,,S,,,high,89,,,56,C,medium,37,Y,medium,128,Y,medium,308,X,low,490,Z,,192,X,high,344,Y,,395,,,,,13-08-2024,13:56:00,15:56:00
740,male,,0,0,349218,7.8958,,S,89,A,unknown,22,A,,,D,,89,Z,high,63,Y,medium,495,,low,44,Y,medium,78,X,low,166,Y,medium,326,,,,,24-10-2024,06:52:00,07:49:00
741,male,,0,0,16988,30,D45,S,81,A,,2,C,medium,58,D,,9,X,low,,Y,high,170,X,medium,382,Z,high,287,Z,low,,X,medium,468,,,,,08-03-2024,08:26:00,09:11:00
742,male,36,1,0,19877,78.85,C46,S,76,C,medium,95,,unknown,56,,low,,Z,medium,329,Y,medium,89,Y,high,419,Y,high,147,X,high,362,Z,high,363,,,,,24-03-2024,07:02:00,08:52:00
743,female,21,2,2,PC 17608,262.375,B57 B59 B63 B66,C,,B,,52,A,,8,A,high,59,Z,medium,195,X,high,488,Z,low,453,Z,high,132,Z,medium,422,Z,medium,63,,,,,19-03-2024,13:37:00,14:29:00
744,male,24,1,0,376566,16.1,,S,27,,high,77,,,,,medium,64,Y,medium,285,X,low,73,Z,medium,264,Z,medium,355,X,low,347,Y,high,279,,,,,16-10-2024,20:43:00,21:23:00
745,male,31,0,0,STON/O 2. 3101288,7.925,,S,79,D,low,32,,,11,B,medium,67,Y,,100,Z,medium,451,X,medium,262,Z,medium,33,X,low,326,Y,high,328,,,,,17-08-2024,15:34:00,18:45:00
746,male,70,1,1,WE/P 5735,71,B22,S,36,A,unknown,,A,,43,B,low,5,Y,low,425,Z,,71,Z,medium,371,X,medium,11,Z,high,359,X,medium,6,,,,,18-08-2024,20:54:00,00:26:00
747,male,16,1,1,C.A. 2673,20.25,,S,53,B,low,,D,medium,36,C,low,79,Y,low,2,,high,181,Y,high,317,X,low,178,,,138,X,medium,22,,,,,21-01-2024,19:37:00,23:10:00
748,female,30,0,0,250648,13,,S,31,C,medium,,A,,,C,medium,33,Z,medium,252,X,high,499,,low,393,Y,medium,297,Y,low,58,Y,low,11,,,,,27-06-2024,18:11:00,21:48:00
749,male,19,1,0,113773,53.1,D30,S,31,D,,47,C,unknown,,D,medium,65,,high,160,Z,low,82,Y,medium,180,Z,high,419,X,medium,314,Y,high,85,,,,,16-09-2024,07:28:00,08:25:00
750,male,31,0,0,335097,7.75,,Q,,C,high,,,unknown,,C,,,Y,medium,225,Z,medium,79,Y,high,466,X,low,258,X,medium,471,Z,high,440,,,,,14-03-2024,12:24:00,14:32:00
751,female,4,1,1,29103,23,,S,,B,high,,B,low,41,,unknown,39,,low,258,,low,304,Y,,216,X,medium,129,X,medium,68,Z,,120,,,,,31-01-2024,15:18:00,16:28:00
752,male,6,0,1,392096,12.475,E121,S,14,,unknown,,A,unknown,6,A,,70,Y,high,323,X,high,95,Y,medium,124,X,low,171,X,medium,35,X,medium,93,,,,,30-05-2024,20:26:00,23:37:00
753,male,33,0,0,345780,9.5,,S,,D,,91,,,0,,medium,93,Y,medium,464,X,medium,12,X,medium,375,Y,low,189,X,low,353,X,low,223,,,,,28-07-2024,20:04:00,21:11:00
754,male,23,0,0,349204,7.8958,,S,93,B,,,A,,54,D,,87,Y,high,280,Z,low,347,X,high,310,Z,low,167,Y,medium,211,Y,,199,,,,,11-10-2024,20:35:00,00:09:00
755,female,48,1,2,220845,65,,S,55,D,,,,medium,,D,high,,Y,low,113,Z,high,479,X,medium,24,Y,,334,X,high,451,Y,low,496,,,,,29-08-2024,14:35:00,18:22:00
756,male,0.67,1,1,250649,14.5,,S,43,D,unknown,51,D,medium,54,B,medium,53,Y,low,,Y,high,379,Z,medium,83,Z,low,399,Y,high,235,Z,low,51,,,,,02-12-2024,08:02:00,08:35:00
757,male,28,0,0,350042,7.7958,,S,73,,medium,,D,,72,,,52,Z,high,256,X,low,482,Y,medium,18,X,high,354,Z,low,260,X,low,420,,,,,30-05-2024,13:08:00,16:51:00
758,male,18,0,0,29108,11.5,,S,38,A,,82,,unknown,75,A,,96,Z,low,432,Y,low,263,Y,medium,287,X,medium,,X,high,30,Y,medium,114,,,,,28-02-2024,11:33:00,12:41:00
759,male,34,0,0,363294,8.05,,S,,D,unknown,72,D,,87,A,medium,20,Z,low,283,X,low,307,Y,high,,Z,medium,143,,medium,476,Y,medium,154,,,,,05-12-2024,09:06:00,11:17:00
760,female,33,0,0,110152,86.5,B77,S,,A,,14,,,,C,,95,Y,,434,X,low,491,Z,low,161,Y,medium,39,Y,,165,Y,,242,,,,,01-04-2024,14:34:00,16:25:00
761,male,,0,0,358585,14.5,,S,17,B,low,58,D,medium,88,C,low,64,Z,low,324,X,medium,251,Z,low,55,X,high,398,Y,low,219,X,high,487,,,,,03-03-2024,18:10:00,21:38:00
762,male,41,0,0,SOTON/O2 3101272,7.125,,S,55,,unknown,53,,low,79,C,unknown,,Z,medium,285,X,high,19,Z,medium,425,X,low,481,Z,high,314,Z,medium,117,,,,,25-11-2024,12:52:00,14:01:00
763,male,20,0,0,2663,7.2292,,C,,C,high,,,low,43,,,,X,medium,164,X,low,119,X,,360,Z,low,27,Z,medium,428,Y,high,171,,,,,26-02-2024,17:51:00,18:21:00
764,female,36,1,2,113760,120,B96 B98,S,93,B,high,,B,medium,50,B,medium,81,Z,low,128,Z,medium,310,X,low,272,Z,medium,65,Z,low,397,X,low,329,,,,,26-12-2024,14:01:00,16:29:00
765,male,16,0,0,347074,7.775,,S,36,C,unknown,,B,,61,A,high,,Z,medium,49,Y,medium,428,Z,high,99,Z,low,107,Z,high,386,Y,low,335,,,,,24-10-2024,07:52:00,09:29:00
766,female,51,1,0,13502,77.9583,D11,S,78,,medium,,,,,,,,Y,low,274,Y,high,303,Z,low,336,Y,medium,398,X,high,,X,,183,,,,,25-11-2024,21:38:00,01:33:00
767,male,,0,0,112379,39.6,,C,61,D,,51,B,unknown,67,C,,,Z,low,460,Y,medium,202,X,medium,183,Z,low,108,Y,,44,Y,low,65,,,,,19-05-2024,19:20:00,23:06:00
768,female,30.5,0,0,364850,7.75,,Q,47,,high,,,unknown,58,B,medium,72,X,low,6,Z,high,160,Y,medium,122,,high,6,Y,medium,415,X,high,394,,,,,12-12-2024,12:12:00,12:54:00
769,male,,1,0,371110,24.15,,Q,,A,low,,A,high,52,C,unknown,91,Z,low,476,Z,high,341,X,low,146,Y,high,167,Y,medium,,X,low,450,,,,,11-09-2024,14:13:00,15:42:00
770,male,32,0,0,8471,8.3625,,S,37,B,low,4,B,,,B,low,,Y,medium,429,Y,,449,Z,high,30,X,low,182,Z,low,311,,high,300,,,,,30-03-2024,14:01:00,15:11:00
771,male,24,0,0,345781,9.5,,S,65,A,,35,,unknown,68,C,unknown,,Z,medium,219,Z,low,139,Z,low,245,Z,medium,197,Y,low,455,Y,,436,,,,,19-03-2024,21:36:00,00:34:00
772,male,48,0,0,350047,7.8542,,S,98,D,,,D,medium,93,B,high,4,Y,low,156,Y,low,,Z,medium,376,Y,low,257,Y,low,158,Z,medium,126,,,,,13-03-2024,21:15:00,23:06:00
773,female,57,0,0,S.O./P.P. 3,10.5,E77,S,0,,high,,A,medium,97,B,low,63,Y,medium,290,X,low,213,Z,medium,413,Y,medium,120,Z,medium,175,Y,,,,,,,16-10-2024,21:01:00,22:54:00
774,male,,0,0,2674,7.225,,C,,B,medium,,C,low,82,A,low,,Y,high,427,Z,medium,123,Y,medium,362,Z,medium,14,Z,low,85,Z,medium,,,,,,14-08-2024,16:02:00,16:50:00
775,female,54,1,3,29105,23,,S,,,low,,D,high,29,C,high,96,Y,low,14,Z,low,202,X,low,437,X,high,53,Z,low,396,X,medium,451,,,,,05-08-2024,15:21:00,17:41:00
776,male,18,0,0,347078,7.75,,S,,,high,44,D,low,,D,,,Z,low,224,Y,medium,44,Z,medium,481,Z,low,367,Y,high,334,Z,medium,466,,,,,31-01-2024,20:17:00,22:37:00
777,male,,0,0,383121,7.75,F38,Q,42,B,unknown,75,D,high,29,C,low,91,Z,high,23,Y,low,265,Y,medium,111,X,medium,329,X,high,,Y,low,172,,,,,25-05-2024,07:57:00,10:28:00
778,female,5,0,0,364516,12.475,,S,11,,medium,33,A,,,,high,,X,medium,322,Z,,53,X,medium,216,X,high,130,Z,low,499,Z,low,60,,,,,07-01-2024,13:17:00,17:03:00
779,male,,0,0,36865,7.7375,,Q,,A,low,15,B,low,,,unknown,0,Y,,38,Y,high,237,Z,high,168,Y,low,470,Z,medium,15,X,high,374,,,,,28-03-2024,21:07:00,00:22:00
780,female,43,0,1,24160,211.3375,B3,S,85,B,,84,D,high,88,A,high,,X,medium,158,Y,medium,448,Y,high,342,Y,low,270,X,low,385,X,low,334,,,,,05-11-2024,20:32:00,23:45:00
781,female,13,0,0,2687,7.2292,,C,87,B,,77,D,medium,68,D,high,63,X,medium,369,Z,medium,72,X,low,418,X,high,398,X,high,103,,medium,323,,,,,11-02-2024,18:14:00,19:41:00
782,female,17,1,0,17474,57,B20,S,63,D,,,C,medium,68,A,low,,Z,low,375,X,,125,Z,,444,Z,low,396,Y,high,391,,high,315,,,,,15-03-2024,06:24:00,09:07:00
783,male,29,0,0,113501,30,D6,S,12,D,medium,,D,high,95,C,high,17,Z,low,113,Y,low,360,X,high,,Y,low,150,X,low,241,X,low,20,,,,,13-01-2024,20:08:00,21:42:00
784,male,,1,2,W./C. 6607,23.45,,S,,D,medium,77,C,,68,D,high,91,Z,high,256,Z,medium,453,,,257,Z,high,295,Y,low,117,Z,high,334,,,,,10-05-2024,17:35:00,21:27:00
785,male,25,0,0,SOTON/O.Q. 3101312,7.05,,S,,,low,74,A,unknown,14,D,low,,Y,high,92,X,high,,Y,high,58,Z,medium,296,Y,low,28,Z,medium,242,,,,,24-03-2024,06:59:00,08:11:00
786,male,25,0,0,374887,7.25,,S,58,,medium,,D,medium,,B,medium,41,Y,high,295,X,low,60,X,low,164,Y,low,227,X,low,310,Z,medium,15,,,,,26-11-2024,19:07:00,20:29:00
787,female,18,0,0,3101265,7.4958,,S,,B,unknown,,A,medium,35,D,,29,Z,low,4,Y,high,119,,medium,239,Y,high,317,Z,medium,80,Y,high,427,,,,,21-02-2024,18:22:00,20:15:00
788,male,8,4,1,382652,29.125,,Q,68,B,medium,59,B,unknown,63,,unknown,,X,high,406,X,,491,Z,medium,309,Y,medium,168,X,high,224,,high,14,,,,,09-11-2024,20:04:00,22:37:00
789,male,1,1,2,C.A. 2315,20.575,,S,,,high,,A,low,63,A,low,,,medium,11,Y,,252,Y,high,395,Z,medium,49,,high,475,Z,medium,116,,,,,27-09-2024,19:39:00,22:42:00
790,male,46,0,0,PC 17593,79.2,B82 B84,C,,D,low,77,C,,29,,high,11,,medium,304,X,low,416,,high,497,Z,high,22,Z,low,443,,low,147,,,,,17-10-2024,06:28:00,07:51:00
791,male,,0,0,12460,7.75,,Q,,A,low,46,A,unknown,,D,high,,Y,high,202,Y,low,7,Y,,167,X,low,223,X,,246,Z,high,391,,,,,31-03-2024,16:36:00,18:26:00
792,male,16,0,0,239865,26,,S,45,B,high,90,,medium,8,D,high,98,Y,medium,111,Y,low,58,X,high,279,Y,medium,456,X,high,365,Y,low,40,,,,,12-04-2024,20:27:00,22:17:00
793,female,,8,2,CA. 2343,69.55,,S,,C,low,,D,low,29,D,high,23,X,,270,X,high,102,Z,,34,X,medium,107,Z,high,411,X,high,192,,,,,22-04-2024,15:33:00,18:08:00
794,male,,0,0,PC 17600,30.6958,,C,,C,medium,,,medium,82,B,unknown,77,Y,low,70,Y,,43,Z,medium,55,X,low,295,Z,medium,303,Y,medium,183,,,,,06-07-2024,20:08:00,23:20:00
795,male,25,0,0,349203,7.8958,,S,43,B,medium,91,,unknown,65,B,,2,Z,high,289,X,high,,X,medium,483,Z,low,,X,high,103,Z,medium,207,,,,,30-10-2024,20:04:00,21:20:00
796,male,39,0,0,28213,13,,S,29,C,low,47,D,unknown,94,,high,89,X,medium,322,X,low,401,Y,medium,469,Y,,315,X,low,405,Y,high,436,,,,,24-02-2024,10:52:00,12:18:00
797,female,49,0,0,17465,25.9292,D17,S,96,,high,,B,unknown,,A,high,65,Y,medium,,Y,high,195,Z,high,469,Z,low,92,Z,,,Z,high,162,,,,,03-08-2024,13:50:00,15:13:00
798,female,31,0,0,349244,8.6833,,S,,A,unknown,,C,,85,,high,22,X,medium,180,X,,39,,high,130,Z,low,220,Y,medium,261,Z,low,177,,,,,08-09-2024,14:11:00,16:10:00
799,male,30,0,0,2685,7.2292,,C,31,,low,87,,,17,C,unknown,88,X,low,229,Z,low,53,X,medium,325,X,medium,404,Y,high,390,X,high,204,,,,,09-02-2024,13:25:00,13:48:00
800,female,30,1,1,345773,24.15,,S,,C,unknown,75,A,medium,,C,low,,Y,medium,478,X,medium,131,X,high,114,Y,high,186,Y,low,285,Z,medium,196,,,,,17-08-2024,06:18:00,09:41:00
801,male,34,0,0,250647,13,,S,1,,high,16,A,,5,B,unknown,99,Y,high,376,Y,high,363,Z,low,340,X,low,467,Y,low,174,Z,medium,,,,,,22-06-2024,15:19:00,18:36:00
802,female,31,1,1,C.A. 31921,26.25,,S,,,,49,A,unknown,9,D,high,59,Y,low,2,X,low,400,Y,medium,242,,low,23,Z,medium,,X,medium,133,,,,,28-05-2024,10:00:00,12:51:00
803,male,11,1,2,113760,120,B96 B98,S,51,,low,37,D,,23,C,unknown,44,X,high,144,Y,low,269,Y,medium,466,X,low,41,X,medium,,Y,,56,,,,,10-07-2024,07:47:00,09:08:00
804,male,0.42,0,1,2625,8.5167,,C,91,C,unknown,64,D,unknown,28,A,medium,5,Y,low,12,X,medium,453,X,low,186,Y,low,84,X,medium,372,Z,low,210,,,,,10-11-2024,11:45:00,13:16:00
805,male,27,0,0,347089,6.975,,S,,C,low,,,,1,,,26,X,low,118,Z,medium,464,X,medium,321,X,medium,121,Z,high,496,X,medium,41,,,,,05-03-2024,08:25:00,10:45:00
806,male,31,0,0,347063,7.775,,S,,,,71,,,,D,,5,Y,low,389,X,medium,383,Y,high,329,Y,medium,212,X,high,389,X,high,398,,,,,17-09-2024,06:13:00,06:58:00
807,male,39,0,0,112050,0,A36,S,,D,high,74,,unknown,52,A,,85,Z,medium,,Y,high,39,Y,high,394,X,medium,456,Z,low,158,X,,446,,,,,05-09-2024,10:17:00,13:42:00
808,female,18,0,0,347087,7.775,,S,11,D,medium,,D,low,65,C,unknown,,Y,low,228,Z,medium,444,Y,high,26,Z,high,120,Y,medium,55,X,medium,415,,,,,25-11-2024,15:59:00,17:11:00
809,male,39,0,0,248723,13,,S,,A,low,15,,,65,A,,11,Z,medium,,Y,high,454,Z,low,231,Z,medium,178,X,low,236,X,medium,402,,,,,26-02-2024,20:46:00,22:13:00
810,female,33,1,0,113806,53.1,E8,S,99,D,,62,,,96,,low,,Y,medium,185,Z,low,279,X,low,226,Y,,22,Y,high,428,Z,medium,210,,,,,25-08-2024,16:59:00,19:54:00
811,male,26,0,0,3474,7.8875,,S,4,A,low,,,,,,high,97,Z,medium,238,,low,299,,medium,114,X,high,357,Y,low,317,Z,high,349,,,,,28-08-2024,09:06:00,11:37:00
812,male,39,0,0,A/4 48871,24.15,,S,87,,high,94,,low,34,B,high,97,Z,high,414,X,low,389,,low,402,Z,low,273,Y,low,160,Z,high,198,,,,,14-08-2024,16:44:00,19:52:00
813,male,35,0,0,28206,10.5,,S,68,,unknown,77,B,,,,high,71,Z,medium,137,Z,low,296,,low,416,Y,low,22,Z,medium,44,Y,high,427,,,,,08-05-2024,17:03:00,20:54:00
814,female,6,4,2,347082,31.275,,S,28,B,medium,95,,unknown,55,A,low,7,Y,low,159,X,low,172,Y,medium,40,Y,low,232,X,high,126,Z,low,97,,,,,22-03-2024,08:47:00,10:25:00
815,male,30.5,0,0,364499,8.05,,S,,,,53,B,medium,52,C,,50,X,high,68,Y,high,348,X,,342,X,low,109,X,medium,358,X,low,70,,,,,29-12-2024,21:23:00,22:47:00
816,male,,0,0,112058,0,B102,S,83,B,low,93,,medium,79,D,medium,94,Y,low,109,,low,392,,high,430,X,,,Y,low,334,X,,487,,,,,23-08-2024,08:10:00,09:46:00
817,female,23,0,0,STON/O2. 3101290,7.925,,S,4,C,,1,,medium,56,B,high,9,Z,high,18,Y,,70,Y,low,144,Y,high,142,Y,low,225,X,medium,180,,,,,14-05-2024,13:08:00,14:45:00
818,male,31,1,1,S.C./PARIS 2079,37.0042,,C,10,A,low,28,,,23,D,unknown,79,Y,,407,Y,low,339,Y,high,316,Y,medium,392,Z,high,166,X,medium,155,,,,,31-05-2024,12:19:00,13:42:00
819,male,43,0,0,C 7075,6.45,,S,66,C,low,0,B,high,,B,high,1,Z,high,426,Z,low,86,,medium,311,Z,low,28,,medium,87,Z,medium,334,,,,,14-08-2024,16:27:00,19:07:00
820,male,10,3,2,347088,27.9,,S,99,B,high,67,,high,96,A,,,Z,low,210,Y,low,287,X,,9,X,high,299,Z,,486,Z,medium,171,,,,,23-01-2024,14:57:00,16:51:00
821,female,52,1,1,12749,93.5,B69,S,,C,,51,A,,,C,unknown,,Z,medium,296,Z,low,53,Y,medium,408,X,high,396,Y,high,215,Z,high,373,,,,,01-06-2024,11:15:00,12:00:00
822,male,27,0,0,315098,8.6625,,S,66,D,,28,,medium,59,D,,,,high,124,Z,medium,496,Z,low,375,Z,medium,0,Y,low,383,Z,medium,214,,,,,15-02-2024,12:01:00,14:44:00
823,male,38,0,0,19972,0,,S,13,,,30,C,unknown,17,B,unknown,41,X,medium,22,Z,low,333,X,high,135,Z,high,452,Z,medium,230,Z,medium,391,,,,,02-02-2024,13:13:00,16:00:00
824,female,27,0,1,392096,12.475,E121,S,65,,,,,unknown,0,D,,,Y,low,257,Z,low,234,Y,high,157,Z,medium,,Z,medium,,Y,medium,40,,,,,24-08-2024,07:43:00,10:29:00
825,male,2,4,1,3101295,39.6875,,S,62,B,high,18,B,high,,C,unknown,84,Y,low,79,,high,251,Z,high,384,,medium,139,X,low,320,X,low,363,,,,,17-03-2024,06:02:00,07:36:00
826,male,,0,0,368323,6.95,,Q,9,,,51,A,,2,,,32,Z,high,424,Y,low,309,Y,low,400,X,medium,241,Y,high,177,X,,164,,,,,11-04-2024,09:45:00,13:37:00
827,male,,0,0,1601,56.4958,,S,68,B,unknown,61,,medium,45,,,64,,medium,139,X,low,,X,,36,Z,low,340,Z,,468,Z,low,211,,,,,03-02-2024,14:23:00,16:48:00
828,male,1,0,2,S.C./PARIS 2079,37.0042,,C,89,A,,23,,high,88,B,,46,X,,368,X,,254,Z,medium,179,Y,low,258,X,high,228,Y,low,465,,,,,26-10-2024,10:51:00,12:18:00
829,male,,0,0,367228,7.75,,Q,,C,,22,C,medium,,A,low,43,X,low,131,Y,medium,357,X,high,312,Y,,378,Z,low,382,Z,low,241,,,,,20-09-2024,06:54:00,07:24:00
830,female,62,0,0,113572,80,B28,,2,B,medium,,,,,,,79,Y,medium,63,Y,high,130,,medium,63,,high,444,Z,high,458,X,low,37,,,,,05-04-2024,07:37:00,11:17:00
831,female,15,1,0,2659,14.4542,,C,,A,,,,,85,,low,22,X,medium,274,X,high,239,Y,medium,499,X,high,179,X,medium,191,Y,low,229,,,,,29-06-2024,09:17:00,11:43:00
832,male,0.83,1,1,29106,18.75,,S,,A,high,25,D,low,,C,medium,,Y,high,91,Z,high,165,X,medium,104,X,low,54,Y,medium,117,,low,,,,,,14-04-2024,09:03:00,09:22:00
833,male,,0,0,2671,7.2292,,C,45,,unknown,37,,,65,C,unknown,48,X,high,199,Z,low,80,Y,low,433,Z,low,215,Y,low,484,Y,low,237,,,,,22-07-2024,09:14:00,10:40:00
834,male,23,0,0,347468,7.8542,,S,14,D,unknown,54,C,,78,A,,,Z,medium,146,X,medium,489,Y,high,,Z,medium,299,Y,medium,392,Y,high,108,,,,,11-06-2024,07:29:00,09:02:00
835,male,18,0,0,2223,8.3,,S,85,,medium,18,B,low,,,low,,Y,low,441,X,medium,,Z,high,437,Y,high,387,Y,high,395,Y,low,321,,,,,13-11-2024,16:08:00,16:45:00
836,female,39,1,1,PC 17756,83.1583,E49,C,77,A,,56,D,unknown,42,B,medium,34,Z,high,251,,high,196,Y,low,20,X,medium,141,Z,low,473,X,high,117,,,,,20-06-2024,07:46:00,10:12:00
837,male,21,0,0,315097,8.6625,,S,80,B,low,13,,,39,C,,66,Y,low,359,X,medium,169,Y,medium,,,high,464,Z,medium,13,Z,high,232,,,,,17-05-2024,19:11:00,22:10:00
838,male,,0,0,392092,8.05,,S,19,D,unknown,14,B,unknown,,B,,47,X,,294,X,high,339,Z,high,180,X,high,18,Y,medium,472,Z,high,477,,,,,15-09-2024,19:54:00,20:26:00
839,male,32,0,0,1601,56.4958,,S,1,C,low,23,C,medium,40,D,,,X,high,455,X,high,54,X,low,230,Y,high,290,X,medium,58,Y,medium,318,,,,,14-07-2024,09:24:00,10:16:00
840,male,,0,0,11774,29.7,C47,C,91,A,,28,,unknown,,A,high,52,Z,high,219,Z,high,283,Y,medium,54,Y,medium,218,Z,low,72,Y,low,354,,,,,12-11-2024,20:31:00,22:17:00
841,male,20,0,0,SOTON/O2 3101287,7.925,,S,28,,medium,2,D,,18,A,,,Y,high,431,X,high,115,Z,medium,338,Y,,,Y,low,109,X,medium,,,,,,21-02-2024,09:07:00,10:10:00
842,male,16,0,0,S.O./P.P. 3,10.5,,S,65,B,unknown,96,B,,17,B,low,,Z,low,,X,high,444,X,medium,311,X,low,141,Z,high,56,Y,medium,459,,,,,20-10-2024,10:34:00,12:43:00
843,female,30,0,0,113798,31,,C,90,D,,,D,low,71,A,unknown,44,Z,,460,Y,,392,X,medium,,Z,high,465,Z,medium,41,Y,high,443,,,,,25-06-2024,16:44:00,18:59:00
844,male,34.5,0,0,2683,6.4375,,C,3,A,medium,,,,76,A,,43,Y,medium,347,Y,medium,378,X,high,236,Z,low,0,X,high,62,,low,428,,,,,17-02-2024,12:22:00,13:52:00
845,male,17,0,0,315090,8.6625,,S,0,D,,,,medium,67,C,medium,27,Y,low,490,Z,medium,72,Z,low,276,X,high,407,Y,medium,242,Y,low,170,,,,,05-03-2024,13:10:00,15:48:00
846,male,42,0,0,C.A. 5547,7.55,,S,0,C,low,80,B,,,D,,,X,high,372,X,medium,40,Y,low,343,Z,,246,X,medium,186,Z,medium,312,,,,,10-09-2024,09:41:00,12:23:00
847,male,,8,2,CA. 2343,69.55,,S,15,,,83,D,low,0,C,,,X,high,155,X,high,229,X,medium,269,Y,low,257,Y,low,170,X,high,409,,,,,10-05-2024,08:44:00,11:29:00
848,male,35,0,0,349213,7.8958,,C,5,,low,10,C,unknown,,,medium,,X,medium,78,Y,low,177,Z,high,29,Z,high,155,Z,medium,85,Y,low,279,,,,,07-09-2024,16:56:00,18:47:00
849,male,28,0,1,248727,33,,S,81,,,37,,high,46,,,69,X,low,104,Y,medium,362,Z,medium,271,X,high,195,Y,high,486,Z,high,63,,,,,17-09-2024,16:35:00,19:02:00
850,female,,1,0,17453,89.1042,C92,C,60,D,medium,,D,unknown,,B,,41,Y,low,286,Y,medium,355,X,low,174,Z,medium,217,X,low,166,Z,high,254,,,,,18-11-2024,20:11:00,22:03:00
851,male,4,4,2,347082,31.275,,S,,A,,57,,high,92,A,unknown,70,Z,medium,82,,medium,198,Z,low,205,Z,low,155,,low,236,Z,medium,108,,,,,17-05-2024,08:29:00,12:20:00
852,male,74,0,0,347060,7.775,,S,,B,medium,0,D,low,86,D,medium,71,Y,low,118,Y,medium,80,Z,high,185,Z,medium,5,X,low,71,Y,medium,,,,,,30-05-2024,17:16:00,19:23:00
853,female,9,1,1,2678,15.2458,,C,96,A,,,D,medium,77,,low,52,Y,low,314,Z,low,,Z,low,176,Z,high,200,X,medium,106,Y,medium,,,,,,18-12-2024,10:37:00,14:18:00
854,female,16,0,1,PC 17592,39.4,D28,S,23,A,low,,,medium,2,B,,,Z,low,166,Z,high,,X,low,118,Z,low,200,Y,low,117,Y,high,350,,,,,11-01-2024,11:39:00,12:38:00
855,female,44,1,0,244252,26,,S,,A,,,,low,,,unknown,,Z,high,340,Z,low,126,X,medium,165,,low,,Z,high,485,Z,low,275,,,,,15-02-2024,12:28:00,15:00:00
856,female,18,0,1,392091,9.35,,S,84,,,38,,unknown,43,C,high,15,,medium,498,X,low,158,Y,medium,356,Z,high,235,Z,low,88,Z,low,299,,,,,14-05-2024,10:43:00,11:17:00
857,female,45,1,1,36928,164.8667,,S,24,A,,,B,unknown,,A,,,X,medium,43,Z,low,,Z,low,112,Y,low,274,Y,medium,256,X,medium,,,,,,02-07-2024,20:01:00,21:03:00
858,male,51,0,0,113055,26.55,E17,S,,,,30,A,,,A,unknown,95,Y,medium,320,Z,medium,32,Y,low,379,Z,low,233,Z,low,272,X,low,224,,,,,16-01-2024,15:16:00,16:26:00
859,female,24,0,3,2666,19.2583,,C,66,A,,29,B,high,29,C,,40,X,low,410,Y,,300,Z,low,219,Z,high,,Z,medium,36,X,,113,,,,,05-05-2024,12:10:00,13:00:00
860,male,,0,0,2629,7.2292,,C,80,A,unknown,34,A,high,11,,high,31,X,medium,70,X,high,498,X,medium,305,Y,medium,358,Y,high,175,X,high,,,,,,19-11-2024,21:41:00,23:12:00
861,male,41,2,0,350026,14.1083,,S,96,D,high,30,C,high,32,C,medium,79,Y,high,391,Y,,475,Y,high,58,Y,low,337,X,high,40,X,medium,174,,,,,16-07-2024,09:03:00,10:02:00
862,male,21,1,0,28134,11.5,,S,92,A,,,C,low,79,B,high,60,Y,high,253,Z,medium,464,Z,low,103,Y,low,495,Z,,87,Z,high,78,,,,,22-10-2024,09:07:00,12:00:00
863,female,48,0,0,17466,25.9292,D17,S,,,medium,4,C,high,,A,unknown,,,low,314,Y,high,329,Y,medium,450,Y,low,248,Y,medium,337,X,medium,400,,,,,04-12-2024,13:21:00,14:18:00
864,female,,8,2,CA. 2343,69.55,,S,77,A,high,27,C,unknown,,,low,9,X,low,25,X,low,373,Z,low,415,Y,low,13,X,medium,284,Y,low,275,,,,,14-06-2024,13:22:00,16:25:00
865,male,24,0,0,233866,13,,S,84,A,,31,B,,59,B,,80,Z,high,217,,low,32,Y,high,34,X,low,292,Z,low,247,Y,medium,260,,,,,28-12-2024,13:39:00,17:15:00
866,female,42,0,0,236852,13,,S,69,C,high,,C,high,9,,unknown,,Y,high,183,,,100,X,low,451,Y,medium,198,Y,high,106,X,medium,259,,,,,27-09-2024,16:03:00,17:00:00
867,female,27,1,0,SC/PARIS 2149,13.8583,,C,81,D,,87,D,,,,,,Y,high,76,Z,high,353,Z,,418,Z,,47,Z,high,312,X,low,38,,,,,11-06-2024,14:16:00,16:07:00
868,male,31,0,0,PC 17590,50.4958,A24,S,,C,,67,A,high,15,,,,,medium,381,Y,medium,494,Z,low,68,X,medium,428,X,high,452,Z,medium,267,,,,,30-12-2024,20:32:00,21:12:00
869,male,,0,0,345777,9.5,,S,,C,high,,B,,26,,,,X,medium,252,Z,high,454,Z,medium,120,Z,low,316,X,high,424,Y,low,271,,,,,30-04-2024,16:14:00,20:06:00
870,male,4,1,1,347742,11.1333,,S,4,A,high,,D,medium,97,,medium,,Y,high,439,Z,medium,315,Y,high,88,Y,high,312,,low,86,X,high,255,,,,,25-03-2024,06:01:00,09:46:00
871,male,26,0,0,349248,7.8958,,S,45,D,medium,,,,50,A,low,,X,high,79,Z,medium,54,Y,low,,X,medium,318,Y,low,340,Y,medium,3,,,,,13-01-2024,07:19:00,10:26:00
872,female,47,1,1,11751,52.5542,D35,S,,A,low,90,D,unknown,19,,low,63,X,high,365,Y,high,483,X,medium,426,Y,high,491,Z,medium,121,Y,low,375,,,,,14-11-2024,21:52:00,00:50:00
873,male,33,0,0,695,5,B51 B53 B55,S,11,C,low,45,,low,50,A,low,84,Z,,302,Z,high,158,Y,low,360,Z,medium,344,,low,430,Y,low,307,,,,,27-03-2024,17:00:00,18:07:00
874,male,47,0,0,345765,9,,S,12,B,,68,B,medium,7,B,,61,Z,high,325,X,medium,21,X,low,125,X,medium,356,Z,high,236,Z,medium,378,,,,,27-04-2024,16:59:00,18:29:00
875,female,28,1,0,P/PP 3381,24,,C,69,D,medium,38,A,,31,A,unknown,77,Y,low,154,X,high,384,X,low,460,Z,medium,375,,medium,,Z,high,251,,,,,24-02-2024,15:08:00,17:05:00
876,female,15,0,0,2667,7.225,,C,50,B,,49,D,,,D,,34,X,low,345,Z,medium,86,X,high,423,Z,low,362,Z,low,269,Z,medium,,,,,,17-06-2024,21:31:00,22:00:00
877,male,20,0,0,7534,9.8458,,S,,,,48,,medium,,A,unknown,28,X,medium,123,Z,medium,150,Y,medium,,X,medium,352,Z,medium,337,Y,high,416,,,,,18-03-2024,09:38:00,10:23:00
878,male,19,0,0,349212,7.8958,,S,74,,,,A,high,89,,,26,Y,medium,381,X,low,,Z,medium,179,Z,medium,38,Y,medium,467,Y,low,175,,,,,20-11-2024,17:18:00,18:54:00
879,male,,0,0,349217,7.8958,,S,54,C,medium,,A,low,,A,medium,11,,medium,220,Y,low,482,Z,low,350,,low,201,Z,low,67,X,high,226,,,,,07-07-2024,11:46:00,13:44:00
880,female,56,0,1,11767,83.1583,C50,C,63,D,high,73,C,medium,65,A,medium,27,Y,high,239,X,high,453,Z,low,337,Y,high,137,Y,high,451,X,medium,,,,,,16-05-2024,15:14:00,17:01:00
881,female,25,0,1,230433,26,,S,8,C,,2,D,unknown,70,C,high,24,Y,high,290,,low,,Y,high,75,X,high,445,Y,,241,Z,low,81,,,,,28-03-2024,18:37:00,22:14:00
882,male,33,0,0,349257,7.8958,,S,85,,high,13,D,high,55,D,,75,X,,42,Y,medium,87,Z,medium,291,Z,medium,291,X,high,71,Z,low,56,,,,,21-12-2024,17:59:00,21:13:00
883,female,22,0,0,7552,10.5167,,S,,B,low,84,D,unknown,3,A,,,X,low,183,Y,high,404,Z,low,274,X,high,257,X,low,216,X,medium,211,,,,,03-06-2024,17:28:00,19:00:00
884,male,28,0,0,C.A./SOTON 34068,10.5,,S,,C,medium,56,,low,91,A,unknown,,X,low,101,Z,medium,158,Z,medium,292,,low,261,Y,high,27,Z,low,131,,,,,16-08-2024,09:56:00,13:48:00
885,male,25,0,0,SOTON/OQ 392076,7.05,,S,81,B,,,D,medium,,B,medium,73,Y,low,,Z,low,38,Y,medium,169,Y,high,341,X,low,270,X,medium,166,,,,,10-06-2024,06:20:00,08:41:00
886,female,39,0,5,382652,29.125,,Q,73,,high,60,D,unknown,65,D,,,X,medium,,Z,high,294,X,medium,334,Z,high,381,X,high,236,X,,382,,,,,10-01-2024,19:30:00,21:07:00
887,male,27,0,0,211536,13,,S,5,B,,,,,55,A,low,,X,,2,X,low,328,Y,medium,442,X,high,100,Y,high,195,X,high,341,,,,,26-04-2024,09:51:00,13:16:00
888,female,19,0,0,112053,30,B42,S,19,A,low,89,B,,65,A,unknown,,Y,high,13,Z,high,499,Z,high,302,X,medium,496,Y,low,222,Y,medium,398,,,,,02-06-2024,20:54:00,00:04:00
889,female,,1,2,W./C. 6607,23.45,,S,1,A,,66,D,medium,35,B,high,21,Y,low,456,Y,low,243,Z,low,436,Y,high,380,X,,310,X,high,407,,,,,03-04-2024,09:20:00,12:36:00
890,male,26,0,0,111369,30,C148,C,27,B,,,D,unknown,84,B,unknown,78,Z,low,78,X,medium,399,X,medium,385,Y,medium,103,Z,,413,Y,,124,,,,,02-10-2024,13:13:00,15:22:00
891,male,32,0,0,370376,7.75,,Q,,D,unknown,,A,medium,22,A,high,3,Y,medium,0,,medium,267,X,high,157,Y,high,302,Z,low,196,Y,,307,,,,,20-12-2024,10:52:00,14:38:00
