id,ExtraCol21,ExtraCol22,ExtraCol23,ExtraCol24,ExtraCol25,ExtraCol26,ExtraCol27,ExtraCol28,ExtraCol29,ExtraCol30,ExtraCol31,ExtraCol32,ExtraCol33,ExtraCol34,ExtraCol35,ExtraCol36,ExtraCol37,storage_class,region,access_tier,other_details,event_date,login_time,logout_time,last_activity_ts,Headline_cnn,Description_cnn,Title_sc,Speaker (Party)(or nominated by)_sc,Speaker and title_sc,Statements_sc
1,medium,193,Z,low,78,Y,medium,321,Z,low,330,Y,low,379,X,low,420,NEARLINE,europe,OCCASIONAL_ACCESS,"{""sku_id"":""9556-97BF-3B42"",""description"":""nearline storage finland"",""original_region"":""europe-north1""}",12-06-2024,11:31:00,13:44:00,12-06-2024 13:39,Amid Inflation,Beating Forecasts Covid,Chairman,R,Senator Chuck Grassley (IA),Chairman Grassley Appreciate
2,high,451,Z,low,110,Y,medium,14,Y,low,50,Y,low,40,Y,medium,98,STANDARD,europe,FREQUENT_ACCESS,"{""sku_id"":""FDBF-9FEC-415F"",""description"":""standard storage belgium dual-region"",""original_region"":""europe-west1""}",29-12-2024,08:55:00,12:54:00,29-12-2024 12:53,Bob Baffert Suspended,Beating Forecasts Covid,Senator,D,Senator Kamala Harris (CA),Chairman Ask Question
3,high,293,Y,high,43,X,medium,319,X,high,491,Z,low,271,Y,medium,336,STANDARD,north_america,FREQUENT_ACCESS,"{""sku_id"":""ED38-3DBE-CF1A"",""description"":""autoclass standard storage dallas dual-region"",""original_region"":""us-south1""}",29-12-2024,12:38:00,15:59:00,29-12-2024 15:58,Scammers Cnn Epik,Beating Forecasts Covid,Chairman,R,Senator Chuck Grassley (IA),Chairman Grassley Appreciate
4,medium,382,Y,medium,229,Z,low,245,Y,medium,279,X,medium,355,Y,medium,338,STANDARD,europe,FREQUENT_ACCESS,"{""sku_id"":""BB55-3E5A-405C"",""description"":""standard storage london"",""original_region"":""europe-west2""}",19-05-2024,07:20:00,09:00:00,19-05-2024 08:50,Companies Pulling Russia,Beating Forecasts Covid,Senator,D,Senator Kamala Harris (CA),Chairman Ask Question
5,high,174,X,medium,322,Y,high,227,X,medium,331,Y,low,301,Y,high,405,STANDARD,asia,FREQUENT_ACCESS,"{""sku_id"":""E868-06F7-C27A"",""description"":""autoclass nearline storage hong kong"",""original_region"":""asia-east2""}",15-12-2024,12:21:00,12:44:00,15-12-2024 12:36,Companies Pulling Russia,Help Russia,Chairman,R,Senator Chuck Grassley (IA),Chairman Grassley Appreciate
6,low,465,Z,low,337,X,low,303,X,medium,35,X,high,122,Y,low,404,STANDARD,asia,FREQUENT_ACCESS,"{""sku_id"":""BF52-88CF-5EC3"",""description"":""standard storage mumbai dual-region"",""original_region"":""asia-south1""}",29-10-2024,10:26:00,13:48:00,29-10-2024 13:40,Companies Pulling Russia,Help Russia,Senator,D,Senator Kamala Harris (CA),Chairman Ask Question
7,medium,357,Y,medium,454,Z,high,447,X,medium,259,Y,low,80,Z,high,492,STANDARD,north_america,FREQUENT_ACCESS,"{""sku_id"":""FC23-F6BB-9FCE"",""description"":""autoclass coldline storage toronto dual-region"",""original_region"":""northamerica-northeast2""}",22-08-2024,15:17:00,18:40:00,22-08-2024 18:31,Bob Baffert Suspended,Actor Bob Odenkirk,Senator,R,Senator Orrin Hatch (UT),Kozinski Phone Senator
8,high,257,X,medium,146,X,low,63,Y,low,460,Z,medium,145,Z,low,43,STANDARD,asia,FREQUENT_ACCESS,"{""sku_id"":""F57C-6BD5-7FCB"",""description"":""autoclass standard storage tokyo"",""original_region"":""asia-northeast1""}",02-11-2024,09:46:00,13:15:00,02-11-2024 13:14,Companies Pulling Russia,Help Russia,Senator,D,Senator Kamala Harris (CA),Chairman Ask Question
9,low,289,Z,medium,327,Y,medium,67,X,medium,118,Z,low,176,Z,medium,182,NEARLINE,asia,OCCASIONAL_ACCESS,"{""sku_id"":""0298-0912-675B"",""description"":""nearline storage tokyo"",""original_region"":""asia-northeast1""}",07-10-2024,18:26:00,19:25:00,07-10-2024 19:17,Amid Inflation,Beating Forecasts Covid,Senator,R,Senator John Cornyn (TX),Chairman Ask Question
10,low,311,Z,low,442,Y,high,348,Z,medium,270,X,high,460,Y,low,181,STANDARD,asia,FREQUENT_ACCESS,"{""sku_id"":""D20B-32C5-0704"",""description"":""autoclass archive storage seoul"",""original_region"":""asia-northeast3""}",23-12-2024,10:27:00,11:19:00,23-12-2024 11:15,Companies Pulling Russia,Help Russia,Senator,D,Senator Kamala Harris (CA),Analyze Senator
11,low,80,X,high,14,X,medium,25,Z,low,282,Y,high,310,X,medium,188,ARCHIVE,asia,ARCHIVE,"{""sku_id"":""037C-5FCA-AFF5"",""description"":""archive storage osaka/tokyo dual-region"",""original_region"":""asia1""}",21-05-2024,16:12:00,17:38:00,21-05-2024 17:33,Companies Pulling Russia,Help Russia,Chairman,R,Senator Chuck Grassley (IA),Chairman Grassley Appreciate
12,low,125,Y,medium,390,Z,low,214,Z,medium,348,X,high,417,X,high,40,STANDARD,europe,FREQUENT_ACCESS,"{""sku_id"":""FCE0-B059-75F6"",""description"":""autoclass coldline storage turin dual-region"",""original_region"":""europe-west12""}",29-01-2024,18:35:00,20:58:00,29-01-2024 20:50,Amid Inflation,Help Russia,Senator,D,Senator Kamala Harris (CA),Analyze Senator
13,low,343,Z,low,44,X,medium,247,Z,high,459,Y,high,13,Y,medium,116,ARCHIVE,north_america,ARCHIVE,"{""sku_id"":""E5D5-663B-A9DC"",""description"":""archive storage south carolina dual-region"",""original_region"":""us-east1""}",15-06-2024,19:08:00,19:55:00,15-06-2024 19:54,Companies Pulling Russia,Help Russia,Chairman,R,Senator Chuck Grassley (IA),Chairman Grassley Appreciate
14,low,220,Z,low,275,Z,medium,195,Z,medium,65,X,high,391,Y,medium,482,STANDARD,north_america,FREQUENT_ACCESS,"{""sku_id"":""F6E9-7338-D916"",""description"":""autoclass nearline storage montreal dual-region"",""original_region"":""northamerica-northeast1""}",26-04-2024,18:15:00,18:47:00,26-04-2024 18:46,Assassination Question,International Women,Senator,D,Senator Kamala Harris (CA),Chairman Ask Question
15,low,391,X,low,415,Z,high,266,Z,medium,31,Z,high,94,Y,low,449,STANDARD,europe,FREQUENT_ACCESS,"{""sku_id"":""EFEF-E236-E29F"",""description"":""autoclass archive storage zurich"",""original_region"":""europe-west6""}",27-06-2024,12:06:00,14:55:00,27-06-2024 14:48,Companies Pulling Russia,Help Russia,Chairman,R,Senator Chuck Grassley (IA),Proud Judge Kavanaugh
16,medium,262,X,low,229,X,medium,56,Z,high,44,Y,low,282,X,high,341,STANDARD,europe,FREQUENT_ACCESS,"{""sku_id"":""E84B-7220-B2AC"",""description"":""autoclass archive storage netherlands dual-region"",""original_region"":""europe-west4""}",02-12-2024,20:26:00,23:15:00,02-12-2024 23:05,Companies Pulling Russia,Help Russia,Senator,D,Senator Kamala Harris (CA),Analyze Senator
17,medium,32,Z,high,279,Y,high,133,X,medium,133,X,medium,193,Z,low,277,STANDARD,europe,FREQUENT_ACCESS,"{""sku_id"":""E89C-671A-4ABF"",""description"":""autoclass standard storage finland/netherlands dual-region"",""original_region"":""eur4""}",19-12-2024,09:59:00,11:39:00,19-12-2024 11:35,Companies Pulling Russia,Help Russia,Chairman,R,Senator Chuck Grassley (IA),Chairman Grassley Appreciate
18,medium,332,Z,high,309,X,medium,2,Y,medium,176,Z,high,431,X,low,237,STANDARD,europe,FREQUENT_ACCESS,"{""sku_id"":""C4F8-582D-CDF9"",""description"":""standard storage stockholm"",""original_region"":""europe-north2""}",04-09-2024,12:21:00,14:14:00,04-09-2024 14:06,Amid Inflation,Niger State Television,Senator,D,Senator Kamala Harris (CA),Analyze Senator
19,medium,304,Z,high,288,Y,low,480,X,low,439,Y,low,337,Y,high,341,NEARLINE,north_america,OCCASIONAL_ACCESS,"{""sku_id"":""8A46-D6C4-859E"",""description"":""nearline storage south carolina"",""original_region"":""us-east1""}",20-08-2024,21:43:00,22:33:00,20-08-2024 22:24,Amid Inflation,Turned Movie Different,Chairman,R,Senator Chuck Grassley (IA),Chairman Grassley Appreciate
20,low,182,Y,low,365,Y,medium,415,Z,high,260,Y,high,230,Y,high,431,STANDARD,oceania,FREQUENT_ACCESS,"{""sku_id"":""D4C0-6A6B-742B"",""description"":""autoclass nearline storage melbourne"",""original_region"":""australia-southeast2""}",14-04-2024,14:20:00,15:00:00,14-04-2024 14:55,Amid Inflation,Beating Forecasts Covid,Senator,D,Senator Amy Klobuchar (MN),Klobuchar Mr Chairman
21,medium,395,Z,medium,429,Y,medium,126,X,high,372,Y,medium,254,Y,low,213,STANDARD,north_america,FREQUENT_ACCESS,"{""sku_id"":""FE3D-5C17-7088"",""description"":""durable reduced availability storage las vegas"",""original_region"":""us-west4""}",06-01-2024,14:43:00,16:53:00,06-01-2024 16:46,New Covid Lockdowns,Coronavirus Pandemic Late,Chairman,R,Senator Chuck Grassley (IA),Chairman Grassley Appreciate
22,high,175,Y,low,67,Z,low,18,Y,high,287,X,low,353,X,medium,40,ARCHIVE,europe,ARCHIVE,"{""sku_id"":""1A2D-77C9-8F73"",""description"":""archive storage belgium"",""original_region"":""europe-west1""}",22-05-2024,06:00:00,06:31:00,22-05-2024 06:23,New Covid Lockdowns,Beating Forecasts Covid,Senator,D,Senator Amy Klobuchar (MN),Klobuchar Mr Chairman
23,low,57,Z,low,229,Y,medium,135,Y,high,476,Y,low,359,Y,low,456,STANDARD,north_america,FREQUENT_ACCESS,"{""sku_id"":""FC93-7D27-5888"",""description"":""autoclass coldline storage iowa"",""original_region"":""us-central1""}",15-06-2024,21:11:00,23:39:00,15-06-2024 23:29,Amid Inflation,Beating Forecasts Covid,Chairman,R,Senator Chuck Grassley (IA),Proud Judge Kavanaugh
24,low,60,X,medium,426,Z,low,478,Z,medium,164,Z,low,286,X,high,455,NEARLINE,north_america,OCCASIONAL_ACCESS,"{""sku_id"":""37BE-AAB1-0008"",""description"":""nearline storage salt lake city dual-region"",""original_region"":""us-west3""}",25-03-2024,19:38:00,21:50:00,25-03-2024 21:42,Amid Inflation,2020 Presidential Election,Senator,D,Senator Amy Klobuchar (MN),Klobuchar Mr Chairman
25,medium,450,X,medium,190,Z,medium,405,X,medium,334,Z,high,363,Z,medium,114,STANDARD,asia,FREQUENT_ACCESS,"{""sku_id"":""F022-AD5D-C7E1"",""description"":""autoclass standard storage asia multi-region"",""original_region"":""asia""}",17-10-2024,17:26:00,20:32:00,17-10-2024 20:24,Scammers Cnn Epik,Pennsylvania Investigation Abuse,Chairman,R,Senator Chuck Grassley (IA),Chairman Grassley Appreciate
26,low,188,X,high,244,Y,medium,68,Z,medium,136,Z,high,394,Z,low,119,STANDARD,asia,FREQUENT_ACCESS,"{""sku_id"":""E7A9-508A-0C4F"",""description"":""autoclass archive storage taiwan dual-region"",""original_region"":""asia-east1""}",02-03-2024,07:31:00,11:18:00,02-03-2024 11:12,Amid Inflation,Point Tally Nba,Senator,D,Senator Amy Klobuchar (MN),Klobuchar Mr Chairman
27,medium,207,X,low,371,X,medium,461,Y,medium,116,X,low,15,Z,low,102,STANDARD,oceania,FREQUENT_ACCESS,"{""sku_id"":""FCAE-1D35-0D35"",""description"":""durable reduced availability storage sydney"",""original_region"":""australia-southeast1""}",24-06-2024,11:49:00,13:46:00,24-06-2024 13:38,Amid Inflation,Beating Forecasts Covid,Chairman,R,Senator Chuck Grassley (IA),Chairman Grassley Appreciate
28,high,152,X,high,467,X,high,88,Z,high,490,Z,high,183,Z,low,13,STANDARD,north_america,FREQUENT_ACCESS,"{""sku_id"":""DAFD-61D2-339F"",""description"":""standard storage day0 (alabama)"",""original_region"":""us-east7""}",26-02-2024,18:32:00,19:44:00,26-02-2024 19:35,Scammers Cnn Epik,Beating Forecasts Covid,Senator,D,Senator Richard Blumenthal (D-CT),Senator Blumenthal Chair
29,low,368,X,low,125,Y,high,268,Y,medium,12,X,low,236,Z,low,347,STANDARD,north_america,FREQUENT_ACCESS,"{""sku_id"":""E5F0-6A5D-7BAD"",""description"":""standard storage us regional"",""original_region"":""us-west1""}",07-05-2024,12:02:00,14:34:00,07-05-2024 14:26,Companies Pulling Russia,Lomachenko,Chairman,R,Senator Chuck Grassley (IA),Chairman Grassley Appreciate
30,low,302,X,high,477,Y,medium,396,Y,high,136,X,high,160,X,low,214,NEARLINE,south_america,OCCASIONAL_ACCESS,"{""sku_id"":""0906-3C38-5507"",""description"":""nearline storage sao paulo"",""original_region"":""southamerica-east1""}",22-12-2024,19:44:00,21:15:00,22-12-2024 21:08,Scammers Cnn Epik,Point Tally Nba,Senator,D,Senator Richard Blumenthal (D-CT),Senator Blumenthal Chair
31,medium,449,Y,low,354,Y,high,9,X,medium,193,Y,high,412,Z,medium,15,STANDARD,europe,FREQUENT_ACCESS,"{""sku_id"":""EB7B-0E58-1CD1"",""description"":""autoclass standard storage madrid"",""original_region"":""europe-southwest1""}",01-09-2024,07:49:00,08:29:00,01-09-2024 08:28,Amid Inflation,Beating Forecasts Covid,Chairman,R,Senator Chuck Grassley (IA),Chairman Grassley Appreciate
32,low,447,Y,low,15,Z,medium,217,X,medium,68,Y,medium,274,Y,high,102,STANDARD,europe,FREQUENT_ACCESS,"{""sku_id"":""D970-F476-8D81"",""description"":""durable reduced availability storage frankfurt/london dual-region"",""original_region"":""eur7""}",04-06-2024,09:53:00,13:35:00,04-06-2024 13:27,Amid Inflation,Beating Forecasts Covid,Senator,D,Senator Richard Blumenthal (D-CT),Senator Blumenthal Chair
33,low,494,X,medium,430,Z,high,177,Y,low,385,X,medium,135,X,high,266,ARCHIVE,europe,ARCHIVE,"{""sku_id"":""EFF5-EB22-3D38"",""description"":""archive storage turin"",""original_region"":""europe-west12""}",21-03-2024,07:01:00,09:39:00,21-03-2024 09:36,New Covid Lockdowns,Coronavirus Pandemic Late,Chairman,R,Senator Chuck Grassley (IA),Proud Judge Kavanaugh
34,low,420,Y,low,192,Y,high,88,X,high,179,Y,high,175,Z,medium,417,NEARLINE,north_america,OCCASIONAL_ACCESS,"{""sku_id"":""154C-10C0-5E59"",""description"":""nearline storage columbus"",""original_region"":""us-east5""}",24-01-2024,17:07:00,19:15:00,24-01-2024 19:06,Amid Inflation,Beating Forecasts Covid,Senator,D,Senator Richard Blumenthal (D-CT),Senator Blumenthal Chair
35,low,291,Z,low,141,Z,low,111,Z,high,229,X,high,236,Z,high,331,COLDLINE,north_america,RARE_ACCESS,"{""sku_id"":""D265-FB5C-710A"",""description"":""coldline storage toronto dual-region"",""original_region"":""northamerica-northeast2""}",18-11-2024,18:21:00,18:42:00,18-11-2024 18:37,Amid Inflation,Beating Forecasts Covid,Senator,R,Senator John Cornyn (TX),Chairman Ask Question
36,high,173,Y,medium,263,Y,high,484,X,medium,151,Y,low,62,X,medium,266,ARCHIVE,asia,ARCHIVE,"{""sku_id"":""0CE5-412C-060A"",""description"":""archive storage doha"",""original_region"":""me-central1""}",28-06-2024,17:54:00,21:49:00,28-06-2024 21:45,Companies Pulling Russia,Help Russia,Senator,D,Senator Richard Blumenthal (D-CT),Senator Blumenthal Chair
37,high,352,X,low,288,X,high,255,X,low,445,Z,low,154,Z,low,93,COLDLINE,asia,RARE_ACCESS,"{""sku_id"":""0D26-8387-B0F6"",""description"":""coldline storage jakarta"",""original_region"":""asia-southeast2""}",16-08-2024,20:42:00,20:57:00,16-08-2024 20:51,Companies Pulling Russia,Help Russia,Chairman,R,Senator Chuck Grassley (IA),Chairman Grassley Appreciate
38,medium,374,Z,high,269,Y,high,68,X,high,210,Z,medium,340,Z,medium,144,STANDARD,north_america,FREQUENT_ACCESS,"{""sku_id"":""C019-C3D4-B615"",""description"":""autoclass standard storage us multi-region"",""original_region"":""us""}",15-04-2024,17:44:00,20:58:00,15-04-2024 20:57,Amid Inflation,Beating Forecasts Covid,Senator,D,Senator Richard Blumenthal (D-CT),Senator Blumenthal Chair
39,low,125,Y,low,27,X,low,341,Z,medium,393,X,low,453,Y,low,390,STANDARD,north_america,FREQUENT_ACCESS,"{""sku_id"":""E5F0-6A5D-7BAD"",""description"":""standard storage us regional"",""original_region"":""us-east1""}",21-01-2024,08:37:00,10:27:00,21-01-2024 10:19,Amid Inflation,Help Russia,Chairman,R,Senator Chuck Grassley (IA),Chairman Grassley Appreciate
40,high,429,Y,high,411,X,medium,295,Y,medium,311,X,low,475,X,low,386,ARCHIVE,oceania,ARCHIVE,"{""sku_id"":""36A3-CA43-0958"",""description"":""archive storage melbourne"",""original_region"":""australia-southeast2""}",18-03-2024,20:32:00,20:48:00,18-03-2024 20:46,Amid Inflation,Warming Caused Humans,Senator,D,Senator Richard Blumenthal (D-CT),Senator Blumenthal Chair
41,low,145,X,medium,170,Z,low,196,X,low,477,Y,low,191,Z,high,434,STANDARD,south_america,FREQUENT_ACCESS,"{""sku_id"":""9C0F-565A-3F33"",""description"":""durable reduced availability storage santiago"",""original_region"":""southamerica-west1""}",20-02-2024,09:42:00,11:55:00,20-02-2024 11:50,Scammers Cnn Epik,Beating Forecasts Covid,Chairman,R,Senator Chuck Grassley (IA),Chairman Grassley Appreciate
42,medium,491,X,high,70,Y,high,198,X,high,301,Z,medium,397,Z,high,263,STANDARD,asia,FREQUENT_ACCESS,"{""sku_id"":""DE63-2323-DAA5"",""description"":""autoclass standard storage delhi dual-region"",""original_region"":""asia-south2""}",16-03-2024,17:22:00,18:32:00,16-03-2024 18:27,Scammers Cnn Epik,Beating Forecasts Covid,Senator,D,Senator Richard Blumenthal (D-CT),Senator Blumenthal Chair
43,high,425,X,low,282,Z,high,268,Z,low,492,X,high,198,X,medium,136,NEARLINE,asia,OCCASIONAL_ACCESS,"{""sku_id"":""0F2C-F97E-8B45"",""description"":""nearline storage osaka"",""original_region"":""asia-northeast2""}",22-02-2024,08:58:00,12:07:00,22-02-2024 12:05,New Covid Lockdowns,Coronavirus Pandemic Late,Chairman,R,Senator Chuck Grassley (IA),Chairman Grassley Appreciate
44,medium,9,Z,low,311,Z,medium,464,Z,medium,349,Y,low,403,X,medium,251,STANDARD,asia,FREQUENT_ACCESS,"{""sku_id"":""C8FB-7775-3633"",""description"":""durable reduced availability storage osaka"",""original_region"":""asia-northeast2""}",30-07-2024,08:52:00,10:43:00,30-07-2024 10:33,New Covid Lockdowns,Coronavirus Pandemic Late,Senator,D,Senator Cory Booker (NJ),Analyze Senator
45,medium,199,X,low,51,X,low,379,X,medium,279,X,low,455,X,high,40,STANDARD,europe,FREQUENT_ACCESS,"{""sku_id"":""F917-1411-ED88"",""description"":""autoclass coldline storage warsaw"",""original_region"":""europe-central2""}",11-02-2024,10:16:00,10:47:00,11-02-2024 10:45,New Covid Lockdowns,Coronavirus Pandemic Late,Chairman,R,Senator Chuck Grassley (IA),Chairman Grassley Appreciate
46,low,194,Y,low,471,Z,medium,200,Y,medium,78,Y,low,222,X,high,90,NEARLINE,asia,OCCASIONAL_ACCESS,"{""sku_id"":""2385-5DEA-497F"",""description"":""nearline storage taiwan dual-region"",""original_region"":""asia-east1""}",04-08-2024,10:17:00,13:16:00,04-08-2024 13:09,New Covid Lockdowns,Coronavirus Pandemic Late,Senator,D,Senator Cory Booker (NJ),Analyze Senator
47,medium,411,Z,medium,300,Z,medium,123,X,medium,394,Y,low,300,Y,low,423,STANDARD,europe,FREQUENT_ACCESS,"{""sku_id"":""FE6B-A761-8CCC"",""description"":""autoclass archive storage frankfurt dual-region"",""original_region"":""europe-west3""}",27-07-2024,20:38:00,23:25:00,27-07-2024 23:16,New Covid Lockdowns,Coronavirus Pandemic Late,Senator,R,Senator John Cornyn (TX),Chairman Ask Question
48,medium,420,Y,medium,498,X,high,54,Z,medium,22,X,medium,433,Z,medium,497,ARCHIVE,north_america,ARCHIVE,"{""sku_id"":""D581-7186-3A43"",""description"":""archive storage columbus"",""original_region"":""us-east5""}",21-11-2024,19:12:00,22:52:00,21-11-2024 22:50,Making Racism,Turned Movie Different,Senator,D,Senator Cory Booker (NJ),Analyze Senator
49,high,25,X,high,335,X,low,97,Z,medium,95,Z,high,68,Z,low,40,NEARLINE,oceania,OCCASIONAL_ACCESS,"{""sku_id"":""581D-AFA6-17B6"",""description"":""nearline storage sydney"",""original_region"":""australia-southeast1""}",25-06-2024,15:15:00,17:24:00,25-06-2024 17:19,Scammers Cnn Epik,Rwigara Mother Adeline,Senator,R,Senator John Cornyn (TX),Chairman Ask Question
50,high,420,Z,high,5,Z,medium,68,Y,low,395,Z,low,123,Z,medium,329,STANDARD,europe,FREQUENT_ACCESS,"{""sku_id"":""F886-1E84-F8DB"",""description"":""autoclass nearline storage finland dual-region"",""original_region"":""europe-north1""}",10-02-2024,08:27:00,12:01:00,10-02-2024 11:51,Smitten Aussie Tennis,Said Alicia Keys,Senator,D,Senator Cory Booker (NJ),Analyze Senator
51,medium,420,X,high,104,Z,medium,402,Z,medium,177,Y,high,313,X,low,204,STANDARD,europe,FREQUENT_ACCESS,"{""sku_id"":""EA16-97BB-483F"",""description"":""autoclass archive storage berlin"",""original_region"":""europe-west10""}",27-04-2024,11:40:00,13:58:00,27-04-2024 13:49,Bob Baffert Suspended,Turned Movie Different,Chairman,R,Senator Chuck Grassley (IA),Chairman Grassley Appreciate
52,medium,184,Z,medium,486,X,high,287,X,medium,108,Z,high,89,X,low,427,STANDARD,north_america,FREQUENT_ACCESS,"{""sku_id"":""DD64-0A7B-7023"",""description"":""autoclass standard storage northern virginia dual-region"",""original_region"":""us-east4""}",30-06-2024,09:23:00,10:52:00,30-06-2024 10:48,Reunion Netflix Cnn,Niger State Television,Senator,D,Senator Cory Booker (NJ),Analyze Senator
53,low,85,Z,medium,279,Y,low,18,Z,medium,98,X,low,397,X,high,80,STANDARD,asia,FREQUENT_ACCESS,"{""sku_id"":""DB0A-37C5-4E19"",""description"":""standard storage jakarta"",""original_region"":""asia-southeast2""}",21-04-2024,17:14:00,19:55:00,21-04-2024 19:53,Voice Cnn Masai,Actor Bob Odenkirk,Chairman,R,Senator Chuck Grassley (IA),Chairman Grassley Appreciate
54,low,78,Y,high,61,Z,medium,463,X,high,157,Z,low,133,Z,low,379,COLDLINE,north_america,RARE_ACCESS,"{""sku_id"":""FEB9-18BF-B058"",""description"":""coldline storage northern virginia dual-region"",""original_region"":""us-east4""}",16-04-2024,16:06:00,16:57:00,16-04-2024 16:55,Reunion Netflix Cnn,Said Alicia Keys,Senator,D,Senator Cory Booker (NJ),Analyze Senator
55,high,263,X,high,37,Z,high,75,Z,medium,418,Y,high,168,X,high,200,STANDARD,europe,FREQUENT_ACCESS,"{""sku_id"":""ED0C-C037-FDC1"",""description"":""autoclass archive storage milan dual-region"",""original_region"":""europe-west8""}",02-04-2024,10:13:00,14:05:00,02-04-2024 13:58,Smitten Aussie Tennis,Coronavirus Pandemic Late,Senator,D,Senator Sheldon Whitehouse (RI),Chairman Ask Question
56,low,42,Y,medium,268,Z,medium,322,Z,medium,227,Y,high,405,Z,medium,251,ARCHIVE,north_america,ARCHIVE,"{""sku_id"":""EC4B-C190-470D"",""description"":""archive storage iowa"",""original_region"":""us-central1""}",26-06-2024,09:39:00,13:02:00,26-06-2024 12:55,Bob Baffert Suspended,Actor Bob Odenkirk,Senator,D,Senator Mazie Hirono (HI),Chairman Ask Question
57,high,40,X,high,297,Y,low,6,Z,high,476,Y,low,263,Y,low,231,STANDARD,asia,FREQUENT_ACCESS,"{""sku_id"":""96DE-B911-9FF7"",""description"":""standard storage dammam"",""original_region"":""me-central2""}",25-11-2024,16:28:00,17:31:00,25-11-2024 17:30,Voice Cnn Masai,Said Alicia Keys,Chairman,R,Senator Chuck Grassley (IA),Chairman Grassley Appreciate
58,low,392,Z,low,123,X,low,294,X,high,279,Y,low,395,Y,low,4,ARCHIVE,north_america,ARCHIVE,"{""sku_id"":""6158-49AD-35B1"",""description"":""archive storage montreal"",""original_region"":""northamerica-northeast1""}",13-12-2024,07:50:00,11:17:00,13-12-2024 11:10,Reunion Netflix Cnn,Turned Movie Different,Senator,D,Senator Mazie Hirono (HI),Chairman Ask Question
59,low,171,Z,high,97,Y,low,68,Z,high,134,Y,medium,313,Z,high,40,STANDARD,asia,FREQUENT_ACCESS,"{""sku_id"":""EBC7-E450-00FC"",""description"":""autoclass standard storage singapore"",""original_region"":""asia-southeast1""}",17-09-2024,18:20:00,19:20:00,17-09-2024 19:15,Reunion Netflix Cnn,Turned Movie Different,Chairman,R,Senator Chuck Grassley (IA),Analyze Senator
60,low,324,Z,high,229,Z,high,454,Z,low,81,Z,high,257,X,high,333,NEARLINE,europe,OCCASIONAL_ACCESS,"{""sku_id"":""D78D-ECDE-752A"",""description"":""nearline storage belgium"",""original_region"":""europe-west1""}",05-12-2024,13:49:00,16:44:00,05-12-2024 16:40,Abortion Travel,Said Alicia Keys,Senator,D,Senator Mazie Hirono (HI),Executive Privilege Limit
61,high,493,Z,medium,217,Z,high,300,Z,high,471,X,high,255,X,high,300,COLDLINE,asia,RARE_ACCESS,"{""sku_id"":""81E6-58F6-12C7"",""description"":""coldline storage mumbai"",""original_region"":""asia-south1""}",30-12-2024,18:16:00,19:40:00,30-12-2024 19:37,Bob Baffert Suspended,Said Alicia Keys,Chairman,R,Senator Chuck Grassley (IA),Chairman Grassley Appreciate
62,medium,25,X,medium,18,Y,low,68,X,medium,451,Z,medium,401,X,low,50,ARCHIVE,europe,ARCHIVE,"{""sku_id"":""A3BF-20BC-C5F3"",""description"":""archive storage warsaw"",""original_region"":""europe-central2""}",05-10-2024,18:24:00,21:29:00,05-10-2024 21:19,Making Racism,Turned Movie Different,Senator,D,Senator Mazie Hirono (HI),Chairman Ask Question
63,high,397,X,low,28,X,high,265,X,high,61,X,medium,499,X,high,389,ARCHIVE,north_america,ARCHIVE,"{""sku_id"":""1EA2-2E06-552E"",""description"":""archive storage us multi-region"",""original_region"":""us""}",11-11-2024,14:37:00,17:50:00,11-11-2024 17:41,Reunion Netflix Cnn,Turned Movie Different,Chairman,R,Senator Chuck Grassley (IA),Chairman Grassley Appreciate
64,medium,54,Y,medium,119,Y,medium,316,Y,high,160,X,low,12,Z,low,480,ARCHIVE,north_america,ARCHIVE,"{""sku_id"":""9583-3470-6088"",""description"":""archive storage las vegas dual-region"",""original_region"":""us-west4""}",13-10-2024,19:00:00,19:42:00,13-10-2024 19:37,Bob Baffert Suspended,Actor Bob Odenkirk,Senator,D,Senator Mazie Hirono (HI),Chairman Ask Question
65,high,380,Y,low,229,X,medium,207,Y,high,371,Y,medium,253,Y,medium,407,STANDARD,south_america,FREQUENT_ACCESS,"{""sku_id"":""B11D-9FCF-1A1B"",""description"":""autoclass standard storage sao paulo"",""original_region"":""southamerica-east1""}",18-06-2024,15:54:00,16:52:00,18-06-2024 16:48,Reunion Netflix Cnn,Turned Movie Different,Chairman,R,Senator Chuck Grassley (IA),Chairman Grassley Appreciate
66,low,153,Z,high,150,Z,low,68,X,low,491,Y,medium,391,X,low,124,COLDLINE,europe,RARE_ACCESS,"{""sku_id"":""27BA-920D-EFFE"",""description"":""coldline storage turin dual-region"",""original_region"":""europe-west12""}",11-04-2024,06:57:00,08:46:00,11-04-2024 08:44,Abortion Travel,Said Alicia Keys,Senator,D,Senator Mazie Hirono (HI),Analyze Senator
67,low,67,Y,low,229,Y,low,264,X,medium,451,Y,low,321,X,low,90,ARCHIVE,north_america,ARCHIVE,"{""sku_id"":""2B7D-C95A-B1BC"",""description"":""archive storage toronto dual-region"",""original_region"":""northamerica-northeast2""}",10-12-2024,07:58:00,11:57:00,10-12-2024 11:47,Reunion Netflix Cnn,Turned Movie Different,Chairman,R,Senator Chuck Grassley (IA),Chairman Grassley Appreciate
68,low,420,Z,low,457,Y,high,484,Z,high,142,Y,medium,241,X,low,183,ARCHIVE,asia,ARCHIVE,"{""sku_id"":""D496-1EA6-CD98"",""description"":""archive storage delhi"",""original_region"":""asia-south2""}",08-07-2024,15:14:00,18:03:00,08-07-2024 17:55,Assassination Question,Said Alicia Keys,Senator,D,Senator Mazie Hirono (HI),Chairman Ask Question
69,high,182,Y,medium,229,Y,medium,68,Z,medium,448,Z,medium,396,Z,high,11,ARCHIVE,europe,ARCHIVE,"{""sku_id"":""BDF2-208A-3B0C"",""description"":""archive storage netherlands"",""original_region"":""europe-west4""}",11-02-2024,20:39:00,21:50:00,11-02-2024 21:45,Abortion Travel,Said Alicia Keys,Chairman,R,Senator Chuck Grassley (IA),Chairman Grassley Appreciate
70,high,364,X,high,291,Y,high,364,X,high,362,Y,low,234,X,low,275,COLDLINE,europe,RARE_ACCESS,"{""sku_id"":""2316-6FDA-8E11"",""description"":""coldline storage london"",""original_region"":""europe-west2""}",21-10-2024,18:44:00,20:31:00,21-10-2024 20:26,Voice Cnn Masai,International Women,Senator,D,Senator Mazie Hirono (HI),Chairman Ask Question
71,medium,340,X,high,122,Z,medium,413,X,high,231,Y,high,68,Z,low,229,STANDARD,asia,FREQUENT_ACCESS,"{""sku_id"":""ADE6-68BC-B69E"",""description"":""autoclass standard storage osaka/tokyo dual-region"",""original_region"":""asia1""}",24-01-2024,20:17:00,22:52:00,24-01-2024 22:51,Basketball Legend Says,Point Tally Nba,Chairman,R,Senator Chuck Grassley (IA),Analyze Senator
72,medium,364,Y,medium,354,Z,low,359,Z,low,188,Y,high,136,X,low,251,COLDLINE,oceania,RARE_ACCESS,"{""sku_id"":""3179-9FCA-E3AC"",""description"":""coldline storage melbourne dual-region"",""original_region"":""australia-southeast2""}",07-10-2024,13:44:00,16:56:00,07-10-2024 16:46,Reunion Netflix Cnn,Turned Movie Different,Senator,R,Senator Orrin Hatch (UT),Kozinski Phone Senator
73,medium,10,X,low,473,Y,medium,490,X,low,406,Z,high,21,Y,low,494,COLDLINE,asia,RARE_ACCESS,"{""sku_id"":""25F5-F72F-F874"",""description"":""coldline storage dammam"",""original_region"":""me-central2""}",13-04-2024,19:18:00,20:18:00,13-04-2024 20:16,Basketball Legend Says,Point Tally Nba,Chairman,R,Senator Chuck Grassley (IA),Chairman Grassley Appreciate
74,high,487,Y,high,338,Y,high,217,X,medium,418,Y,high,351,Y,medium,327,STANDARD,north_america,FREQUENT_ACCESS,"{""sku_id"":""D834-715E-7357"",""description"":""autoclass coldline storage iowa/south carolina dual-region"",""original_region"":""nam4""}",28-07-2024,21:38:00,00:28:00,29-07-2024 00:19,Reunion Netflix Cnn,Turned Movie Different,Senator,D,Senator Sheldon Whitehouse (RI),Executive Privilege Limit
75,low,216,Y,medium,147,Y,low,270,Z,medium,457,Y,medium,486,X,low,208,COLDLINE,europe,RARE_ACCESS,"{""sku_id"":""FF44-B6BB-8EB3"",""description"":""coldline storage finland dual-region"",""original_region"":""europe-north1""}",17-08-2024,17:22:00,19:06:00,17-08-2024 19:00,Reunion Netflix Cnn,Turned Movie Different,Senator,D,Senator Patrick Leahy (VT),Executive Privilege Limit
76,low,55,X,medium,196,X,high,76,X,medium,231,X,low,189,Y,low,391,COLDLINE,europe,RARE_ACCESS,"{""sku_id"":""3041-B9C2-F02A"",""description"":""coldline storage netherlands dual-region"",""original_region"":""europe-west4""}",07-11-2024,17:28:00,18:59:00,07-11-2024 18:50,Reunion Netflix Cnn,Turned Movie Different,Chairman,R,Senator Chuck Grassley (IA),Kavanaugh Dissents President
77,medium,464,Y,high,464,Y,low,187,X,high,133,Y,medium,366,X,medium,184,STANDARD,europe,FREQUENT_ACCESS,"{""sku_id"":""FD67-6779-FB1E"",""description"":""autoclass archive storage europe-west5"",""original_region"":""europe-west5""}",15-12-2024,21:42:00,01:31:00,16-12-2024 01:28,Golf Black Professional,Point Tally Nba,Nominee,R,Brett M. Kavanaugh,Proud Judge Kavanaugh
78,low,396,Z,medium,229,Y,low,79,X,low,435,Y,high,491,X,high,378,ARCHIVE,europe,ARCHIVE,"{""sku_id"":""9729-6081-2B55"",""description"":""archive storage milan dual-region"",""original_region"":""europe-west8""}",07-11-2024,14:26:00,15:23:00,07-11-2024 15:17,Basketball Legend Says,Point Tally Nba,Chairman,R,Senator Chuck Grassley (IA),Chairman Grassley Appreciate
79,low,41,X,medium,110,Z,medium,395,Y,medium,151,Y,high,196,X,low,466,STANDARD,north_america,FREQUENT_ACCESS,"{""sku_id"":""F1C6-D2BA-4A83"",""description"":""durable reduced availability storage columbus"",""original_region"":""us-east5""}",18-06-2024,18:02:00,19:21:00,18-06-2024 19:12,Basketball Legend Says,Point Tally Nba,Nominee,R,Brett M. Kavanaugh,Proud Judge Kavanaugh
80,medium,218,Y,high,53,Y,low,391,Z,low,376,Y,low,441,X,medium,454,STANDARD,europe,FREQUENT_ACCESS,"{""sku_id"":""F026-6944-846C"",""description"":""standard storage frankfurt/zurich dual-region"",""original_region"":""eur8""}",15-05-2024,08:42:00,09:47:00,15-05-2024 09:40,Bob Baffert Suspended,Lomachenko,Chairman,R,Senator Chuck Grassley (IA),Analyze Senator
81,low,453,Z,low,320,Y,medium,96,Z,low,254,X,medium,8,Z,medium,259,NEARLINE,europe,OCCASIONAL_ACCESS,"{""sku_id"":""89DB-C7FE-AF68"",""description"":""nearline storage turin dual-region"",""original_region"":""europe-west12""}",25-06-2024,15:05:00,19:05:00,25-06-2024 19:00,Assassination Question,Actor Bob Odenkirk,Senator,D,Senator Kamala Harris (CA),Senator Blumenthal Chair
82,low,341,X,high,229,X,medium,401,Y,medium,293,Y,low,338,X,high,234,ARCHIVE,europe,ARCHIVE,"{""sku_id"":""2C07-1488-8F24"",""description"":""archive storage belgium/london dual-region"",""original_region"":""eur5""}",16-06-2024,11:27:00,12:17:00,16-06-2024 12:12,Mbappe Neymar Prove,Hold Fastest Marathon,Chairman,R,Senator Chuck Grassley (IA),Chairman Grassley Appreciate
83,medium,97,Z,high,66,Y,low,160,Z,medium,104,Z,low,83,Y,high,198,COLDLINE,asia,RARE_ACCESS,"{""sku_id"":""2D3D-C91F-7E7C"",""description"":""coldline storage asia multi-region"",""original_region"":""asia""}",04-05-2024,15:17:00,18:47:00,04-05-2024 18:42,Bob Baffert Suspended,Lomachenko,Senator,D,Senator Richard Blumenthal (D-CT),Senator Blumenthal Chair
84,high,350,Y,medium,470,Z,high,364,Y,medium,124,Y,low,390,X,high,267,STANDARD,europe,FREQUENT_ACCESS,"{""sku_id"":""DC97-82D4-0359"",""description"":""autoclass standard storage belgium/london dual-region"",""original_region"":""eur5""}",20-04-2024,15:57:00,18:10:00,20-04-2024 18:08,Golf Black Professional,Point Tally Nba,Senator,D,Senator Chris Coons (DE),Executive Privilege Limit
85,medium,94,X,medium,275,Y,low,469,Z,low,326,Y,low,4,X,medium,468,STANDARD,europe,FREQUENT_ACCESS,"{""sku_id"":""FF88-BF44-9313"",""description"":""autoclass coldline storage paris dual-region"",""original_region"":""europe-west9""}",06-05-2024,13:21:00,13:37:00,06-05-2024 13:35,Companies Pulling Russia,Help Russia,Senator,D,Senator Amy Klobuchar (MN),Executive Privilege Limit
86,high,175,Z,low,124,Y,medium,414,Y,high,129,Y,medium,416,X,low,437,STANDARD,north_america,FREQUENT_ACCESS,"{""sku_id"":""FEC5-B147-BD88"",""description"":""autoclass coldline storage mexico"",""original_region"":""northamerica-south1""}",23-10-2024,10:39:00,13:05:00,23-10-2024 13:00,Companies Pulling Russia,Help Russia,Senator,D,Senator Cory Booker (NJ),Chairman Ask Question
87,low,97,Y,low,472,X,low,93,X,medium,334,Y,low,198,X,high,303,NEARLINE,north_america,OCCASIONAL_ACCESS,"{""sku_id"":""F18D-89DB-7C30"",""description"":""nearline storage toronto"",""original_region"":""northamerica-northeast2""}",22-04-2024,18:01:00,21:35:00,22-04-2024 21:27,Companies Pulling Russia,Lomachenko,Senator,D,Senator Richard Blumenthal (D-CT),Executive Privilege Limit
88,low,346,Z,high,349,Y,medium,90,Z,medium,495,X,low,118,Z,medium,141,STANDARD,north_america,FREQUENT_ACCESS,"{""sku_id"":""FDFD-25D3-9C09"",""description"":""standard storage salt lake city dual-region"",""original_region"":""us-west3""}",29-06-2024,17:10:00,19:01:00,29-06-2024 18:59,Mbappe Neymar Prove,Lomachenko,Senator,D,Senator Cory Booker (NJ),Analyze Senator
89,low,465,Y,medium,64,Z,low,56,Z,medium,279,Y,high,277,Y,high,188,NEARLINE,north_america,OCCASIONAL_ACCESS,"{""sku_id"":""D5C1-AAF1-5B8F"",""description"":""nearline storage northern virginia"",""original_region"":""us-east4""}",02-03-2024,21:52:00,01:13:00,03-03-2024 01:09,Bob Baffert Suspended,Point Tally Nba,Senator,D,Senator Sheldon Whitehouse (RI),Executive Privilege Limit
90,high,22,Z,high,413,Y,low,420,X,medium,462,X,high,494,X,high,122,COLDLINE,north_america,RARE_ACCESS,"{""sku_id"":""3081-BF3D-2E14"",""description"":""coldline storage mexico"",""original_region"":""northamerica-south1""}",25-07-2024,06:59:00,09:00:00,25-07-2024 08:55,Golf Black Professional,Said Alicia Keys,Senator,D,Senator Dick Durbin (IL),Kavanaugh Dissents President
91,low,301,Z,low,29,Z,medium,273,X,medium,85,Z,high,80,X,high,93,STANDARD,north_america,FREQUENT_ACCESS,"{""sku_id"":""E9D3-E7C5-94A2"",""description"":""autoclass coldline storage los angeles"",""original_region"":""us-west2""}",08-12-2024,20:32:00,21:05:00,08-12-2024 20:55,Golf Black Professional,Point Tally Nba,Chairman,R,Senator Chuck Grassley (IA),Chairman Grassley Appreciate
92,low,124,X,high,229,Y,medium,77,Z,low,69,Y,medium,155,X,medium,4,ARCHIVE,europe,ARCHIVE,"{""sku_id"":""5ACD-E7DB-7BFA"",""description"":""archive storage madrid"",""original_region"":""europe-southwest1""}",25-06-2024,10:08:00,14:02:00,25-06-2024 13:56,Smitten Aussie Tennis,Hold Fastest Marathon,Senator,R,Senator John Cornyn (TX),Analyze Senator
93,low,375,Y,high,196,Z,low,293,Z,medium,417,X,medium,319,X,medium,386,ARCHIVE,north_america,ARCHIVE,"{""sku_id"":""A4F8-B0EC-4F8E"",""description"":""archive storage dallas"",""original_region"":""us-south1""}",28-05-2024,09:42:00,11:02:00,28-05-2024 10:53,Bob Baffert Suspended,Said Alicia Keys,Chairman,R,Senator Chuck Grassley (IA),Chairman Grassley Appreciate
94,high,69,Z,medium,146,Y,low,264,Z,medium,102,Y,high,46,Y,high,369,NEARLINE,europe,OCCASIONAL_ACCESS,"{""sku_id"":""3480-CB61-4864"",""description"":""nearline storage stockholm"",""original_region"":""europe-north2""}",02-04-2024,07:32:00,09:26:00,02-04-2024 09:22,Golf Black Professional,Hold Fastest Marathon,Senator,D,Senator Cory Booker (NJ),Chairman Ask Question
95,medium,183,X,low,26,Z,low,298,Z,low,323,Z,medium,477,Y,high,40,STANDARD,asia,FREQUENT_ACCESS,"{""sku_id"":""9ADF-4F85-635A"",""description"":""autoclass nearline storage doha"",""original_region"":""me-central1""}",15-04-2024,08:58:00,12:51:00,15-04-2024 12:47,Golf Black Professional,Point Tally Nba,Senator,D,Senator Richard Blumenthal (D-CT),Senator Blumenthal Chair
96,medium,102,Y,high,465,Y,medium,317,X,high,53,Z,low,261,Z,low,343,NEARLINE,north_america,OCCASIONAL_ACCESS,"{""sku_id"":""48FC-D3ED-FA72"",""description"":""nearline storage montreal"",""original_region"":""northamerica-northeast1""}",25-12-2024,10:59:00,12:28:00,25-12-2024 12:27,Mbappe Neymar Prove,Lomachenko,Senator,D,Senator Cory Booker (NJ),Analyze Senator
97,low,436,Y,high,279,Y,high,82,Z,medium,43,X,high,495,X,medium,82,NEARLINE,europe,OCCASIONAL_ACCESS,"{""sku_id"":""361C-27C1-D7CE"",""description"":""nearline storage zurich"",""original_region"":""europe-west6""}",21-02-2024,19:33:00,21:07:00,21-02-2024 21:01,Mbappe Neymar Prove,Lomachenko,Chairman,R,Senator Chuck Grassley (IA),Analyze Senator
98,high,41,X,low,303,Y,low,193,X,low,100,X,medium,207,Z,medium,138,COLDLINE,north_america,RARE_ACCESS,"{""sku_id"":""37C4-203D-1024"",""description"":""coldline storage us multi-region"",""original_region"":""us""}",20-07-2024,15:15:00,15:59:00,20-07-2024 15:50,Mbappe Neymar Prove,Actor Bob Odenkirk,Senator,D,Senator Cory Booker (NJ),Executive Privilege Limit
99,low,290,Z,low,229,Y,low,360,X,low,279,Y,medium,416,X,low,129,NEARLINE,europe,OCCASIONAL_ACCESS,"{""sku_id"":""37D3-343A-3DF1"",""description"":""nearline storage frankfurt/zurich dual-region"",""original_region"":""eur8""}",19-06-2024,20:45:00,00:07:00,20-06-2024 00:04,Smitten Aussie Tennis,Lomachenko,Senator,D,Senator Richard Blumenthal (D-CT),Senator Blumenthal Chair
100,low,60,Z,low,254,Z,high,454,Y,low,145,Y,low,165,Z,medium,64,COLDLINE,north_america,RARE_ACCESS,"{""sku_id"":""B318-1FE2-6BFD"",""description"":""coldline storage los angeles dual-region"",""original_region"":""us-west2""}",20-12-2024,14:37:00,17:26:00,20-12-2024 17:24,Reunion Netflix Cnn,Niger State Television,Chairman,R,Senator Chuck Grassley (IA),Chairman Grassley Appreciate
101,high,299,Z,high,144,X,high,68,Z,medium,111,Z,medium,221,Z,high,364,NEARLINE,europe,OCCASIONAL_ACCESS,"{""sku_id"":""BEA8-18F6-120A"",""description"":""nearline storage berlin"",""original_region"":""europe-west10""}",10-06-2024,18:38:00,19:02:00,10-06-2024 18:57,Golf Black Professional,Hold Fastest Marathon,Senator,D,Senator Richard Blumenthal (D-CT),Senator Blumenthal Chair
102,high,383,Y,medium,389,Z,medium,285,X,medium,418,Z,medium,173,X,low,21,NEARLINE,asia,OCCASIONAL_ACCESS,"{""sku_id"":""3A5D-58D0-6BE4"",""description"":""nearline storage doha"",""original_region"":""me-central1""}",23-03-2024,10:11:00,13:12:00,23-03-2024 13:05,Basketball Legend Says,Point Tally Nba,Chairman,R,Senator Chuck Grassley (IA),Chairman Grassley Appreciate
103,medium,376,Y,low,265,Z,low,474,X,medium,87,X,high,273,X,medium,202,COLDLINE,north_america,RARE_ACCESS,"{""sku_id"":""E209-9471-B5A2"",""description"":""coldline storage oregon"",""original_region"":""us-west1""}",23-06-2024,19:59:00,20:33:00,23-06-2024 20:25,Basketball Legend Says,Point Tally Nba,Senator,D,Senator Richard Blumenthal (D-CT),Senator Blumenthal Chair
104,high,16,Y,high,229,Z,high,300,X,medium,47,X,medium,111,X,medium,243,NEARLINE,europe,OCCASIONAL_ACCESS,"{""sku_id"":""3C81-A91C-A94F"",""description"":""nearline storage london"",""original_region"":""europe-west2""}",25-11-2024,21:23:00,00:40:00,26-11-2024 00:30,Basketball Legend Says,Point Tally Nba,Chairman,R,Senator Chuck Grassley (IA),Kavanaugh Dissents President
105,medium,386,Z,high,422,Y,medium,113,Z,low,55,Y,medium,236,Z,high,288,COLDLINE,europe,RARE_ACCESS,"{""sku_id"":""3DF8-830A-D07C"",""description"":""coldline storage stockholm"",""original_region"":""europe-north2""}",31-03-2024,11:46:00,13:20:00,31-03-2024 13:16,Bob Baffert Suspended,Lomachenko,Senator,D,Senator Cory Booker (NJ),Analyze Senator
106,medium,148,Z,high,406,Z,low,291,Y,low,441,Y,high,419,X,low,96,NEARLINE,north_america,OCCASIONAL_ACCESS,"{""sku_id"":""3E75-94D0-A39A"",""description"":""nearline storage iowa/south carolina dual-region"",""original_region"":""nam4""}",28-04-2024,13:52:00,14:44:00,28-04-2024 14:36,Bob Baffert Suspended,Lomachenko,Chairman,R,Senator Chuck Grassley (IA),Chairman Grassley Appreciate
107,medium,340,X,low,123,X,medium,8,X,high,237,Y,low,77,X,medium,40,COLDLINE,north_america,RARE_ACCESS,"{""sku_id"":""D85F-8CE9-F6EF"",""description"":""coldline storage south carolina"",""original_region"":""us-east1""}",28-08-2024,17:55:00,20:13:00,28-08-2024 20:05,Bob Baffert Suspended,Lomachenko,Senator,D,Senator Cory Booker (NJ),Analyze Senator
108,low,481,Y,low,324,Z,medium,244,X,low,279,Y,high,396,X,low,396,NEARLINE,asia,OCCASIONAL_ACCESS,"{""sku_id"":""FD55-A8ED-B1A6"",""description"":""nearline storage mumbai"",""original_region"":""asia-south1""}",30-04-2024,13:39:00,16:47:00,30-04-2024 16:40,Winter Olympics Don,Qualifying Winter Olympics,Chairman,R,Senator Chuck Grassley (IA),Chairman Grassley Appreciate
109,high,59,X,high,460,Z,high,283,Z,medium,403,Z,low,427,X,medium,187,COLDLINE,europe,RARE_ACCESS,"{""sku_id"":""4D09-6DB4-A3D7"",""description"":""coldline storage warsaw dual-region"",""original_region"":""europe-central2""}",02-01-2024,10:32:00,11:55:00,02-01-2024 11:47,Winter Olympics Don,Qualifying Winter Olympics,Senator,D,Senator Sheldon Whitehouse (RI),Executive Privilege Limit
110,medium,181,Z,high,399,Z,high,28,Z,medium,140,Y,low,17,Z,high,475,NEARLINE,asia,OCCASIONAL_ACCESS,"{""sku_id"":""403B-273A-D4AE"",""description"":""nearline storage hong kong"",""original_region"":""asia-east2""}",18-09-2024,06:54:00,08:56:00,18-09-2024 08:54,Smitten Aussie Tennis,Point Tally Nba,Senator,D,Senator Amy Klobuchar (MN),Klobuchar Mr Chairman
111,low,433,Y,high,99,Y,medium,101,Z,low,395,Z,medium,337,X,high,214,STANDARD,asia,FREQUENT_ACCESS,"{""sku_id"":""EBB8-4CFD-EA34"",""description"":""standard storage tel aviv"",""original_region"":""me-west1""}",27-08-2024,08:43:00,11:48:00,27-08-2024 11:40,Bob Baffert Suspended,Said Alicia Keys,Senator,D,Senator Patrick Leahy (VT),Judge Senator Leahy
112,medium,70,Y,medium,427,Y,medium,494,Y,high,228,Z,low,242,Y,medium,388,COLDLINE,asia,RARE_ACCESS,"{""sku_id"":""8E89-0AC8-66C0"",""description"":""coldline storage singapore"",""original_region"":""asia-southeast1""}",02-10-2024,15:13:00,15:40:00,02-10-2024 15:32,Bob Baffert Suspended,Lomachenko,Senator,D,Senator Dianne Feinstein (CA),Chairman Senator Feinstein
113,medium,420,X,medium,28,Z,high,314,Z,medium,279,Y,low,318,Y,medium,57,NEARLINE,asia,OCCASIONAL_ACCESS,"{""sku_id"":""DCA1-44F3-A410"",""description"":""nearline storage singapore dual-region"",""original_region"":""asia-southeast1""}",12-11-2024,18:21:00,19:00:00,12-11-2024 18:55,Golf Black Professional,Hold Fastest Marathon,Chairman,R,Senator Chuck Grassley (IA),Chairman Grassley Appreciate
114,medium,274,X,low,308,Z,low,68,Y,medium,264,Z,medium,147,Z,high,425,NEARLINE,europe,OCCASIONAL_ACCESS,"{""sku_id"":""6E82-022D-E319"",""description"":""nearline storage frankfurt dual-region"",""original_region"":""europe-west3""}",20-12-2024,15:51:00,19:06:00,20-12-2024 19:00,Voice Cnn Masai,Hold Fastest Marathon,Senator,D,Senator Dianne Feinstein (CA),Chairman Senator Feinstein
115,medium,498,Z,low,255,Z,medium,114,Y,low,279,Z,high,110,Z,medium,239,COLDLINE,north_america,RARE_ACCESS,"{""sku_id"":""BD90-D1A2-6BFD"",""description"":""coldline storage dallas"",""original_region"":""us-south1""}",16-01-2024,21:50:00,00:03:00,17-01-2024 00:01,Voice Cnn Masai,Said Alicia Keys,Chairman,R,Senator Chuck Grassley (IA),Chairman Grassley Appreciate
116,medium,147,Z,low,18,Y,low,62,Y,high,102,X,low,143,Z,low,495,NEARLINE,europe,OCCASIONAL_ACCESS,"{""sku_id"":""7446-C63C-1119"",""description"":""nearline storage warsaw"",""original_region"":""europe-central2""}",15-12-2024,08:09:00,10:48:00,15-12-2024 10:42,Winter Olympics Don,Said Alicia Keys,Senator,D,Senator Dianne Feinstein (CA),Chairman Senator Feinstein
117,high,420,Y,medium,363,Z,high,214,Y,low,29,X,low,76,Y,high,350,ARCHIVE,asia,ARCHIVE,"{""sku_id"":""4B5C-6444-A206"",""description"":""archive storage asia multi-region"",""original_region"":""asia""}",04-10-2024,15:24:00,19:11:00,04-10-2024 19:09,Reunion Netflix Cnn,Point Tally Nba,Chairman,R,Senator Chuck Grassley (IA),Chairman Grassley Appreciate
118,high,397,Z,medium,148,Y,medium,272,Y,low,365,X,high,202,Z,high,370,COLDLINE,europe,RARE_ACCESS,"{""sku_id"":""4C20-3C91-DA5D"",""description"":""coldline storage belgium/london dual-region"",""original_region"":""eur5""}",06-12-2024,16:15:00,17:19:00,06-12-2024 17:12,Bob Baffert Suspended,Hold Fastest Marathon,Senator,D,Senator Dianne Feinstein (CA),Chairman Senator Feinstein
119,high,59,X,medium,426,Y,high,89,Y,high,476,Y,high,436,X,medium,74,NEARLINE,europe,OCCASIONAL_ACCESS,"{""sku_id"":""4CF0-069A-15D9"",""description"":""nearline storage europe multi-region"",""original_region"":""europe""}",09-05-2024,18:51:00,20:48:00,09-05-2024 20:39,Smitten Aussie Tennis,Point Tally Nba,Chairman,R,Senator Chuck Grassley (IA),Chairman Grassley Appreciate
120,low,163,Y,medium,439,Z,medium,400,Y,medium,289,Z,medium,389,Y,low,283,NEARLINE,north_america,OCCASIONAL_ACCESS,"{""sku_id"":""DB57-CF96-4A4C"",""description"":""nearline storage los angeles dual-region"",""original_region"":""us-west2""}",21-08-2024,06:39:00,07:46:00,21-08-2024 07:41,Smitten Aussie Tennis,Point Tally Nba,Senator,D,Senator Amy Klobuchar (MN),Klobuchar Mr Chairman
121,low,158,X,medium,295,Y,high,214,Z,high,58,Y,medium,89,Z,low,369,ARCHIVE,asia,ARCHIVE,"{""sku_id"":""4E33-234A-ABE4"",""description"":""archive storage tokyo"",""original_region"":""asia-northeast1""}",20-12-2024,13:34:00,16:16:00,20-12-2024 16:09,Smitten Aussie Tennis,Said Alicia Keys,Senator,D,Senator Richard Blumenthal (D-CT),Senator Blumenthal Chair
122,low,200,Y,high,313,X,medium,27,Z,low,56,Y,high,279,Z,low,40,STANDARD,africa,FREQUENT_ACCESS,"{""sku_id"":""CF16-78C4-2B5A"",""description"":""autoclass archive storage johannesburg"",""original_region"":""africa-south1""}",26-05-2024,16:23:00,18:24:00,26-05-2024 18:17,Smitten Aussie Tennis,Said Alicia Keys,Chairman,R,Senator Chuck Grassley (IA),Chairman Grassley Appreciate
123,high,286,X,medium,26,Z,medium,68,Y,high,272,Z,low,36,X,high,188,NEARLINE,north_america,OCCASIONAL_ACCESS,"{""sku_id"":""7500-8C3C-84DC"",""description"":""nearline storage iowa dual-region"",""original_region"":""us-central1""}",13-12-2024,13:00:00,14:21:00,13-12-2024 14:16,Smitten Aussie Tennis,Actor Bob Odenkirk,Senator,D,Senator Richard Blumenthal (D-CT),Senator Blumenthal Chair
124,high,110,X,high,445,Y,high,430,Y,high,447,X,high,29,Y,low,281,NEARLINE,north_america,OCCASIONAL_ACCESS,"{""sku_id"":""9D00-E37F-E3D4"",""description"":""nearline storage las vegas dual-region"",""original_region"":""us-west4""}",21-02-2024,16:46:00,18:48:00,21-02-2024 18:42,Voice Cnn Masai,Actor Bob Odenkirk,Chairman,R,Senator Chuck Grassley (IA),Chairman Grassley Appreciate
125,low,195,Y,high,340,X,medium,168,Z,medium,279,Y,medium,236,Z,low,86,NEARLINE,asia,OCCASIONAL_ACCESS,"{""sku_id"":""5467-3F51-D0D1"",""description"":""nearline storage osaka/tokyo dual-region"",""original_region"":""asia1""}",11-04-2024,09:27:00,13:08:00,11-04-2024 13:03,Winter Olympics Don,Hold Fastest Marathon,Senator,D,Senator Richard Blumenthal (D-CT),Senator Blumenthal Chair
126,low,458,X,medium,192,Y,high,186,Y,low,151,Y,medium,151,X,high,40,COLDLINE,north_america,RARE_ACCESS,"{""sku_id"":""ADA4-7896-0A0A"",""description"":""coldline storage salt lake city"",""original_region"":""us-west3""}",21-05-2024,09:41:00,13:20:00,21-05-2024 13:15,Making Racism,Lomachenko,Senator,D,Senator Dianne Feinstein (CA),Chairman Senator Feinstein
127,high,414,Z,high,42,X,low,99,X,medium,310,Z,medium,352,X,medium,237,COLDLINE,europe,RARE_ACCESS,"{""sku_id"":""D056-E841-A979"",""description"":""coldline storage paris"",""original_region"":""europe-west9""}",16-12-2024,15:14:00,17:49:00,16-12-2024 17:40,Assassination Question,Ravaged Nicaragua Category,Chairman,R,Senator Chuck Grassley (IA),Chairman Grassley Appreciate
128,low,478,X,low,252,Z,high,403,Z,low,78,Z,low,77,Y,medium,16,ARCHIVE,north_america,ARCHIVE,"{""sku_id"":""86E7-6DF6-0AE1"",""description"":""archive storage salt lake city"",""original_region"":""us-west3""}",25-04-2024,16:20:00,19:01:00,25-04-2024 18:53,Reunion Netflix Cnn,Beating Forecasts Covid,Senator,D,Senator Dianne Feinstein (CA),Kavanaugh Dissents President
129,low,341,Z,medium,450,Z,low,408,Z,high,239,Y,high,59,X,low,458,ARCHIVE,europe,ARCHIVE,"{""sku_id"":""5A75-E003-2CBF"",""description"":""archive storage europe multi-region"",""original_region"":""europe""}",25-08-2024,18:54:00,22:17:00,25-08-2024 22:08,Companies Pulling Russia,International Women,Senator,D,Senator Richard Blumenthal (D-CT),Senator Blumenthal Chair
130,high,291,X,low,431,X,high,121,Y,low,279,Y,high,357,Z,low,321,STANDARD,north_america,FREQUENT_ACCESS,"{""sku_id"":""EC30-92F5-3843"",""description"":""standard storage phoenix"",""original_region"":""us-west8""}",11-08-2024,17:57:00,21:12:00,11-08-2024 21:11,Amid Inflation,Beating Forecasts Covid,Senator,D,Senator Sheldon Whitehouse (RI),Chairman Ask Question
131,low,106,Z,low,49,Z,medium,364,Z,low,314,Z,low,103,Y,low,91,ARCHIVE,north_america,ARCHIVE,"{""sku_id"":""5C49-0E06-BAF4"",""description"":""archive storage iowa/south carolina dual-region"",""original_region"":""nam4""}",16-03-2024,08:05:00,09:02:00,16-03-2024 09:00,New Covid Lockdowns,Coronavirus Pandemic Late,Senator,D,Senator Richard Blumenthal (D-CT),Senator Blumenthal Chair
132,low,79,Y,low,381,Z,low,226,X,low,51,Y,low,29,Z,medium,448,NEARLINE,asia,OCCASIONAL_ACCESS,"{""sku_id"":""5E51-E5C9-7A7D"",""description"":""nearline storage jakarta"",""original_region"":""asia-southeast2""}",23-07-2024,12:56:00,14:49:00,23-07-2024 14:46,Cnn Montana Nonprofit,Ravaged Nicaragua Category,Chairman,R,Senator Chuck Grassley (IA),Chairman Grassley Appreciate
133,high,420,Z,low,40,Z,high,83,Z,low,279,X,low,394,Y,high,345,ARCHIVE,asia,ARCHIVE,"{""sku_id"":""B9DB-1163-E3BD"",""description"":""archive storage singapore"",""original_region"":""asia-southeast1""}",19-07-2024,11:09:00,14:26:00,19-07-2024 14:17,Scammers Cnn Epik,Niger State Television,Senator,D,Senator Richard Blumenthal (D-CT),Senator Blumenthal Chair
134,low,202,Y,medium,188,Z,low,397,X,high,29,Y,high,352,Y,high,346,NEARLINE,north_america,OCCASIONAL_ACCESS,"{""sku_id"":""E5F7-218B-F872"",""description"":""nearline storage oregon dual-region"",""original_region"":""us-west1""}",10-02-2024,10:43:00,13:47:00,10-02-2024 13:42,Abortion Travel,Niger State Television,Chairman,R,Senator Chuck Grassley (IA),Analyze Senator
135,high,393,X,high,223,X,medium,41,Z,medium,200,Y,low,464,X,low,466,ARCHIVE,asia,ARCHIVE,"{""sku_id"":""62E5-3AA6-3149"",""description"":""archive storage jakarta"",""original_region"":""asia-southeast2""}",11-04-2024,14:03:00,15:51:00,11-04-2024 15:48,Amid Inflation,Help Russia,Senator,D,Senator Richard Blumenthal (D-CT),Senator Blumenthal Chair
136,medium,4,X,high,11,Z,high,437,Y,low,118,Y,medium,236,X,high,202,ARCHIVE,europe,ARCHIVE,"{""sku_id"":""C6A0-DADE-4F0E"",""description"":""archive storage paris dual-region"",""original_region"":""europe-west9""}",24-06-2024,06:51:00,09:39:00,24-06-2024 09:32,Companies Pulling Russia,Help Russia,Chairman,R,Senator Chuck Grassley (IA),Senator Blumenthal Chair
137,medium,445,Y,high,68,X,medium,68,Z,medium,489,Z,medium,238,Y,high,177,COLDLINE,north_america,RARE_ACCESS,"{""sku_id"":""64F6-F598-D260"",""description"":""coldline storage phoenix"",""original_region"":""us-west8""}",07-09-2024,08:18:00,11:21:00,07-09-2024 11:20,Making Racism,Help Russia,Senator,D,Senator Richard Blumenthal (D-CT),Senator Blumenthal Chair
138,high,85,Y,low,440,Y,medium,161,Z,high,159,Y,high,335,Y,low,40,NEARLINE,europe,OCCASIONAL_ACCESS,"{""sku_id"":""ADB6-51A3-28B0"",""description"":""nearline storage paris dual-region"",""original_region"":""europe-west9""}",02-11-2024,08:57:00,11:32:00,02-11-2024 11:27,Making Racism,International Women,Chairman,R,Senator Chuck Grassley (IA),Chairman Grassley Appreciate
139,low,197,Z,medium,314,Z,medium,113,X,medium,17,X,medium,396,Z,medium,444,COLDLINE,asia,RARE_ACCESS,"{""sku_id"":""6B5F-CF08-C03D"",""description"":""coldline storage osaka"",""original_region"":""asia-northeast2""}",22-08-2024,15:12:00,17:51:00,22-08-2024 17:44,Companies Pulling Russia,Help Russia,Senator,D,Senator Amy Klobuchar (MN),Klobuchar Mr Chairman
140,low,178,X,medium,229,Y,high,117,Z,high,216,Y,high,314,Z,medium,406,COLDLINE,europe,RARE_ACCESS,"{""sku_id"":""6CCC-4CDD-383C"",""description"":""coldline storage europe multi-region"",""original_region"":""europe""}",28-08-2024,13:23:00,13:54:00,28-08-2024 13:53,New Covid Lockdowns,Coronavirus Pandemic Late,Senator,D,Senator Richard Blumenthal (D-CT),Senator Blumenthal Chair
141,low,462,X,low,285,X,medium,240,X,low,368,Y,medium,159,Z,low,393,ARCHIVE,asia,ARCHIVE,"{""sku_id"":""6D22-D2AA-4F85"",""description"":""archive storage hong kong"",""original_region"":""asia-east2""}",28-02-2024,14:02:00,15:18:00,28-02-2024 15:16,Assassination Question,Niger State Television,Chairman,R,Senator Chuck Grassley (IA),Chairman Grassley Appreciate
142,medium,360,X,low,229,Z,low,375,Z,medium,342,X,high,444,X,high,382,COLDLINE,north_america,RARE_ACCESS,"{""sku_id"":""6E87-6282-15AF"",""description"":""coldline storage iowa/south carolina dual-region"",""original_region"":""nam4""}",23-01-2024,10:32:00,14:22:00,23-01-2024 14:18,Assassination Question,Ravaged Nicaragua Category,Senator,D,Senator Cory Booker (NJ),Senator Blumenthal Chair
143,high,17,X,medium,9,Y,low,199,Z,high,488,Z,low,351,X,high,17,COLDLINE,europe,RARE_ACCESS,"{""sku_id"":""6FC6-63C5-6832"",""description"":""coldline storage frankfurt/zurich dual-region"",""original_region"":""eur8""}",03-12-2024,06:58:00,10:52:00,03-12-2024 10:43,Mbappe Neymar Prove,Lomachenko,Chairman,R,Senator Chuck Grassley (IA),Chairman Grassley Appreciate
144,low,426,Z,high,273,Z,low,257,X,high,182,X,high,438,X,medium,245,COLDLINE,north_america,RARE_ACCESS,"{""sku_id"":""6FF2-2736-1E63"",""description"":""coldline storage day0 (alabama)"",""original_region"":""us-east7""}",31-01-2024,17:31:00,20:24:00,31-01-2024 20:19,Basketball Legend Says,Actor Bob Odenkirk,Senator,D,Senator Richard Blumenthal (D-CT),Senator Blumenthal Chair
145,medium,338,X,medium,385,Y,high,485,Z,low,261,Y,low,278,Y,low,177,ARCHIVE,north_america,ARCHIVE,"{""sku_id"":""9792-0238-A65E"",""description"":""archive storage oregon dual-region"",""original_region"":""us-west1""}",27-12-2024,14:17:00,16:14:00,27-12-2024 16:04,Making Racism,Niger State Television,Chairman,R,Senator Chuck Grassley (IA),Chairman Grassley Appreciate
146,medium,34,Z,medium,102,Y,high,248,Z,medium,279,Z,high,224,X,medium,180,COLDLINE,north_america,RARE_ACCESS,"{""sku_id"":""EAC3-75EC-684F"",""description"":""coldline storage las vegas dual-region"",""original_region"":""us-west4""}",02-03-2024,14:18:00,15:00:00,02-03-2024 14:57,Amid Inflation,Beating Forecasts Covid,Senator,D,Senator Cory Booker (NJ),Analyze Senator
147,low,390,X,high,245,Z,medium,396,Y,high,12,X,medium,421,Z,medium,427,NEARLINE,south_america,OCCASIONAL_ACCESS,"{""sku_id"":""7250-679F-299A"",""description"":""nearline storage santiago"",""original_region"":""southamerica-west1""}",21-06-2024,06:04:00,07:25:00,21-06-2024 07:18,Climate Action Opinion,Warming Caused Humans,Senator,R,Senator John Neely Kennedy (LA),Chairman Ask Question
148,low,16,Z,medium,206,X,high,192,Y,low,2,Y,low,305,Z,high,198,COLDLINE,asia,RARE_ACCESS,"{""sku_id"":""E70A-97D8-6230"",""description"":""coldline storage delhi"",""original_region"":""asia-south2""}",29-10-2024,21:03:00,23:33:00,29-10-2024 23:25,Voice Cnn Masai,Point Tally Nba,Chairman,R,Senator Chuck Grassley (IA),Chairman Grassley Appreciate
149,low,212,X,high,435,Y,high,39,X,medium,397,X,low,387,X,low,418,NEARLINE,europe,OCCASIONAL_ACCESS,"{""sku_id"":""72AC-DCBB-8799"",""description"":""nearline storage finland/netherlands dual-region"",""original_region"":""eur4""}",15-05-2024,13:41:00,17:11:00,15-05-2024 17:09,Golf Black Professional,Niger State Television,Senator,R,Senator John Neely Kennedy (LA),Analyze Senator
150,low,81,X,high,81,X,high,127,Z,medium,192,Y,high,444,Z,high,453,NEARLINE,asia,OCCASIONAL_ACCESS,"{""sku_id"":""72E1-0FCE-FA4F"",""description"":""nearline storage dammam"",""original_region"":""me-central2""}",27-12-2024,09:12:00,10:51:00,27-12-2024 10:46,Voice Cnn Masai,Turned Movie Different,Chairman,R,Senator Chuck Grassley (IA),Analyze Senator
151,medium,5,Y,low,52,X,low,79,Z,low,344,X,low,142,Y,high,40,NEARLINE,asia,OCCASIONAL_ACCESS,"{""sku_id"":""C8B6-F995-22B7"",""description"":""nearline storage delhi"",""original_region"":""asia-south2""}",28-01-2024,16:25:00,19:29:00,28-01-2024 19:25,Smitten Aussie Tennis,Niger State Television,Senator,D,Senator Kamala Harris (CA),Chairman Ask Question
152,high,279,Z,medium,105,X,low,453,Z,high,472,Z,medium,96,X,high,84,NEARLINE,asia,OCCASIONAL_ACCESS,"{""sku_id"":""772C-28AE-ABAE"",""description"":""nearline storage seoul"",""original_region"":""asia-northeast3""}",30-05-2024,09:15:00,11:57:00,30-05-2024 11:52,Making Racism,Niger State Television,Chairman,R,Senator Chuck Grassley (IA),Chairman Ask Question
153,medium,343,Z,medium,78,Z,high,13,Z,high,122,X,low,74,X,low,349,COLDLINE,europe,RARE_ACCESS,"{""sku_id"":""DCF3-6CFB-DC70"",""description"":""coldline storage frankfurt"",""original_region"":""europe-west3""}",17-08-2024,14:36:00,15:21:00,17-08-2024 15:15,Amid Inflation,Warming Caused Humans,Senator,R,Senator John Neely Kennedy (LA),Chairman Ask Question
154,medium,239,X,low,423,Y,medium,411,Y,medium,387,Y,high,299,X,low,431,COLDLINE,europe,RARE_ACCESS,"{""sku_id"":""BD2C-E25F-A1BA"",""description"":""coldline storage berlin dual-region"",""original_region"":""europe-west10""}",27-12-2024,13:35:00,16:48:00,27-12-2024 16:44,Companies Pulling Russia,Help Russia,Chairman,R,Senator Chuck Grassley (IA),Analyze Senator
155,high,171,Y,low,130,X,low,69,Z,medium,106,X,medium,403,Y,high,203,NEARLINE,north_america,OCCASIONAL_ACCESS,"{""sku_id"":""81A5-ECF2-4B80"",""description"":""nearline storage day0 (alabama)"",""original_region"":""us-east7""}",21-07-2024,08:15:00,12:11:00,21-07-2024 12:10,Abortion Travel,Niger State Television,Senator,R,Senator John Neely Kennedy (LA),Chairman Ask Question
156,high,256,Y,medium,181,X,medium,75,Z,low,370,Y,high,488,X,medium,97,STANDARD,europe,FREQUENT_ACCESS,"{""sku_id"":""D529-048F-1545"",""description"":""autoclass standard storage eu multi-region"",""original_region"":""eu""}",08-11-2024,13:24:00,14:27:00,08-11-2024 14:19,Cnn Montana Nonprofit,Warming Caused Humans,Chairman,R,Senator Chuck Grassley (IA),Chairman Grassley Appreciate
157,high,75,Y,medium,128,Z,medium,264,Z,high,79,Z,low,16,X,high,260,NEARLINE,asia,OCCASIONAL_ACCESS,"{""sku_id"":""870D-3A16-D708"",""description"":""nearline storage tel aviv"",""original_region"":""me-west1""}",14-02-2024,12:07:00,13:20:00,14-02-2024 13:14,Winter Olympics Don,Beating Forecasts Covid,Senator,R,Senator John Neely Kennedy (LA),Chairman Ask Question
158,high,24,Z,high,407,X,high,40,Y,high,152,Z,low,0,Z,high,490,COLDLINE,north_america,RARE_ACCESS,"{""sku_id"":""D716-3E59-667B"",""description"":""coldline storage iowa"",""original_region"":""us-central1""}",27-02-2024,21:56:00,23:29:00,27-02-2024 23:27,Climate Action Opinion,Pennsylvania Investigation Abuse,Chairman,R,Senator Chuck Grassley (IA),Chairman Grassley Appreciate
159,high,78,Y,high,332,Y,medium,38,Z,high,235,X,high,339,Y,medium,258,ARCHIVE,europe,ARCHIVE,"{""sku_id"":""8881-EDBB-6F06"",""description"":""archive storage stockholm"",""original_region"":""europe-north2""}",19-04-2024,11:53:00,12:13:00,19-04-2024 12:04,Companies Pulling Russia,Help Russia,Senator,R,Senator John Neely Kennedy (LA),Chairman Ask Question
160,high,27,X,high,236,X,low,387,Y,medium,244,Z,medium,134,X,medium,224,ARCHIVE,asia,ARCHIVE,"{""sku_id"":""91A8-C2FD-83CC"",""description"":""archive storage mumbai dual-region"",""original_region"":""asia-south1""}",30-09-2024,20:07:00,22:43:00,30-09-2024 22:33,Companies Pulling Russia,Help Russia,Senator,D,Senator Mazie Hirono (HI),Chairman Ask Question
161,high,384,Y,low,399,Y,high,68,Z,low,279,Y,low,237,X,medium,219,COLDLINE,north_america,RARE_ACCESS,"{""sku_id"":""ADD1-821E-E0DA"",""description"":""coldline storage columbus"",""original_region"":""us-east5""}",15-03-2024,07:49:00,10:18:00,15-03-2024 10:15,New Covid Lockdowns,Coronavirus Pandemic Late,Chairman,R,Senator Chuck Grassley (IA),Chairman Grassley Appreciate
162,high,304,Z,low,35,Z,medium,298,Y,low,279,Y,low,39,Y,high,366,COLDLINE,europe,RARE_ACCESS,"{""sku_id"":""C1D5-B464-7C66"",""description"":""coldline storage milan"",""original_region"":""europe-west8""}",09-08-2024,09:56:00,11:32:00,09-08-2024 11:30,Winter Olympics Don,Qualifying Winter Olympics,Senator,D,Senator Mazie Hirono (HI),Executive Privilege Limit
163,low,93,Z,medium,339,Y,low,59,Z,low,3,Z,medium,37,X,medium,170,ARCHIVE,asia,ARCHIVE,"{""sku_id"":""8DFA-F1E2-A9BF"",""description"":""archive storage tel aviv"",""original_region"":""me-west1""}",23-10-2024,08:51:00,12:02:00,23-10-2024 11:58,New Covid Lockdowns,Coronavirus Pandemic Late,Chairman,R,Senator Chuck Grassley (IA),Chairman Grassley Appreciate
164,low,420,Z,medium,180,Y,low,42,X,low,440,X,high,264,X,medium,364,ARCHIVE,asia,ARCHIVE,"{""sku_id"":""8E50-F3F3-15C5"",""description"":""archive storage dammam"",""original_region"":""me-central2""}",21-07-2024,09:47:00,11:30:00,21-07-2024 11:25,Cnnpolitics Polls Underestimating,Actor Bob Odenkirk,Senator,D,Senator Mazie Hirono (HI),Analyze Senator
165,medium,242,X,high,189,X,medium,334,X,low,103,X,medium,344,X,medium,493,ARCHIVE,europe,ARCHIVE,"{""sku_id"":""F55D-740B-7F5B"",""description"":""archive storage finland dual-region"",""original_region"":""europe-north1""}",24-11-2024,19:54:00,21:44:00,24-11-2024 21:35,Assassination Question,2020 Presidential Election,Senator,D,Senator Amy Klobuchar (MN),Klobuchar Mr Chairman
166,high,55,X,high,79,X,high,196,X,medium,355,Z,high,443,X,low,386,ARCHIVE,europe,ARCHIVE,"{""sku_id"":""8F97-AEF5-DFFF"",""description"":""archive storage london"",""original_region"":""europe-west2""}",29-08-2024,17:57:00,21:54:00,29-08-2024 21:52,Assassination Question,2020 Presidential Election,Chairman,R,Senator Chuck Grassley (IA),Analyze Senator
167,high,485,X,high,48,X,high,9,Z,low,355,Z,medium,241,Z,medium,464,NEARLINE,europe,OCCASIONAL_ACCESS,"{""sku_id"":""BDF5-445D-55FB"",""description"":""nearline storage madrid dual-region"",""original_region"":""europe-southwest1""}",20-01-2024,21:38:00,00:46:00,21-01-2024 00:44,Cnnpolitics Polls Underestimating,2020 Presidential Election,Senator,D,Senator Kamala Harris (CA),Chairman Ask Question
168,medium,468,X,low,346,Y,low,340,Z,low,228,Z,medium,322,Z,medium,394,ARCHIVE,asia,ARCHIVE,"{""sku_id"":""DF77-0EDE-4A82"",""description"":""archive storage taiwan dual-region"",""original_region"":""asia-east1""}",25-12-2024,06:50:00,10:42:00,25-12-2024 10:40,Cnnpolitics Polls Underestimating,2020 Presidential Election,Chairman,R,Senator Chuck Grassley (IA),Chairman Grassley Appreciate
169,low,379,Z,medium,425,Z,medium,484,X,high,268,X,low,430,Z,low,421,COLDLINE,europe,RARE_ACCESS,"{""sku_id"":""F252-25C0-60F6"",""description"":""coldline storage madrid dual-region"",""original_region"":""europe-southwest1""}",22-09-2024,14:18:00,14:46:00,22-09-2024 14:36,Cnnpolitics Polls Underestimating,2020 Presidential Election,Senator,D,Senator Dick Durbin (IL),Senator Durbin White
170,low,404,Z,low,455,X,high,280,Y,medium,36,X,low,215,Y,high,19,ARCHIVE,asia,ARCHIVE,"{""sku_id"":""97DE-FF9D-7B7F"",""description"":""archive storage osaka"",""original_region"":""asia-northeast2""}",10-03-2024,10:01:00,12:23:00,10-03-2024 12:15,Cnnpolitics Polls Underestimating,2020 Presidential Election,Chairman,R,Senator Chuck Grassley (IA),Chairman Grassley Appreciate
171,medium,273,X,medium,121,Z,medium,190,Y,high,450,Y,high,104,Z,high,176,ARCHIVE,north_america,ARCHIVE,"{""sku_id"":""A386-C234-21D1"",""description"":""archive storage northern virginia"",""original_region"":""us-east4""}",18-10-2024,06:00:00,07:46:00,18-10-2024 07:36,Cnnpolitics Polls Underestimating,2020 Presidential Election,Senator,R,Senator Thom Tillis (NC),Analyze Senator
172,medium,401,Y,low,381,Z,low,421,Z,low,59,X,medium,412,X,low,136,COLDLINE,africa,RARE_ACCESS,"{""sku_id"":""9A27-B3AE-E1C9"",""description"":""coldline storage johannesburg"",""original_region"":""africa-south1""}",11-12-2024,09:18:00,13:17:00,11-12-2024 13:08,Cnnpolitics Polls Underestimating,2020 Presidential Election,Senator,D,Senator Kamala Harris (CA),Analyze Senator
173,medium,264,X,high,55,Y,high,168,X,medium,329,Z,low,1,Z,low,431,ARCHIVE,north_america,ARCHIVE,"{""sku_id"":""FA47-FB9E-B287"",""description"":""archive storage los angeles dual-region"",""original_region"":""us-west2""}",18-10-2024,09:04:00,12:22:00,18-10-2024 12:12,Cnnpolitics Polls Underestimating,Actor Bob Odenkirk,Senator,D,Senator Dick Durbin (IL),Senator Durbin White
174,low,83,X,medium,389,Z,medium,306,Y,medium,0,Z,medium,137,X,medium,114,NEARLINE,north_america,OCCASIONAL_ACCESS,"{""sku_id"":""9E8A-BB82-26BF"",""description"":""nearline storage us multi-region"",""original_region"":""us""}",04-05-2024,10:07:00,12:53:00,04-05-2024 12:47,Cnnpolitics Polls Underestimating,2020 Presidential Election,Chairman,R,Senator Chuck Grassley (IA),Chairman Grassley Appreciate
175,low,83,Y,high,283,Y,medium,237,X,high,372,Z,medium,65,X,low,483,NEARLINE,europe,OCCASIONAL_ACCESS,"{""sku_id"":""A5D0-60CC-E116"",""description"":""nearline storage netherlands"",""original_region"":""europe-west4""}",27-11-2024,12:43:00,13:53:00,27-11-2024 13:48,Amid Inflation,Beating Forecasts Covid,Senator,D,Senator Dick Durbin (IL),Executive Privilege Limit
176,medium,427,X,low,430,Y,high,363,Z,medium,179,Z,high,321,X,low,349,COLDLINE,asia,RARE_ACCESS,"{""sku_id"":""A082-619E-F48D"",""description"":""coldline storage taiwan dual-region"",""original_region"":""asia-east1""}",10-10-2024,20:23:00,22:44:00,10-10-2024 22:43,Cnnpolitics Polls Underestimating,Hold Fastest Marathon,Senator,D,Senator Kamala Harris (CA),Chairman Ask Question
177,medium,223,Z,high,33,Z,medium,258,Z,high,279,X,medium,134,X,medium,61,COLDLINE,asia,RARE_ACCESS,"{""sku_id"":""A554-EBBE-0961"",""description"":""coldline storage hong kong"",""original_region"":""asia-east2""}",03-08-2024,06:57:00,08:32:00,03-08-2024 08:28,Cnnpolitics Polls Underestimating,2020 Presidential Election,Senator,D,Senator Richard Blumenthal (D-CT),Senator Blumenthal Chair
178,high,364,Z,medium,388,Y,low,240,Z,high,11,Y,medium,172,X,high,40,ARCHIVE,europe,ARCHIVE,"{""sku_id"":""D9F7-D25F-B0EF"",""description"":""archive storage frankfurt"",""original_region"":""europe-west3""}",12-04-2024,12:33:00,14:02:00,12-04-2024 13:58,Cnnpolitics Polls Underestimating,2020 Presidential Election,Senator,D,Senator Kamala Harris (CA),Analyze Senator
179,low,72,Y,low,233,Z,high,210,Z,low,109,X,low,326,X,low,171,COLDLINE,oceania,RARE_ACCESS,"{""sku_id"":""C95F-F64A-E99D"",""description"":""coldline storage sydney"",""original_region"":""australia-southeast1""}",07-03-2024,12:58:00,13:39:00,07-03-2024 13:29,Cnnpolitics Polls Underestimating,2020 Presidential Election,Senator,D,Senator Richard Blumenthal (D-CT),Senator Blumenthal Chair
180,medium,223,X,high,284,Z,low,147,Z,low,217,X,medium,148,X,medium,148,COLDLINE,asia,RARE_ACCESS,"{""sku_id"":""AD24-C6C3-2558"",""description"":""coldline storage seoul"",""original_region"":""asia-northeast3""}",31-03-2024,17:11:00,18:28:00,31-03-2024 18:25,Cnnpolitics Polls Underestimating,Actor Bob Odenkirk,Chairman,R,Senator Chuck Grassley (IA),Chairman Grassley Appreciate
181,high,41,Y,low,269,X,low,243,Z,low,358,X,low,181,X,medium,497,ARCHIVE,europe,ARCHIVE,"{""sku_id"":""D1E2-71BA-61C9"",""description"":""archive storage berlin"",""original_region"":""europe-west10""}",22-02-2024,06:08:00,08:36:00,22-02-2024 08:35,Cnnpolitics Polls Underestimating,2020 Presidential Election,Senator,D,Senator Richard Blumenthal (D-CT),Senator Blumenthal Chair
182,low,110,Z,low,357,X,medium,30,Y,high,298,Z,medium,249,Z,low,40,NEARLINE,oceania,OCCASIONAL_ACCESS,"{""sku_id"":""FA57-D1B5-D5AD"",""description"":""nearline storage melbourne"",""original_region"":""australia-southeast2""}",23-01-2024,14:37:00,17:13:00,23-01-2024 17:05,Cnnpolitics Polls Underestimating,2020 Presidential Election,Senator,D,Senator Sheldon Whitehouse (RI),Chairman Ask Question
183,low,420,X,low,299,Z,medium,169,X,high,130,Z,high,59,X,low,381,STANDARD,europe,FREQUENT_ACCESS,"{""sku_id"":""EC40-8747-D6FF"",""description"":""standard storage europe multi-region"",""original_region"":""europe""}",15-08-2024,20:32:00,21:07:00,15-08-2024 20:58,Cnnpolitics Polls Underestimating,2020 Presidential Election,Chairman,R,Senator Chuck Grassley (IA),Executive Privilege Limit
184,low,104,Z,high,207,Y,medium,38,Z,medium,297,Y,high,467,X,medium,155,COLDLINE,europe,RARE_ACCESS,"{""sku_id"":""B7BF-2911-04C8"",""description"":""coldline storage zurich"",""original_region"":""europe-west6""}",05-09-2024,15:01:00,16:25:00,05-09-2024 16:21,Cnnpolitics Polls Underestimating,2020 Presidential Election,Senator,D,Senator Patrick Leahy (VT),Judge Senator Leahy
185,medium,303,X,high,217,Y,medium,161,Z,high,111,X,low,490,X,low,331,COLDLINE,asia,RARE_ACCESS,"{""sku_id"":""B8B9-DCE6-7FE0"",""description"":""coldline storage tel aviv"",""original_region"":""me-west1""}",19-05-2024,15:50:00,18:25:00,19-05-2024 18:18,Cnnpolitics Polls Underestimating,2020 Presidential Election,Chairman,R,Senator Chuck Grassley (IA),Chairman Grassley Appreciate
186,high,2,X,medium,35,Y,high,175,Z,high,277,Y,medium,236,Y,high,171,NEARLINE,north_america,OCCASIONAL_ACCESS,"{""sku_id"":""BAAE-61A8-B81F"",""description"":""nearline storage mexico"",""original_region"":""northamerica-south1""}",13-05-2024,19:24:00,21:46:00,13-05-2024 21:43,Cnnpolitics Polls Underestimating,2020 Presidential Election,Senator,D,Senator Patrick Leahy (VT),Judge Senator Leahy
187,medium,96,Y,high,362,Z,low,13,Z,low,270,Y,high,54,Z,low,301,ARCHIVE,south_america,ARCHIVE,"{""sku_id"":""BCE0-EC75-B79A"",""description"":""archive storage sao paulo"",""original_region"":""southamerica-east1""}",31-01-2024,15:17:00,16:34:00,31-01-2024 16:26,Cnnpolitics Polls Underestimating,2020 Presidential Election,Chairman,R,Senator Chuck Grassley (IA),Chairman Grassley Appreciate
188,medium,345,Y,low,352,Z,medium,148,Z,high,113,Y,low,236,Y,medium,199,ARCHIVE,europe,ARCHIVE,"{""sku_id"":""BEBC-B447-8957"",""description"":""archive storage finland/netherlands dual-region"",""original_region"":""eur4""}",06-06-2024,09:24:00,12:43:00,06-06-2024 12:35,Cnnpolitics Polls Underestimating,2020 Presidential Election,Senator,D,Senator Patrick Leahy (VT),Kavanaugh Dissents President
189,high,74,X,low,283,Z,medium,335,Z,medium,100,Y,medium,177,X,low,304,NEARLINE,africa,OCCASIONAL_ACCESS,"{""sku_id"":""C056-22B3-40B3"",""description"":""nearline storage johannesburg"",""original_region"":""africa-south1""}",29-06-2024,09:20:00,13:17:00,29-06-2024 13:14,Cnnpolitics Polls Underestimating,2020 Presidential Election,Senator,D,Senator Mazie Hirono (HI),Chairman Ask Question
190,medium,277,Z,low,360,X,low,484,Y,medium,259,X,medium,83,X,medium,372,ARCHIVE,north_america,ARCHIVE,"{""sku_id"":""C068-E2BC-8F0B"",""description"":""archive storage phoenix"",""original_region"":""us-west8""}",28-12-2024,15:40:00,19:38:00,28-12-2024 19:30,Cnn Montana Nonprofit,2020 Presidential Election,Senator,D,Senator Patrick Leahy (VT),Judge Senator Leahy
191,medium,433,Z,high,134,Z,medium,308,Z,low,293,Y,low,438,Z,medium,157,ARCHIVE,europe,ARCHIVE,"{""sku_id"":""C226-3E29-7EDB"",""description"":""archive storage frankfurt/zurich dual-region"",""original_region"":""eur8""}",05-01-2024,15:25:00,18:17:00,05-01-2024 18:16,Cnnpolitics Polls Underestimating,2020 Presidential Election,Senator,D,Senator Amy Klobuchar (MN),Klobuchar Mr Chairman
192,high,390,Y,high,111,Z,high,355,X,high,489,Z,medium,207,Y,low,5,COLDLINE,asia,RARE_ACCESS,"{""sku_id"":""C23E-2383-9F73"",""description"":""coldline storage tokyo"",""original_region"":""asia-northeast1""}",25-04-2024,16:05:00,18:16:00,25-04-2024 18:07,Cnnpolitics Polls Underestimating,2020 Presidential Election,Chairman,R,Senator Chuck Grassley (IA),Kavanaugh Dissents President
193,low,61,Y,high,462,Z,high,334,X,medium,247,Y,low,326,Y,low,48,ARCHIVE,north_america,ARCHIVE,"{""sku_id"":""C798-FD00-712C"",""description"":""archive storage day0 (alabama)"",""original_region"":""us-east7""}",02-12-2024,08:46:00,11:34:00,02-12-2024 11:29,Cnnpolitics Polls Underestimating,Actor Bob Odenkirk,Senator,D,Senator Amy Klobuchar (MN),Klobuchar Mr Chairman
194,high,73,X,high,229,Y,low,472,Y,low,222,X,low,345,Z,high,453,NEARLINE,north_america,OCCASIONAL_ACCESS,"{""sku_id"":""DF79-C2F4-6459"",""description"":""nearline storage dallas"",""original_region"":""us-south1""}",28-10-2024,13:43:00,14:05:00,28-10-2024 14:00,Cnnpolitics Polls Underestimating,2020 Presidential Election,Senator,D,Senator Patrick Leahy (VT),Kavanaugh Dissents President
195,low,352,Y,low,426,Y,high,470,X,medium,237,Y,low,159,Z,high,479,NEARLINE,europe,OCCASIONAL_ACCESS,"{""sku_id"":""EBC2-A551-2247"",""description"":""nearline storage milan dual-region"",""original_region"":""europe-west8""}",25-07-2024,19:29:00,23:00:00,25-07-2024 22:50,Cnnpolitics Polls Underestimating,2020 Presidential Election,Senator,D,Senator Amy Klobuchar (MN),Klobuchar Mr Chairman
196,medium,173,X,high,26,Y,medium,57,Y,low,437,Y,high,174,X,low,40,ARCHIVE,europe,ARCHIVE,"{""sku_id"":""CF64-DDCB-E351"",""description"":""archive storage frankfurt/london dual-region"",""original_region"":""eur7""}",21-07-2024,13:44:00,15:07:00,21-07-2024 15:06,Cnnpolitics Polls Underestimating,2020 Presidential Election,Chairman,R,Senator Chuck Grassley (IA),Klobuchar Mr Chairman
197,low,420,X,medium,274,Y,low,236,Y,low,153,Y,high,485,Z,low,53,ARCHIVE,africa,ARCHIVE,"{""sku_id"":""D145-9D81-101D"",""description"":""archive storage johannesburg"",""original_region"":""africa-south1""}",29-06-2024,21:35:00,23:23:00,29-06-2024 23:18,Cnnpolitics Polls Underestimating,2020 Presidential Election,Senator,D,Senator Amy Klobuchar (MN),Executive Privilege Limit
198,medium,238,Z,high,367,X,high,453,X,medium,190,Y,low,412,Z,high,293,COLDLINE,north_america,RARE_ACCESS,"{""sku_id"":""DEB7-C375-8A8E"",""description"":""coldline storage montreal dual-region"",""original_region"":""northamerica-northeast1""}",15-02-2024,07:34:00,08:04:00,15-02-2024 07:54,Cnnpolitics Polls Underestimating,2020 Presidential Election,Chairman,R,Senator Chuck Grassley (IA),Chairman Grassley Appreciate
199,medium,289,Y,high,18,Y,medium,440,Z,high,184,Y,low,250,Z,medium,216,COLDLINE,south_america,RARE_ACCESS,"{""sku_id"":""D359-4780-9DF6"",""description"":""coldline storage santiago"",""original_region"":""southamerica-west1""}",31-05-2024,11:48:00,13:44:00,31-05-2024 13:43,Cnnpolitics Polls Underestimating,2020 Presidential Election,Senator,D,Senator Amy Klobuchar (MN),Klobuchar Mr Chairman
200,low,224,Z,medium,484,X,high,267,Y,low,311,X,medium,266,X,low,118,NEARLINE,europe,OCCASIONAL_ACCESS,"{""sku_id"":""D528-FE50-EB4C"",""description"":""nearline storage belgium/london dual-region"",""original_region"":""eur5""}",31-03-2024,11:16:00,14:16:00,31-03-2024 14:09,Cnnpolitics Polls Underestimating,2020 Presidential Election,Senator,D,Senator Richard Blumenthal (D-CT),Senator Blumenthal Chair
201,high,11,X,low,393,Z,low,221,Z,medium,349,Y,low,236,Z,low,189,COLDLINE,asia,RARE_ACCESS,"{""sku_id"":""D695-04DF-5EB6"",""description"":""coldline storage osaka/tokyo dual-region"",""original_region"":""asia1""}",09-01-2024,20:28:00,21:38:00,09-01-2024 21:34,Cnnpolitics Polls Underestimating,2020 Presidential Election,Senator,R,Senator John Cornyn (TX),Chairman Ask Question
202,high,47,Y,high,229,Z,low,29,X,low,240,X,medium,102,X,high,40,ARCHIVE,south_america,ARCHIVE,"{""sku_id"":""DB02-FF60-E0AB"",""description"":""archive storage santiago"",""original_region"":""southamerica-west1""}",07-02-2024,15:09:00,15:48:00,07-02-2024 15:38,Cnnpolitics Polls Underestimating,2020 Presidential Election,Chairman,R,Senator Chuck Grassley (IA),Chairman Grassley Appreciate
203,low,420,X,high,253,X,high,238,Z,high,131,Y,medium,3,Y,low,498,COLDLINE,europe,RARE_ACCESS,"{""sku_id"":""DE73-C395-1FEF"",""description"":""coldline storage belgium dual-region"",""original_region"":""europe-west1""}",18-02-2024,20:12:00,21:53:00,18-02-2024 21:49,Cnnpolitics Polls Underestimating,2020 Presidential Election,Senator,R,Senator John Cornyn (TX),Analyze Senator
204,medium,132,X,high,456,X,low,253,Z,high,344,Y,medium,402,X,high,436,ARCHIVE,north_america,ARCHIVE,"{""sku_id"":""DC66-8442-8C3E"",""description"":""archive storage mexico"",""original_region"":""northamerica-south1""}",28-03-2024,11:05:00,11:31:00,28-03-2024 11:23,Cnnpolitics Polls Underestimating,2020 Presidential Election,Chairman,R,Senator Chuck Grassley (IA),Chairman Grassley Appreciate
205,high,408,X,low,426,Y,medium,316,X,medium,137,Y,medium,470,Y,low,40,ARCHIVE,asia,ARCHIVE,"{""sku_id"":""DD17-059C-BC8A"",""description"":""archive storage seoul"",""original_region"":""asia-northeast3""}",21-11-2024,15:25:00,18:27:00,21-11-2024 18:18,Cnnpolitics Polls Underestimating,2020 Presidential Election,Senator,R,Senator John Cornyn (TX),Analyze Senator
206,high,485,X,low,413,Z,medium,68,Y,high,448,Y,medium,81,Z,high,250,NEARLINE,europe,OCCASIONAL_ACCESS,"{""sku_id"":""DEB9-6FEE-A424"",""description"":""nearline storage frankfurt/london dual-region"",""original_region"":""eur7""}",16-11-2024,20:25:00,20:51:00,16-11-2024 20:49,Cnnpolitics Polls Underestimating,2020 Presidential Election,Senator,D,Senator Dick Durbin (IL),Senator Durbin White
207,low,237,Y,high,491,X,medium,68,Z,medium,312,Z,low,140,Y,low,264,NEARLINE,asia,OCCASIONAL_ACCESS,"{""sku_id"":""DEEA-BC30-584C"",""description"":""nearline storage asia multi-region"",""original_region"":""asia""}",30-08-2024,17:09:00,17:51:00,30-08-2024 17:43,Cnnpolitics Polls Underestimating,2020 Presidential Election,Senator,D,Senator Richard Blumenthal (D-CT),Analyze Senator
208,low,13,Z,high,372,Y,medium,484,X,medium,220,Y,high,176,Y,low,146,COLDLINE,europe,RARE_ACCESS,"{""sku_id"":""E689-022A-1A47"",""description"":""coldline storage frankfurt/london dual-region"",""original_region"":""eur7""}",23-10-2024,06:43:00,10:18:00,23-10-2024 10:14,Cnnpolitics Polls Underestimating,2020 Presidential Election,Senator,D,Senator Dick Durbin (IL),Senator Durbin White
209,medium,35,Z,high,467,X,high,108,Z,low,116,Y,high,406,X,high,217,ARCHIVE,oceania,ARCHIVE,"{""sku_id"":""F00F-7CD9-FA68"",""description"":""archive storage sydney"",""original_region"":""australia-southeast1""}",30-06-2024,10:51:00,12:55:00,30-06-2024 12:45,Cnnpolitics Polls Underestimating,2020 Presidential Election,Chairman,R,Senator Chuck Grassley (IA),Chairman Grassley Appreciate
210,medium,407,X,medium,476,Z,high,191,Z,high,378,Y,low,203,Z,high,190,COLDLINE,asia,RARE_ACCESS,"{""sku_id"":""EA16-9877-BC89"",""description"":""coldline storage doha"",""original_region"":""me-central1""}",30-07-2024,06:58:00,08:18:00,30-07-2024 08:17,Cnnpolitics Polls Underestimating,2020 Presidential Election,Senator,D,Senator Dick Durbin (IL),Executive Privilege Limit
211,low,171,Y,high,9,Z,high,254,Z,low,304,Y,medium,21,Z,low,34,ARCHIVE,europe,ARCHIVE,"{""sku_id"":""ED7A-CB32-823B"",""description"":""archive storage zurich"",""original_region"":""europe-west6""}",25-01-2024,16:13:00,18:51:00,25-01-2024 18:42,Cnnpolitics Polls Underestimating,2020 Presidential Election,Senator,R,Senator John Neely Kennedy (LA),Chairman Ask Question
212,medium,440,Z,low,327,X,medium,146,Y,high,441,Y,low,292,X,medium,208,COLDLINE,europe,RARE_ACCESS,"{""sku_id"":""EE38-38A9-BA49"",""description"":""coldline storage finland/netherlands dual-region"",""original_region"":""eur4""}",08-04-2024,19:08:00,21:02:00,08-04-2024 20:56,New Covid Lockdowns,Help Russia,Chairman,R,Senator Chuck Grassley (IA),Chairman Grassley Appreciate
213,medium,253,X,high,166,X,low,68,Z,high,353,X,medium,73,X,low,40,NEARLINE,north_america,OCCASIONAL_ACCESS,"{""sku_id"":""F26E-DA3A-2CD0"",""description"":""nearline storage phoenix"",""original_region"":""us-west8""}",30-04-2024,11:42:00,15:21:00,30-04-2024 15:17,Scammers Cnn Epik,Turned Movie Different,Senator,R,Senator John Neely Kennedy (LA),Chairman Ask Question
214,medium,439,Z,medium,247,X,low,305,Z,high,394,X,high,322,Y,low,152,COLDLINE,south_america,RARE_ACCESS,"{""sku_id"":""F53F-3D3B-0326"",""description"":""coldline storage sao paulo"",""original_region"":""southamerica-east1""}",27-08-2024,07:23:00,09:11:00,27-08-2024 09:09,Amid Inflation,Beating Forecasts Covid,Chairman,R,Senator Chuck Grassley (IA),Chairman Grassley Appreciate
215,medium,420,Y,low,83,Z,medium,118,Z,medium,46,X,medium,428,Y,high,306,STANDARD,europe,FREQUENT_ACCESS,"{""sku_id"":""0298-0912-675B"",""description"":""nearline storage tokyo"",""original_region"":""asia-northeast1""}",14-05-2024,17:22:00,19:10:00,14-05-2024 19:03,Scammers Cnn Epik,Point Tally Nba,Senator,R,Senator John Neely Kennedy (LA),Executive Privilege Limit
216,high,429,X,high,337,Z,medium,439,Y,medium,12,X,high,33,X,high,356,STANDARD,europe,FREQUENT_ACCESS,"{""sku_id"":""0298-0912-675B"",""description"":""nearline storage tokyo"",""original_region"":""asia-northeast1""}",24-08-2024,18:50:00,19:09:00,24-08-2024 19:06,Amid Inflation,Beating Forecasts Covid,Chairman,R,Senator Chuck Grassley (IA),Executive Privilege Limit
217,high,273,Z,medium,417,Y,low,396,Z,low,329,Z,medium,497,X,low,23,STANDARD,europe,FREQUENT_ACCESS,"{""sku_id"":""0298-0912-675B"",""description"":""nearline storage tokyo"",""original_region"":""asia-northeast1""}",13-11-2024,19:28:00,20:25:00,13-11-2024 20:24,Amid Inflation,Beating Forecasts Covid,Senator,R,Senator John Neely Kennedy (LA),Chairman Ask Question
218,high,218,Z,low,205,X,high,214,X,low,279,X,low,331,X,high,171,STANDARD,europe,FREQUENT_ACCESS,"{""sku_id"":""0298-0912-675B"",""description"":""nearline storage tokyo"",""original_region"":""asia-northeast1""}",08-08-2024,12:01:00,12:53:00,08-08-2024 12:47,Amid Inflation,Beating Forecasts Covid,Chairman,R,Senator Chuck Grassley (IA),Chairman Grassley Appreciate
219,low,264,X,high,349,Y,medium,231,Y,high,445,Z,high,25,Z,medium,15,STANDARD,europe,FREQUENT_ACCESS,"{""sku_id"":""0298-0912-675B"",""description"":""nearline storage tokyo"",""original_region"":""asia-northeast1""}",31-08-2024,13:32:00,15:48:00,31-08-2024 15:44,Amid Inflation,Beating Forecasts Covid,Senator,R,Senator John Neely Kennedy (LA),Chairman Ask Question
220,medium,163,Z,high,162,Z,high,474,X,low,441,Z,low,110,Y,medium,410,STANDARD,europe,FREQUENT_ACCESS,"{""sku_id"":""0298-0912-675B"",""description"":""nearline storage tokyo"",""original_region"":""asia-northeast1""}",04-01-2024,06:55:00,10:34:00,04-01-2024 10:31,Amid Inflation,Help Russia,Chairman,R,Senator Chuck Grassley (IA),Chairman Grassley Appreciate
221,low,301,Z,low,374,Z,medium,13,Y,high,292,X,medium,83,X,medium,463,STANDARD,europe,FREQUENT_ACCESS,"{""sku_id"":""0298-0912-675B"",""description"":""nearline storage tokyo"",""original_region"":""asia-northeast1""}",24-03-2024,10:26:00,10:54:00,24-03-2024 10:48,Companies Pulling Russia,Help Russia,Senator,R,Senator John Neely Kennedy (LA),Analyze Senator
222,high,385,Y,high,41,Y,medium,189,Z,high,364,Y,high,236,X,high,231,STANDARD,europe,FREQUENT_ACCESS,"{""sku_id"":""0298-0912-675B"",""description"":""nearline storage tokyo"",""original_region"":""asia-northeast1""}",18-04-2024,06:29:00,08:32:00,18-04-2024 08:31,Amid Inflation,Beating Forecasts Covid,Chairman,R,Senator Chuck Grassley (IA),Chairman Grassley Appreciate
223,medium,405,Y,high,440,Z,low,30,X,low,210,Y,high,361,Z,low,472,STANDARD,europe,FREQUENT_ACCESS,"{""sku_id"":""0298-0912-675B"",""description"":""nearline storage tokyo"",""original_region"":""asia-northeast1""}",18-03-2024,18:37:00,20:51:00,18-03-2024 20:46,Abortion Travel,Niger State Television,Senator,R,Senator John Neely Kennedy (LA),Chairman Ask Question
224,low,489,X,low,189,Z,low,69,Z,high,479,Y,low,186,Y,high,314,STANDARD,europe,FREQUENT_ACCESS,"{""sku_id"":""0298-0912-675B"",""description"":""nearline storage tokyo"",""original_region"":""asia-northeast1""}",13-06-2024,16:16:00,20:09:00,13-06-2024 20:07,Amid Inflation,Beating Forecasts Covid,Chairman,R,Senator Chuck Grassley (IA),Chairman Grassley Appreciate
225,high,420,Y,medium,252,Z,medium,68,X,low,17,Y,high,264,Y,low,434,STANDARD,europe,FREQUENT_ACCESS,"{""sku_id"":""0298-0912-675B"",""description"":""nearline storage tokyo"",""original_region"":""asia-northeast1""}",17-07-2024,08:11:00,10:06:00,17-07-2024 09:58,Amid Inflation,Beating Forecasts Covid,Senator,D,Senator Chris Coons (DE),Chairman Ask Question
226,medium,384,Z,high,401,Z,medium,50,Z,low,146,Y,high,174,Y,high,473,STANDARD,europe,FREQUENT_ACCESS,"{""sku_id"":""0298-0912-675B"",""description"":""nearline storage tokyo"",""original_region"":""asia-northeast1""}",24-09-2024,08:51:00,10:26:00,24-09-2024 10:25,Amid Inflation,Beating Forecasts Covid,Chairman,R,Senator Chuck Grassley (IA),Analyze Senator
227,low,444,Z,low,14,X,high,478,Z,medium,348,Z,high,202,X,medium,293,STANDARD,europe,FREQUENT_ACCESS,"{""sku_id"":""0298-0912-675B"",""description"":""nearline storage tokyo"",""original_region"":""asia-northeast1""}",01-05-2024,10:52:00,14:01:00,01-05-2024 13:58,Amid Inflation,Beating Forecasts Covid,Senator,D,Senator Chris Coons (DE),Chairman Ask Question
228,low,8,Y,high,472,Y,medium,391,X,low,393,Y,low,319,Z,medium,223,STANDARD,europe,FREQUENT_ACCESS,"{""sku_id"":""0298-0912-675B"",""description"":""nearline storage tokyo"",""original_region"":""asia-northeast1""}",24-07-2024,20:26:00,21:23:00,24-07-2024 21:20,Amid Inflation,Beating Forecasts Covid,Chairman,R,Senator Chuck Grassley (IA),Chairman Grassley Appreciate
229,high,237,X,medium,307,Y,medium,320,X,low,121,X,low,97,X,medium,370,STANDARD,europe,FREQUENT_ACCESS,"{""sku_id"":""0298-0912-675B"",""description"":""nearline storage tokyo"",""original_region"":""asia-northeast1""}",21-08-2024,15:19:00,15:49:00,21-08-2024 15:40,Amid Inflation,Beating Forecasts Covid,Senator,D,Senator Chris Coons (DE),Chairman Ask Question
230,low,350,Z,high,487,Z,high,370,Z,medium,400,Y,low,379,Z,medium,85,STANDARD,europe,FREQUENT_ACCESS,"{""sku_id"":""0298-0912-675B"",""description"":""nearline storage tokyo"",""original_region"":""asia-northeast1""}",11-05-2024,07:13:00,07:59:00,11-05-2024 07:56,Amid Inflation,2020 Presidential Election,Chairman,R,Senator Chuck Grassley (IA),Chairman Grassley Appreciate
231,medium,228,Z,high,229,Z,medium,92,Y,high,230,Z,medium,472,Y,low,148,STANDARD,europe,FREQUENT_ACCESS,"{""sku_id"":""0298-0912-675B"",""description"":""nearline storage tokyo"",""original_region"":""asia-northeast1""}",18-08-2024,14:45:00,18:31:00,18-08-2024 18:26,Amid Inflation,Beating Forecasts Covid,Senator,D,Senator Chris Coons (DE),Executive Privilege Limit
232,high,50,X,medium,103,Z,high,58,Y,low,428,Z,low,487,X,high,274,STANDARD,europe,FREQUENT_ACCESS,"{""sku_id"":""0298-0912-675B"",""description"":""nearline storage tokyo"",""original_region"":""asia-northeast1""}",22-10-2024,06:29:00,07:00:00,22-10-2024 06:54,Companies Pulling Russia,Beating Forecasts Covid,Chairman,R,Senator Chuck Grassley (IA),Executive Privilege Limit
233,low,327,Z,medium,291,Z,high,68,X,medium,133,X,low,86,Y,medium,100,STANDARD,europe,FREQUENT_ACCESS,"{""sku_id"":""0298-0912-675B"",""description"":""nearline storage tokyo"",""original_region"":""asia-northeast1""}",18-04-2024,12:05:00,12:56:00,18-04-2024 12:51,Amid Inflation,International Women,Senator,D,Senator Kamala Harris (CA),Chairman Ask Question
234,low,203,X,medium,285,Y,high,382,Z,medium,346,Y,high,205,X,low,248,STANDARD,europe,FREQUENT_ACCESS,"{""sku_id"":""0298-0912-675B"",""description"":""nearline storage tokyo"",""original_region"":""asia-northeast1""}",17-06-2024,18:30:00,22:19:00,17-06-2024 22:09,Amid Inflation,Beating Forecasts Covid,Chairman,R,Senator Chuck Grassley (IA),Chairman Grassley Appreciate
235,low,308,Z,medium,460,Z,low,152,X,low,103,Z,high,132,Z,high,427,STANDARD,europe,FREQUENT_ACCESS,"{""sku_id"":""0298-0912-675B"",""description"":""nearline storage tokyo"",""original_region"":""asia-northeast1""}",05-09-2024,07:09:00,10:38:00,05-09-2024 10:37,Amid Inflation,Beating Forecasts Covid,Senator,D,Senator Kamala Harris (CA),Executive Privilege Limit
236,high,0,Z,high,287,Y,medium,87,X,low,69,X,low,317,Y,medium,40,STANDARD,europe,FREQUENT_ACCESS,"{""sku_id"":""0298-0912-675B"",""description"":""nearline storage tokyo"",""original_region"":""asia-northeast1""}",07-07-2024,08:52:00,10:13:00,07-07-2024 10:04,Amid Inflation,Beating Forecasts Covid,Chairman,R,Senator Chuck Grassley (IA),Chairman Grassley Appreciate
237,medium,5,Y,medium,203,Z,low,392,Y,medium,352,X,medium,162,Z,low,445,STANDARD,europe,FREQUENT_ACCESS,"{""sku_id"":""0298-0912-675B"",""description"":""nearline storage tokyo"",""original_region"":""asia-northeast1""}",07-03-2024,21:48:00,01:42:00,08-03-2024 01:35,Amid Inflation,Beating Forecasts Covid,Senator,D,Senator Richard Blumenthal (D-CT),Senator Blumenthal Chair
238,low,301,X,medium,229,Z,high,68,Z,high,340,X,medium,197,X,medium,430,STANDARD,europe,FREQUENT_ACCESS,"{""sku_id"":""0298-0912-675B"",""description"":""nearline storage tokyo"",""original_region"":""asia-northeast1""}",02-09-2024,20:24:00,00:24:00,03-09-2024 00:23,Amid Inflation,Beating Forecasts Covid,Chairman,R,Senator Chuck Grassley (IA),Chairman Grassley Appreciate
239,low,491,X,high,162,X,high,268,Y,low,146,X,low,69,Y,medium,166,STANDARD,europe,FREQUENT_ACCESS,"{""sku_id"":""0298-0912-675B"",""description"":""nearline storage tokyo"",""original_region"":""asia-northeast1""}",26-04-2024,10:50:00,11:31:00,26-04-2024 11:26,Amid Inflation,Beating Forecasts Covid,Senator,D,Senator Richard Blumenthal (D-CT),Senator Blumenthal Chair
240,high,319,X,high,290,Z,medium,68,Z,medium,279,Z,low,279,X,low,356,STANDARD,europe,FREQUENT_ACCESS,"{""sku_id"":""0298-0912-675B"",""description"":""nearline storage tokyo"",""original_region"":""asia-northeast1""}",05-04-2024,14:09:00,16:01:00,05-04-2024 16:00,Amid Inflation,Beating Forecasts Covid,Chairman,R,Senator Chuck Grassley (IA),Chairman Grassley Appreciate
241,low,471,X,medium,184,X,medium,389,Y,medium,470,X,medium,268,X,low,186,STANDARD,europe,FREQUENT_ACCESS,"{""sku_id"":""0298-0912-675B"",""description"":""nearline storage tokyo"",""original_region"":""asia-northeast1""}",21-09-2024,12:31:00,14:30:00,21-09-2024 14:28,Amid Inflation,Beating Forecasts Covid,Senator,D,Senator Richard Blumenthal (D-CT),Executive Privilege Limit
242,low,423,Z,medium,181,Z,medium,367,X,high,166,X,low,275,Y,medium,485,STANDARD,europe,FREQUENT_ACCESS,"{""sku_id"":""0298-0912-675B"",""description"":""nearline storage tokyo"",""original_region"":""asia-northeast1""}",22-07-2024,15:49:00,16:46:00,22-07-2024 16:42,Amid Inflation,Beating Forecasts Covid,Chairman,R,Senator Chuck Grassley (IA),Chairman Grassley Appreciate
243,medium,140,Y,medium,7,Z,medium,68,X,medium,250,Y,high,170,X,high,88,STANDARD,europe,FREQUENT_ACCESS,"{""sku_id"":""0298-0912-675B"",""description"":""nearline storage tokyo"",""original_region"":""asia-northeast1""}",05-02-2024,07:17:00,09:27:00,05-02-2024 09:19,Climate Action Opinion,Warming Caused Humans,Senator,D,Senator Mazie Hirono (HI),Executive Privilege Limit
244,medium,51,X,medium,471,X,medium,64,Z,high,104,Y,high,377,Y,high,134,STANDARD,europe,FREQUENT_ACCESS,"{""sku_id"":""0298-0912-675B"",""description"":""nearline storage tokyo"",""original_region"":""asia-northeast1""}",24-01-2024,21:21:00,22:49:00,24-01-2024 22:41,Voice Cnn Masai,Actor Bob Odenkirk,Chairman,R,Senator Chuck Grassley (IA),Chairman Grassley Appreciate
245,medium,279,X,medium,418,Y,high,434,Y,high,259,Z,low,303,X,low,470,STANDARD,europe,FREQUENT_ACCESS,"{""sku_id"":""0298-0912-675B"",""description"":""nearline storage tokyo"",""original_region"":""asia-northeast1""}",29-09-2024,18:05:00,19:47:00,29-09-2024 19:38,Cnnpolitics Polls Underestimating,2020 Presidential Election,Senator,D,Senator Mazie Hirono (HI),Executive Privilege Limit
246,high,310,Z,high,127,Z,high,68,Y,medium,442,X,medium,88,Y,medium,119,STANDARD,europe,FREQUENT_ACCESS,"{""sku_id"":""0298-0912-675B"",""description"":""nearline storage tokyo"",""original_region"":""asia-northeast1""}",30-03-2024,13:11:00,14:00:00,30-03-2024 13:57,Reunion Netflix Cnn,Turned Movie Different,Chairman,R,Senator Chuck Grassley (IA),Proud Judge Kavanaugh
247,low,385,Y,medium,68,Z,medium,214,Y,high,317,Y,medium,183,X,high,309,STANDARD,europe,FREQUENT_ACCESS,"{""sku_id"":""0298-0912-675B"",""description"":""nearline storage tokyo"",""original_region"":""asia-northeast1""}",13-10-2024,21:35:00,23:53:00,13-10-2024 23:50,Amid Inflation,Beating Forecasts Covid,Senator,D,Senator Cory Booker (NJ),Chairman Ask Question
248,medium,260,Z,medium,417,Y,high,447,X,low,70,Y,low,236,X,medium,145,STANDARD,europe,FREQUENT_ACCESS,"{""sku_id"":""0298-0912-675B"",""description"":""nearline storage tokyo"",""original_region"":""asia-northeast1""}",03-09-2024,18:17:00,20:58:00,03-09-2024 20:56,Amid Inflation,2020 Presidential Election,Chairman,R,Senator Chuck Grassley (IA),Chairman Grassley Appreciate
249,low,420,X,low,418,Y,low,208,Y,high,370,X,high,58,Y,medium,142,STANDARD,europe,FREQUENT_ACCESS,"{""sku_id"":""0298-0912-675B"",""description"":""nearline storage tokyo"",""original_region"":""asia-northeast1""}",03-08-2024,09:48:00,12:56:00,03-08-2024 12:49,Amid Inflation,Coronavirus Pandemic Late,Senator,D,Senator Cory Booker (NJ),Analyze Senator
250,medium,421,X,high,448,X,low,415,X,low,211,X,medium,176,X,high,335,STANDARD,europe,FREQUENT_ACCESS,"{""sku_id"":""0298-0912-675B"",""description"":""nearline storage tokyo"",""original_region"":""asia-northeast1""}",18-12-2024,12:52:00,16:40:00,18-12-2024 16:36,Amid Inflation,Beating Forecasts Covid,Chairman,R,Senator Chuck Grassley (IA),Kavanaugh Dissents President
251,low,292,Y,high,273,Z,low,244,Z,low,9,Z,high,436,Z,medium,397,STANDARD,europe,FREQUENT_ACCESS,"{""sku_id"":""0298-0912-675B"",""description"":""nearline storage tokyo"",""original_region"":""asia-northeast1""}",19-07-2024,10:51:00,13:33:00,19-07-2024 13:24,New Covid Lockdowns,Warming Caused Humans,Senator,D,Senator Dianne Feinstein (CA),Guns Roe Wade
252,high,275,Y,low,367,X,medium,372,Z,medium,311,X,medium,220,X,high,40,STANDARD,europe,FREQUENT_ACCESS,"{""sku_id"":""0298-0912-675B"",""description"":""nearline storage tokyo"",""original_region"":""asia-northeast1""}",15-05-2024,07:39:00,10:35:00,15-05-2024 10:30,Amid Inflation,Coronavirus Pandemic Late,Chairman,R,Senator Chuck Grassley (IA),Chairman Grassley Appreciate
253,high,9,Z,low,364,Z,medium,295,Z,medium,149,X,medium,236,Y,medium,491,STANDARD,europe,FREQUENT_ACCESS,"{""sku_id"":""0298-0912-675B"",""description"":""nearline storage tokyo"",""original_region"":""asia-northeast1""}",14-01-2024,06:14:00,09:13:00,14-01-2024 09:09,Amid Inflation,Beating Forecasts Covid,Senator,R,Senator Orrin Hatch (UT),Kavanaugh Dissents President
254,high,390,Z,medium,229,Z,high,140,X,medium,485,Y,low,340,X,medium,44,STANDARD,europe,FREQUENT_ACCESS,"{""sku_id"":""0298-0912-675B"",""description"":""nearline storage tokyo"",""original_region"":""asia-northeast1""}",19-07-2024,14:53:00,18:16:00,19-07-2024 18:12,Amid Inflation,Beating Forecasts Covid,Chairman,R,Senator Chuck Grassley (IA),Chairman Grassley Appreciate
255,low,340,X,high,261,X,high,447,X,high,497,X,medium,160,Z,medium,50,STANDARD,europe,FREQUENT_ACCESS,"{""sku_id"":""0298-0912-675B"",""description"":""nearline storage tokyo"",""original_region"":""asia-northeast1""}",14-11-2024,10:50:00,14:04:00,14-11-2024 14:03,Amid Inflation,Beating Forecasts Covid,Senator,R,Senator Orrin Hatch (UT),Kavanaugh Dissents President
256,low,448,X,medium,130,Y,high,233,Z,medium,335,X,high,413,Z,high,488,STANDARD,europe,FREQUENT_ACCESS,"{""sku_id"":""0298-0912-675B"",""description"":""nearline storage tokyo"",""original_region"":""asia-northeast1""}",12-07-2024,06:46:00,08:41:00,12-07-2024 08:34,Amid Inflation,Beating Forecasts Covid,Chairman,R,Senator Chuck Grassley (IA),Chairman Grassley Appreciate
257,high,46,X,high,376,Z,high,228,Z,medium,315,X,medium,8,X,medium,40,STANDARD,europe,FREQUENT_ACCESS,"{""sku_id"":""0298-0912-675B"",""description"":""nearline storage tokyo"",""original_region"":""asia-northeast1""}",07-07-2024,07:10:00,08:45:00,07-07-2024 08:35,Amid Inflation,Coronavirus Pandemic Late,Senator,R,Senator Orrin Hatch (UT),Kozinski Phone Senator
258,medium,73,Y,low,485,Y,medium,329,Z,high,152,Y,medium,236,X,low,157,STANDARD,europe,FREQUENT_ACCESS,"{""sku_id"":""0298-0912-675B"",""description"":""nearline storage tokyo"",""original_region"":""asia-northeast1""}",09-05-2024,11:40:00,14:49:00,09-05-2024 14:39,Abortion Travel,Coronavirus Pandemic Late,Chairman,R,Senator Chuck Grassley (IA),Chairman Grassley Appreciate
259,low,335,Z,medium,38,X,high,465,Z,medium,35,Y,low,298,X,medium,60,STANDARD,europe,FREQUENT_ACCESS,"{""sku_id"":""0298-0912-675B"",""description"":""nearline storage tokyo"",""original_region"":""asia-northeast1""}",11-12-2024,21:30:00,23:01:00,11-12-2024 22:57,Amid Inflation,Turned Movie Different,Senator,R,Senator Orrin Hatch (UT),Kavanaugh Dissents President
260,medium,244,Z,high,37,X,high,435,Y,high,279,Y,low,119,X,low,111,STANDARD,europe,FREQUENT_ACCESS,"{""sku_id"":""0298-0912-675B"",""description"":""nearline storage tokyo"",""original_region"":""asia-northeast1""}",13-08-2024,21:01:00,22:02:00,13-08-2024 21:57,Scammers Cnn Epik,Actor Bob Odenkirk,Chairman,R,Senator Chuck Grassley (IA),Chairman Grassley Appreciate
261,high,293,X,high,132,Y,high,196,X,high,231,Y,high,391,X,low,37,STANDARD,europe,FREQUENT_ACCESS,"{""sku_id"":""0298-0912-675B"",""description"":""nearline storage tokyo"",""original_region"":""asia-northeast1""}",29-01-2024,20:13:00,23:38:00,29-01-2024 23:30,Bob Baffert Suspended,Said Alicia Keys,Senator,D,Senator Dianne Feinstein (CA),Chairman Senator Feinstein
262,high,217,Y,low,58,X,high,115,Z,medium,158,X,low,39,X,high,179,STANDARD,europe,FREQUENT_ACCESS,"{""sku_id"":""0298-0912-675B"",""description"":""nearline storage tokyo"",""original_region"":""asia-northeast1""}",03-08-2024,12:47:00,14:50:00,03-08-2024 14:45,Reunion Netflix Cnn,Said Alicia Keys,Chairman,R,Senator Chuck Grassley (IA),Chairman Grassley Appreciate
263,low,320,Z,high,4,Z,high,162,Y,high,480,X,medium,325,Y,medium,147,STANDARD,europe,FREQUENT_ACCESS,"{""sku_id"":""0298-0912-675B"",""description"":""nearline storage tokyo"",""original_region"":""asia-northeast1""}",26-05-2024,06:15:00,07:32:00,26-05-2024 07:26,Reunion Netflix Cnn,Turned Movie Different,Senator,D,Senator Patrick Leahy (VT),Kavanaugh Dissents President
264,low,329,X,low,489,Z,medium,131,Y,high,146,X,medium,316,Y,low,79,STANDARD,europe,FREQUENT_ACCESS,"{""sku_id"":""0298-0912-675B"",""description"":""nearline storage tokyo"",""original_region"":""asia-northeast1""}",11-03-2024,21:38:00,21:53:00,11-03-2024 21:50,Voice Cnn Masai,Niger State Television,Chairman,R,Senator Chuck Grassley (IA),Executive Privilege Limit
265,low,94,Z,low,291,X,high,147,X,high,107,Z,high,393,X,high,359,STANDARD,europe,FREQUENT_ACCESS,"{""sku_id"":""0298-0912-675B"",""description"":""nearline storage tokyo"",""original_region"":""asia-northeast1""}",25-11-2024,14:14:00,16:46:00,25-11-2024 16:43,Voice Cnn Masai,Turned Movie Different,Senator,D,Senator Cory Booker (NJ),Chairman Ask Question
266,medium,380,Y,high,388,X,medium,215,Y,medium,279,Y,low,103,X,high,17,STANDARD,europe,FREQUENT_ACCESS,"{""sku_id"":""0298-0912-675B"",""description"":""nearline storage tokyo"",""original_region"":""asia-northeast1""}",06-02-2024,08:22:00,09:21:00,06-02-2024 09:20,Reunion Netflix Cnn,Lomachenko,Chairman,R,Senator Chuck Grassley (IA),Chairman Grassley Appreciate
267,high,246,X,high,283,X,medium,10,Z,medium,417,Y,medium,77,Y,low,237,STANDARD,europe,FREQUENT_ACCESS,"{""sku_id"":""0298-0912-675B"",""description"":""nearline storage tokyo"",""original_region"":""asia-northeast1""}",12-07-2024,06:57:00,10:07:00,12-07-2024 10:06,Reunion Netflix Cnn,Turned Movie Different,Senator,D,Senator Cory Booker (NJ),Executive Privilege Limit
268,high,287,X,low,229,Y,medium,266,Z,low,188,X,low,290,Z,low,152,STANDARD,europe,FREQUENT_ACCESS,"{""sku_id"":""0298-0912-675B"",""description"":""nearline storage tokyo"",""original_region"":""asia-northeast1""}",23-05-2024,09:12:00,12:12:00,23-05-2024 12:11,Reunion Netflix Cnn,Turned Movie Different,Chairman,R,Senator Chuck Grassley (IA),Chairman Grassley Appreciate
269,medium,308,Z,high,343,Z,low,424,Z,medium,279,X,low,485,Y,high,325,STANDARD,europe,FREQUENT_ACCESS,"{""sku_id"":""0298-0912-675B"",""description"":""nearline storage tokyo"",""original_region"":""asia-northeast1""}",02-01-2024,09:54:00,12:01:00,02-01-2024 12:00,Reunion Netflix Cnn,Turned Movie Different,Senator,D,Senator Cory Booker (NJ),Analyze Senator
270,medium,372,Y,high,80,X,high,215,X,medium,279,Y,medium,392,Y,low,168,STANDARD,europe,FREQUENT_ACCESS,"{""sku_id"":""0298-0912-675B"",""description"":""nearline storage tokyo"",""original_region"":""asia-northeast1""}",27-04-2024,20:32:00,23:21:00,27-04-2024 23:17,Reunion Netflix Cnn,Turned Movie Different,Chairman,R,Senator Chuck Grassley (IA),Chairman Grassley Appreciate
271,medium,150,Z,low,75,Z,low,39,Z,medium,260,Z,high,105,X,high,236,STANDARD,europe,FREQUENT_ACCESS,"{""sku_id"":""0298-0912-675B"",""description"":""nearline storage tokyo"",""original_region"":""asia-northeast1""}",19-02-2024,16:31:00,18:33:00,19-02-2024 18:23,Reunion Netflix Cnn,Turned Movie Different,Senator,D,Senator Cory Booker (NJ),Analyze Senator
272,medium,3,Y,low,244,Z,medium,194,X,low,434,Y,low,203,Z,medium,405,STANDARD,europe,FREQUENT_ACCESS,"{""sku_id"":""0298-0912-675B"",""description"":""nearline storage tokyo"",""original_region"":""asia-northeast1""}",04-07-2024,11:08:00,13:49:00,04-07-2024 13:45,Reunion Netflix Cnn,Turned Movie Different,Chairman,R,Senator Chuck Grassley (IA),Chairman Grassley Appreciate
273,low,90,Y,low,185,X,low,167,Y,medium,193,Z,medium,133,Z,medium,72,STANDARD,europe,FREQUENT_ACCESS,"{""sku_id"":""0298-0912-675B"",""description"":""nearline storage tokyo"",""original_region"":""asia-northeast1""}",05-11-2024,07:18:00,09:51:00,05-11-2024 09:46,Reunion Netflix Cnn,Turned Movie Different,Senator,R,Senator John Cornyn (TX),Kavanaugh Dissents President
274,high,482,Z,high,420,X,high,297,Y,medium,9,X,low,389,Z,medium,217,STANDARD,europe,FREQUENT_ACCESS,"{""sku_id"":""0298-0912-675B"",""description"":""nearline storage tokyo"",""original_region"":""asia-northeast1""}",19-03-2024,14:48:00,17:52:00,19-03-2024 17:49,Basketball Legend Says,Hold Fastest Marathon,Chairman,R,Senator Chuck Grassley (IA),Chairman Grassley Appreciate
275,medium,111,Z,medium,153,Z,medium,125,Y,low,187,Y,low,256,Z,low,281,STANDARD,europe,FREQUENT_ACCESS,"{""sku_id"":""0298-0912-675B"",""description"":""nearline storage tokyo"",""original_region"":""asia-northeast1""}",16-03-2024,08:55:00,11:56:00,16-03-2024 11:50,Reunion Netflix Cnn,Turned Movie Different,Senator,R,Senator John Cornyn (TX),Kavanaugh Dissents President
276,low,124,X,medium,164,Y,low,150,Z,medium,1,Z,low,218,Z,high,368,STANDARD,europe,FREQUENT_ACCESS,"{""sku_id"":""0298-0912-675B"",""description"":""nearline storage tokyo"",""original_region"":""asia-northeast1""}",30-12-2024,13:40:00,15:59:00,30-12-2024 15:49,Reunion Netflix Cnn,Said Alicia Keys,Chairman,R,Senator Chuck Grassley (IA),Chairman Grassley Appreciate
277,medium,429,Z,medium,264,Y,low,372,Z,high,211,X,high,2,X,medium,268,STANDARD,europe,FREQUENT_ACCESS,"{""sku_id"":""0298-0912-675B"",""description"":""nearline storage tokyo"",""original_region"":""asia-northeast1""}",07-05-2024,09:16:00,12:09:00,07-05-2024 12:07,Reunion Netflix Cnn,Turned Movie Different,Senator,R,Senator John Cornyn (TX),Kavanaugh Dissents President
278,medium,117,X,medium,96,X,medium,87,Y,low,237,Y,medium,316,X,low,40,STANDARD,europe,FREQUENT_ACCESS,"{""sku_id"":""0298-0912-675B"",""description"":""nearline storage tokyo"",""original_region"":""asia-northeast1""}",29-04-2024,13:22:00,13:42:00,29-04-2024 13:40,Reunion Netflix Cnn,Turned Movie Different,Chairman,R,Senator Chuck Grassley (IA),Chairman Grassley Appreciate
279,high,232,Z,medium,429,Y,high,466,Z,medium,365,X,medium,221,X,high,397,STANDARD,europe,FREQUENT_ACCESS,"{""sku_id"":""0298-0912-675B"",""description"":""nearline storage tokyo"",""original_region"":""asia-northeast1""}",26-03-2024,17:25:00,19:25:00,26-03-2024 19:23,Reunion Netflix Cnn,Turned Movie Different,Senator,D,Senator Dick Durbin (IL),Kavanaugh Dissents President
280,high,185,X,low,5,Z,low,148,Z,medium,34,Z,low,19,X,low,394,STANDARD,europe,FREQUENT_ACCESS,"{""sku_id"":""0298-0912-675B"",""description"":""nearline storage tokyo"",""original_region"":""asia-northeast1""}",14-08-2024,21:06:00,23:50:00,14-08-2024 23:48,Reunion Netflix Cnn,Said Alicia Keys,Chairman,R,Senator Chuck Grassley (IA),Chairman Grassley Appreciate
281,medium,420,X,medium,423,Z,high,68,Z,medium,240,Z,medium,97,Y,medium,40,STANDARD,europe,FREQUENT_ACCESS,"{""sku_id"":""0298-0912-675B"",""description"":""nearline storage tokyo"",""original_region"":""asia-northeast1""}",09-09-2024,14:16:00,16:24:00,09-09-2024 16:23,Reunion Netflix Cnn,Turned Movie Different,Senator,R,Senator Mike Lee (UT),Kavanaugh Dissents President
282,high,297,X,low,311,Y,medium,41,Z,medium,88,Y,high,363,X,medium,459,STANDARD,europe,FREQUENT_ACCESS,"{""sku_id"":""0298-0912-675B"",""description"":""nearline storage tokyo"",""original_region"":""asia-northeast1""}",29-05-2024,16:04:00,17:21:00,29-05-2024 17:17,Reunion Netflix Cnn,Turned Movie Different,Chairman,R,Senator Chuck Grassley (IA),Chairman Grassley Appreciate
283,low,257,Z,high,443,Y,medium,159,Y,high,233,Y,medium,374,Z,low,11,STANDARD,europe,FREQUENT_ACCESS,"{""sku_id"":""0298-0912-675B"",""description"":""nearline storage tokyo"",""original_region"":""asia-northeast1""}",12-06-2024,07:12:00,08:16:00,12-06-2024 08:11,Reunion Netflix Cnn,Turned Movie Different,Senator,D,Senator Sheldon Whitehouse (RI),Kavanaugh Dissents President
284,high,250,Z,low,146,X,medium,188,Y,high,492,Z,high,246,Y,low,249,STANDARD,europe,FREQUENT_ACCESS,"{""sku_id"":""0298-0912-675B"",""description"":""nearline storage tokyo"",""original_region"":""asia-northeast1""}",24-01-2024,20:28:00,22:08:00,24-01-2024 22:04,Reunion Netflix Cnn,Turned Movie Different,Chairman,R,Senator Chuck Grassley (IA),Chairman Grassley Appreciate
285,medium,417,X,low,450,Z,low,227,X,high,370,Y,low,378,Y,low,401,STANDARD,europe,FREQUENT_ACCESS,"{""sku_id"":""0298-0912-675B"",""description"":""nearline storage tokyo"",""original_region"":""asia-northeast1""}",10-12-2024,06:12:00,07:11:00,10-12-2024 07:08,Assassination Question,Said Alicia Keys,Senator,D,Senator Sheldon Whitehouse (RI),Executive Privilege Limit
286,medium,290,Y,medium,229,Z,medium,45,Y,low,422,Z,medium,369,Z,high,51,STANDARD,europe,FREQUENT_ACCESS,"{""sku_id"":""0298-0912-675B"",""description"":""nearline storage tokyo"",""original_region"":""asia-northeast1""}",11-11-2024,09:58:00,12:10:00,11-11-2024 12:02,Assassination Question,Turned Movie Different,Chairman,R,Senator Chuck Grassley (IA),Chairman Grassley Appreciate
287,low,254,Z,medium,228,Z,low,123,Y,low,19,X,medium,307,Y,medium,409,STANDARD,europe,FREQUENT_ACCESS,"{""sku_id"":""0298-0912-675B"",""description"":""nearline storage tokyo"",""original_region"":""asia-northeast1""}",03-03-2024,17:03:00,18:04:00,03-03-2024 17:57,Bob Baffert Suspended,Niger State Television,Senator,D,Senator Sheldon Whitehouse (RI),Chairman Ask Question
288,low,443,X,medium,141,Z,medium,438,X,medium,382,Z,high,104,X,high,19,STANDARD,europe,FREQUENT_ACCESS,"{""sku_id"":""0298-0912-675B"",""description"":""nearline storage tokyo"",""original_region"":""asia-northeast1""}",21-05-2024,15:04:00,16:26:00,21-05-2024 16:22,Voice Cnn Masai,Turned Movie Different,Senator,R,Senator Ted Cruz (TX),Kavanaugh Dissents President
289,high,46,Y,high,98,Z,low,461,Z,medium,432,Z,low,210,Z,low,40,STANDARD,europe,FREQUENT_ACCESS,"{""sku_id"":""0298-0912-675B"",""description"":""nearline storage tokyo"",""original_region"":""asia-northeast1""}",30-06-2024,13:05:00,13:55:00,30-06-2024 13:51,Reunion Netflix Cnn,Turned Movie Different,Chairman,R,Senator Chuck Grassley (IA),Kavanaugh Dissents President
290,low,416,Z,high,75,Z,low,220,Y,low,335,Z,low,236,Z,low,93,STANDARD,europe,FREQUENT_ACCESS,"{""sku_id"":""0298-0912-675B"",""description"":""nearline storage tokyo"",""original_region"":""asia-northeast1""}",08-05-2024,18:00:00,21:25:00,08-05-2024 21:18,Voice Cnn Masai,Point Tally Nba,Senator,D,Senator Amy Klobuchar (MN),Klobuchar Mr Chairman
291,high,98,Y,medium,291,Z,medium,59,Z,medium,391,Y,high,155,X,low,333,STANDARD,europe,FREQUENT_ACCESS,"{""sku_id"":""0298-0912-675B"",""description"":""nearline storage tokyo"",""original_region"":""asia-northeast1""}",22-07-2024,09:51:00,11:30:00,22-07-2024 11:26,Voice Cnn Masai,Turned Movie Different,Chairman,R,Senator Chuck Grassley (IA),Chairman Grassley Appreciate
292,low,165,X,high,480,Y,medium,137,X,low,23,Y,low,330,Y,low,414,STANDARD,europe,FREQUENT_ACCESS,"{""sku_id"":""0298-0912-675B"",""description"":""nearline storage tokyo"",""original_region"":""asia-northeast1""}",09-01-2024,06:29:00,08:10:00,09-01-2024 08:08,Smitten Aussie Tennis,Actor Bob Odenkirk,Senator,D,Senator Amy Klobuchar (MN),Klobuchar Mr Chairman
293,low,6,Y,medium,282,X,low,475,X,low,369,Y,medium,413,Y,medium,407,STANDARD,europe,FREQUENT_ACCESS,"{""sku_id"":""0298-0912-675B"",""description"":""nearline storage tokyo"",""original_region"":""asia-northeast1""}",09-09-2024,11:14:00,14:51:00,09-09-2024 14:42,Voice Cnn Masai,Turned Movie Different,Chairman,R,Senator Chuck Grassley (IA),Chairman Grassley Appreciate
294,high,285,Y,low,482,X,high,459,Y,medium,417,Y,low,266,X,low,287,STANDARD,europe,FREQUENT_ACCESS,"{""sku_id"":""0298-0912-675B"",""description"":""nearline storage tokyo"",""original_region"":""asia-northeast1""}",22-07-2024,12:32:00,15:53:00,22-07-2024 15:45,Mbappe Neymar Prove,Lomachenko,Senator,D,Senator Amy Klobuchar (MN),Executive Privilege Limit
295,high,415,Z,low,377,Z,low,406,Z,medium,115,Z,medium,253,X,medium,454,STANDARD,europe,FREQUENT_ACCESS,"{""sku_id"":""0298-0912-675B"",""description"":""nearline storage tokyo"",""original_region"":""asia-northeast1""}",02-02-2024,11:32:00,11:48:00,02-02-2024 11:45,Mbappe Neymar Prove,Lomachenko,Chairman,R,Senator Chuck Grassley (IA),Executive Privilege Limit
296,low,190,Z,low,342,Z,low,431,X,low,235,Y,low,93,Z,high,70,STANDARD,europe,FREQUENT_ACCESS,"{""sku_id"":""0298-0912-675B"",""description"":""nearline storage tokyo"",""original_region"":""asia-northeast1""}",16-12-2024,18:00:00,19:18:00,16-12-2024 19:17,Making Racism,Lomachenko,Senator,D,Senator Amy Klobuchar (MN),Klobuchar Mr Chairman
297,low,331,Y,low,362,Y,high,355,Z,medium,211,X,low,248,Y,low,40,STANDARD,europe,FREQUENT_ACCESS,"{""sku_id"":""0298-0912-675B"",""description"":""nearline storage tokyo"",""original_region"":""asia-northeast1""}",23-01-2024,18:18:00,21:40:00,23-01-2024 21:35,Mbappe Neymar Prove,Lomachenko,Chairman,R,Senator Chuck Grassley (IA),Chairman Grassley Appreciate
298,medium,196,Z,high,464,Z,low,311,Z,high,49,Z,medium,20,Y,low,66,STANDARD,europe,FREQUENT_ACCESS,"{""sku_id"":""0298-0912-675B"",""description"":""nearline storage tokyo"",""original_region"":""asia-northeast1""}",10-12-2024,17:00:00,19:03:00,10-12-2024 18:54,Mbappe Neymar Prove,Lomachenko,Senator,D,Senator Amy Klobuchar (MN),Kavanaugh Dissents President
299,low,379,X,medium,429,X,high,386,X,high,64,Y,low,56,Z,high,359,STANDARD,europe,FREQUENT_ACCESS,"{""sku_id"":""0298-0912-675B"",""description"":""nearline storage tokyo"",""original_region"":""asia-northeast1""}",03-01-2024,09:25:00,10:24:00,03-01-2024 10:14,Mbappe Neymar Prove,Lomachenko,Chairman,R,Senator Chuck Grassley (IA),Chairman Grassley Appreciate
300,medium,499,X,medium,80,Y,low,323,Y,low,150,Z,low,236,Y,medium,445,STANDARD,europe,FREQUENT_ACCESS,"{""sku_id"":""0298-0912-675B"",""description"":""nearline storage tokyo"",""original_region"":""asia-northeast1""}",14-03-2024,13:11:00,14:55:00,14-03-2024 14:46,Mbappe Neymar Prove,Lomachenko,Senator,R,Senator Ben Sasse (NE),Proud Judge Kavanaugh
301,low,357,Y,medium,292,Y,medium,169,X,high,54,Y,medium,109,Z,low,465,STANDARD,europe,FREQUENT_ACCESS,"{""sku_id"":""0298-0912-675B"",""description"":""nearline storage tokyo"",""original_region"":""asia-northeast1""}",29-10-2024,11:57:00,13:36:00,29-10-2024 13:32,Basketball Legend Says,Point Tally Nba,Senator,D,Senator Amy Klobuchar (MN),Klobuchar Mr Chairman
302,low,170,Z,low,230,X,low,320,Y,medium,250,Y,medium,173,Y,high,260,STANDARD,europe,FREQUENT_ACCESS,"{""sku_id"":""0298-0912-675B"",""description"":""nearline storage tokyo"",""original_region"":""asia-northeast1""}",03-09-2024,20:01:00,21:28:00,03-09-2024 21:19,Mbappe Neymar Prove,Lomachenko,Senator,R,Senator John Cornyn (TX),Analyze Senator
303,low,412,Z,high,439,Z,high,147,Z,medium,27,Y,medium,236,Z,low,66,STANDARD,europe,FREQUENT_ACCESS,"{""sku_id"":""0298-0912-675B"",""description"":""nearline storage tokyo"",""original_region"":""asia-northeast1""}",16-06-2024,11:41:00,13:53:00,16-06-2024 13:48,Mbappe Neymar Prove,Lomachenko,Senator,D,Senator Amy Klobuchar (MN),Klobuchar Mr Chairman
304,low,18,Y,low,102,Y,low,68,Y,high,279,Z,high,236,X,low,85,STANDARD,europe,FREQUENT_ACCESS,"{""sku_id"":""0298-0912-675B"",""description"":""nearline storage tokyo"",""original_region"":""asia-northeast1""}",23-10-2024,15:53:00,18:18:00,23-10-2024 18:16,Mbappe Neymar Prove,Lomachenko,Senator,R,Senator Ben Sasse (NE),Chairman Ask Question
305,low,493,X,medium,409,X,low,190,Y,medium,314,Z,high,349,Z,low,313,STANDARD,europe,FREQUENT_ACCESS,"{""sku_id"":""0298-0912-675B"",""description"":""nearline storage tokyo"",""original_region"":""asia-northeast1""}",04-02-2024,07:06:00,08:41:00,04-02-2024 08:37,New Covid Lockdowns,Lomachenko,Senator,D,Senator Amy Klobuchar (MN),Klobuchar Mr Chairman
306,medium,419,Z,high,239,Z,high,243,X,high,126,Y,high,223,X,high,448,STANDARD,europe,FREQUENT_ACCESS,"{""sku_id"":""0298-0912-675B"",""description"":""nearline storage tokyo"",""original_region"":""asia-northeast1""}",15-07-2024,08:31:00,10:27:00,15-07-2024 10:19,Basketball Legend Says,Qualifying Winter Olympics,Senator,R,Senator Ben Sasse (NE),Chairman Ask Question
307,low,326,Y,high,466,Y,medium,90,Y,medium,189,Y,medium,422,Z,low,493,STANDARD,europe,FREQUENT_ACCESS,"{""sku_id"":""0298-0912-675B"",""description"":""nearline storage tokyo"",""original_region"":""asia-northeast1""}",14-06-2024,13:24:00,15:16:00,14-06-2024 15:09,Bob Baffert Suspended,Hold Fastest Marathon,Senator,D,Senator Amy Klobuchar (MN),Klobuchar Mr Chairman
308,low,310,X,medium,229,Y,medium,478,Y,low,167,X,high,241,Y,medium,360,STANDARD,europe,FREQUENT_ACCESS,"{""sku_id"":""0298-0912-675B"",""description"":""nearline storage tokyo"",""original_region"":""asia-northeast1""}",07-09-2024,11:18:00,13:19:00,07-09-2024 13:10,Voice Cnn Masai,Hold Fastest Marathon,Senator,R,Senator Ben Sasse (NE),Kavanaugh Dissents President
309,low,126,Y,high,172,Y,low,68,Z,high,279,X,high,496,Y,medium,440,STANDARD,europe,FREQUENT_ACCESS,"{""sku_id"":""0298-0912-675B"",""description"":""nearline storage tokyo"",""original_region"":""asia-northeast1""}",07-09-2024,14:20:00,16:00:00,07-09-2024 15:58,Voice Cnn Masai,Said Alicia Keys,Chairman,R,Senator Chuck Grassley (IA),Chairman Ask Question
310,high,215,Z,low,422,Y,medium,53,Z,low,231,Z,medium,499,Z,medium,40,STANDARD,europe,FREQUENT_ACCESS,"{""sku_id"":""0298-0912-675B"",""description"":""nearline storage tokyo"",""original_region"":""asia-northeast1""}",06-02-2024,06:10:00,09:16:00,06-02-2024 09:06,Golf Black Professional,Hold Fastest Marathon,Senator,D,Senator Chris Coons (DE),Kavanaugh Dissents President
311,low,50,X,high,93,Y,medium,237,X,high,66,Y,low,213,Y,low,98,STANDARD,europe,FREQUENT_ACCESS,"{""sku_id"":""0298-0912-675B"",""description"":""nearline storage tokyo"",""original_region"":""asia-northeast1""}",07-07-2024,07:15:00,10:35:00,07-07-2024 10:27,Golf Black Professional,Point Tally Nba,Chairman,R,Senator Chuck Grassley (IA),Executive Privilege Limit
312,high,169,Y,medium,2,Z,medium,227,Y,medium,0,Y,high,382,Z,low,232,STANDARD,europe,FREQUENT_ACCESS,"{""sku_id"":""0298-0912-675B"",""description"":""nearline storage tokyo"",""original_region"":""asia-northeast1""}",21-04-2024,11:23:00,14:17:00,21-04-2024 14:08,Golf Black Professional,Point Tally Nba,Senator,R,Senator Jeff Flake (AZ),Kavanaugh Dissents President
313,low,294,X,low,253,Z,medium,442,Y,high,221,Y,high,226,Z,high,49,STANDARD,europe,FREQUENT_ACCESS,"{""sku_id"":""0298-0912-675B"",""description"":""nearline storage tokyo"",""original_region"":""asia-northeast1""}",21-10-2024,08:59:00,12:13:00,21-10-2024 12:05,Golf Black Professional,Niger State Television,Chairman,R,Senator Chuck Grassley (IA),Chairman Grassley Appreciate
314,low,181,Z,low,229,Y,low,377,Y,medium,282,X,medium,437,Z,medium,336,STANDARD,europe,FREQUENT_ACCESS,"{""sku_id"":""0298-0912-675B"",""description"":""nearline storage tokyo"",""original_region"":""asia-northeast1""}",10-09-2024,20:57:00,21:13:00,10-09-2024 21:08,Golf Black Professional,Point Tally Nba,Senator,R,Senator Jeff Flake (AZ),Kavanaugh Dissents President
315,medium,385,X,high,62,Z,high,439,Z,medium,384,X,low,383,X,high,164,STANDARD,europe,FREQUENT_ACCESS,"{""sku_id"":""0298-0912-675B"",""description"":""nearline storage tokyo"",""original_region"":""asia-northeast1""}",20-02-2024,18:21:00,22:01:00,20-02-2024 21:55,Smitten Aussie Tennis,Said Alicia Keys,Chairman,R,Senator Chuck Grassley (IA),Chairman Grassley Appreciate
316,high,426,Z,high,497,X,high,233,Z,medium,279,X,medium,169,Z,medium,169,STANDARD,europe,FREQUENT_ACCESS,"{""sku_id"":""0298-0912-675B"",""description"":""nearline storage tokyo"",""original_region"":""asia-northeast1""}",22-06-2024,11:23:00,12:39:00,22-06-2024 12:32,Winter Olympics Don,Qualifying Winter Olympics,Senator,R,Senator Jeff Flake (AZ),Kavanaugh Dissents President
317,low,280,Z,low,19,Z,low,77,X,low,41,Z,low,160,Y,low,1,STANDARD,europe,FREQUENT_ACCESS,"{""sku_id"":""0298-0912-675B"",""description"":""nearline storage tokyo"",""original_region"":""asia-northeast1""}",18-07-2024,18:07:00,22:03:00,18-07-2024 21:53,Bob Baffert Suspended,Qualifying Winter Olympics,Chairman,R,Senator Chuck Grassley (IA),Chairman Grassley Appreciate
318,low,170,Z,low,294,X,high,360,X,high,298,Y,low,440,X,medium,499,STANDARD,europe,FREQUENT_ACCESS,"{""sku_id"":""0298-0912-675B"",""description"":""nearline storage tokyo"",""original_region"":""asia-northeast1""}",15-09-2024,16:19:00,19:20:00,15-09-2024 19:10,Smitten Aussie Tennis,Qualifying Winter Olympics,Senator,D,Senator Richard Blumenthal (D-CT),Analyze Senator
319,high,151,Y,high,130,Z,low,109,X,medium,451,X,low,236,Z,high,213,STANDARD,europe,FREQUENT_ACCESS,"{""sku_id"":""0298-0912-675B"",""description"":""nearline storage tokyo"",""original_region"":""asia-northeast1""}",12-12-2024,17:50:00,19:10:00,12-12-2024 19:00,Winter Olympics Don,Qualifying Winter Olympics,Chairman,R,Senator Chuck Grassley (IA),Chairman Grassley Appreciate
320,low,273,Z,low,148,Y,low,318,Z,medium,119,Y,low,347,Z,low,392,STANDARD,europe,FREQUENT_ACCESS,"{""sku_id"":""0298-0912-675B"",""description"":""nearline storage tokyo"",""original_region"":""asia-northeast1""}",12-06-2024,13:05:00,15:58:00,12-06-2024 15:54,Winter Olympics Don,Qualifying Winter Olympics,Senator,D,Senator Richard Blumenthal (D-CT),Senator Blumenthal Chair
321,low,359,X,low,105,Y,high,205,X,medium,42,X,low,338,Z,medium,259,STANDARD,europe,FREQUENT_ACCESS,"{""sku_id"":""0298-0912-675B"",""description"":""nearline storage tokyo"",""original_region"":""asia-northeast1""}",10-04-2024,15:13:00,15:36:00,10-04-2024 15:35,Winter Olympics Don,Qualifying Winter Olympics,Chairman,R,Senator Chuck Grassley (IA),Chairman Grassley Appreciate
322,low,63,X,high,194,X,low,174,X,high,201,Z,medium,82,Z,high,320,STANDARD,europe,FREQUENT_ACCESS,"{""sku_id"":""0298-0912-675B"",""description"":""nearline storage tokyo"",""original_region"":""asia-northeast1""}",25-04-2024,16:28:00,17:01:00,25-04-2024 16:59,Winter Olympics Don,Qualifying Winter Olympics,Senator,D,Senator Richard Blumenthal (D-CT),Senator Blumenthal Chair
323,high,223,X,high,333,Y,low,59,Y,medium,280,X,low,118,Y,high,233,STANDARD,europe,FREQUENT_ACCESS,"{""sku_id"":""0298-0912-675B"",""description"":""nearline storage tokyo"",""original_region"":""asia-northeast1""}",06-06-2024,14:23:00,18:12:00,06-06-2024 18:02,Smitten Aussie Tennis,Qualifying Winter Olympics,Chairman,R,Senator Chuck Grassley (IA),Chairman Grassley Appreciate
324,high,220,X,high,161,Z,medium,68,Z,low,311,X,low,450,Y,medium,343,STANDARD,europe,FREQUENT_ACCESS,"{""sku_id"":""0298-0912-675B"",""description"":""nearline storage tokyo"",""original_region"":""asia-northeast1""}",28-08-2024,20:09:00,23:56:00,28-08-2024 23:54,Winter Olympics Don,Qualifying Winter Olympics,Senator,D,Senator Richard Blumenthal (D-CT),Senator Blumenthal Chair
325,high,143,Y,low,360,X,low,344,Z,low,56,Z,low,139,X,low,99,STANDARD,europe,FREQUENT_ACCESS,"{""sku_id"":""0298-0912-675B"",""description"":""nearline storage tokyo"",""original_region"":""asia-northeast1""}",26-05-2024,16:51:00,19:51:00,26-05-2024 19:42,Smitten Aussie Tennis,Qualifying Winter Olympics,Chairman,R,Senator Chuck Grassley (IA),Chairman Grassley Appreciate
326,medium,118,Y,high,223,Z,low,170,Z,high,328,Z,low,434,Y,medium,498,STANDARD,europe,FREQUENT_ACCESS,"{""sku_id"":""0298-0912-675B"",""description"":""nearline storage tokyo"",""original_region"":""asia-northeast1""}",09-03-2024,12:03:00,13:28:00,09-03-2024 13:22,Winter Olympics Don,Qualifying Winter Olympics,Senator,D,Senator Richard Blumenthal (D-CT),Senator Blumenthal Chair
327,low,420,Z,low,392,X,low,368,Z,low,171,Z,medium,178,X,medium,213,STANDARD,europe,FREQUENT_ACCESS,"{""sku_id"":""0298-0912-675B"",""description"":""nearline storage tokyo"",""original_region"":""asia-northeast1""}",16-06-2024,13:59:00,14:23:00,16-06-2024 14:18,Winter Olympics Don,Qualifying Winter Olympics,Chairman,R,Senator Chuck Grassley (IA),Chairman Grassley Appreciate
328,low,216,X,high,222,Y,low,493,Z,high,15,Y,low,423,Z,high,5,STANDARD,europe,FREQUENT_ACCESS,"{""sku_id"":""0298-0912-675B"",""description"":""nearline storage tokyo"",""original_region"":""asia-northeast1""}",22-01-2024,17:41:00,18:14:00,22-01-2024 18:05,Winter Olympics Don,Qualifying Winter Olympics,Senator,D,Senator Richard Blumenthal (D-CT),Kavanaugh Dissents President
329,high,288,Y,medium,182,Y,high,360,Z,medium,461,Y,medium,288,Z,low,40,STANDARD,europe,FREQUENT_ACCESS,"{""sku_id"":""0298-0912-675B"",""description"":""nearline storage tokyo"",""original_region"":""asia-northeast1""}",10-03-2024,07:44:00,08:23:00,10-03-2024 08:17,Winter Olympics Don,Qualifying Winter Olympics,Senator,R,Senator John Cornyn (TX),Chairman Ask Question
330,high,19,Z,low,253,Z,high,474,X,low,267,X,high,49,Z,medium,11,STANDARD,europe,FREQUENT_ACCESS,"{""sku_id"":""0298-0912-675B"",""description"":""nearline storage tokyo"",""original_region"":""asia-northeast1""}",30-04-2024,14:11:00,14:35:00,30-04-2024 14:27,Winter Olympics Don,Qualifying Winter Olympics,Senator,D,Senator Richard Blumenthal (D-CT),Senator Blumenthal Chair
331,low,141,X,high,343,X,high,235,Y,high,152,X,high,135,Y,low,236,STANDARD,europe,FREQUENT_ACCESS,"{""sku_id"":""0298-0912-675B"",""description"":""nearline storage tokyo"",""original_region"":""asia-northeast1""}",22-08-2024,18:36:00,22:14:00,22-08-2024 22:05,Smitten Aussie Tennis,Qualifying Winter Olympics,Senator,R,Senator John Cornyn (TX),Chairman Ask Question
332,high,111,Z,medium,229,Z,medium,188,Y,high,408,Y,low,236,Z,high,392,STANDARD,europe,FREQUENT_ACCESS,"{""sku_id"":""0298-0912-675B"",""description"":""nearline storage tokyo"",""original_region"":""asia-northeast1""}",20-12-2024,18:29:00,18:58:00,20-12-2024 18:52,Smitten Aussie Tennis,Qualifying Winter Olympics,Chairman,R,Senator Chuck Grassley (IA),Chairman Grassley Appreciate
333,high,164,Y,low,453,Z,medium,421,Y,high,398,Z,medium,104,X,high,185,STANDARD,europe,FREQUENT_ACCESS,"{""sku_id"":""0298-0912-675B"",""description"":""nearline storage tokyo"",""original_region"":""asia-northeast1""}",09-05-2024,21:54:00,01:47:00,10-05-2024 01:40,Winter Olympics Don,Qualifying Winter Olympics,Senator,R,Senator John Cornyn (TX),Chairman Ask Question
334,high,420,Y,high,258,X,low,331,Z,medium,103,Z,medium,113,Y,high,104,STANDARD,europe,FREQUENT_ACCESS,"{""sku_id"":""0298-0912-675B"",""description"":""nearline storage tokyo"",""original_region"":""asia-northeast1""}",25-07-2024,16:28:00,17:30:00,25-07-2024 17:28,Winter Olympics Don,Qualifying Winter Olympics,Senator,D,Senator Richard Blumenthal (D-CT),Senator Blumenthal Chair
335,high,420,X,high,148,Y,high,302,Z,high,480,Z,medium,74,Z,low,120,STANDARD,europe,FREQUENT_ACCESS,"{""sku_id"":""0298-0912-675B"",""description"":""nearline storage tokyo"",""original_region"":""asia-northeast1""}",17-11-2024,20:41:00,00:22:00,18-11-2024 00:17,Winter Olympics Don,Qualifying Winter Olympics,Senator,R,Senator John Cornyn (TX),Chairman Ask Question
336,medium,451,X,medium,229,Z,high,320,Y,low,265,Z,low,236,Z,high,342,STANDARD,europe,FREQUENT_ACCESS,"{""sku_id"":""0298-0912-675B"",""description"":""nearline storage tokyo"",""original_region"":""asia-northeast1""}",07-12-2024,07:05:00,10:08:00,07-12-2024 10:03,Winter Olympics Don,Qualifying Winter Olympics,Chairman,R,Senator Chuck Grassley (IA),Chairman Grassley Appreciate
337,low,211,Z,medium,196,X,medium,496,Z,low,131,Y,high,404,Z,medium,286,STANDARD,europe,FREQUENT_ACCESS,"{""sku_id"":""0298-0912-675B"",""description"":""nearline storage tokyo"",""original_region"":""asia-northeast1""}",11-12-2024,13:39:00,14:45:00,11-12-2024 14:41,Smitten Aussie Tennis,Qualifying Winter Olympics,Senator,D,Senator Richard Blumenthal (D-CT),Senator Blumenthal Chair
338,low,385,Z,high,27,Y,low,343,Y,medium,223,Z,low,468,Y,medium,40,STANDARD,europe,FREQUENT_ACCESS,"{""sku_id"":""0298-0912-675B"",""description"":""nearline storage tokyo"",""original_region"":""asia-northeast1""}",10-04-2024,20:57:00,22:32:00,10-04-2024 22:22,Winter Olympics Don,Qualifying Winter Olympics,Chairman,R,Senator Chuck Grassley (IA),Analyze Senator
339,low,80,X,medium,17,Y,high,407,X,high,93,Z,low,442,X,low,257,STANDARD,europe,FREQUENT_ACCESS,"{""sku_id"":""0298-0912-675B"",""description"":""nearline storage tokyo"",""original_region"":""asia-northeast1""}",14-04-2024,14:43:00,18:17:00,14-04-2024 18:10,Winter Olympics Don,Qualifying Winter Olympics,Senator,D,Senator Richard Blumenthal (D-CT),Senator Blumenthal Chair
340,low,407,Y,high,185,X,low,17,Y,medium,424,X,high,441,Z,medium,159,STANDARD,europe,FREQUENT_ACCESS,"{""sku_id"":""0298-0912-675B"",""description"":""nearline storage tokyo"",""original_region"":""asia-northeast1""}",14-06-2024,12:32:00,12:53:00,14-06-2024 12:48,Winter Olympics Don,Qualifying Winter Olympics,Chairman,R,Senator Chuck Grassley (IA),Chairman Grassley Appreciate
341,high,305,Y,medium,145,Z,low,361,X,medium,134,Z,medium,452,Y,high,467,STANDARD,europe,FREQUENT_ACCESS,"{""sku_id"":""0298-0912-675B"",""description"":""nearline storage tokyo"",""original_region"":""asia-northeast1""}",20-03-2024,17:09:00,18:19:00,20-03-2024 18:09,Climate Action Opinion,Warming Caused Humans,Senator,D,Senator Richard Blumenthal (D-CT),Senator Blumenthal Chair
342,low,19,Y,high,442,Z,high,158,X,high,219,Y,low,283,Y,low,115,STANDARD,europe,FREQUENT_ACCESS,"{""sku_id"":""0298-0912-675B"",""description"":""nearline storage tokyo"",""original_region"":""asia-northeast1""}",21-03-2024,14:08:00,17:43:00,21-03-2024 17:37,Smitten Aussie Tennis,Qualifying Winter Olympics,Senator,R,Senator John Cornyn (TX),Chairman Ask Question
343,high,344,Z,low,365,X,high,61,X,low,34,X,high,410,X,medium,418,STANDARD,europe,FREQUENT_ACCESS,"{""sku_id"":""0298-0912-675B"",""description"":""nearline storage tokyo"",""original_region"":""asia-northeast1""}",05-12-2024,09:41:00,12:06:00,05-12-2024 12:02,Winter Olympics Don,Qualifying Winter Olympics,Senator,D,Senator Richard Blumenthal (D-CT),Kavanaugh Dissents President
344,high,239,Y,low,395,Y,medium,138,Y,medium,471,Y,low,317,Z,low,388,STANDARD,europe,FREQUENT_ACCESS,"{""sku_id"":""0298-0912-675B"",""description"":""nearline storage tokyo"",""original_region"":""asia-northeast1""}",07-10-2024,14:28:00,17:08:00,07-10-2024 17:03,Winter Olympics Don,Qualifying Winter Olympics,Chairman,R,Senator Chuck Grassley (IA),Executive Privilege Limit
345,medium,420,X,low,272,Z,low,416,X,medium,279,X,high,68,X,low,3,STANDARD,europe,FREQUENT_ACCESS,"{""sku_id"":""0298-0912-675B"",""description"":""nearline storage tokyo"",""original_region"":""asia-northeast1""}",29-06-2024,10:26:00,12:38:00,29-06-2024 12:34,Winter Olympics Don,Qualifying Winter Olympics,Senator,R,Senator John Neely Kennedy (LA),Chairman Ask Question
346,low,423,X,low,55,X,medium,408,X,medium,326,Y,high,12,Z,medium,85,STANDARD,europe,FREQUENT_ACCESS,"{""sku_id"":""0298-0912-675B"",""description"":""nearline storage tokyo"",""original_region"":""asia-northeast1""}",10-04-2024,07:48:00,10:36:00,10-04-2024 10:27,Winter Olympics Don,Qualifying Winter Olympics,Chairman,R,Senator Chuck Grassley (IA),Chairman Grassley Appreciate
347,low,268,Z,high,425,X,high,152,X,low,176,Y,medium,48,Z,medium,276,STANDARD,europe,FREQUENT_ACCESS,"{""sku_id"":""0298-0912-675B"",""description"":""nearline storage tokyo"",""original_region"":""asia-northeast1""}",28-03-2024,09:41:00,10:11:00,28-03-2024 10:06,Winter Olympics Don,Qualifying Winter Olympics,Senator,R,Senator John Neely Kennedy (LA),Kavanaugh Dissents President
348,high,303,Z,medium,247,Y,high,96,Y,high,280,Z,medium,172,X,low,79,STANDARD,europe,FREQUENT_ACCESS,"{""sku_id"":""0298-0912-675B"",""description"":""nearline storage tokyo"",""original_region"":""asia-northeast1""}",13-01-2024,13:31:00,16:06:00,13-01-2024 15:59,Winter Olympics Don,Qualifying Winter Olympics,Chairman,R,Senator Chuck Grassley (IA),Chairman Grassley Appreciate
349,low,420,X,low,214,Z,low,68,Y,high,280,Y,medium,249,Y,low,426,STANDARD,europe,FREQUENT_ACCESS,"{""sku_id"":""0298-0912-675B"",""description"":""nearline storage tokyo"",""original_region"":""asia-northeast1""}",17-05-2024,08:53:00,12:35:00,17-05-2024 12:28,Winter Olympics Don,Qualifying Winter Olympics,Senator,D,Senator Mazie Hirono (HI),Executive Privilege Limit
350,high,420,X,medium,302,Z,medium,165,Y,high,145,X,medium,319,Z,high,40,STANDARD,europe,FREQUENT_ACCESS,"{""sku_id"":""0298-0912-675B"",""description"":""nearline storage tokyo"",""original_region"":""asia-northeast1""}",13-09-2024,08:15:00,09:37:00,13-09-2024 09:32,Winter Olympics Don,Qualifying Winter Olympics,Chairman,R,Senator Chuck Grassley (IA),Chairman Grassley Appreciate
351,low,166,X,high,81,Y,low,231,Y,high,216,Z,high,260,Y,low,418,STANDARD,europe,FREQUENT_ACCESS,"{""sku_id"":""0298-0912-675B"",""description"":""nearline storage tokyo"",""original_region"":""asia-northeast1""}",09-06-2024,14:55:00,16:15:00,09-06-2024 16:08,Winter Olympics Don,Qualifying Winter Olympics,Senator,R,Senator Mike Crapo (ID),Kavanaugh Dissents President
352,medium,350,Y,high,240,Z,high,392,X,medium,298,X,medium,183,Z,medium,40,STANDARD,europe,FREQUENT_ACCESS,"{""sku_id"":""0298-0912-675B"",""description"":""nearline storage tokyo"",""original_region"":""asia-northeast1""}",19-05-2024,10:58:00,12:21:00,19-05-2024 12:13,Smitten Aussie Tennis,Qualifying Winter Olympics,Chairman,R,Senator Chuck Grassley (IA),Chairman Grassley Appreciate
353,medium,169,Y,low,302,Y,high,165,Z,low,108,Y,low,366,Y,high,12,STANDARD,europe,FREQUENT_ACCESS,"{""sku_id"":""0298-0912-675B"",""description"":""nearline storage tokyo"",""original_region"":""asia-northeast1""}",20-12-2024,13:00:00,13:47:00,20-12-2024 13:43,Winter Olympics Don,Qualifying Winter Olympics,Senator,D,Senator Cory Booker (NJ),Analyze Senator
354,low,444,X,high,348,Z,medium,86,X,low,65,X,low,430,X,high,320,STANDARD,europe,FREQUENT_ACCESS,"{""sku_id"":""0298-0912-675B"",""description"":""nearline storage tokyo"",""original_region"":""asia-northeast1""}",19-03-2024,08:11:00,11:29:00,19-03-2024 11:19,Winter Olympics Don,Said Alicia Keys,Chairman,R,Senator Chuck Grassley (IA),Analyze Senator
355,high,158,X,medium,250,Y,low,54,X,medium,89,X,medium,111,X,high,401,STANDARD,europe,FREQUENT_ACCESS,"{""sku_id"":""0298-0912-675B"",""description"":""nearline storage tokyo"",""original_region"":""asia-northeast1""}",04-12-2024,12:20:00,16:19:00,04-12-2024 16:10,Winter Olympics Don,Actor Bob Odenkirk,Senator,D,Senator Cory Booker (NJ),Analyze Senator
356,high,420,X,high,229,Z,medium,342,Z,high,208,X,medium,130,X,low,495,STANDARD,europe,FREQUENT_ACCESS,"{""sku_id"":""0298-0912-675B"",""description"":""nearline storage tokyo"",""original_region"":""asia-northeast1""}",30-05-2024,14:43:00,16:09:00,30-05-2024 16:01,Smitten Aussie Tennis,Said Alicia Keys,Chairman,R,Senator Chuck Grassley (IA),Executive Privilege Limit
357,low,222,Y,medium,495,Y,low,68,Y,medium,106,Y,medium,465,Y,high,393,STANDARD,europe,FREQUENT_ACCESS,"{""sku_id"":""0298-0912-675B"",""description"":""nearline storage tokyo"",""original_region"":""asia-northeast1""}",12-05-2024,10:46:00,12:23:00,12-05-2024 12:16,Smitten Aussie Tennis,Said Alicia Keys,Senator,D,Senator Cory Booker (NJ),Analyze Senator
358,high,9,X,high,48,Z,medium,68,Y,high,142,Z,medium,236,Z,high,373,STANDARD,europe,FREQUENT_ACCESS,"{""sku_id"":""0298-0912-675B"",""description"":""nearline storage tokyo"",""original_region"":""asia-northeast1""}",13-06-2024,12:20:00,16:00:00,13-06-2024 15:57,Bob Baffert Suspended,Point Tally Nba,Chairman,R,Senator Chuck Grassley (IA),Chairman Grassley Appreciate
359,high,405,Y,high,41,Z,high,401,Y,low,342,Z,medium,154,X,low,28,STANDARD,europe,FREQUENT_ACCESS,"{""sku_id"":""0298-0912-675B"",""description"":""nearline storage tokyo"",""original_region"":""asia-northeast1""}",19-08-2024,06:27:00,09:26:00,19-08-2024 09:25,Bob Baffert Suspended,Pennsylvania Investigation Abuse,Senator,D,Senator Cory Booker (NJ),Executive Privilege Limit
360,high,67,X,high,257,Z,low,46,Y,low,335,Z,low,254,X,high,301,STANDARD,europe,FREQUENT_ACCESS,"{""sku_id"":""0298-0912-675B"",""description"":""nearline storage tokyo"",""original_region"":""asia-northeast1""}",08-03-2024,16:31:00,16:51:00,08-03-2024 16:44,Scammers Cnn Epik,Niger State Television,Chairman,R,Senator Chuck Grassley (IA),Executive Privilege Limit
361,medium,234,Z,low,413,Z,high,326,Z,medium,471,X,low,288,Y,low,356,STANDARD,europe,FREQUENT_ACCESS,"{""sku_id"":""0298-0912-675B"",""description"":""nearline storage tokyo"",""original_region"":""asia-northeast1""}",17-06-2024,06:17:00,07:18:00,17-06-2024 07:14,Reunion Netflix Cnn,Actor Bob Odenkirk,Senator,D,Senator Cory Booker (NJ),Analyze Senator
362,medium,453,Z,high,256,Z,medium,5,Z,medium,381,X,low,317,X,medium,197,STANDARD,europe,FREQUENT_ACCESS,"{""sku_id"":""0298-0912-675B"",""description"":""nearline storage tokyo"",""original_region"":""asia-northeast1""}",16-10-2024,21:13:00,22:53:00,16-10-2024 22:44,Reunion Netflix Cnn,Actor Bob Odenkirk,Chairman,R,Senator Chuck Grassley (IA),Chairman Grassley Appreciate
363,medium,496,Y,low,108,X,high,471,X,high,212,Y,high,432,Y,high,499,STANDARD,europe,FREQUENT_ACCESS,"{""sku_id"":""0298-0912-675B"",""description"":""nearline storage tokyo"",""original_region"":""asia-northeast1""}",14-02-2024,16:15:00,18:05:00,14-02-2024 18:02,Bob Baffert Suspended,Point Tally Nba,Senator,D,Senator Cory Booker (NJ),Analyze Senator
364,low,115,Z,high,281,Z,low,356,Y,medium,464,Z,medium,52,Y,medium,493,STANDARD,europe,FREQUENT_ACCESS,"{""sku_id"":""0298-0912-675B"",""description"":""nearline storage tokyo"",""original_region"":""asia-northeast1""}",01-08-2024,09:27:00,12:33:00,01-08-2024 12:28,Climate Action Opinion,Actor Bob Odenkirk,Chairman,R,Senator Chuck Grassley (IA),Chairman Grassley Appreciate
365,low,188,Y,medium,471,X,low,410,Z,high,460,X,high,261,X,low,428,STANDARD,europe,FREQUENT_ACCESS,"{""sku_id"":""0298-0912-675B"",""description"":""nearline storage tokyo"",""original_region"":""asia-northeast1""}",15-04-2024,16:43:00,19:38:00,15-04-2024 19:29,Bob Baffert Suspended,Lomachenko,Senator,D,Senator Cory Booker (NJ),Analyze Senator
366,low,282,X,low,83,Z,medium,333,Y,low,111,Z,low,108,X,low,439,STANDARD,europe,FREQUENT_ACCESS,"{""sku_id"":""0298-0912-675B"",""description"":""nearline storage tokyo"",""original_region"":""asia-northeast1""}",14-07-2024,09:35:00,12:43:00,14-07-2024 12:36,Bob Baffert Suspended,Lomachenko,Chairman,R,Senator Chuck Grassley (IA),Chairman Grassley Appreciate
367,low,349,X,low,222,Y,low,201,Y,low,85,Z,low,376,X,high,284,STANDARD,europe,FREQUENT_ACCESS,"{""sku_id"":""0298-0912-675B"",""description"":""nearline storage tokyo"",""original_region"":""asia-northeast1""}",13-04-2024,16:04:00,17:19:00,13-04-2024 17:13,Bob Baffert Suspended,Lomachenko,Senator,D,Senator Cory Booker (NJ),Analyze Senator
368,high,125,X,high,319,Y,high,497,Y,medium,442,X,low,298,Y,low,410,STANDARD,europe,FREQUENT_ACCESS,"{""sku_id"":""0298-0912-675B"",""description"":""nearline storage tokyo"",""original_region"":""asia-northeast1""}",16-07-2024,09:44:00,10:03:00,16-07-2024 09:54,Bob Baffert Suspended,Lomachenko,Chairman,R,Senator Chuck Grassley (IA),Chairman Grassley Appreciate
369,medium,274,Z,medium,196,Z,medium,393,Y,medium,445,X,medium,374,X,medium,35,STANDARD,europe,FREQUENT_ACCESS,"{""sku_id"":""0298-0912-675B"",""description"":""nearline storage tokyo"",""original_region"":""asia-northeast1""}",17-06-2024,07:00:00,09:14:00,17-06-2024 09:05,Bob Baffert Suspended,Lomachenko,Senator,D,Senator Cory Booker (NJ),Analyze Senator
370,medium,417,X,low,22,Y,medium,44,Z,medium,422,X,medium,452,Z,high,115,STANDARD,europe,FREQUENT_ACCESS,"{""sku_id"":""0298-0912-675B"",""description"":""nearline storage tokyo"",""original_region"":""asia-northeast1""}",04-10-2024,07:42:00,09:03:00,04-10-2024 08:58,Bob Baffert Suspended,Lomachenko,Chairman,R,Senator Chuck Grassley (IA),Chairman Grassley Appreciate
371,high,381,Y,high,334,X,low,288,Z,low,230,X,low,236,X,high,331,STANDARD,europe,FREQUENT_ACCESS,"{""sku_id"":""0298-0912-675B"",""description"":""nearline storage tokyo"",""original_region"":""asia-northeast1""}",14-08-2024,11:11:00,14:02:00,14-08-2024 14:00,Bob Baffert Suspended,Lomachenko,Senator,D,Senator Cory Booker (NJ),Analyze Senator
372,high,411,X,high,370,X,low,271,Y,medium,431,Z,medium,427,X,high,61,STANDARD,europe,FREQUENT_ACCESS,"{""sku_id"":""0298-0912-675B"",""description"":""nearline storage tokyo"",""original_region"":""asia-northeast1""}",17-02-2024,20:27:00,22:16:00,17-02-2024 22:08,Bob Baffert Suspended,Lomachenko,Chairman,R,Senator Chuck Grassley (IA),Chairman Grassley Appreciate
373,high,444,X,low,327,Z,high,143,Y,low,279,Z,low,405,Y,low,406,STANDARD,europe,FREQUENT_ACCESS,"{""sku_id"":""0298-0912-675B"",""description"":""nearline storage tokyo"",""original_region"":""asia-northeast1""}",24-04-2024,14:25:00,16:46:00,24-04-2024 16:40,Bob Baffert Suspended,Hold Fastest Marathon,Senator,D,Senator Cory Booker (NJ),Analyze Senator
374,low,430,Y,low,229,Y,medium,68,X,high,370,Z,medium,312,Y,low,88,STANDARD,europe,FREQUENT_ACCESS,"{""sku_id"":""0298-0912-675B"",""description"":""nearline storage tokyo"",""original_region"":""asia-northeast1""}",10-09-2024,11:10:00,12:24:00,10-09-2024 12:23,Golf Black Professional,Lomachenko,Chairman,R,Senator Chuck Grassley (IA),Chairman Grassley Appreciate
375,low,255,X,high,328,Z,low,68,Z,low,301,X,medium,196,Z,high,174,STANDARD,europe,FREQUENT_ACCESS,"{""sku_id"":""0298-0912-675B"",""description"":""nearline storage tokyo"",""original_region"":""asia-northeast1""}",09-05-2024,12:25:00,15:29:00,09-05-2024 15:23,Bob Baffert Suspended,Lomachenko,Senator,D,Senator Cory Booker (NJ),Analyze Senator
376,low,487,X,medium,165,X,high,43,Z,high,133,Z,low,168,X,medium,129,STANDARD,europe,FREQUENT_ACCESS,"{""sku_id"":""0298-0912-675B"",""description"":""nearline storage tokyo"",""original_region"":""asia-northeast1""}",30-12-2024,09:06:00,10:32:00,30-12-2024 10:25,Voice Cnn Masai,Actor Bob Odenkirk,Chairman,R,Senator Chuck Grassley (IA),Chairman Grassley Appreciate
377,low,247,X,low,8,X,low,464,Z,medium,279,Z,low,181,Z,low,270,STANDARD,europe,FREQUENT_ACCESS,"{""sku_id"":""0298-0912-675B"",""description"":""nearline storage tokyo"",""original_region"":""asia-northeast1""}",27-08-2024,11:25:00,12:33:00,27-08-2024 12:23,Bob Baffert Suspended,Lomachenko,Senator,R,Senator Thom Tillis (NC),Analyze Senator
378,medium,354,Y,medium,494,Z,high,350,Y,medium,438,Z,high,303,Z,high,40,STANDARD,europe,FREQUENT_ACCESS,"{""sku_id"":""0298-0912-675B"",""description"":""nearline storage tokyo"",""original_region"":""asia-northeast1""}",14-08-2024,21:12:00,22:25:00,14-08-2024 22:18,Bob Baffert Suspended,Said Alicia Keys,Chairman,R,Senator Chuck Grassley (IA),Chairman Grassley Appreciate
379,high,471,X,high,102,X,medium,56,Y,medium,442,Y,high,401,Y,high,406,STANDARD,europe,FREQUENT_ACCESS,"{""sku_id"":""0298-0912-675B"",""description"":""nearline storage tokyo"",""original_region"":""asia-northeast1""}",23-09-2024,21:32:00,22:00:00,23-09-2024 21:50,Bob Baffert Suspended,Hold Fastest Marathon,Senator,D,Senator Kamala Harris (CA),Senator Graham Citizens
380,medium,21,Z,medium,229,Z,medium,152,X,low,299,X,high,236,X,medium,444,STANDARD,europe,FREQUENT_ACCESS,"{""sku_id"":""0298-0912-675B"",""description"":""nearline storage tokyo"",""original_region"":""asia-northeast1""}",16-12-2024,11:11:00,13:05:00,16-12-2024 12:57,Reunion Netflix Cnn,Said Alicia Keys,Chairman,R,Senator Chuck Grassley (IA),Chairman Grassley Appreciate
381,high,466,Y,high,270,Y,low,419,X,medium,19,Z,low,289,Y,low,373,STANDARD,europe,FREQUENT_ACCESS,"{""sku_id"":""0298-0912-675B"",""description"":""nearline storage tokyo"",""original_region"":""asia-northeast1""}",19-09-2024,12:11:00,12:46:00,19-09-2024 12:38,Golf Black Professional,Hold Fastest Marathon,Senator,D,Senator Kamala Harris (CA),Analyze Senator
382,medium,420,X,high,269,Y,low,351,Y,medium,370,X,medium,206,Z,low,92,STANDARD,europe,FREQUENT_ACCESS,"{""sku_id"":""0298-0912-675B"",""description"":""nearline storage tokyo"",""original_region"":""asia-northeast1""}",08-04-2024,09:21:00,11:52:00,08-04-2024 11:43,Golf Black Professional,Hold Fastest Marathon,Chairman,R,Senator Chuck Grassley (IA),Chairman Grassley Appreciate
383,high,498,X,high,10,X,medium,38,X,high,126,X,high,303,X,medium,145,STANDARD,europe,FREQUENT_ACCESS,"{""sku_id"":""0298-0912-675B"",""description"":""nearline storage tokyo"",""original_region"":""asia-northeast1""}",19-06-2024,18:59:00,21:18:00,19-06-2024 21:17,Golf Black Professional,Hold Fastest Marathon,Senator,R,Senator Lindsey Graham (SC),Senator Graham Citizens
384,low,386,Z,medium,495,X,medium,73,X,high,102,X,high,409,Z,low,113,STANDARD,europe,FREQUENT_ACCESS,"{""sku_id"":""0298-0912-675B"",""description"":""nearline storage tokyo"",""original_region"":""asia-northeast1""}",12-02-2024,11:53:00,12:26:00,12-02-2024 12:19,Golf Black Professional,Hold Fastest Marathon,Chairman,R,Senator Chuck Grassley (IA),Chairman Grassley Appreciate
385,low,78,Y,high,264,Z,medium,464,Z,low,39,X,high,205,X,low,301,STANDARD,europe,FREQUENT_ACCESS,"{""sku_id"":""0298-0912-675B"",""description"":""nearline storage tokyo"",""original_region"":""asia-northeast1""}",22-11-2024,13:39:00,17:17:00,22-11-2024 17:13,Golf Black Professional,Actor Bob Odenkirk,Senator,R,Senator Lindsey Graham (SC),Senator Graham Citizens
386,high,150,Z,medium,415,Y,medium,78,Y,medium,78,Y,medium,198,Z,high,444,STANDARD,europe,FREQUENT_ACCESS,"{""sku_id"":""0298-0912-675B"",""description"":""nearline storage tokyo"",""original_region"":""asia-northeast1""}",02-02-2024,18:31:00,19:05:00,02-02-2024 19:02,Golf Black Professional,Point Tally Nba,Chairman,R,Senator Chuck Grassley (IA),Chairman Grassley Appreciate
387,medium,1,Z,high,388,Y,medium,312,Z,low,245,X,medium,100,X,low,439,STANDARD,europe,FREQUENT_ACCESS,"{""sku_id"":""0298-0912-675B"",""description"":""nearline storage tokyo"",""original_region"":""asia-northeast1""}",02-03-2024,19:19:00,22:44:00,02-03-2024 22:39,Golf Black Professional,Hold Fastest Marathon,Senator,R,Senator Lindsey Graham (SC),Senator Graham Citizens
388,medium,303,Z,low,68,Z,low,497,Z,medium,138,Z,low,249,Y,high,40,STANDARD,europe,FREQUENT_ACCESS,"{""sku_id"":""0298-0912-675B"",""description"":""nearline storage tokyo"",""original_region"":""asia-northeast1""}",10-08-2024,08:35:00,09:31:00,10-08-2024 09:27,Smitten Aussie Tennis,Lomachenko,Chairman,R,Senator Chuck Grassley (IA),Chairman Grassley Appreciate
389,high,218,X,low,229,Y,medium,83,X,medium,279,Z,low,228,Y,medium,344,STANDARD,europe,FREQUENT_ACCESS,"{""sku_id"":""0298-0912-675B"",""description"":""nearline storage tokyo"",""original_region"":""asia-northeast1""}",25-05-2024,09:34:00,12:27:00,25-05-2024 12:19,Golf Black Professional,Hold Fastest Marathon,Senator,R,Senator Lindsey Graham (SC),Kavanaugh Dissents President
390,high,237,Z,high,295,Z,high,22,Z,medium,255,X,medium,80,Y,high,110,STANDARD,europe,FREQUENT_ACCESS,"{""sku_id"":""0298-0912-675B"",""description"":""nearline storage tokyo"",""original_region"":""asia-northeast1""}",02-05-2024,19:29:00,23:05:00,02-05-2024 22:58,Golf Black Professional,Hold Fastest Marathon,Chairman,R,Senator Chuck Grassley (IA),Chairman Grassley Appreciate
391,low,366,Z,low,92,Z,high,408,Y,high,263,Z,high,236,X,low,199,STANDARD,europe,FREQUENT_ACCESS,"{""sku_id"":""0298-0912-675B"",""description"":""nearline storage tokyo"",""original_region"":""asia-northeast1""}",21-12-2024,06:51:00,08:04:00,21-12-2024 07:55,Bob Baffert Suspended,Actor Bob Odenkirk,Senator,R,Senator Lindsey Graham (SC),Senator Graham Citizens
392,medium,410,X,high,290,Y,medium,474,Z,high,208,X,medium,236,X,medium,40,STANDARD,europe,FREQUENT_ACCESS,"{""sku_id"":""0298-0912-675B"",""description"":""nearline storage tokyo"",""original_region"":""asia-northeast1""}",06-04-2024,12:10:00,12:52:00,06-04-2024 12:47,Golf Black Professional,Hold Fastest Marathon,Senator,R,Senator John Cornyn (TX),Chairman Ask Question
393,medium,36,X,low,308,X,medium,257,X,low,226,X,medium,145,Z,high,31,STANDARD,europe,FREQUENT_ACCESS,"{""sku_id"":""0298-0912-675B"",""description"":""nearline storage tokyo"",""original_region"":""asia-northeast1""}",10-03-2024,12:17:00,15:10:00,10-03-2024 15:09,Golf Black Professional,Point Tally Nba,Senator,R,Senator Lindsey Graham (SC),Chairman Senator Feinstein
394,medium,458,Y,high,326,Y,medium,116,Y,medium,443,Y,high,472,Y,medium,400,STANDARD,europe,FREQUENT_ACCESS,"{""sku_id"":""0298-0912-675B"",""description"":""nearline storage tokyo"",""original_region"":""asia-northeast1""}",04-11-2024,11:52:00,13:18:00,04-11-2024 13:10,Smitten Aussie Tennis,Hold Fastest Marathon,Chairman,R,Senator Chuck Grassley (IA),Analyze Senator
395,high,186,Z,medium,160,Z,high,29,Y,medium,141,X,medium,136,Y,high,289,STANDARD,europe,FREQUENT_ACCESS,"{""sku_id"":""0298-0912-675B"",""description"":""nearline storage tokyo"",""original_region"":""asia-northeast1""}",28-06-2024,18:55:00,20:05:00,28-06-2024 19:55,Cnn Montana Nonprofit,Niger State Television,Hon.,R,"Hon. Condoleezza Rice, Ph.D.",Kavanaugh Dissents President
396,high,376,Z,medium,470,X,medium,455,Y,high,6,X,medium,209,Y,high,485,STANDARD,europe,FREQUENT_ACCESS,"{""sku_id"":""0298-0912-675B"",""description"":""nearline storage tokyo"",""original_region"":""asia-northeast1""}",10-02-2024,10:15:00,11:01:00,10-02-2024 10:52,Making Racism,Turned Movie Different,Chairman,R,Senator Chuck Grassley (IA),Chairman Grassley Appreciate
397,low,290,X,medium,118,Y,high,399,Y,low,400,X,high,65,Y,high,420,STANDARD,europe,FREQUENT_ACCESS,"{""sku_id"":""0298-0912-675B"",""description"":""nearline storage tokyo"",""original_region"":""asia-northeast1""}",20-01-2024,14:54:00,17:57:00,20-01-2024 17:47,Reunion Netflix Cnn,Turned Movie Different,Senator,R,Senator Rob Portman (OH),Kavanaugh Dissents President
398,medium,221,X,medium,246,X,low,448,Z,low,40,Y,low,306,Y,medium,324,STANDARD,europe,FREQUENT_ACCESS,"{""sku_id"":""0298-0912-675B"",""description"":""nearline storage tokyo"",""original_region"":""asia-northeast1""}",19-02-2024,09:30:00,12:54:00,19-02-2024 12:52,Voice Cnn Masai,Said Alicia Keys,Chairman,R,Senator Chuck Grassley (IA),Kavanaugh Dissents President
399,medium,106,X,medium,419,Y,medium,394,Z,high,387,X,medium,240,Y,low,21,STANDARD,europe,FREQUENT_ACCESS,"{""sku_id"":""0298-0912-675B"",""description"":""nearline storage tokyo"",""original_region"":""asia-northeast1""}",23-07-2024,13:38:00,17:31:00,23-07-2024 17:27,Making Racism,International Women,Senator,R,Lisa S. Blatt,Kavanaugh Dissents President
400,medium,94,Z,medium,38,Z,medium,216,Y,low,162,X,high,133,X,low,221,STANDARD,europe,FREQUENT_ACCESS,"{""sku_id"":""0298-0912-675B"",""description"":""nearline storage tokyo"",""original_region"":""asia-northeast1""}",06-01-2024,12:11:00,12:45:00,06-01-2024 12:37,Assassination Question,International Women,Chairman,R,Senator Chuck Grassley (IA),Analyze Senator
401,low,365,Y,high,201,Y,medium,241,Y,medium,420,X,medium,144,X,low,237,STANDARD,europe,FREQUENT_ACCESS,"{""sku_id"":""0298-0912-675B"",""description"":""nearline storage tokyo"",""original_region"":""asia-northeast1""}",12-12-2024,20:44:00,21:59:00,12-12-2024 21:58,Abortion Travel,International Women,Nominee,R,Brett M. Kavanaugh,Proud Judge Kavanaugh
402,medium,160,Y,high,229,Z,medium,191,Y,high,83,Z,low,467,Y,low,337,STANDARD,europe,FREQUENT_ACCESS,"{""sku_id"":""0298-0912-675B"",""description"":""nearline storage tokyo"",""original_region"":""asia-northeast1""}",04-06-2024,10:46:00,11:52:00,04-06-2024 11:48,Making Racism,Beating Forecasts Covid,Chairman,R,Senator Chuck Grassley (IA),Analyze Senator
403,high,114,X,medium,386,X,low,365,Y,medium,82,Z,high,343,X,low,283,STANDARD,europe,FREQUENT_ACCESS,"{""sku_id"":""0298-0912-675B"",""description"":""nearline storage tokyo"",""original_region"":""asia-northeast1""}",25-01-2024,13:29:00,15:34:00,25-01-2024 15:31,Cnn Montana Nonprofit,Coronavirus Pandemic Late,Nominee,R,Brett M. Kavanaugh,Kavanaugh Dissents President
404,low,2,X,medium,393,Z,medium,50,X,low,203,Y,medium,76,Y,high,390,STANDARD,europe,FREQUENT_ACCESS,"{""sku_id"":""0298-0912-675B"",""description"":""nearline storage tokyo"",""original_region"":""asia-northeast1""}",26-04-2024,12:31:00,15:28:00,26-04-2024 15:18,Abortion Travel,International Women,Chairman,R,Senator Chuck Grassley (IA),Kavanaugh Dissents President
405,medium,420,Z,low,229,Z,medium,20,Z,high,209,X,high,67,Y,low,11,STANDARD,europe,FREQUENT_ACCESS,"{""sku_id"":""0298-0912-675B"",""description"":""nearline storage tokyo"",""original_region"":""asia-northeast1""}",26-11-2024,19:13:00,20:53:00,26-11-2024 20:48,Abortion Travel,International Women,Nominee,R,Brett M. Kavanaugh,Kavanaugh Dissents President
406,high,197,X,high,229,Z,medium,480,X,low,358,X,low,35,Y,medium,56,STANDARD,europe,FREQUENT_ACCESS,"{""sku_id"":""0298-0912-675B"",""description"":""nearline storage tokyo"",""original_region"":""asia-northeast1""}",13-09-2024,06:46:00,07:33:00,13-09-2024 07:28,Assassination Question,International Women,Chairman,R,Senator Chuck Grassley (IA),Kavanaugh Dissents President
407,medium,174,X,low,245,Y,medium,159,Z,high,323,Z,high,123,X,medium,476,STANDARD,europe,FREQUENT_ACCESS,"{""sku_id"":""0298-0912-675B"",""description"":""nearline storage tokyo"",""original_region"":""asia-northeast1""}",13-09-2024,07:32:00,09:43:00,13-09-2024 09:37,Abortion Travel,Said Alicia Keys,Nominee,R,Brett M. Kavanaugh,Kavanaugh Dissents President
408,medium,185,X,medium,13,Z,medium,17,X,medium,496,Y,high,369,Y,low,217,STANDARD,europe,FREQUENT_ACCESS,"{""sku_id"":""0298-0912-675B"",""description"":""nearline storage tokyo"",""original_region"":""asia-northeast1""}",12-01-2024,09:41:00,12:50:00,12-01-2024 12:42,New Covid Lockdowns,Coronavirus Pandemic Late,Senator,D,Senator Dianne Feinstein (CA),Chairman Senator Feinstein
409,low,299,X,high,411,Z,medium,68,Z,low,279,X,low,30,Z,high,411,STANDARD,europe,FREQUENT_ACCESS,"{""sku_id"":""0298-0912-675B"",""description"":""nearline storage tokyo"",""original_region"":""asia-northeast1""}",10-02-2024,18:09:00,18:40:00,10-02-2024 18:39,New Covid Lockdowns,Coronavirus Pandemic Late,Nominee,R,Brett M. Kavanaugh,Kavanaugh Dissents President
410,low,240,Y,high,151,Z,medium,199,X,medium,101,X,low,124,Y,high,428,STANDARD,europe,FREQUENT_ACCESS,"{""sku_id"":""0298-0912-675B"",""description"":""nearline storage tokyo"",""original_region"":""asia-northeast1""}",28-10-2024,12:01:00,15:14:00,28-10-2024 15:09,Assassination Question,International Women,Chairman,R,Senator Chuck Grassley (IA),Analyze Senator
411,medium,272,Z,medium,233,Z,low,115,Z,medium,44,Z,medium,20,X,low,60,STANDARD,europe,FREQUENT_ACCESS,"{""sku_id"":""0298-0912-675B"",""description"":""nearline storage tokyo"",""original_region"":""asia-northeast1""}",22-07-2024,08:45:00,11:01:00,22-07-2024 10:56,Voice Cnn Masai,International Women,Nominee,R,Brett M. Kavanaugh,Kavanaugh Dissents President
412,low,138,X,medium,341,X,high,217,X,high,132,Z,low,324,Y,low,40,STANDARD,europe,FREQUENT_ACCESS,"{""sku_id"":""0298-0912-675B"",""description"":""nearline storage tokyo"",""original_region"":""asia-northeast1""}",30-12-2024,10:20:00,13:29:00,30-12-2024 13:21,Abortion Travel,International Women,Chairman,R,Senator Chuck Grassley (IA),Chairman Ask Question
413,low,148,Y,low,388,Y,high,225,Y,medium,491,Y,low,407,Y,low,86,STANDARD,europe,FREQUENT_ACCESS,"{""sku_id"":""0298-0912-675B"",""description"":""nearline storage tokyo"",""original_region"":""asia-northeast1""}",18-02-2024,11:58:00,15:47:00,18-02-2024 15:42,Abortion Travel,Niger State Television,Nominee,R,Brett M. Kavanaugh,Proud Judge Kavanaugh
414,low,431,X,medium,43,Z,medium,68,Y,high,384,X,medium,264,X,low,76,STANDARD,europe,FREQUENT_ACCESS,"{""sku_id"":""0298-0912-675B"",""description"":""nearline storage tokyo"",""original_region"":""asia-northeast1""}",09-08-2024,10:29:00,13:44:00,09-08-2024 13:35,Abortion Travel,International Women,Chairman,R,Senator Chuck Grassley (IA),Chairman Grassley Appreciate
415,high,219,Y,low,383,Z,high,68,X,low,370,X,low,452,Y,low,122,STANDARD,europe,FREQUENT_ACCESS,"{""sku_id"":""0298-0912-675B"",""description"":""nearline storage tokyo"",""original_region"":""asia-northeast1""}",28-12-2024,19:13:00,22:59:00,28-12-2024 22:54,Abortion Travel,International Women,Nominee,R,Brett M. Kavanaugh,Proud Judge Kavanaugh
416,high,420,X,high,187,Z,medium,440,Y,high,136,X,high,344,X,low,40,STANDARD,europe,FREQUENT_ACCESS,"{""sku_id"":""0298-0912-675B"",""description"":""nearline storage tokyo"",""original_region"":""asia-northeast1""}",28-07-2024,18:58:00,20:51:00,28-07-2024 20:47,Abortion Travel,International Women,Chairman,R,Senator Chuck Grassley (IA),Guns Roe Wade
417,low,422,Y,high,229,Y,low,413,X,low,234,Z,high,381,Y,medium,46,STANDARD,europe,FREQUENT_ACCESS,"{""sku_id"":""0298-0912-675B"",""description"":""nearline storage tokyo"",""original_region"":""asia-northeast1""}",05-04-2024,11:51:00,14:43:00,05-04-2024 14:38,Assassination Question,International Women,Nominee,R,Brett M. Kavanaugh,Proud Judge Kavanaugh
418,medium,355,X,low,66,X,high,246,Y,medium,351,Z,high,156,Z,medium,333,STANDARD,europe,FREQUENT_ACCESS,"{""sku_id"":""0298-0912-675B"",""description"":""nearline storage tokyo"",""original_region"":""asia-northeast1""}",26-11-2024,17:03:00,17:33:00,26-11-2024 17:23,Abortion Travel,Said Alicia Keys,Chairman,R,Senator Chuck Grassley (IA),Chairman Senator Feinstein
419,medium,274,Y,low,358,Z,low,278,Y,high,473,X,low,432,X,low,190,STANDARD,europe,FREQUENT_ACCESS,"{""sku_id"":""0298-0912-675B"",""description"":""nearline storage tokyo"",""original_region"":""asia-northeast1""}",26-11-2024,06:44:00,09:26:00,26-11-2024 09:16,Abortion Travel,International Women,Nominee,R,Brett M. Kavanaugh,Kavanaugh Dissents President
420,low,418,X,medium,229,X,medium,66,Z,high,291,Z,high,315,X,medium,132,STANDARD,europe,FREQUENT_ACCESS,"{""sku_id"":""0298-0912-675B"",""description"":""nearline storage tokyo"",""original_region"":""asia-northeast1""}",25-01-2024,09:57:00,12:41:00,25-01-2024 12:33,Abortion Travel,International Women,Chairman,R,Senator Chuck Grassley (IA),Kavanaugh Dissents President
421,low,27,X,medium,51,Z,medium,288,Z,high,10,Z,medium,43,Y,medium,119,STANDARD,europe,FREQUENT_ACCESS,"{""sku_id"":""0298-0912-675B"",""description"":""nearline storage tokyo"",""original_region"":""asia-northeast1""}",12-12-2024,10:08:00,12:12:00,12-12-2024 12:08,Abortion Travel,Niger State Television,Nominee,R,Brett M. Kavanaugh,Kavanaugh Dissents President
422,low,249,X,medium,70,X,medium,335,Y,high,427,Z,low,41,X,low,172,STANDARD,europe,FREQUENT_ACCESS,"{""sku_id"":""0298-0912-675B"",""description"":""nearline storage tokyo"",""original_region"":""asia-northeast1""}",17-09-2024,12:14:00,12:34:00,17-09-2024 12:27,Assassination Question,International Women,Chairman,R,Senator Chuck Grassley (IA),Kavanaugh Dissents President
423,low,356,Z,low,229,Z,low,443,Z,high,466,Z,medium,449,Z,low,40,STANDARD,europe,FREQUENT_ACCESS,"{""sku_id"":""0298-0912-675B"",""description"":""nearline storage tokyo"",""original_region"":""asia-northeast1""}",03-10-2024,17:31:00,19:18:00,03-10-2024 19:09,Abortion Travel,International Women,Nominee,R,Brett M. Kavanaugh,Kavanaugh Dissents President
424,low,54,X,high,54,X,high,23,Z,medium,16,Y,medium,137,Z,high,157,STANDARD,europe,FREQUENT_ACCESS,"{""sku_id"":""0298-0912-675B"",""description"":""nearline storage tokyo"",""original_region"":""asia-northeast1""}",02-12-2024,20:40:00,00:24:00,03-12-2024 00:20,Abortion Travel,Rwigara Mother Adeline,Chairman,R,Senator Chuck Grassley (IA),Chairman Grassley Appreciate
425,medium,91,Y,low,260,Z,medium,431,X,high,196,Z,medium,233,Y,low,259,STANDARD,europe,FREQUENT_ACCESS,"{""sku_id"":""0298-0912-675B"",""description"":""nearline storage tokyo"",""original_region"":""asia-northeast1""}",01-09-2024,14:01:00,14:31:00,01-09-2024 14:28,Assassination Question,Rwigara Mother Adeline,Senator,D,Senator Dianne Feinstein (CA),Chairman Senator Feinstein
426,low,32,Y,medium,348,Z,medium,259,X,medium,489,Z,high,380,Z,low,496,STANDARD,europe,FREQUENT_ACCESS,"{""sku_id"":""0298-0912-675B"",""description"":""nearline storage tokyo"",""original_region"":""asia-northeast1""}",16-02-2024,12:22:00,12:45:00,16-02-2024 12:37,Assassination Question,Rwigara Mother Adeline,Nominee,R,Brett M. Kavanaugh,Proud Judge Kavanaugh
427,low,243,Y,high,456,Y,medium,68,Z,medium,476,Z,low,384,Z,high,225,STANDARD,europe,FREQUENT_ACCESS,"{""sku_id"":""0298-0912-675B"",""description"":""nearline storage tokyo"",""original_region"":""asia-northeast1""}",22-04-2024,12:22:00,15:54:00,22-04-2024 15:47,Abortion Travel,International Women,Senator,D,Senator Dianne Feinstein (CA),Guns Roe Wade
428,low,270,X,high,229,Z,high,68,X,low,482,Y,medium,13,X,medium,91,STANDARD,europe,FREQUENT_ACCESS,"{""sku_id"":""0298-0912-675B"",""description"":""nearline storage tokyo"",""original_region"":""asia-northeast1""}",13-10-2024,19:15:00,22:54:00,13-10-2024 22:52,Assassination Question,Rwigara Mother Adeline,Nominee,R,Brett M. Kavanaugh,Kavanaugh Dissents President
429,medium,234,Y,medium,147,Z,medium,232,X,medium,487,X,low,307,Y,high,305,STANDARD,europe,FREQUENT_ACCESS,"{""sku_id"":""0298-0912-675B"",""description"":""nearline storage tokyo"",""original_region"":""asia-northeast1""}",13-04-2024,21:12:00,21:44:00,13-04-2024 21:42,Assassination Question,Rwigara Mother Adeline,Senator,D,Senator Dianne Feinstein (CA),Chairman Senator Feinstein
430,low,27,Z,low,77,Z,medium,205,Y,low,11,Y,high,456,Y,low,414,STANDARD,europe,FREQUENT_ACCESS,"{""sku_id"":""0298-0912-675B"",""description"":""nearline storage tokyo"",""original_region"":""asia-northeast1""}",07-05-2024,18:07:00,18:46:00,07-05-2024 18:36,Abortion Travel,International Women,Nominee,R,Brett M. Kavanaugh,Proud Judge Kavanaugh
431,low,243,Z,high,229,Y,high,95,Z,high,279,Y,medium,174,Z,low,299,STANDARD,europe,FREQUENT_ACCESS,"{""sku_id"":""0298-0912-675B"",""description"":""nearline storage tokyo"",""original_region"":""asia-northeast1""}",17-10-2024,16:34:00,20:21:00,17-10-2024 20:15,Assassination Question,Said Alicia Keys,Senator,D,Senator Dianne Feinstein (CA),Chairman Senator Feinstein
432,low,444,X,low,296,Y,medium,36,X,low,249,Y,high,271,X,medium,265,STANDARD,europe,FREQUENT_ACCESS,"{""sku_id"":""0298-0912-675B"",""description"":""nearline storage tokyo"",""original_region"":""asia-northeast1""}",01-03-2024,10:27:00,13:28:00,01-03-2024 13:24,Abortion Travel,International Women,Nominee,R,Brett M. Kavanaugh,Kavanaugh Dissents President
433,high,15,Y,low,491,X,low,41,Y,low,301,Z,low,132,X,low,334,STANDARD,europe,FREQUENT_ACCESS,"{""sku_id"":""0298-0912-675B"",""description"":""nearline storage tokyo"",""original_region"":""asia-northeast1""}",29-03-2024,11:01:00,12:42:00,29-03-2024 12:41,Voice Cnn Masai,Said Alicia Keys,Senator,D,Senator Dianne Feinstein (CA),Chairman Senator Feinstein
434,medium,387,X,low,21,Z,low,133,Y,low,200,Y,low,360,Z,medium,440,STANDARD,europe,FREQUENT_ACCESS,"{""sku_id"":""0298-0912-675B"",""description"":""nearline storage tokyo"",""original_region"":""asia-northeast1""}",25-01-2024,16:38:00,20:03:00,25-01-2024 19:56,Abortion Travel,International Women,Nominee,R,Brett M. Kavanaugh,Kavanaugh Dissents President
435,high,136,Z,high,352,X,low,146,Y,low,134,X,high,59,Z,low,38,STANDARD,europe,FREQUENT_ACCESS,"{""sku_id"":""0298-0912-675B"",""description"":""nearline storage tokyo"",""original_region"":""asia-northeast1""}",02-11-2024,18:42:00,20:24:00,02-11-2024 20:18,Abortion Travel,Said Alicia Keys,Senator,D,Senator Dianne Feinstein (CA),Chairman Senator Feinstein
436,low,37,Y,medium,16,Z,low,231,Y,high,127,X,low,259,X,high,490,STANDARD,europe,FREQUENT_ACCESS,"{""sku_id"":""0298-0912-675B"",""description"":""nearline storage tokyo"",""original_region"":""asia-northeast1""}",23-12-2024,10:44:00,12:23:00,23-12-2024 12:21,Assassination Question,International Women,Nominee,R,Brett M. Kavanaugh,Kavanaugh Dissents President
437,low,25,Z,medium,54,Z,low,305,X,low,301,Y,medium,206,Y,high,446,STANDARD,europe,FREQUENT_ACCESS,"{""sku_id"":""0298-0912-675B"",""description"":""nearline storage tokyo"",""original_region"":""asia-northeast1""}",06-10-2024,18:41:00,20:11:00,06-10-2024 20:02,Abortion Travel,International Women,Senator,D,Senator Dianne Feinstein (CA),Chairman Senator Feinstein
438,low,6,Z,high,215,Z,medium,495,Y,medium,488,X,low,320,Z,high,480,STANDARD,europe,FREQUENT_ACCESS,"{""sku_id"":""0298-0912-675B"",""description"":""nearline storage tokyo"",""original_region"":""asia-northeast1""}",30-10-2024,16:30:00,17:42:00,30-10-2024 17:38,Abortion Travel,International Women,Nominee,R,Brett M. Kavanaugh,Kavanaugh Dissents President
439,low,207,X,high,183,X,medium,397,X,high,413,X,medium,247,X,medium,40,STANDARD,europe,FREQUENT_ACCESS,"{""sku_id"":""0298-0912-675B"",""description"":""nearline storage tokyo"",""original_region"":""asia-northeast1""}",12-05-2024,10:46:00,12:10:00,12-05-2024 12:05,Assassination Question,International Women,Senator,D,Senator Dianne Feinstein (CA),Chairman Senator Feinstein
440,low,248,Y,high,182,Z,low,242,Z,medium,87,X,high,490,Y,medium,427,STANDARD,europe,FREQUENT_ACCESS,"{""sku_id"":""0298-0912-675B"",""description"":""nearline storage tokyo"",""original_region"":""asia-northeast1""}",28-09-2024,06:09:00,08:10:00,28-09-2024 08:05,Abortion Travel,International Women,Nominee,R,Brett M. Kavanaugh,Kavanaugh Dissents President
441,low,310,Y,low,33,Z,medium,456,X,medium,74,Y,high,491,Z,medium,40,STANDARD,europe,FREQUENT_ACCESS,"{""sku_id"":""0298-0912-675B"",""description"":""nearline storage tokyo"",""original_region"":""asia-northeast1""}",16-05-2024,15:57:00,17:59:00,16-05-2024 17:51,Abortion Travel,International Women,Senator,D,Senator Dianne Feinstein (CA),Guns Roe Wade
442,low,40,X,high,272,Y,medium,278,Z,medium,131,Y,medium,142,Z,low,206,STANDARD,europe,FREQUENT_ACCESS,"{""sku_id"":""0298-0912-675B"",""description"":""nearline storage tokyo"",""original_region"":""asia-northeast1""}",08-08-2024,07:59:00,09:13:00,08-08-2024 09:10,Assassination Question,International Women,Nominee,R,Brett M. Kavanaugh,Guns Roe Wade
443,low,327,Z,medium,170,Y,low,211,X,medium,366,Y,medium,18,X,medium,439,STANDARD,europe,FREQUENT_ACCESS,"{""sku_id"":""0298-0912-675B"",""description"":""nearline storage tokyo"",""original_region"":""asia-northeast1""}",08-04-2024,19:17:00,20:16:00,08-04-2024 20:14,Abortion Travel,Said Alicia Keys,Senator,D,Senator Dianne Feinstein (CA),Guns Roe Wade
444,low,369,Y,high,496,X,low,108,Y,high,4,X,low,246,Z,low,135,STANDARD,europe,FREQUENT_ACCESS,"{""sku_id"":""0298-0912-675B"",""description"":""nearline storage tokyo"",""original_region"":""asia-northeast1""}",13-04-2024,12:32:00,15:02:00,13-04-2024 14:53,Abortion Travel,Niger State Television,Nominee,R,Brett M. Kavanaugh,Guns Roe Wade
445,high,32,X,medium,394,Y,high,211,X,medium,352,X,low,295,Y,high,381,STANDARD,europe,FREQUENT_ACCESS,"{""sku_id"":""0298-0912-675B"",""description"":""nearline storage tokyo"",""original_region"":""asia-northeast1""}",07-02-2024,14:46:00,17:16:00,07-02-2024 17:07,Abortion Travel,Niger State Television,Senator,D,Senator Dianne Feinstein (CA),Guns Roe Wade
446,low,420,Y,low,217,Z,low,20,Y,high,290,Z,high,375,Y,low,159,STANDARD,europe,FREQUENT_ACCESS,"{""sku_id"":""0298-0912-675B"",""description"":""nearline storage tokyo"",""original_region"":""asia-northeast1""}",20-06-2024,11:45:00,15:45:00,20-06-2024 15:40,Abortion Travel,Ravaged Nicaragua Category,Nominee,R,Brett M. Kavanaugh,Guns Roe Wade
447,low,59,Z,high,382,Z,low,76,Z,high,329,Z,low,262,X,low,294,STANDARD,europe,FREQUENT_ACCESS,"{""sku_id"":""0298-0912-675B"",""description"":""nearline storage tokyo"",""original_region"":""asia-northeast1""}",10-09-2024,14:26:00,16:23:00,10-09-2024 16:19,Cnn Montana Nonprofit,Actor Bob Odenkirk,Senator,D,Senator Dianne Feinstein (CA),Guns Roe Wade
448,medium,219,Y,medium,288,Z,medium,472,Z,low,279,X,low,293,Z,high,326,STANDARD,europe,FREQUENT_ACCESS,"{""sku_id"":""0298-0912-675B"",""description"":""nearline storage tokyo"",""original_region"":""asia-northeast1""}",22-02-2024,11:10:00,15:01:00,22-02-2024 14:57,Abortion Travel,International Women,Nominee,R,Brett M. Kavanaugh,Proud Judge Kavanaugh
449,medium,330,Z,high,247,X,low,97,Z,low,295,Z,high,11,X,low,438,STANDARD,europe,FREQUENT_ACCESS,"{""sku_id"":""0298-0912-675B"",""description"":""nearline storage tokyo"",""original_region"":""asia-northeast1""}",08-11-2024,19:37:00,20:05:00,08-11-2024 20:04,Abortion Travel,International Women,Senator,D,Senator Dianne Feinstein (CA),Chairman Senator Feinstein
450,low,435,Z,medium,459,Z,medium,283,Z,medium,310,Y,medium,381,Z,medium,170,STANDARD,europe,FREQUENT_ACCESS,"{""sku_id"":""0298-0912-675B"",""description"":""nearline storage tokyo"",""original_region"":""asia-northeast1""}",17-01-2024,09:33:00,11:26:00,17-01-2024 11:19,Voice Cnn Masai,International Women,Nominee,R,Brett M. Kavanaugh,Guns Roe Wade
451,medium,265,Y,medium,293,Y,high,51,Y,medium,240,X,low,164,X,low,393,STANDARD,europe,FREQUENT_ACCESS,"{""sku_id"":""0298-0912-675B"",""description"":""nearline storage tokyo"",""original_region"":""asia-northeast1""}",07-04-2024,15:31:00,15:55:00,07-04-2024 15:45,Assassination Question,Rwigara Mother Adeline,Senator,D,Senator Dianne Feinstein (CA),Chairman Senator Feinstein
452,low,217,Z,low,241,X,medium,300,Z,low,279,Y,medium,236,Z,low,217,STANDARD,europe,FREQUENT_ACCESS,"{""sku_id"":""0298-0912-675B"",""description"":""nearline storage tokyo"",""original_region"":""asia-northeast1""}",22-09-2024,06:59:00,09:42:00,22-09-2024 09:38,Abortion Travel,International Women,Nominee,R,Brett M. Kavanaugh,Proud Judge Kavanaugh
453,low,420,Y,low,283,Y,low,487,Z,high,190,X,medium,211,X,medium,196,STANDARD,europe,FREQUENT_ACCESS,"{""sku_id"":""0298-0912-675B"",""description"":""nearline storage tokyo"",""original_region"":""asia-northeast1""}",19-02-2024,19:50:00,22:23:00,19-02-2024 22:14,Voice Cnn Masai,International Women,Senator,D,Senator Dianne Feinstein (CA),Chairman Senator Feinstein
454,low,108,Y,low,390,X,high,228,Z,medium,33,Y,medium,35,Y,high,39,STANDARD,europe,FREQUENT_ACCESS,"{""sku_id"":""0298-0912-675B"",""description"":""nearline storage tokyo"",""original_region"":""asia-northeast1""}",23-06-2024,14:24:00,16:50:00,23-06-2024 16:46,Voice Cnn Masai,International Women,Nominee,R,Brett M. Kavanaugh,Proud Judge Kavanaugh
455,high,102,Z,low,370,Y,medium,63,X,medium,12,Z,low,247,X,low,38,STANDARD,europe,FREQUENT_ACCESS,"{""sku_id"":""0298-0912-675B"",""description"":""nearline storage tokyo"",""original_region"":""asia-northeast1""}",08-01-2024,18:52:00,21:22:00,08-01-2024 21:21,Abortion Travel,International Women,Senator,D,Senator Dianne Feinstein (CA),Chairman Senator Feinstein
456,medium,233,X,high,274,Y,low,11,X,medium,357,Z,low,190,X,medium,385,STANDARD,europe,FREQUENT_ACCESS,"{""sku_id"":""0298-0912-675B"",""description"":""nearline storage tokyo"",""original_region"":""asia-northeast1""}",01-12-2024,07:15:00,09:55:00,01-12-2024 09:48,Voice Cnn Masai,International Women,Nominee,R,Brett M. Kavanaugh,Guns Roe Wade
457,low,60,Z,low,88,Y,low,378,X,medium,318,X,high,116,X,high,52,STANDARD,europe,FREQUENT_ACCESS,"{""sku_id"":""0298-0912-675B"",""description"":""nearline storage tokyo"",""original_region"":""asia-northeast1""}",20-01-2024,17:30:00,19:15:00,20-01-2024 19:13,Abortion Travel,International Women,Senator,D,Senator Dianne Feinstein (CA),Chairman Senator Feinstein
458,low,11,Y,low,318,Z,low,51,Z,medium,204,Z,high,122,Z,low,55,STANDARD,europe,FREQUENT_ACCESS,"{""sku_id"":""0298-0912-675B"",""description"":""nearline storage tokyo"",""original_region"":""asia-northeast1""}",10-03-2024,06:54:00,08:21:00,10-03-2024 08:18,Abortion Travel,Said Alicia Keys,Nominee,R,Brett M. Kavanaugh,Proud Judge Kavanaugh
459,medium,181,Y,high,215,X,high,158,Z,low,373,Y,medium,17,X,high,92,STANDARD,europe,FREQUENT_ACCESS,"{""sku_id"":""0298-0912-675B"",""description"":""nearline storage tokyo"",""original_region"":""asia-northeast1""}",28-08-2024,17:25:00,21:09:00,28-08-2024 21:00,Abortion Travel,Said Alicia Keys,Senator,D,Senator Dianne Feinstein (CA),Chairman Senator Feinstein
460,low,76,Z,high,466,Z,high,421,X,high,236,X,high,443,X,high,168,STANDARD,europe,FREQUENT_ACCESS,"{""sku_id"":""0298-0912-675B"",""description"":""nearline storage tokyo"",""original_region"":""asia-northeast1""}",10-07-2024,10:28:00,11:27:00,10-07-2024 11:19,Amid Inflation,Niger State Television,Nominee,R,Brett M. Kavanaugh,Proud Judge Kavanaugh
461,low,318,Y,low,454,Y,medium,268,Z,high,127,Z,high,146,Y,high,81,STANDARD,europe,FREQUENT_ACCESS,"{""sku_id"":""0298-0912-675B"",""description"":""nearline storage tokyo"",""original_region"":""asia-northeast1""}",06-11-2024,11:15:00,12:25:00,06-11-2024 12:22,Companies Pulling Russia,Help Russia,Senator,D,Senator Dianne Feinstein (CA),Chairman Senator Feinstein
462,high,274,Z,high,0,Z,high,436,Z,high,292,Y,high,437,Z,medium,295,STANDARD,europe,FREQUENT_ACCESS,"{""sku_id"":""0298-0912-675B"",""description"":""nearline storage tokyo"",""original_region"":""asia-northeast1""}",04-09-2024,18:29:00,20:55:00,04-09-2024 20:53,Abortion Travel,Niger State Television,Nominee,R,Brett M. Kavanaugh,Kavanaugh Dissents President
463,medium,242,Y,low,499,X,high,436,Y,medium,188,X,high,418,X,high,411,STANDARD,europe,FREQUENT_ACCESS,"{""sku_id"":""0298-0912-675B"",""description"":""nearline storage tokyo"",""original_region"":""asia-northeast1""}",12-12-2024,17:56:00,21:10:00,12-12-2024 21:07,Voice Cnn Masai,International Women,Senator,D,Senator Dianne Feinstein (CA),Chairman Senator Feinstein
464,high,248,X,low,450,Z,medium,330,X,low,487,X,high,228,X,high,265,STANDARD,europe,FREQUENT_ACCESS,"{""sku_id"":""0298-0912-675B"",""description"":""nearline storage tokyo"",""original_region"":""asia-northeast1""}",14-05-2024,06:50:00,09:42:00,14-05-2024 09:37,Assassination Question,Actor Bob Odenkirk,Nominee,R,Brett M. Kavanaugh,Kavanaugh Dissents President
465,low,49,Y,medium,453,X,high,468,X,high,360,X,high,403,X,medium,332,STANDARD,europe,FREQUENT_ACCESS,"{""sku_id"":""0298-0912-675B"",""description"":""nearline storage tokyo"",""original_region"":""asia-northeast1""}",01-09-2024,12:23:00,16:23:00,01-09-2024 16:16,Assassination Question,Actor Bob Odenkirk,Senator,D,Senator Dianne Feinstein (CA),Chairman Senator Feinstein
466,high,201,X,low,248,Z,medium,18,Z,medium,374,Z,low,105,X,low,446,STANDARD,europe,FREQUENT_ACCESS,"{""sku_id"":""0298-0912-675B"",""description"":""nearline storage tokyo"",""original_region"":""asia-northeast1""}",29-05-2024,09:02:00,12:23:00,29-05-2024 12:22,Apology Cnn Vatican,Turned Movie Different,Nominee,R,Brett M. Kavanaugh,Kavanaugh Dissents President
467,medium,35,Z,low,135,Z,high,120,Z,high,343,Y,high,90,X,high,447,STANDARD,europe,FREQUENT_ACCESS,"{""sku_id"":""0298-0912-675B"",""description"":""nearline storage tokyo"",""original_region"":""asia-northeast1""}",12-06-2024,14:57:00,15:51:00,12-06-2024 15:41,Cnn Montana Nonprofit,Said Alicia Keys,Senator,D,Senator Dianne Feinstein (CA),Chairman Senator Feinstein
468,high,177,X,high,303,X,high,138,Z,low,341,Y,low,449,Z,low,329,STANDARD,europe,FREQUENT_ACCESS,"{""sku_id"":""0298-0912-675B"",""description"":""nearline storage tokyo"",""original_region"":""asia-northeast1""}",31-12-2024,14:36:00,16:27:00,31-12-2024 16:20,Basketball Legend Says,Point Tally Nba,Nominee,R,Brett M. Kavanaugh,Kavanaugh Dissents President
469,high,338,Y,high,441,X,high,68,Z,high,386,X,low,323,Y,high,34,STANDARD,europe,FREQUENT_ACCESS,"{""sku_id"":""0298-0912-675B"",""description"":""nearline storage tokyo"",""original_region"":""asia-northeast1""}",11-01-2024,09:34:00,11:49:00,11-01-2024 11:43,Making Racism,Coronavirus Pandemic Late,Senator,D,Senator Dianne Feinstein (CA),Chairman Senator Feinstein
470,medium,493,Z,low,225,X,medium,310,Z,high,215,X,low,344,Z,medium,394,STANDARD,europe,FREQUENT_ACCESS,"{""sku_id"":""0298-0912-675B"",""description"":""nearline storage tokyo"",""original_region"":""asia-northeast1""}",06-03-2024,07:28:00,10:23:00,06-03-2024 10:22,Making Racism,Turned Movie Different,Nominee,R,Brett M. Kavanaugh,Kavanaugh Dissents President
471,low,148,X,low,492,X,medium,126,Z,low,410,Y,low,461,X,medium,378,STANDARD,europe,FREQUENT_ACCESS,"{""sku_id"":""0298-0912-675B"",""description"":""nearline storage tokyo"",""original_region"":""asia-northeast1""}",07-11-2024,11:39:00,13:22:00,07-11-2024 13:17,Amid Inflation,Turned Movie Different,Senator,D,Senator Dianne Feinstein (CA),Chairman Senator Feinstein
472,high,132,Y,high,130,Z,low,104,Z,medium,17,Z,high,6,Y,high,151,STANDARD,europe,FREQUENT_ACCESS,"{""sku_id"":""0298-0912-675B"",""description"":""nearline storage tokyo"",""original_region"":""asia-northeast1""}",07-04-2024,12:51:00,14:30:00,07-04-2024 14:23,Amid Inflation,Beating Forecasts Covid,Nominee,R,Brett M. Kavanaugh,Kavanaugh Dissents President
473,medium,334,Y,high,426,Y,medium,68,X,medium,333,X,low,236,Z,medium,81,STANDARD,europe,FREQUENT_ACCESS,"{""sku_id"":""0298-0912-675B"",""description"":""nearline storage tokyo"",""original_region"":""asia-northeast1""}",04-10-2024,17:51:00,20:23:00,04-10-2024 20:19,Amid Inflation,Turned Movie Different,Senator,D,Senator Dianne Feinstein (CA),Chairman Senator Feinstein
474,medium,458,Y,low,229,Y,low,429,X,medium,269,Z,low,480,X,high,66,STANDARD,europe,FREQUENT_ACCESS,"{""sku_id"":""0298-0912-675B"",""description"":""nearline storage tokyo"",""original_region"":""asia-northeast1""}",24-08-2024,14:30:00,18:10:00,24-08-2024 18:04,Voice Cnn Masai,Said Alicia Keys,Nominee,R,Brett M. Kavanaugh,Proud Judge Kavanaugh
475,high,147,Z,high,419,Y,medium,7,Y,low,4,Z,high,64,Z,high,138,STANDARD,europe,FREQUENT_ACCESS,"{""sku_id"":""0298-0912-675B"",""description"":""nearline storage tokyo"",""original_region"":""asia-northeast1""}",17-10-2024,18:41:00,21:03:00,17-10-2024 21:02,Basketball Legend Says,Point Tally Nba,Senator,D,Senator Dianne Feinstein (CA),Chairman Senator Feinstein
476,high,419,X,low,472,Z,low,182,Y,low,330,Z,high,224,X,low,371,STANDARD,europe,FREQUENT_ACCESS,"{""sku_id"":""0298-0912-675B"",""description"":""nearline storage tokyo"",""original_region"":""asia-northeast1""}",01-10-2024,17:46:00,21:19:00,01-10-2024 21:13,Making Racism,Actor Bob Odenkirk,Chairman,R,Senator Chuck Grassley (IA),Chairman Grassley Appreciate
477,low,157,Y,medium,351,Z,medium,267,Y,medium,1,Z,low,11,X,high,472,STANDARD,europe,FREQUENT_ACCESS,"{""sku_id"":""0298-0912-675B"",""description"":""nearline storage tokyo"",""original_region"":""asia-northeast1""}",25-10-2024,16:27:00,17:26:00,25-10-2024 17:16,New Covid Lockdowns,Coronavirus Pandemic Late,Senator,D,Senator Dianne Feinstein (CA),Chairman Senator Feinstein
478,medium,319,X,high,311,X,high,117,Y,medium,352,Y,medium,162,X,low,76,STANDARD,europe,FREQUENT_ACCESS,"{""sku_id"":""0298-0912-675B"",""description"":""nearline storage tokyo"",""original_region"":""asia-northeast1""}",30-08-2024,12:41:00,15:25:00,30-08-2024 15:21,Voice Cnn Masai,Turned Movie Different,Chairman,R,Senator Chuck Grassley (IA),Chairman Grassley Appreciate
479,high,104,Y,medium,205,Z,low,362,Z,low,262,X,low,86,Y,low,207,STANDARD,europe,FREQUENT_ACCESS,"{""sku_id"":""0298-0912-675B"",""description"":""nearline storage tokyo"",""original_region"":""asia-northeast1""}",17-11-2024,20:31:00,22:52:00,17-11-2024 22:43,Abortion Travel,Said Alicia Keys,Senator,D,Senator Dianne Feinstein (CA),Chairman Senator Feinstein
480,low,131,Z,medium,436,Y,medium,378,Z,medium,303,Z,high,127,X,low,417,STANDARD,europe,FREQUENT_ACCESS,"{""sku_id"":""0298-0912-675B"",""description"":""nearline storage tokyo"",""original_region"":""asia-northeast1""}",21-06-2024,13:13:00,14:36:00,21-06-2024 14:34,Abortion Travel,Niger State Television,Chairman,R,Senator Chuck Grassley (IA),Chairman Grassley Appreciate
481,medium,491,X,high,63,Z,low,419,Z,medium,304,Y,high,406,Y,low,42,STANDARD,europe,FREQUENT_ACCESS,"{""sku_id"":""0298-0912-675B"",""description"":""nearline storage tokyo"",""original_region"":""asia-northeast1""}",19-05-2024,14:52:00,15:36:00,19-05-2024 15:32,Abortion Travel,Said Alicia Keys,Senator,R,Senator Orrin Hatch (UT),Kavanaugh Dissents President
482,low,194,Y,medium,145,Z,medium,393,Z,high,150,Y,medium,137,Y,low,471,STANDARD,europe,FREQUENT_ACCESS,"{""sku_id"":""0298-0912-675B"",""description"":""nearline storage tokyo"",""original_region"":""asia-northeast1""}",19-02-2024,09:44:00,13:35:00,19-02-2024 13:29,Voice Cnn Masai,Actor Bob Odenkirk,Nominee,R,Brett M. Kavanaugh,Kavanaugh Dissents President
483,low,8,X,high,65,Y,low,420,Y,medium,311,Y,low,406,Y,high,9,STANDARD,europe,FREQUENT_ACCESS,"{""sku_id"":""0298-0912-675B"",""description"":""nearline storage tokyo"",""original_region"":""asia-northeast1""}",29-10-2024,07:42:00,10:13:00,29-10-2024 10:05,Cnn Montana Nonprofit,Niger State Television,Senator,R,Senator Orrin Hatch (UT),Analyze Senator
484,medium,386,X,high,138,Y,low,182,Y,low,110,X,high,447,X,medium,141,STANDARD,europe,FREQUENT_ACCESS,"{""sku_id"":""0298-0912-675B"",""description"":""nearline storage tokyo"",""original_region"":""asia-northeast1""}",03-01-2024,19:45:00,22:27:00,03-01-2024 22:21,Cnn Montana Nonprofit,Turned Movie Different,Nominee,R,Brett M. Kavanaugh,Kavanaugh Dissents President
485,high,63,Z,low,261,Y,medium,149,Y,medium,379,Y,low,270,Z,medium,16,STANDARD,europe,FREQUENT_ACCESS,"{""sku_id"":""0298-0912-675B"",""description"":""nearline storage tokyo"",""original_region"":""asia-northeast1""}",16-02-2024,21:11:00,22:17:00,16-02-2024 22:09,Cnn Montana Nonprofit,Ravaged Nicaragua Category,Senator,R,Senator Orrin Hatch (UT),Kozinski Phone Senator
486,medium,55,Z,high,167,X,low,158,Z,low,45,Z,medium,269,Y,medium,380,STANDARD,europe,FREQUENT_ACCESS,"{""sku_id"":""0298-0912-675B"",""description"":""nearline storage tokyo"",""original_region"":""asia-northeast1""}",21-01-2024,21:31:00,22:28:00,21-01-2024 22:27,Apology Cnn Vatican,Coronavirus Pandemic Late,Nominee,R,Brett M. Kavanaugh,Proud Judge Kavanaugh
487,low,418,Z,high,210,X,high,426,Z,low,70,Y,high,166,X,medium,213,STANDARD,europe,FREQUENT_ACCESS,"{""sku_id"":""0298-0912-675B"",""description"":""nearline storage tokyo"",""original_region"":""asia-northeast1""}",12-08-2024,12:21:00,13:46:00,12-08-2024 13:40,Cnn Montana Nonprofit,Coronavirus Pandemic Late,Senator,R,Senator Orrin Hatch (UT),Kozinski Phone Senator
488,high,174,Y,high,115,Y,high,324,Y,high,351,Y,medium,333,Z,high,218,STANDARD,europe,FREQUENT_ACCESS,"{""sku_id"":""0298-0912-675B"",""description"":""nearline storage tokyo"",""original_region"":""asia-northeast1""}",16-12-2024,11:55:00,13:20:00,16-12-2024 13:13,Making Racism,Said Alicia Keys,Nominee,R,Brett M. Kavanaugh,Kavanaugh Dissents President
489,low,69,Y,medium,176,Z,low,161,Z,low,28,X,low,236,Y,high,273,STANDARD,europe,FREQUENT_ACCESS,"{""sku_id"":""0298-0912-675B"",""description"":""nearline storage tokyo"",""original_region"":""asia-northeast1""}",06-02-2024,17:24:00,19:37:00,06-02-2024 19:34,Amid Inflation,Ravaged Nicaragua Category,Senator,R,Senator Orrin Hatch (UT),Executive Privilege Limit
490,low,420,Z,medium,248,Y,high,360,X,low,485,Y,high,431,Z,low,149,STANDARD,europe,FREQUENT_ACCESS,"{""sku_id"":""0298-0912-675B"",""description"":""nearline storage tokyo"",""original_region"":""asia-northeast1""}",16-01-2024,19:09:00,22:16:00,16-01-2024 22:06,Abortion Travel,Niger State Television,Nominee,R,Brett M. Kavanaugh,Kavanaugh Dissents President
491,medium,140,Y,medium,106,Y,medium,116,Y,medium,15,X,medium,97,Y,medium,378,STANDARD,europe,FREQUENT_ACCESS,"{""sku_id"":""0298-0912-675B"",""description"":""nearline storage tokyo"",""original_region"":""asia-northeast1""}",10-04-2024,07:54:00,10:13:00,10-04-2024 10:03,Voice Cnn Masai,Turned Movie Different,Senator,R,Senator Orrin Hatch (UT),Kozinski Phone Senator
492,high,316,Z,high,229,Y,medium,133,Z,medium,262,Y,low,343,Y,low,215,STANDARD,europe,FREQUENT_ACCESS,"{""sku_id"":""0298-0912-675B"",""description"":""nearline storage tokyo"",""original_region"":""asia-northeast1""}",20-03-2024,08:28:00,10:04:00,20-03-2024 09:54,Voice Cnn Masai,International Women,Nominee,R,Brett M. Kavanaugh,Kavanaugh Dissents President
493,low,131,X,medium,448,X,high,0,Z,high,492,X,high,69,Z,low,397,STANDARD,europe,FREQUENT_ACCESS,"{""sku_id"":""0298-0912-675B"",""description"":""nearline storage tokyo"",""original_region"":""asia-northeast1""}",27-02-2024,16:14:00,20:07:00,27-02-2024 20:00,Amid Inflation,Niger State Television,Senator,R,Senator Orrin Hatch (UT),Executive Privilege Limit
494,low,290,X,low,438,Y,medium,483,Y,high,336,Z,high,245,Z,low,323,STANDARD,europe,FREQUENT_ACCESS,"{""sku_id"":""0298-0912-675B"",""description"":""nearline storage tokyo"",""original_region"":""asia-northeast1""}",12-05-2024,18:51:00,20:08:00,12-05-2024 20:02,Cnn Montana Nonprofit,Niger State Television,Nominee,R,Brett M. Kavanaugh,Proud Judge Kavanaugh
495,high,348,Y,high,0,Y,low,117,X,low,316,X,medium,44,Z,high,337,STANDARD,europe,FREQUENT_ACCESS,"{""sku_id"":""0298-0912-675B"",""description"":""nearline storage tokyo"",""original_region"":""asia-northeast1""}",22-04-2024,13:23:00,15:33:00,22-04-2024 15:29,Climate Action Opinion,Warming Caused Humans,Senator,R,Senator Orrin Hatch (UT),Kavanaugh Dissents President
496,medium,378,X,low,247,Z,low,376,Z,high,346,X,high,275,Y,high,494,STANDARD,europe,FREQUENT_ACCESS,"{""sku_id"":""0298-0912-675B"",""description"":""nearline storage tokyo"",""original_region"":""asia-northeast1""}",18-04-2024,16:49:00,19:12:00,18-04-2024 19:02,Climate Action Opinion,Warming Caused Humans,Nominee,R,Brett M. Kavanaugh,Kavanaugh Dissents President
497,low,420,X,medium,397,Z,medium,59,Z,high,353,Y,low,425,Y,low,253,STANDARD,europe,FREQUENT_ACCESS,"{""sku_id"":""0298-0912-675B"",""description"":""nearline storage tokyo"",""original_region"":""asia-northeast1""}",06-12-2024,07:11:00,09:32:00,06-12-2024 09:30,Climate Action Opinion,Warming Caused Humans,Senator,R,Senator Orrin Hatch (UT),Kozinski Phone Senator
498,medium,307,X,low,174,Z,medium,18,Y,low,80,Y,high,408,Y,high,150,STANDARD,europe,FREQUENT_ACCESS,"{""sku_id"":""0298-0912-675B"",""description"":""nearline storage tokyo"",""original_region"":""asia-northeast1""}",24-01-2024,07:40:00,10:16:00,24-01-2024 10:08,Climate Action Opinion,Warming Caused Humans,Nominee,R,Brett M. Kavanaugh,Kavanaugh Dissents President
499,low,420,X,medium,115,Y,high,68,Z,medium,154,Z,high,357,Y,low,363,STANDARD,europe,FREQUENT_ACCESS,"{""sku_id"":""0298-0912-675B"",""description"":""nearline storage tokyo"",""original_region"":""asia-northeast1""}",27-05-2024,10:42:00,13:29:00,27-05-2024 13:21,Climate Action Opinion,Warming Caused Humans,Senator,R,Senator Orrin Hatch (UT),Kavanaugh Dissents President
500,low,420,Z,medium,305,Z,medium,49,Y,high,95,Y,low,288,Y,low,352,STANDARD,europe,FREQUENT_ACCESS,"{""sku_id"":""0298-0912-675B"",""description"":""nearline storage tokyo"",""original_region"":""asia-northeast1""}",21-11-2024,13:52:00,17:12:00,21-11-2024 17:06,Climate Action Opinion,Warming Caused Humans,Nominee,R,Brett M. Kavanaugh,Proud Judge Kavanaugh
501,medium,373,Y,high,1,X,medium,72,Y,medium,105,Y,high,312,X,low,241,STANDARD,europe,FREQUENT_ACCESS,"{""sku_id"":""0298-0912-675B"",""description"":""nearline storage tokyo"",""original_region"":""asia-northeast1""}",26-06-2024,13:55:00,16:31:00,26-06-2024 16:27,Amid Inflation,Warming Caused Humans,Senator,R,Senator Orrin Hatch (UT),Kozinski Phone Senator
502,medium,199,Z,high,229,X,low,165,X,medium,104,Z,low,49,Z,low,167,STANDARD,europe,FREQUENT_ACCESS,"{""sku_id"":""0298-0912-675B"",""description"":""nearline storage tokyo"",""original_region"":""asia-northeast1""}",28-06-2024,13:41:00,15:52:00,28-06-2024 15:47,Climate Action Opinion,Warming Caused Humans,Nominee,R,Brett M. Kavanaugh,Proud Judge Kavanaugh
503,high,265,X,medium,225,Z,medium,292,Y,high,318,Y,medium,363,X,medium,465,STANDARD,europe,FREQUENT_ACCESS,"{""sku_id"":""0298-0912-675B"",""description"":""nearline storage tokyo"",""original_region"":""asia-northeast1""}",22-05-2024,15:18:00,19:15:00,22-05-2024 19:09,Climate Action Opinion,Warming Caused Humans,Senator,R,Senator Orrin Hatch (UT),Kozinski Phone Senator
504,low,483,X,high,341,Y,medium,9,Y,medium,466,Z,low,340,X,medium,40,STANDARD,europe,FREQUENT_ACCESS,"{""sku_id"":""0298-0912-675B"",""description"":""nearline storage tokyo"",""original_region"":""asia-northeast1""}",09-12-2024,19:17:00,20:28:00,09-12-2024 20:25,Climate Action Opinion,Warming Caused Humans,Nominee,R,Brett M. Kavanaugh,Proud Judge Kavanaugh
505,low,124,Y,low,341,X,medium,63,Y,medium,279,Y,medium,71,X,low,39,STANDARD,europe,FREQUENT_ACCESS,"{""sku_id"":""0298-0912-675B"",""description"":""nearline storage tokyo"",""original_region"":""asia-northeast1""}",15-03-2024,11:38:00,13:44:00,15-03-2024 13:41,Climate Action Opinion,Warming Caused Humans,Senator,R,Senator Orrin Hatch (UT),Kozinski Phone Senator
506,low,346,Z,high,267,Y,high,168,X,low,7,Z,medium,316,X,medium,315,STANDARD,europe,FREQUENT_ACCESS,"{""sku_id"":""0298-0912-675B"",""description"":""nearline storage tokyo"",""original_region"":""asia-northeast1""}",18-06-2024,06:12:00,08:30:00,18-06-2024 08:21,Climate Action Opinion,Warming Caused Humans,Nominee,R,Brett M. Kavanaugh,Proud Judge Kavanaugh
507,medium,396,Z,high,291,Z,medium,352,Y,medium,346,X,high,192,Y,medium,40,STANDARD,europe,FREQUENT_ACCESS,"{""sku_id"":""0298-0912-675B"",""description"":""nearline storage tokyo"",""original_region"":""asia-northeast1""}",13-10-2024,06:37:00,08:52:00,13-10-2024 08:46,Cnn Montana Nonprofit,Warming Caused Humans,Senator,R,Senator Orrin Hatch (UT),Kozinski Phone Senator
508,high,240,Z,medium,13,X,low,48,Z,low,270,Z,low,254,Z,medium,380,STANDARD,europe,FREQUENT_ACCESS,"{""sku_id"":""0298-0912-675B"",""description"":""nearline storage tokyo"",""original_region"":""asia-northeast1""}",21-06-2024,13:47:00,15:08:00,21-06-2024 15:04,Climate Action Opinion,Warming Caused Humans,Nominee,R,Brett M. Kavanaugh,Proud Judge Kavanaugh
509,high,432,Y,high,490,Y,high,142,Z,high,388,Z,high,236,X,high,421,STANDARD,europe,FREQUENT_ACCESS,"{""sku_id"":""0298-0912-675B"",""description"":""nearline storage tokyo"",""original_region"":""asia-northeast1""}",12-11-2024,16:22:00,19:56:00,12-11-2024 19:46,Climate Action Opinion,Warming Caused Humans,Senator,R,Senator Orrin Hatch (UT),Kozinski Phone Senator
510,low,214,Z,medium,38,Z,medium,68,X,low,188,Y,high,161,Z,medium,40,STANDARD,europe,FREQUENT_ACCESS,"{""sku_id"":""0298-0912-675B"",""description"":""nearline storage tokyo"",""original_region"":""asia-northeast1""}",11-10-2024,10:21:00,12:39:00,11-10-2024 12:34,Climate Action Opinion,Warming Caused Humans,Nominee,R,Brett M. Kavanaugh,Proud Judge Kavanaugh
511,medium,418,X,high,488,Z,medium,154,Y,low,214,X,low,458,X,medium,118,STANDARD,europe,FREQUENT_ACCESS,"{""sku_id"":""0298-0912-675B"",""description"":""nearline storage tokyo"",""original_region"":""asia-northeast1""}",27-03-2024,17:56:00,19:29:00,27-03-2024 19:23,Climate Action Opinion,Warming Caused Humans,Senator,R,Senator Orrin Hatch (UT),Kozinski Phone Senator
512,high,322,Y,low,486,Y,high,68,X,medium,329,Y,high,208,Z,high,471,STANDARD,europe,FREQUENT_ACCESS,"{""sku_id"":""0298-0912-675B"",""description"":""nearline storage tokyo"",""original_region"":""asia-northeast1""}",07-02-2024,15:38:00,16:00:00,07-02-2024 15:53,Climate Action Opinion,Warming Caused Humans,Nominee,R,Brett M. Kavanaugh,Kavanaugh Dissents President
513,low,25,X,high,358,Z,medium,320,Z,medium,353,X,high,256,Y,high,44,STANDARD,europe,FREQUENT_ACCESS,"{""sku_id"":""0298-0912-675B"",""description"":""nearline storage tokyo"",""original_region"":""asia-northeast1""}",17-05-2024,07:30:00,10:34:00,17-05-2024 10:27,Climate Action Opinion,Warming Caused Humans,Senator,R,Senator Orrin Hatch (UT),Kozinski Phone Senator
514,high,411,X,high,373,Z,high,33,Y,medium,110,X,low,14,Z,low,53,STANDARD,europe,FREQUENT_ACCESS,"{""sku_id"":""0298-0912-675B"",""description"":""nearline storage tokyo"",""original_region"":""asia-northeast1""}",11-09-2024,10:34:00,12:57:00,11-09-2024 12:54,Climate Action Opinion,Warming Caused Humans,Nominee,R,Brett M. Kavanaugh,Proud Judge Kavanaugh
515,low,348,Y,high,14,Y,high,469,Z,high,293,Z,low,61,Z,medium,152,STANDARD,europe,FREQUENT_ACCESS,"{""sku_id"":""0298-0912-675B"",""description"":""nearline storage tokyo"",""original_region"":""asia-northeast1""}",04-04-2024,08:37:00,09:13:00,04-04-2024 09:04,Climate Action Opinion,Warming Caused Humans,Senator,R,Senator Orrin Hatch (UT),Kozinski Phone Senator
516,low,111,Z,high,474,Z,medium,122,Y,low,480,Y,high,140,Z,low,270,STANDARD,europe,FREQUENT_ACCESS,"{""sku_id"":""0298-0912-675B"",""description"":""nearline storage tokyo"",""original_region"":""asia-northeast1""}",07-06-2024,19:13:00,21:36:00,07-06-2024 21:29,Climate Action Opinion,Warming Caused Humans,Nominee,R,Brett M. Kavanaugh,Proud Judge Kavanaugh
517,low,351,X,high,229,Z,high,495,X,high,32,Y,medium,489,Y,low,355,STANDARD,europe,FREQUENT_ACCESS,"{""sku_id"":""0298-0912-675B"",""description"":""nearline storage tokyo"",""original_region"":""asia-northeast1""}",28-05-2024,14:04:00,17:39:00,28-05-2024 17:31,Climate Action Opinion,Warming Caused Humans,Senator,R,Senator Orrin Hatch (UT),Kozinski Phone Senator
518,high,255,Z,high,169,X,low,364,Y,low,165,Z,low,129,X,low,145,STANDARD,europe,FREQUENT_ACCESS,"{""sku_id"":""0298-0912-675B"",""description"":""nearline storage tokyo"",""original_region"":""asia-northeast1""}",20-03-2024,06:06:00,08:12:00,20-03-2024 08:11,Climate Action Opinion,Warming Caused Humans,Nominee,R,Brett M. Kavanaugh,Kavanaugh Dissents President
519,high,471,Y,low,334,X,high,178,Y,medium,266,Z,medium,197,Y,high,457,STANDARD,europe,FREQUENT_ACCESS,"{""sku_id"":""0298-0912-675B"",""description"":""nearline storage tokyo"",""original_region"":""asia-northeast1""}",16-03-2024,12:20:00,16:18:00,16-03-2024 16:12,Abortion Travel,International Women,Senator,R,Senator Orrin Hatch (UT),Kavanaugh Dissents President
520,high,152,Z,low,267,Z,high,151,Z,low,462,Z,medium,427,Z,high,408,STANDARD,europe,FREQUENT_ACCESS,"{""sku_id"":""0298-0912-675B"",""description"":""nearline storage tokyo"",""original_region"":""asia-northeast1""}",14-08-2024,19:20:00,19:44:00,14-08-2024 19:40,Climate Action Opinion,Warming Caused Humans,Nominee,R,Brett M. Kavanaugh,Kavanaugh Dissents President
521,high,131,X,medium,180,X,low,473,Z,low,484,X,high,159,Y,medium,115,STANDARD,europe,FREQUENT_ACCESS,"{""sku_id"":""0298-0912-675B"",""description"":""nearline storage tokyo"",""original_region"":""asia-northeast1""}",13-08-2024,20:51:00,21:24:00,13-08-2024 21:23,Climate Action Opinion,Warming Caused Humans,Senator,R,Senator Orrin Hatch (UT),Kavanaugh Dissents President
522,high,29,Z,high,160,Z,low,498,Z,low,294,X,low,406,X,high,31,STANDARD,europe,FREQUENT_ACCESS,"{""sku_id"":""0298-0912-675B"",""description"":""nearline storage tokyo"",""original_region"":""asia-northeast1""}",25-06-2024,07:55:00,10:20:00,25-06-2024 10:18,Climate Action Opinion,Warming Caused Humans,Nominee,R,Brett M. Kavanaugh,Proud Judge Kavanaugh
523,medium,393,X,low,59,Z,low,306,Z,low,273,Z,low,59,Y,high,350,STANDARD,europe,FREQUENT_ACCESS,"{""sku_id"":""0298-0912-675B"",""description"":""nearline storage tokyo"",""original_region"":""asia-northeast1""}",11-03-2024,14:25:00,16:19:00,11-03-2024 16:16,Climate Action Opinion,Warming Caused Humans,Senator,R,Senator Orrin Hatch (UT),Kozinski Phone Senator
524,high,492,Y,medium,454,Z,low,23,Y,medium,279,X,low,66,X,medium,87,STANDARD,europe,FREQUENT_ACCESS,"{""sku_id"":""0298-0912-675B"",""description"":""nearline storage tokyo"",""original_region"":""asia-northeast1""}",08-05-2024,08:52:00,09:53:00,08-05-2024 09:50,Climate Action Opinion,Warming Caused Humans,Nominee,R,Brett M. Kavanaugh,Kavanaugh Dissents President
525,low,344,Z,low,332,Y,high,68,Y,high,222,X,high,6,Z,low,140,STANDARD,europe,FREQUENT_ACCESS,"{""sku_id"":""0298-0912-675B"",""description"":""nearline storage tokyo"",""original_region"":""asia-northeast1""}",23-07-2024,16:40:00,19:47:00,23-07-2024 19:38,Companies Pulling Russia,Niger State Television,Senator,R,Senator Orrin Hatch (UT),Analyze Senator
526,medium,184,Z,medium,143,X,low,238,Y,high,279,Y,high,62,Z,medium,386,STANDARD,europe,FREQUENT_ACCESS,"{""sku_id"":""0298-0912-675B"",""description"":""nearline storage tokyo"",""original_region"":""asia-northeast1""}",25-11-2024,15:08:00,16:35:00,25-11-2024 16:27,Assassination Question,Help Russia,Chairman,R,Senator Chuck Grassley (IA),Chairman Grassley Appreciate
527,high,439,X,high,361,X,low,68,Y,high,272,Y,high,236,Y,high,94,STANDARD,europe,FREQUENT_ACCESS,"{""sku_id"":""0298-0912-675B"",""description"":""nearline storage tokyo"",""original_region"":""asia-northeast1""}",30-11-2024,09:40:00,13:36:00,30-11-2024 13:26,Voice Cnn Masai,Actor Bob Odenkirk,Nominee,R,Brett M. Kavanaugh,Kavanaugh Dissents President
528,high,126,X,high,346,Y,medium,400,Z,medium,276,X,low,45,X,medium,177,STANDARD,europe,FREQUENT_ACCESS,"{""sku_id"":""0298-0912-675B"",""description"":""nearline storage tokyo"",""original_region"":""asia-northeast1""}",26-08-2024,14:58:00,16:13:00,26-08-2024 16:12,Climate Action Opinion,Warming Caused Humans,Senator,R,Senator Orrin Hatch (UT),Kozinski Phone Senator
529,medium,346,Y,high,69,Y,medium,16,Z,low,421,Z,high,306,X,medium,463,STANDARD,europe,FREQUENT_ACCESS,"{""sku_id"":""0298-0912-675B"",""description"":""nearline storage tokyo"",""original_region"":""asia-northeast1""}",07-11-2024,06:06:00,09:24:00,07-11-2024 09:20,Cnn Montana Nonprofit,Ravaged Nicaragua Category,Nominee,R,Brett M. Kavanaugh,Proud Judge Kavanaugh
530,low,298,Y,medium,87,X,medium,185,Y,low,279,Y,low,299,X,medium,40,STANDARD,europe,FREQUENT_ACCESS,"{""sku_id"":""0298-0912-675B"",""description"":""nearline storage tokyo"",""original_region"":""asia-northeast1""}",06-07-2024,07:19:00,07:45:00,06-07-2024 07:40,Climate Action Opinion,Warming Caused Humans,Chairman,R,Senator Chuck Grassley (IA),Chairman Grassley Appreciate
531,high,426,X,high,115,Z,medium,37,Y,low,478,Y,medium,117,Y,low,310,STANDARD,europe,FREQUENT_ACCESS,"{""sku_id"":""0298-0912-675B"",""description"":""nearline storage tokyo"",""original_region"":""asia-northeast1""}",13-03-2024,16:21:00,17:06:00,13-03-2024 17:04,Climate Action Opinion,Warming Caused Humans,Senator,D,Senator Patrick Leahy (VT),Judge Senator Leahy
532,low,485,X,low,52,Z,high,218,Z,medium,352,Y,medium,18,X,medium,499,STANDARD,europe,FREQUENT_ACCESS,"{""sku_id"":""0298-0912-675B"",""description"":""nearline storage tokyo"",""original_region"":""asia-northeast1""}",14-12-2024,08:16:00,11:06:00,14-12-2024 10:56,Cnn Montana Nonprofit,Warming Caused Humans,Nominee,R,Brett M. Kavanaugh,Proud Judge Kavanaugh
533,high,179,X,low,411,Z,medium,402,Z,high,293,Z,high,80,Z,low,385,STANDARD,europe,FREQUENT_ACCESS,"{""sku_id"":""0298-0912-675B"",""description"":""nearline storage tokyo"",""original_region"":""asia-northeast1""}",22-01-2024,11:19:00,13:31:00,22-01-2024 13:21,Climate Action Opinion,Warming Caused Humans,Senator,D,Senator Patrick Leahy (VT),Analyze Senator
534,high,47,X,high,229,X,medium,64,Y,medium,289,Y,medium,71,Z,low,229,STANDARD,europe,FREQUENT_ACCESS,"{""sku_id"":""0298-0912-675B"",""description"":""nearline storage tokyo"",""original_region"":""asia-northeast1""}",31-08-2024,16:09:00,18:10:00,31-08-2024 18:07,Climate Action Opinion,Warming Caused Humans,Nominee,R,Brett M. Kavanaugh,Proud Judge Kavanaugh
535,high,78,Y,high,405,X,low,68,Y,medium,288,Z,low,264,Y,medium,332,STANDARD,europe,FREQUENT_ACCESS,"{""sku_id"":""0298-0912-675B"",""description"":""nearline storage tokyo"",""original_region"":""asia-northeast1""}",22-07-2024,10:55:00,14:08:00,22-07-2024 14:07,Climate Action Opinion,Warming Caused Humans,Senator,D,Senator Patrick Leahy (VT),Judge Senator Leahy
536,low,369,X,high,264,Y,high,478,Z,medium,279,X,low,465,Z,high,266,STANDARD,europe,FREQUENT_ACCESS,"{""sku_id"":""0298-0912-675B"",""description"":""nearline storage tokyo"",""original_region"":""asia-northeast1""}",06-01-2024,18:23:00,18:51:00,06-01-2024 18:43,Amid Inflation,Warming Caused Humans,Nominee,R,Brett M. Kavanaugh,Proud Judge Kavanaugh
537,low,181,Z,low,58,Y,low,88,X,high,279,Z,medium,217,Y,low,181,STANDARD,europe,FREQUENT_ACCESS,"{""sku_id"":""0298-0912-675B"",""description"":""nearline storage tokyo"",""original_region"":""asia-northeast1""}",14-11-2024,14:21:00,15:55:00,14-11-2024 15:48,Climate Action Opinion,Ravaged Nicaragua Category,Senator,D,Senator Patrick Leahy (VT),Judge Senator Leahy
538,medium,69,Z,low,422,Y,medium,68,X,high,369,Z,high,316,X,high,487,STANDARD,europe,FREQUENT_ACCESS,"{""sku_id"":""0298-0912-675B"",""description"":""nearline storage tokyo"",""original_region"":""asia-northeast1""}",20-10-2024,11:42:00,13:52:00,20-10-2024 13:47,Cnn Montana Nonprofit,Turned Movie Different,Nominee,R,Brett M. Kavanaugh,Kavanaugh Dissents President
539,medium,407,X,low,86,X,high,292,X,medium,126,X,high,151,Z,high,296,STANDARD,europe,FREQUENT_ACCESS,"{""sku_id"":""0298-0912-675B"",""description"":""nearline storage tokyo"",""original_region"":""asia-northeast1""}",19-10-2024,14:15:00,14:42:00,19-10-2024 14:40,Amid Inflation,Warming Caused Humans,Senator,D,Senator Patrick Leahy (VT),Judge Senator Leahy
540,medium,324,Z,medium,499,X,medium,138,Z,high,326,Z,high,45,Y,high,373,STANDARD,europe,FREQUENT_ACCESS,"{""sku_id"":""0298-0912-675B"",""description"":""nearline storage tokyo"",""original_region"":""asia-northeast1""}",28-09-2024,16:19:00,18:00:00,28-09-2024 17:58,Cnn Montana Nonprofit,Coronavirus Pandemic Late,Nominee,R,Brett M. Kavanaugh,Proud Judge Kavanaugh
541,low,65,Y,low,7,X,medium,478,X,medium,263,X,low,109,Z,low,204,STANDARD,europe,FREQUENT_ACCESS,"{""sku_id"":""0298-0912-675B"",""description"":""nearline storage tokyo"",""original_region"":""asia-northeast1""}",04-02-2024,18:36:00,21:23:00,04-02-2024 21:16,Cnn Montana Nonprofit,Turned Movie Different,Senator,D,Senator Patrick Leahy (VT),Judge Senator Leahy
542,medium,356,X,high,311,Z,low,81,Z,low,183,Y,medium,239,Z,low,98,STANDARD,europe,FREQUENT_ACCESS,"{""sku_id"":""0298-0912-675B"",""description"":""nearline storage tokyo"",""original_region"":""asia-northeast1""}",20-08-2024,20:23:00,22:51:00,20-08-2024 22:50,Amid Inflation,Warming Caused Humans,Chairman,R,Senator Chuck Grassley (IA),Chairman Grassley Appreciate
543,high,318,X,medium,156,Z,high,283,Z,medium,401,Z,medium,429,Z,medium,61,STANDARD,europe,FREQUENT_ACCESS,"{""sku_id"":""0298-0912-675B"",""description"":""nearline storage tokyo"",""original_region"":""asia-northeast1""}",12-10-2024,12:50:00,13:37:00,12-10-2024 13:33,Climate Action Opinion,Warming Caused Humans,Senator,D,Senator Patrick Leahy (VT),Judge Senator Leahy
544,high,492,Y,high,229,Y,low,460,Z,high,159,X,high,124,X,low,402,STANDARD,europe,FREQUENT_ACCESS,"{""sku_id"":""0298-0912-675B"",""description"":""nearline storage tokyo"",""original_region"":""asia-northeast1""}",19-07-2024,21:58:00,01:26:00,20-07-2024 01:16,Climate Action Opinion,Warming Caused Humans,Chairman,R,Senator Chuck Grassley (IA),Chairman Grassley Appreciate
545,medium,493,Z,medium,419,Z,high,366,X,medium,279,Y,low,491,X,medium,260,STANDARD,europe,FREQUENT_ACCESS,"{""sku_id"":""0298-0912-675B"",""description"":""nearline storage tokyo"",""original_region"":""asia-northeast1""}",14-02-2024,11:26:00,13:49:00,14-02-2024 13:44,Climate Action Opinion,Said Alicia Keys,Senator,D,Senator Patrick Leahy (VT),Executive Privilege Limit
546,low,487,X,high,393,X,medium,14,Y,high,125,Z,high,319,X,high,257,STANDARD,europe,FREQUENT_ACCESS,"{""sku_id"":""0298-0912-675B"",""description"":""nearline storage tokyo"",""original_region"":""asia-northeast1""}",25-06-2024,08:06:00,08:35:00,25-06-2024 08:30,Climate Action Opinion,Beating Forecasts Covid,Nominee,R,Brett M. Kavanaugh,Proud Judge Kavanaugh
547,low,447,X,low,140,X,medium,93,Z,low,279,Y,low,177,X,medium,60,STANDARD,europe,FREQUENT_ACCESS,"{""sku_id"":""0298-0912-675B"",""description"":""nearline storage tokyo"",""original_region"":""asia-northeast1""}",02-02-2024,17:11:00,19:30:00,02-02-2024 19:20,Climate Action Opinion,Warming Caused Humans,Senator,D,Senator Patrick Leahy (VT),Judge Senator Leahy
548,low,420,X,medium,31,X,high,62,X,medium,287,X,medium,311,X,high,40,STANDARD,europe,FREQUENT_ACCESS,"{""sku_id"":""0298-0912-675B"",""description"":""nearline storage tokyo"",""original_region"":""asia-northeast1""}",06-07-2024,06:34:00,09:47:00,06-07-2024 09:40,Climate Action Opinion,Warming Caused Humans,Nominee,R,Brett M. Kavanaugh,Proud Judge Kavanaugh
549,low,335,Z,low,141,X,high,457,X,low,487,X,high,349,X,high,131,STANDARD,europe,FREQUENT_ACCESS,"{""sku_id"":""0298-0912-675B"",""description"":""nearline storage tokyo"",""original_region"":""asia-northeast1""}",26-06-2024,14:15:00,15:35:00,26-06-2024 15:25,Climate Action Opinion,Warming Caused Humans,Senator,D,Senator Patrick Leahy (VT),Judge Senator Leahy
550,high,420,X,high,404,X,low,100,Z,high,149,Y,high,342,Y,high,299,STANDARD,europe,FREQUENT_ACCESS,"{""sku_id"":""0298-0912-675B"",""description"":""nearline storage tokyo"",""original_region"":""asia-northeast1""}",06-12-2024,21:05:00,00:39:00,07-12-2024 00:34,Cnn Montana Nonprofit,Said Alicia Keys,Nominee,R,Brett M. Kavanaugh,Proud Judge Kavanaugh
551,medium,396,Z,medium,257,Y,medium,27,Y,low,57,X,medium,432,Z,high,175,STANDARD,europe,FREQUENT_ACCESS,"{""sku_id"":""0298-0912-675B"",""description"":""nearline storage tokyo"",""original_region"":""asia-northeast1""}",07-03-2024,11:00:00,13:36:00,07-03-2024 13:33,Cnn Montana Nonprofit,Warming Caused Humans,Senator,D,Senator Patrick Leahy (VT),Judge Senator Leahy
552,high,482,Y,high,379,Z,medium,191,Y,low,60,X,medium,330,X,low,113,STANDARD,europe,FREQUENT_ACCESS,"{""sku_id"":""0298-0912-675B"",""description"":""nearline storage tokyo"",""original_region"":""asia-northeast1""}",22-04-2024,16:52:00,20:36:00,22-04-2024 20:30,Climate Action Opinion,Warming Caused Humans,Nominee,R,Brett M. Kavanaugh,Proud Judge Kavanaugh
553,low,58,X,high,247,Y,low,141,Z,medium,245,Z,high,13,Y,low,81,STANDARD,europe,FREQUENT_ACCESS,"{""sku_id"":""0298-0912-675B"",""description"":""nearline storage tokyo"",""original_region"":""asia-northeast1""}",19-01-2024,13:40:00,14:26:00,19-01-2024 14:23,Climate Action Opinion,Warming Caused Humans,Senator,D,Senator Patrick Leahy (VT),Judge Senator Leahy
554,high,68,Z,high,264,Z,medium,68,Y,medium,391,Y,medium,188,Z,high,407,STANDARD,europe,FREQUENT_ACCESS,"{""sku_id"":""0298-0912-675B"",""description"":""nearline storage tokyo"",""original_region"":""asia-northeast1""}",30-07-2024,16:48:00,19:32:00,30-07-2024 19:26,Climate Action Opinion,Warming Caused Humans,Nominee,R,Brett M. Kavanaugh,Kavanaugh Dissents President
555,low,249,X,low,32,X,low,226,Z,high,356,Y,medium,454,Y,high,40,STANDARD,europe,FREQUENT_ACCESS,"{""sku_id"":""0298-0912-675B"",""description"":""nearline storage tokyo"",""original_region"":""asia-northeast1""}",08-08-2024,19:08:00,22:54:00,08-08-2024 22:47,Climate Action Opinion,Warming Caused Humans,Senator,D,Senator Patrick Leahy (VT),Judge Senator Leahy
556,low,146,Y,high,11,Z,medium,450,X,medium,104,X,low,103,X,high,1,STANDARD,europe,FREQUENT_ACCESS,"{""sku_id"":""0298-0912-675B"",""description"":""nearline storage tokyo"",""original_region"":""asia-northeast1""}",16-01-2024,19:40:00,22:01:00,16-01-2024 21:56,Climate Action Opinion,Warming Caused Humans,Nominee,R,Brett M. Kavanaugh,Proud Judge Kavanaugh
557,high,265,Y,high,229,X,low,68,X,low,417,Z,high,249,Y,low,153,STANDARD,europe,FREQUENT_ACCESS,"{""sku_id"":""0298-0912-675B"",""description"":""nearline storage tokyo"",""original_region"":""asia-northeast1""}",26-07-2024,07:57:00,10:07:00,26-07-2024 10:06,Voice Cnn Masai,Said Alicia Keys,Senator,D,Senator Patrick Leahy (VT),Judge Senator Leahy
558,high,155,Z,medium,101,X,low,490,X,medium,82,Y,high,250,Z,low,444,STANDARD,europe,FREQUENT_ACCESS,"{""sku_id"":""0298-0912-675B"",""description"":""nearline storage tokyo"",""original_region"":""asia-northeast1""}",23-07-2024,12:21:00,15:29:00,23-07-2024 15:22,Scammers Cnn Epik,Ravaged Nicaragua Category,Nominee,R,Brett M. Kavanaugh,Proud Judge Kavanaugh
559,medium,391,Z,medium,180,Y,high,331,Y,medium,279,Y,medium,278,Z,medium,40,STANDARD,europe,FREQUENT_ACCESS,"{""sku_id"":""0298-0912-675B"",""description"":""nearline storage tokyo"",""original_region"":""asia-northeast1""}",17-01-2024,06:33:00,08:01:00,17-01-2024 07:56,Climate Action Opinion,Warming Caused Humans,Senator,D,Senator Patrick Leahy (VT),Judge Senator Leahy
560,medium,449,Z,high,184,Y,medium,191,Z,high,424,Y,low,434,Z,medium,409,STANDARD,europe,FREQUENT_ACCESS,"{""sku_id"":""0298-0912-675B"",""description"":""nearline storage tokyo"",""original_region"":""asia-northeast1""}",21-02-2024,18:20:00,18:39:00,21-02-2024 18:36,Climate Action Opinion,Warming Caused Humans,Nominee,R,Brett M. Kavanaugh,Proud Judge Kavanaugh
561,high,141,X,medium,316,X,low,339,Y,high,403,Y,low,269,Y,low,102,STANDARD,europe,FREQUENT_ACCESS,"{""sku_id"":""0298-0912-675B"",""description"":""nearline storage tokyo"",""original_region"":""asia-northeast1""}",13-04-2024,15:11:00,16:19:00,13-04-2024 16:13,Cnn Montana Nonprofit,Niger State Television,Senator,D,Senator Patrick Leahy (VT),Judge Senator Leahy
562,high,386,X,medium,470,X,medium,174,X,low,351,Y,low,0,Y,medium,485,STANDARD,europe,FREQUENT_ACCESS,"{""sku_id"":""0298-0912-675B"",""description"":""nearline storage tokyo"",""original_region"":""asia-northeast1""}",12-02-2024,09:23:00,10:15:00,12-02-2024 10:14,Abortion Travel,Niger State Television,Nominee,R,Brett M. Kavanaugh,Judge Senator Leahy
563,low,53,X,low,378,Z,low,105,Z,low,165,Y,low,121,Z,medium,58,STANDARD,europe,FREQUENT_ACCESS,"{""sku_id"":""0298-0912-675B"",""description"":""nearline storage tokyo"",""original_region"":""asia-northeast1""}",22-03-2024,19:01:00,19:48:00,22-03-2024 19:39,Scammers Cnn Epik,Niger State Television,Senator,D,Senator Patrick Leahy (VT),Judge Senator Leahy
564,low,398,Y,high,319,Z,high,117,Y,medium,383,Y,medium,315,Z,low,17,STANDARD,europe,FREQUENT_ACCESS,"{""sku_id"":""0298-0912-675B"",""description"":""nearline storage tokyo"",""original_region"":""asia-northeast1""}",16-03-2024,16:34:00,19:24:00,16-03-2024 19:17,Cnn Montana Nonprofit,Niger State Television,Nominee,R,Brett M. Kavanaugh,Proud Judge Kavanaugh
565,low,420,Y,high,417,Z,high,68,Z,medium,193,Z,medium,391,X,high,238,STANDARD,europe,FREQUENT_ACCESS,"{""sku_id"":""0298-0912-675B"",""description"":""nearline storage tokyo"",""original_region"":""asia-northeast1""}",24-02-2024,12:52:00,14:34:00,24-02-2024 14:32,Cnn Montana Nonprofit,Niger State Television,Senator,D,Senator Patrick Leahy (VT),Judge Senator Leahy
566,medium,355,X,low,255,X,high,324,X,high,175,Z,medium,323,X,medium,218,STANDARD,europe,FREQUENT_ACCESS,"{""sku_id"":""0298-0912-675B"",""description"":""nearline storage tokyo"",""original_region"":""asia-northeast1""}",15-06-2024,20:49:00,23:09:00,15-06-2024 23:03,Abortion Travel,Said Alicia Keys,Nominee,R,Brett M. Kavanaugh,Executive Privilege Limit
567,low,420,X,medium,72,Y,medium,68,X,high,266,X,high,366,Y,high,145,STANDARD,europe,FREQUENT_ACCESS,"{""sku_id"":""0298-0912-675B"",""description"":""nearline storage tokyo"",""original_region"":""asia-northeast1""}",05-07-2024,06:06:00,09:25:00,05-07-2024 09:23,Voice Cnn Masai,Niger State Television,Senator,D,Senator Patrick Leahy (VT),Judge Senator Leahy
568,medium,53,Y,low,229,Z,low,99,Y,low,308,X,low,120,X,low,84,STANDARD,europe,FREQUENT_ACCESS,"{""sku_id"":""0298-0912-675B"",""description"":""nearline storage tokyo"",""original_region"":""asia-northeast1""}",31-10-2024,20:04:00,20:42:00,31-10-2024 20:39,Cnn Montana Nonprofit,Said Alicia Keys,Nominee,R,Brett M. Kavanaugh,Proud Judge Kavanaugh
569,low,421,Z,medium,488,Y,medium,0,Z,medium,279,X,high,47,Y,high,160,STANDARD,europe,FREQUENT_ACCESS,"{""sku_id"":""0298-0912-675B"",""description"":""nearline storage tokyo"",""original_region"":""asia-northeast1""}",16-01-2024,14:59:00,18:01:00,16-01-2024 17:51,Abortion Travel,Niger State Television,Senator,D,Senator Patrick Leahy (VT),Judge Senator Leahy
570,medium,54,Z,low,389,X,low,32,Z,medium,279,Y,low,474,Y,medium,186,STANDARD,europe,FREQUENT_ACCESS,"{""sku_id"":""0298-0912-675B"",""description"":""nearline storage tokyo"",""original_region"":""asia-northeast1""}",29-01-2024,17:41:00,19:30:00,29-01-2024 19:21,Voice Cnn Masai,Actor Bob Odenkirk,Nominee,R,Brett M. Kavanaugh,Proud Judge Kavanaugh
571,high,240,Z,high,174,Z,low,452,Z,medium,433,Y,medium,281,Z,high,300,STANDARD,europe,FREQUENT_ACCESS,"{""sku_id"":""0298-0912-675B"",""description"":""nearline storage tokyo"",""original_region"":""asia-northeast1""}",21-05-2024,07:01:00,07:40:00,21-05-2024 07:31,Abortion Travel,Niger State Television,Senator,D,Senator Patrick Leahy (VT),Judge Senator Leahy
572,low,87,Y,high,161,Z,medium,11,Z,low,141,Y,high,369,Z,low,179,STANDARD,europe,FREQUENT_ACCESS,"{""sku_id"":""0298-0912-675B"",""description"":""nearline storage tokyo"",""original_region"":""asia-northeast1""}",16-01-2024,18:16:00,21:02:00,16-01-2024 20:54,Abortion Travel,International Women,Nominee,R,Brett M. Kavanaugh,Proud Judge Kavanaugh
573,low,423,Z,high,459,X,medium,310,Y,high,120,X,high,478,X,low,122,STANDARD,europe,FREQUENT_ACCESS,"{""sku_id"":""0298-0912-675B"",""description"":""nearline storage tokyo"",""original_region"":""asia-northeast1""}",20-07-2024,07:36:00,10:24:00,20-07-2024 10:18,Cnn Montana Nonprofit,Ravaged Nicaragua Category,Senator,D,Senator Patrick Leahy (VT),Judge Senator Leahy
574,low,287,Y,high,47,Z,low,163,Y,low,34,Z,medium,91,Z,low,298,STANDARD,europe,FREQUENT_ACCESS,"{""sku_id"":""0298-0912-675B"",""description"":""nearline storage tokyo"",""original_region"":""asia-northeast1""}",03-01-2024,10:42:00,14:07:00,03-01-2024 13:59,Assassination Question,International Women,Nominee,R,Brett M. Kavanaugh,Proud Judge Kavanaugh
575,low,253,Y,high,229,Z,low,69,Z,high,203,Y,low,435,Z,medium,291,STANDARD,europe,FREQUENT_ACCESS,"{""sku_id"":""0298-0912-675B"",""description"":""nearline storage tokyo"",""original_region"":""asia-northeast1""}",30-12-2024,07:46:00,08:28:00,30-12-2024 08:19,Assassination Question,Ravaged Nicaragua Category,Senator,D,Senator Patrick Leahy (VT),Executive Privilege Limit
576,low,158,X,low,338,Y,high,149,X,high,85,Y,medium,183,Y,medium,218,STANDARD,europe,FREQUENT_ACCESS,"{""sku_id"":""0298-0912-675B"",""description"":""nearline storage tokyo"",""original_region"":""asia-northeast1""}",24-02-2024,18:36:00,21:43:00,24-02-2024 21:33,Voice Cnn Masai,International Women,Nominee,R,Brett M. Kavanaugh,Proud Judge Kavanaugh
577,high,391,Y,high,403,X,low,46,Y,high,465,Y,medium,312,X,low,55,STANDARD,europe,FREQUENT_ACCESS,"{""sku_id"":""0298-0912-675B"",""description"":""nearline storage tokyo"",""original_region"":""asia-northeast1""}",03-05-2024,06:47:00,10:06:00,03-05-2024 09:56,Cnn Montana Nonprofit,Ravaged Nicaragua Category,Senator,D,Senator Patrick Leahy (VT),Judge Senator Leahy
578,medium,105,X,high,164,Z,medium,156,X,low,448,Z,high,193,Z,low,482,STANDARD,europe,FREQUENT_ACCESS,"{""sku_id"":""0298-0912-675B"",""description"":""nearline storage tokyo"",""original_region"":""asia-northeast1""}",24-06-2024,17:43:00,18:35:00,24-06-2024 18:34,Cnn Montana Nonprofit,Niger State Television,Nominee,R,Brett M. Kavanaugh,Proud Judge Kavanaugh
579,low,360,Y,low,324,Z,low,408,Y,medium,414,X,medium,99,X,high,259,STANDARD,europe,FREQUENT_ACCESS,"{""sku_id"":""0298-0912-675B"",""description"":""nearline storage tokyo"",""original_region"":""asia-northeast1""}",12-08-2024,06:08:00,07:42:00,12-08-2024 07:35,Cnn Montana Nonprofit,Niger State Television,Senator,D,Senator Patrick Leahy (VT),Judge Senator Leahy
580,medium,484,Z,low,162,Z,high,310,X,low,140,Z,low,439,X,high,138,STANDARD,europe,FREQUENT_ACCESS,"{""sku_id"":""0298-0912-675B"",""description"":""nearline storage tokyo"",""original_region"":""asia-northeast1""}",20-10-2024,20:21:00,21:42:00,20-10-2024 21:36,Cnn Montana Nonprofit,Niger State Television,Nominee,R,Brett M. Kavanaugh,Proud Judge Kavanaugh
581,high,133,Y,high,8,X,medium,405,X,medium,345,Y,low,173,Y,low,362,STANDARD,europe,FREQUENT_ACCESS,"{""sku_id"":""0298-0912-675B"",""description"":""nearline storage tokyo"",""original_region"":""asia-northeast1""}",07-04-2024,17:19:00,20:14:00,07-04-2024 20:13,Cnnpolitics Polls Underestimating,Actor Bob Odenkirk,Senator,D,Senator Patrick Leahy (VT),Judge Senator Leahy
582,low,343,X,medium,227,X,low,68,Y,high,245,Y,low,12,X,high,209,STANDARD,europe,FREQUENT_ACCESS,"{""sku_id"":""0298-0912-675B"",""description"":""nearline storage tokyo"",""original_region"":""asia-northeast1""}",29-12-2024,16:05:00,18:26:00,29-12-2024 18:16,Making Racism,Actor Bob Odenkirk,Nominee,R,Brett M. Kavanaugh,Proud Judge Kavanaugh
583,high,154,Z,low,489,Z,low,463,X,medium,136,X,high,75,Y,high,82,STANDARD,europe,FREQUENT_ACCESS,"{""sku_id"":""0298-0912-675B"",""description"":""nearline storage tokyo"",""original_region"":""asia-northeast1""}",30-03-2024,08:49:00,09:26:00,30-03-2024 09:18,Making Racism,Ravaged Nicaragua Category,Senator,D,Senator Patrick Leahy (VT),Judge Senator Leahy
584,high,464,Z,medium,121,Y,high,54,Z,low,267,Z,medium,480,X,high,350,STANDARD,europe,FREQUENT_ACCESS,"{""sku_id"":""0298-0912-675B"",""description"":""nearline storage tokyo"",""original_region"":""asia-northeast1""}",28-07-2024,08:46:00,11:11:00,28-07-2024 11:07,Making Racism,International Women,Nominee,R,Brett M. Kavanaugh,Proud Judge Kavanaugh
585,low,449,Y,high,81,X,high,79,X,low,82,Z,medium,410,X,low,40,STANDARD,europe,FREQUENT_ACCESS,"{""sku_id"":""0298-0912-675B"",""description"":""nearline storage tokyo"",""original_region"":""asia-northeast1""}",18-04-2024,17:48:00,20:54:00,18-04-2024 20:45,Making Racism,Ravaged Nicaragua Category,Senator,D,Senator Patrick Leahy (VT),Judge Senator Leahy
586,medium,156,X,medium,460,Y,high,68,X,low,480,Y,low,332,Z,medium,138,STANDARD,europe,FREQUENT_ACCESS,"{""sku_id"":""0298-0912-675B"",""description"":""nearline storage tokyo"",""original_region"":""asia-northeast1""}",09-09-2024,07:37:00,10:11:00,09-09-2024 10:09,Making Racism,International Women,Nominee,R,Brett M. Kavanaugh,Kavanaugh Dissents President
587,low,420,X,medium,229,Z,low,261,Y,medium,81,Z,medium,389,X,low,331,STANDARD,europe,FREQUENT_ACCESS,"{""sku_id"":""0298-0912-675B"",""description"":""nearline storage tokyo"",""original_region"":""asia-northeast1""}",27-08-2024,09:09:00,11:25:00,27-08-2024 11:19,Making Racism,Actor Bob Odenkirk,Senator,D,Senator Patrick Leahy (VT),Judge Senator Leahy
588,medium,41,X,medium,423,Z,high,391,Y,medium,150,Z,medium,324,Y,low,361,STANDARD,europe,FREQUENT_ACCESS,"{""sku_id"":""0298-0912-675B"",""description"":""nearline storage tokyo"",""original_region"":""asia-northeast1""}",07-04-2024,11:55:00,13:26:00,07-04-2024 13:18,Making Racism,Said Alicia Keys,Nominee,R,Brett M. Kavanaugh,Proud Judge Kavanaugh
589,high,348,Z,low,488,Y,medium,60,Y,high,110,Z,low,455,Z,high,495,STANDARD,europe,FREQUENT_ACCESS,"{""sku_id"":""0298-0912-675B"",""description"":""nearline storage tokyo"",""original_region"":""asia-northeast1""}",01-06-2024,12:56:00,15:29:00,01-06-2024 15:19,Making Racism,Actor Bob Odenkirk,Senator,D,Senator Patrick Leahy (VT),Judge Senator Leahy
590,high,459,X,low,495,X,high,55,Z,low,260,X,high,236,Y,high,354,STANDARD,europe,FREQUENT_ACCESS,"{""sku_id"":""0298-0912-675B"",""description"":""nearline storage tokyo"",""original_region"":""asia-northeast1""}",26-05-2024,21:00:00,00:32:00,27-05-2024 00:28,Assassination Question,Actor Bob Odenkirk,Nominee,R,Brett M. Kavanaugh,Proud Judge Kavanaugh
591,low,72,Y,medium,229,X,medium,397,Y,medium,336,Z,high,31,X,low,115,STANDARD,europe,FREQUENT_ACCESS,"{""sku_id"":""0298-0912-675B"",""description"":""nearline storage tokyo"",""original_region"":""asia-northeast1""}",26-05-2024,15:03:00,18:49:00,26-05-2024 18:40,Basketball Legend Says,Point Tally Nba,Senator,D,Senator Patrick Leahy (VT),Judge Senator Leahy
592,medium,408,Z,low,482,Y,medium,274,Y,medium,479,X,low,347,Z,medium,356,STANDARD,europe,FREQUENT_ACCESS,"{""sku_id"":""0298-0912-675B"",""description"":""nearline storage tokyo"",""original_region"":""asia-northeast1""}",04-04-2024,06:54:00,07:29:00,04-04-2024 07:24,Making Racism,Lomachenko,Nominee,R,Brett M. Kavanaugh,Proud Judge Kavanaugh
593,low,377,Z,high,229,Z,medium,68,Z,high,194,Y,low,482,Z,low,40,STANDARD,europe,FREQUENT_ACCESS,"{""sku_id"":""0298-0912-675B"",""description"":""nearline storage tokyo"",""original_region"":""asia-northeast1""}",30-05-2024,08:09:00,09:40:00,30-05-2024 09:32,Cnnpolitics Polls Underestimating,2020 Presidential Election,Senator,D,Senator Patrick Leahy (VT),Judge Senator Leahy
594,low,235,X,medium,157,Z,low,111,Y,low,100,X,medium,290,X,high,337,STANDARD,europe,FREQUENT_ACCESS,"{""sku_id"":""0298-0912-675B"",""description"":""nearline storage tokyo"",""original_region"":""asia-northeast1""}",20-07-2024,15:16:00,18:05:00,20-07-2024 18:01,Making Racism,International Women,Nominee,R,Brett M. Kavanaugh,Kavanaugh Dissents President
595,high,111,Z,medium,229,X,high,347,X,medium,10,X,high,483,Z,medium,373,STANDARD,europe,FREQUENT_ACCESS,"{""sku_id"":""0298-0912-675B"",""description"":""nearline storage tokyo"",""original_region"":""asia-northeast1""}",08-08-2024,14:45:00,15:15:00,08-08-2024 15:10,Making Racism,Actor Bob Odenkirk,Senator,D,Senator Patrick Leahy (VT),Judge Senator Leahy
596,low,326,Z,medium,190,X,medium,401,Y,medium,298,Z,low,200,X,low,408,STANDARD,europe,FREQUENT_ACCESS,"{""sku_id"":""0298-0912-675B"",""description"":""nearline storage tokyo"",""original_region"":""asia-northeast1""}",30-09-2024,06:53:00,08:59:00,30-09-2024 08:57,Cnn Montana Nonprofit,Actor Bob Odenkirk,Nominee,R,Brett M. Kavanaugh,Analyze Senator
597,medium,297,Y,high,254,Y,low,15,Z,medium,489,Y,high,337,Z,high,284,STANDARD,europe,FREQUENT_ACCESS,"{""sku_id"":""0298-0912-675B"",""description"":""nearline storage tokyo"",""original_region"":""asia-northeast1""}",18-07-2024,20:14:00,22:36:00,18-07-2024 22:29,Abortion Travel,Niger State Television,Senator,D,Senator Patrick Leahy (VT),Judge Senator Leahy
598,high,405,X,medium,229,X,medium,26,X,medium,31,Z,medium,254,X,low,497,STANDARD,europe,FREQUENT_ACCESS,"{""sku_id"":""0298-0912-675B"",""description"":""nearline storage tokyo"",""original_region"":""asia-northeast1""}",12-02-2024,15:45:00,18:43:00,12-02-2024 18:36,Amid Inflation,Ravaged Nicaragua Category,Nominee,R,Brett M. Kavanaugh,Proud Judge Kavanaugh
599,high,282,Z,low,120,X,low,388,Z,low,498,X,medium,440,X,low,322,STANDARD,europe,FREQUENT_ACCESS,"{""sku_id"":""0298-0912-675B"",""description"":""nearline storage tokyo"",""original_region"":""asia-northeast1""}",26-07-2024,21:28:00,21:53:00,26-07-2024 21:52,Assassination Question,Ravaged Nicaragua Category,Senator,D,Senator Patrick Leahy (VT),Judge Senator Leahy
600,low,24,Y,medium,7,Y,high,441,Y,medium,131,Z,low,323,X,high,27,STANDARD,europe,FREQUENT_ACCESS,"{""sku_id"":""0298-0912-675B"",""description"":""nearline storage tokyo"",""original_region"":""asia-northeast1""}",15-07-2024,17:51:00,19:34:00,15-07-2024 19:33,Cnn Montana Nonprofit,Niger State Television,Nominee,R,Brett M. Kavanaugh,Proud Judge Kavanaugh
601,low,101,Y,low,301,Z,low,114,X,high,454,Z,medium,219,Z,medium,86,STANDARD,europe,FREQUENT_ACCESS,"{""sku_id"":""0298-0912-675B"",""description"":""nearline storage tokyo"",""original_region"":""asia-northeast1""}",26-06-2024,20:46:00,23:03:00,26-06-2024 23:01,Abortion Travel,Niger State Television,Senator,D,Senator Patrick Leahy (VT),Judge Senator Leahy
602,medium,190,Y,medium,229,Y,medium,352,Z,low,34,Y,high,122,Y,high,248,STANDARD,europe,FREQUENT_ACCESS,"{""sku_id"":""0298-0912-675B"",""description"":""nearline storage tokyo"",""original_region"":""asia-northeast1""}",09-03-2024,13:14:00,14:43:00,09-03-2024 14:33,Abortion Travel,Actor Bob Odenkirk,Nominee,R,Brett M. Kavanaugh,Proud Judge Kavanaugh
603,high,245,X,medium,430,Z,medium,421,Y,low,445,Y,low,156,Y,low,217,STANDARD,europe,FREQUENT_ACCESS,"{""sku_id"":""0298-0912-675B"",""description"":""nearline storage tokyo"",""original_region"":""asia-northeast1""}",26-11-2024,09:07:00,11:46:00,26-11-2024 11:45,Apology Cnn Vatican,2020 Presidential Election,Senator,D,Senator Patrick Leahy (VT),Judge Senator Leahy
604,low,174,Y,medium,5,X,high,56,Z,medium,165,X,medium,37,X,low,406,STANDARD,europe,FREQUENT_ACCESS,"{""sku_id"":""0298-0912-675B"",""description"":""nearline storage tokyo"",""original_region"":""asia-northeast1""}",17-09-2024,10:10:00,11:01:00,17-09-2024 10:59,Apology Cnn Vatican,Actor Bob Odenkirk,Nominee,R,Brett M. Kavanaugh,Kavanaugh Dissents President
605,medium,439,X,medium,299,Y,low,92,X,high,137,Y,low,77,X,medium,336,STANDARD,europe,FREQUENT_ACCESS,"{""sku_id"":""0298-0912-675B"",""description"":""nearline storage tokyo"",""original_region"":""asia-northeast1""}",02-06-2024,09:36:00,10:49:00,02-06-2024 10:47,Apology Cnn Vatican,Pennsylvania Investigation Abuse,Senator,D,Senator Patrick Leahy (VT),Judge Senator Leahy
606,high,140,X,medium,265,Y,low,65,X,medium,103,Y,low,254,Z,low,0,STANDARD,europe,FREQUENT_ACCESS,"{""sku_id"":""0298-0912-675B"",""description"":""nearline storage tokyo"",""original_region"":""asia-northeast1""}",23-05-2024,15:52:00,16:08:00,23-05-2024 16:04,Apology Cnn Vatican,Actor Bob Odenkirk,Nominee,R,Brett M. Kavanaugh,Proud Judge Kavanaugh
607,high,340,Y,high,212,Z,low,395,X,low,66,Y,low,15,Z,low,227,STANDARD,europe,FREQUENT_ACCESS,"{""sku_id"":""0298-0912-675B"",""description"":""nearline storage tokyo"",""original_region"":""asia-northeast1""}",30-12-2024,19:33:00,20:48:00,30-12-2024 20:46,Apology Cnn Vatican,Actor Bob Odenkirk,Senator,D,Senator Patrick Leahy (VT),Judge Senator Leahy
608,medium,180,X,high,334,Z,low,385,Y,low,399,X,high,235,Z,low,272,STANDARD,europe,FREQUENT_ACCESS,"{""sku_id"":""0298-0912-675B"",""description"":""nearline storage tokyo"",""original_region"":""asia-northeast1""}",12-05-2024,14:47:00,15:22:00,12-05-2024 15:21,Apology Cnn Vatican,Actor Bob Odenkirk,Nominee,R,Brett M. Kavanaugh,Proud Judge Kavanaugh
609,high,496,Z,high,213,Z,medium,67,Z,low,34,Y,high,20,X,low,40,STANDARD,europe,FREQUENT_ACCESS,"{""sku_id"":""0298-0912-675B"",""description"":""nearline storage tokyo"",""original_region"":""asia-northeast1""}",29-02-2024,09:03:00,12:17:00,29-02-2024 12:07,Apology Cnn Vatican,Actor Bob Odenkirk,Senator,D,Senator Patrick Leahy (VT),Judge Senator Leahy
610,high,458,Z,low,457,Z,medium,87,Z,high,231,Y,low,80,Z,medium,40,STANDARD,europe,FREQUENT_ACCESS,"{""sku_id"":""0298-0912-675B"",""description"":""nearline storage tokyo"",""original_region"":""asia-northeast1""}",14-06-2024,09:19:00,09:37:00,14-06-2024 09:33,Apology Cnn Vatican,Ravaged Nicaragua Category,Nominee,R,Brett M. Kavanaugh,Proud Judge Kavanaugh
611,high,392,Y,medium,453,Z,high,331,Y,low,474,Y,high,345,Y,low,90,STANDARD,europe,FREQUENT_ACCESS,"{""sku_id"":""0298-0912-675B"",""description"":""nearline storage tokyo"",""original_region"":""asia-northeast1""}",21-05-2024,16:15:00,17:47:00,21-05-2024 17:40,Voice Cnn Masai,Actor Bob Odenkirk,Senator,D,Senator Patrick Leahy (VT),Judge Senator Leahy
612,high,382,Y,low,229,Y,medium,448,Z,high,202,X,medium,14,X,low,95,STANDARD,europe,FREQUENT_ACCESS,"{""sku_id"":""0298-0912-675B"",""description"":""nearline storage tokyo"",""original_region"":""asia-northeast1""}",02-06-2024,12:47:00,15:05:00,02-06-2024 15:04,Apology Cnn Vatican,Ravaged Nicaragua Category,Nominee,R,Brett M. Kavanaugh,Proud Judge Kavanaugh
613,high,321,X,medium,229,Z,medium,389,Y,low,413,Y,high,168,X,high,157,STANDARD,europe,FREQUENT_ACCESS,"{""sku_id"":""0298-0912-675B"",""description"":""nearline storage tokyo"",""original_region"":""asia-northeast1""}",22-11-2024,19:08:00,21:09:00,22-11-2024 21:06,Apology Cnn Vatican,Beating Forecasts Covid,Senator,D,Senator Patrick Leahy (VT),Judge Senator Leahy
614,low,293,X,high,298,Y,low,83,X,medium,346,Z,medium,95,Y,high,200,STANDARD,europe,FREQUENT_ACCESS,"{""sku_id"":""0298-0912-675B"",""description"":""nearline storage tokyo"",""original_region"":""asia-northeast1""}",26-05-2024,08:03:00,09:27:00,26-05-2024 09:20,Apology Cnn Vatican,Actor Bob Odenkirk,Nominee,R,Brett M. Kavanaugh,Proud Judge Kavanaugh
615,low,281,Z,medium,450,Y,low,193,Y,high,397,Y,high,27,Y,low,54,STANDARD,europe,FREQUENT_ACCESS,"{""sku_id"":""0298-0912-675B"",""description"":""nearline storage tokyo"",""original_region"":""asia-northeast1""}",02-04-2024,09:40:00,13:37:00,02-04-2024 13:35,Apology Cnn Vatican,Actor Bob Odenkirk,Senator,D,Senator Patrick Leahy (VT),Judge Senator Leahy
616,medium,13,Y,high,150,X,high,33,Z,high,473,X,low,104,X,low,394,STANDARD,europe,FREQUENT_ACCESS,"{""sku_id"":""0298-0912-675B"",""description"":""nearline storage tokyo"",""original_region"":""asia-northeast1""}",28-10-2024,15:23:00,17:29:00,28-10-2024 17:27,Apology Cnn Vatican,Actor Bob Odenkirk,Nominee,R,Brett M. Kavanaugh,Proud Judge Kavanaugh
617,high,420,Z,high,229,X,medium,122,Y,low,48,Z,low,56,Y,high,33,STANDARD,europe,FREQUENT_ACCESS,"{""sku_id"":""0298-0912-675B"",""description"":""nearline storage tokyo"",""original_region"":""asia-northeast1""}",22-05-2024,09:01:00,12:35:00,22-05-2024 12:25,Apology Cnn Vatican,Turned Movie Different,Senator,D,Senator Patrick Leahy (VT),Judge Senator Leahy
618,high,420,X,high,295,Z,medium,68,X,low,279,X,low,40,X,low,33,STANDARD,europe,FREQUENT_ACCESS,"{""sku_id"":""0298-0912-675B"",""description"":""nearline storage tokyo"",""original_region"":""asia-northeast1""}",05-06-2024,11:29:00,12:36:00,05-06-2024 12:35,Apology Cnn Vatican,Actor Bob Odenkirk,Nominee,R,Brett M. Kavanaugh,Proud Judge Kavanaugh
619,high,263,X,high,31,Y,medium,172,X,low,160,Z,high,332,Z,medium,63,STANDARD,europe,FREQUENT_ACCESS,"{""sku_id"":""0298-0912-675B"",""description"":""nearline storage tokyo"",""original_region"":""asia-northeast1""}",02-07-2024,14:27:00,18:24:00,02-07-2024 18:14,Assassination Question,Ravaged Nicaragua Category,Chairman,R,Senator Chuck Grassley (IA),Chairman Grassley Appreciate
620,low,435,Y,high,374,Z,medium,303,Z,medium,33,X,low,62,Y,low,67,STANDARD,europe,FREQUENT_ACCESS,"{""sku_id"":""0298-0912-675B"",""description"":""nearline storage tokyo"",""original_region"":""asia-northeast1""}",06-09-2024,11:13:00,14:59:00,06-09-2024 14:53,Apology Cnn Vatican,Ravaged Nicaragua Category,Senator,D,Senator Patrick Leahy (VT),Judge Senator Leahy
621,high,201,Z,high,101,X,high,148,Z,high,53,X,low,469,Y,low,282,STANDARD,europe,FREQUENT_ACCESS,"{""sku_id"":""0298-0912-675B"",""description"":""nearline storage tokyo"",""original_region"":""asia-northeast1""}",20-09-2024,20:42:00,21:06:00,20-09-2024 20:57,Bob Baffert Suspended,Said Alicia Keys,Chairman,R,Senator Chuck Grassley (IA),Chairman Grassley Appreciate
622,low,56,Y,low,257,Z,low,281,X,high,54,Y,high,243,Y,medium,409,STANDARD,europe,FREQUENT_ACCESS,"{""sku_id"":""0298-0912-675B"",""description"":""nearline storage tokyo"",""original_region"":""asia-northeast1""}",05-03-2024,13:07:00,16:28:00,05-03-2024 16:22,Abortion Travel,Niger State Television,Senator,D,Senator Patrick Leahy (VT),Judge Senator Leahy
623,low,417,Z,low,475,Z,medium,316,Y,high,474,Z,medium,203,X,low,471,STANDARD,europe,FREQUENT_ACCESS,"{""sku_id"":""0298-0912-675B"",""description"":""nearline storage tokyo"",""original_region"":""asia-northeast1""}",22-05-2024,21:03:00,00:53:00,23-05-2024 00:45,Scammers Cnn Epik,Coronavirus Pandemic Late,Chairman,R,Senator Chuck Grassley (IA),Chairman Grassley Appreciate
624,high,254,X,medium,389,Y,low,97,Z,low,428,Y,high,437,X,high,40,STANDARD,europe,FREQUENT_ACCESS,"{""sku_id"":""0298-0912-675B"",""description"":""nearline storage tokyo"",""original_region"":""asia-northeast1""}",10-11-2024,07:09:00,07:45:00,10-11-2024 07:37,Voice Cnn Masai,Said Alicia Keys,Senator,D,Senator Patrick Leahy (VT),Judge Senator Leahy
625,high,470,Z,high,349,Y,low,22,X,medium,294,X,medium,388,Y,medium,342,STANDARD,europe,FREQUENT_ACCESS,"{""sku_id"":""0298-0912-675B"",""description"":""nearline storage tokyo"",""original_region"":""asia-northeast1""}",02-01-2024,06:26:00,08:26:00,02-01-2024 08:16,Abortion Travel,Ravaged Nicaragua Category,Chairman,R,Senator Chuck Grassley (IA),Executive Privilege Limit
626,medium,106,Y,medium,34,Z,high,169,X,high,422,Z,low,236,Z,high,295,STANDARD,europe,FREQUENT_ACCESS,"{""sku_id"":""0298-0912-675B"",""description"":""nearline storage tokyo"",""original_region"":""asia-northeast1""}",25-10-2024,19:23:00,20:31:00,25-10-2024 20:27,Abortion Travel,Niger State Television,Senator,D,Senator Patrick Leahy (VT),Executive Privilege Limit
627,low,239,X,low,429,Y,high,20,Y,high,171,X,medium,486,Y,low,154,STANDARD,europe,FREQUENT_ACCESS,"{""sku_id"":""0298-0912-675B"",""description"":""nearline storage tokyo"",""original_region"":""asia-northeast1""}",18-02-2024,08:48:00,09:37:00,18-02-2024 09:33,Abortion Travel,Said Alicia Keys,Chairman,R,Senator Chuck Grassley (IA),Klobuchar Mr Chairman
628,low,333,Y,high,167,Z,medium,79,Y,low,237,Y,low,265,X,high,208,STANDARD,europe,FREQUENT_ACCESS,"{""sku_id"":""0298-0912-675B"",""description"":""nearline storage tokyo"",""original_region"":""asia-northeast1""}",02-02-2024,07:32:00,09:28:00,02-02-2024 09:26,Abortion Travel,Said Alicia Keys,Senator,D,Senator Patrick Leahy (VT),Judge Senator Leahy
629,high,68,Z,high,25,X,low,143,Y,low,279,X,medium,354,Y,low,436,STANDARD,europe,FREQUENT_ACCESS,"{""sku_id"":""0298-0912-675B"",""description"":""nearline storage tokyo"",""original_region"":""asia-northeast1""}",21-08-2024,07:39:00,08:39:00,21-08-2024 08:34,Abortion Travel,International Women,Chairman,R,Senator Chuck Grassley (IA),Chairman Grassley Appreciate
630,low,498,Z,medium,479,X,low,169,Z,low,73,Z,high,484,Z,medium,52,STANDARD,europe,FREQUENT_ACCESS,"{""sku_id"":""0298-0912-675B"",""description"":""nearline storage tokyo"",""original_region"":""asia-northeast1""}",01-12-2024,14:44:00,16:13:00,01-12-2024 16:05,Amid Inflation,2020 Presidential Election,Nominee,R,Brett M. Kavanaugh,Proud Judge Kavanaugh
631,medium,304,X,high,95,X,medium,138,Z,high,73,Y,low,361,Z,medium,412,STANDARD,europe,FREQUENT_ACCESS,"{""sku_id"":""0298-0912-675B"",""description"":""nearline storage tokyo"",""original_region"":""asia-northeast1""}",21-06-2024,20:44:00,00:16:00,22-06-2024 00:07,Bob Baffert Suspended,Ravaged Nicaragua Category,Senator,D,Senator Dianne Feinstein (CA),Chairman Senator Feinstein
632,low,85,Z,high,161,Z,medium,26,Y,medium,263,Y,low,295,X,high,40,STANDARD,europe,FREQUENT_ACCESS,"{""sku_id"":""0298-0912-675B"",""description"":""nearline storage tokyo"",""original_region"":""asia-northeast1""}",12-04-2024,20:37:00,22:46:00,12-04-2024 22:42,Abortion Travel,International Women,Senator,D,Senator Patrick Leahy (VT),Judge Senator Leahy
633,low,370,X,high,71,Z,high,88,Z,high,126,Y,high,307,Z,low,28,STANDARD,europe,FREQUENT_ACCESS,"{""sku_id"":""0298-0912-675B"",""description"":""nearline storage tokyo"",""original_region"":""asia-northeast1""}",21-12-2024,16:29:00,18:23:00,21-12-2024 18:15,Voice Cnn Masai,Said Alicia Keys,Nominee,R,Brett M. Kavanaugh,Proud Judge Kavanaugh
634,high,439,Y,low,310,Z,high,441,X,high,334,X,low,327,Z,low,120,STANDARD,europe,FREQUENT_ACCESS,"{""sku_id"":""0298-0912-675B"",""description"":""nearline storage tokyo"",""original_region"":""asia-northeast1""}",26-02-2024,16:09:00,19:01:00,26-02-2024 18:51,Abortion Travel,Niger State Television,Senator,D,Senator Dianne Feinstein (CA),Chairman Senator Feinstein
635,high,186,X,low,433,Y,high,358,Z,high,317,Y,medium,488,X,low,155,STANDARD,europe,FREQUENT_ACCESS,"{""sku_id"":""0298-0912-675B"",""description"":""nearline storage tokyo"",""original_region"":""asia-northeast1""}",11-01-2024,08:33:00,11:30:00,11-01-2024 11:25,Scammers Cnn Epik,Said Alicia Keys,Senator,D,Senator Patrick Leahy (VT),Executive Privilege Limit
636,medium,420,Z,medium,259,Y,high,68,X,medium,166,Y,low,350,Y,high,456,STANDARD,europe,FREQUENT_ACCESS,"{""sku_id"":""0298-0912-675B"",""description"":""nearline storage tokyo"",""original_region"":""asia-northeast1""}",31-03-2024,15:39:00,19:34:00,31-03-2024 19:28,Assassination Question,Ravaged Nicaragua Category,Senator,R,Senator John Cornyn (TX),Chairman Ask Question
637,medium,373,Y,high,434,Z,low,11,Y,medium,57,Z,low,149,Z,medium,40,STANDARD,europe,FREQUENT_ACCESS,"{""sku_id"":""0298-0912-675B"",""description"":""nearline storage tokyo"",""original_region"":""asia-northeast1""}",17-09-2024,21:29:00,22:33:00,17-09-2024 22:29,Assassination Question,Actor Bob Odenkirk,Chairman,R,Senator Chuck Grassley (IA),Analyze Senator
638,medium,72,X,high,468,Y,medium,179,X,low,41,Z,low,10,X,low,387,STANDARD,europe,FREQUENT_ACCESS,"{""sku_id"":""0298-0912-675B"",""description"":""nearline storage tokyo"",""original_region"":""asia-northeast1""}",31-10-2024,19:53:00,22:22:00,31-10-2024 22:21,Cnn Montana Nonprofit,Coronavirus Pandemic Late,Nominee,R,Brett M. Kavanaugh,Proud Judge Kavanaugh
639,medium,265,Y,low,436,Y,medium,462,Y,high,221,Y,high,391,Z,low,300,STANDARD,europe,FREQUENT_ACCESS,"{""sku_id"":""0298-0912-675B"",""description"":""nearline storage tokyo"",""original_region"":""asia-northeast1""}",03-07-2024,21:11:00,23:49:00,03-07-2024 23:42,Abortion Travel,Said Alicia Keys,Senator,D,Senator Patrick Leahy (VT),Executive Privilege Limit
640,high,420,Z,high,81,X,medium,404,X,high,160,X,high,244,Y,low,40,STANDARD,europe,FREQUENT_ACCESS,"{""sku_id"":""0298-0912-675B"",""description"":""nearline storage tokyo"",""original_region"":""asia-northeast1""}",20-09-2024,17:09:00,17:35:00,20-09-2024 17:31,Voice Cnn Masai,Actor Bob Odenkirk,Nominee,R,Brett M. Kavanaugh,Proud Judge Kavanaugh
641,high,150,Z,medium,103,X,high,378,Z,medium,16,X,high,207,X,low,333,STANDARD,europe,FREQUENT_ACCESS,"{""sku_id"":""0298-0912-675B"",""description"":""nearline storage tokyo"",""original_region"":""asia-northeast1""}",19-06-2024,19:22:00,21:27:00,19-06-2024 21:20,Assassination Question,Actor Bob Odenkirk,Senator,D,Senator Patrick Leahy (VT),Judge Senator Leahy
642,low,149,X,high,149,Z,high,124,Y,medium,345,Y,low,467,X,medium,317,STANDARD,europe,FREQUENT_ACCESS,"{""sku_id"":""0298-0912-675B"",""description"":""nearline storage tokyo"",""original_region"":""asia-northeast1""}",21-10-2024,12:13:00,13:53:00,21-10-2024 13:44,Making Racism,2020 Presidential Election,Nominee,R,Brett M. Kavanaugh,Proud Judge Kavanaugh
643,low,314,Y,high,319,Z,medium,201,Z,high,478,Y,low,236,X,high,435,STANDARD,europe,FREQUENT_ACCESS,"{""sku_id"":""0298-0912-675B"",""description"":""nearline storage tokyo"",""original_region"":""asia-northeast1""}",24-04-2024,19:06:00,22:10:00,24-04-2024 22:06,Making Racism,Ravaged Nicaragua Category,Senator,D,Senator Patrick Leahy (VT),Judge Senator Leahy
644,high,375,X,low,431,Z,medium,14,Y,medium,489,Y,high,18,Z,high,460,STANDARD,europe,FREQUENT_ACCESS,"{""sku_id"":""0298-0912-675B"",""description"":""nearline storage tokyo"",""original_region"":""asia-northeast1""}",29-08-2024,16:14:00,17:47:00,29-08-2024 17:46,Making Racism,Actor Bob Odenkirk,Nominee,R,Brett M. Kavanaugh,Kavanaugh Dissents President
645,medium,194,Y,medium,156,Z,high,429,X,high,58,Y,high,369,Z,low,293,STANDARD,europe,FREQUENT_ACCESS,"{""sku_id"":""0298-0912-675B"",""description"":""nearline storage tokyo"",""original_region"":""asia-northeast1""}",29-06-2024,06:15:00,07:34:00,29-06-2024 07:30,Cnnpolitics Polls Underestimating,2020 Presidential Election,Senator,D,Senator Patrick Leahy (VT),Judge Senator Leahy
646,medium,73,Y,low,333,Z,low,56,Z,low,95,Z,medium,462,X,high,40,STANDARD,europe,FREQUENT_ACCESS,"{""sku_id"":""0298-0912-675B"",""description"":""nearline storage tokyo"",""original_region"":""asia-northeast1""}",23-08-2024,11:29:00,14:14:00,23-08-2024 14:05,Abortion Travel,Said Alicia Keys,Nominee,R,Brett M. Kavanaugh,Kavanaugh Dissents President
647,high,393,Z,medium,93,X,low,309,Z,low,215,Y,medium,414,Z,high,69,STANDARD,europe,FREQUENT_ACCESS,"{""sku_id"":""0298-0912-675B"",""description"":""nearline storage tokyo"",""original_region"":""asia-northeast1""}",10-02-2024,11:18:00,13:39:00,10-02-2024 13:31,Abortion Travel,Said Alicia Keys,Senator,D,Senator Patrick Leahy (VT),Judge Senator Leahy
648,medium,86,X,high,271,Z,medium,141,Z,high,457,X,low,435,Z,low,306,STANDARD,europe,FREQUENT_ACCESS,"{""sku_id"":""0298-0912-675B"",""description"":""nearline storage tokyo"",""original_region"":""asia-northeast1""}",10-09-2024,12:37:00,13:24:00,10-09-2024 13:18,Voice Cnn Masai,Actor Bob Odenkirk,Nominee,R,Brett M. Kavanaugh,Proud Judge Kavanaugh
649,medium,420,Z,high,389,Z,medium,285,Z,high,287,Y,low,431,X,medium,288,STANDARD,europe,FREQUENT_ACCESS,"{""sku_id"":""0298-0912-675B"",""description"":""nearline storage tokyo"",""original_region"":""asia-northeast1""}",06-01-2024,17:37:00,21:02:00,06-01-2024 20:54,Making Racism,Ravaged Nicaragua Category,Senator,D,Senator Patrick Leahy (VT),Judge Senator Leahy
650,medium,161,Z,high,197,X,medium,413,Z,low,228,X,medium,342,X,medium,40,STANDARD,europe,FREQUENT_ACCESS,"{""sku_id"":""0298-0912-675B"",""description"":""nearline storage tokyo"",""original_region"":""asia-northeast1""}",02-10-2024,14:34:00,14:58:00,02-10-2024 14:57,Voice Cnn Masai,Turned Movie Different,Nominee,R,Brett M. Kavanaugh,Kavanaugh Dissents President
651,low,409,Y,medium,81,X,medium,156,Y,high,462,Y,low,460,X,medium,269,STANDARD,europe,FREQUENT_ACCESS,"{""sku_id"":""0298-0912-675B"",""description"":""nearline storage tokyo"",""original_region"":""asia-northeast1""}",15-12-2024,21:34:00,23:52:00,15-12-2024 23:46,Abortion Travel,Ravaged Nicaragua Category,Senator,D,Senator Patrick Leahy (VT),Judge Senator Leahy
652,high,378,Y,low,205,Z,medium,8,Y,low,331,Y,high,170,Z,medium,340,STANDARD,europe,FREQUENT_ACCESS,"{""sku_id"":""0298-0912-675B"",""description"":""nearline storage tokyo"",""original_region"":""asia-northeast1""}",02-01-2024,20:20:00,22:48:00,02-01-2024 22:45,Abortion Travel,Niger State Television,Nominee,R,Brett M. Kavanaugh,Proud Judge Kavanaugh
653,high,153,X,medium,381,X,medium,331,Y,high,492,Y,low,372,Y,medium,207,STANDARD,europe,FREQUENT_ACCESS,"{""sku_id"":""0298-0912-675B"",""description"":""nearline storage tokyo"",""original_region"":""asia-northeast1""}",07-06-2024,16:09:00,18:45:00,07-06-2024 18:39,Voice Cnn Masai,Ravaged Nicaragua Category,Senator,D,Senator Patrick Leahy (VT),Executive Privilege Limit
654,high,259,X,medium,467,X,high,266,Y,low,431,Y,medium,46,X,medium,333,STANDARD,europe,FREQUENT_ACCESS,"{""sku_id"":""0298-0912-675B"",""description"":""nearline storage tokyo"",""original_region"":""asia-northeast1""}",10-12-2024,10:43:00,12:20:00,10-12-2024 12:13,Assassination Question,Actor Bob Odenkirk,Chairman,R,Senator Chuck Grassley (IA),Executive Privilege Limit
655,medium,479,Z,medium,308,X,low,69,Z,medium,499,X,medium,263,Z,medium,372,STANDARD,europe,FREQUENT_ACCESS,"{""sku_id"":""0298-0912-675B"",""description"":""nearline storage tokyo"",""original_region"":""asia-northeast1""}",09-08-2024,16:41:00,19:02:00,09-08-2024 19:00,Assassination Question,2020 Presidential Election,Senator,D,Senator Patrick Leahy (VT),Judge Senator Leahy
656,low,359,Y,low,335,X,medium,24,Y,high,278,X,low,145,Z,medium,294,STANDARD,europe,FREQUENT_ACCESS,"{""sku_id"":""0298-0912-675B"",""description"":""nearline storage tokyo"",""original_region"":""asia-northeast1""}",08-03-2024,16:51:00,19:33:00,08-03-2024 19:28,Voice Cnn Masai,Actor Bob Odenkirk,Chairman,R,Senator Chuck Grassley (IA),Chairman Grassley Appreciate
657,medium,379,X,high,209,Y,high,262,X,high,187,Z,medium,469,Z,medium,199,STANDARD,europe,FREQUENT_ACCESS,"{""sku_id"":""0298-0912-675B"",""description"":""nearline storage tokyo"",""original_region"":""asia-northeast1""}",20-02-2024,15:42:00,19:28:00,20-02-2024 19:27,Apology Cnn Vatican,Turned Movie Different,Senator,D,Senator Patrick Leahy (VT),Proud Judge Kavanaugh
658,low,43,Y,high,464,Y,low,306,Y,medium,30,Y,high,218,Z,low,132,STANDARD,europe,FREQUENT_ACCESS,"{""sku_id"":""0298-0912-675B"",""description"":""nearline storage tokyo"",""original_region"":""asia-northeast1""}",19-11-2024,09:17:00,12:29:00,19-11-2024 12:22,Apology Cnn Vatican,Actor Bob Odenkirk,Chairman,R,Senator Chuck Grassley (IA),Chairman Grassley Appreciate
659,high,120,Z,medium,229,Z,medium,58,Z,low,364,X,low,236,Z,medium,330,STANDARD,europe,FREQUENT_ACCESS,"{""sku_id"":""0298-0912-675B"",""description"":""nearline storage tokyo"",""original_region"":""asia-northeast1""}",09-03-2024,21:21:00,00:45:00,10-03-2024 00:36,Voice Cnn Masai,Coronavirus Pandemic Late,Senator,D,Senator Patrick Leahy (VT),Judge Senator Leahy
660,medium,52,Z,low,486,X,high,299,X,high,132,Z,low,284,X,high,40,STANDARD,europe,FREQUENT_ACCESS,"{""sku_id"":""0298-0912-675B"",""description"":""nearline storage tokyo"",""original_region"":""asia-northeast1""}",15-04-2024,16:45:00,18:31:00,15-04-2024 18:21,Apology Cnn Vatican,Ravaged Nicaragua Category,Nominee,R,Brett M. Kavanaugh,Proud Judge Kavanaugh
661,low,489,X,high,229,X,medium,222,Y,high,5,X,low,38,X,low,40,STANDARD,europe,FREQUENT_ACCESS,"{""sku_id"":""0298-0912-675B"",""description"":""nearline storage tokyo"",""original_region"":""asia-northeast1""}",07-07-2024,21:49:00,01:48:00,08-07-2024 01:42,Amid Inflation,2020 Presidential Election,Senator,D,Senator Patrick Leahy (VT),Judge Senator Leahy
662,medium,171,Z,medium,273,Y,medium,68,Z,medium,401,Y,low,63,X,high,251,STANDARD,europe,FREQUENT_ACCESS,"{""sku_id"":""0298-0912-675B"",""description"":""nearline storage tokyo"",""original_region"":""asia-northeast1""}",03-07-2024,16:46:00,20:18:00,03-07-2024 20:13,Reunion Netflix Cnn,Niger State Television,Nominee,R,Brett M. Kavanaugh,Kavanaugh Dissents President
663,high,249,X,medium,480,Z,low,308,X,low,212,Z,high,215,Y,high,456,STANDARD,europe,FREQUENT_ACCESS,"{""sku_id"":""0298-0912-675B"",""description"":""nearline storage tokyo"",""original_region"":""asia-northeast1""}",04-07-2024,13:25:00,15:34:00,04-07-2024 15:29,Apology Cnn Vatican,Actor Bob Odenkirk,Senator,D,Senator Patrick Leahy (VT),Judge Senator Leahy
664,low,275,X,high,229,Y,low,322,Z,medium,276,Y,low,315,Y,high,148,STANDARD,europe,FREQUENT_ACCESS,"{""sku_id"":""0298-0912-675B"",""description"":""nearline storage tokyo"",""original_region"":""asia-northeast1""}",14-04-2024,17:09:00,20:58:00,14-04-2024 20:50,Amid Inflation,Beating Forecasts Covid,Chairman,R,Senator Chuck Grassley (IA),Chairman Grassley Appreciate
665,medium,261,Y,high,300,Z,low,77,Z,medium,391,Z,low,291,Y,medium,403,STANDARD,europe,FREQUENT_ACCESS,"{""sku_id"":""0298-0912-675B"",""description"":""nearline storage tokyo"",""original_region"":""asia-northeast1""}",08-07-2024,12:21:00,14:17:00,08-07-2024 14:15,Assassination Question,Ravaged Nicaragua Category,Senator,D,Senator Patrick Leahy (VT),Judge Senator Leahy
666,high,26,Z,medium,328,X,high,336,X,medium,164,Y,high,27,Z,high,127,STANDARD,europe,FREQUENT_ACCESS,"{""sku_id"":""0298-0912-675B"",""description"":""nearline storage tokyo"",""original_region"":""asia-northeast1""}",09-02-2024,20:48:00,23:13:00,09-02-2024 23:11,Cnn Montana Nonprofit,Warming Caused Humans,Chairman,R,Senator Chuck Grassley (IA),Chairman Grassley Appreciate
667,high,454,X,low,92,Y,low,111,Z,low,408,Y,high,339,Z,high,128,STANDARD,europe,FREQUENT_ACCESS,"{""sku_id"":""0298-0912-675B"",""description"":""nearline storage tokyo"",""original_region"":""asia-northeast1""}",10-08-2024,15:18:00,15:49:00,10-08-2024 15:46,Scammers Cnn Epik,Niger State Television,Senator,D,Senator Patrick Leahy (VT),Judge Senator Leahy
668,high,190,Y,low,419,Y,high,298,Y,high,291,Y,low,236,Z,low,140,STANDARD,europe,FREQUENT_ACCESS,"{""sku_id"":""0298-0912-675B"",""description"":""nearline storage tokyo"",""original_region"":""asia-northeast1""}",28-12-2024,13:53:00,16:32:00,28-12-2024 16:26,Voice Cnn Masai,Ravaged Nicaragua Category,Nominee,R,Brett M. Kavanaugh,Kavanaugh Dissents President
669,medium,459,Y,low,181,X,high,406,X,high,283,Y,medium,407,Y,low,26,STANDARD,europe,FREQUENT_ACCESS,"{""sku_id"":""0298-0912-675B"",""description"":""nearline storage tokyo"",""original_region"":""asia-northeast1""}",05-11-2024,11:26:00,13:03:00,05-11-2024 12:56,Voice Cnn Masai,International Women,Senator,D,Senator Patrick Leahy (VT),Judge Senator Leahy
670,medium,382,X,low,329,X,high,468,X,low,134,Y,low,19,X,low,230,STANDARD,europe,FREQUENT_ACCESS,"{""sku_id"":""0298-0912-675B"",""description"":""nearline storage tokyo"",""original_region"":""asia-northeast1""}",13-03-2024,06:29:00,08:46:00,13-03-2024 08:45,Cnn Montana Nonprofit,Niger State Television,Nominee,R,Brett M. Kavanaugh,Kavanaugh Dissents President
671,medium,420,X,high,422,X,high,127,X,medium,394,Z,low,13,Y,medium,176,STANDARD,europe,FREQUENT_ACCESS,"{""sku_id"":""0298-0912-675B"",""description"":""nearline storage tokyo"",""original_region"":""asia-northeast1""}",14-06-2024,13:05:00,14:20:00,14-06-2024 14:12,Making Racism,Turned Movie Different,Senator,D,Senator Patrick Leahy (VT),Judge Senator Leahy
672,medium,351,Y,low,57,Y,medium,68,Y,medium,120,Z,high,258,X,high,115,STANDARD,europe,FREQUENT_ACCESS,"{""sku_id"":""0298-0912-675B"",""description"":""nearline storage tokyo"",""original_region"":""asia-northeast1""}",05-03-2024,19:30:00,20:01:00,05-03-2024 19:51,Making Racism,Lomachenko,Chairman,R,Senator Chuck Grassley (IA),Chairman Grassley Appreciate
673,low,489,X,high,150,X,medium,47,X,high,309,Y,medium,401,Z,medium,378,STANDARD,europe,FREQUENT_ACCESS,"{""sku_id"":""0298-0912-675B"",""description"":""nearline storage tokyo"",""original_region"":""asia-northeast1""}",03-03-2024,08:01:00,09:40:00,03-03-2024 09:31,Cnn Montana Nonprofit,Niger State Television,Senator,D,Senator Patrick Leahy (VT),Judge Senator Leahy
674,low,151,X,medium,471,X,medium,484,Y,medium,414,Y,low,382,Z,high,258,STANDARD,europe,FREQUENT_ACCESS,"{""sku_id"":""0298-0912-675B"",""description"":""nearline storage tokyo"",""original_region"":""asia-northeast1""}",04-08-2024,09:03:00,12:36:00,04-08-2024 12:30,Voice Cnn Masai,Turned Movie Different,Chairman,R,Senator Chuck Grassley (IA),Chairman Grassley Appreciate
675,high,164,X,medium,180,Z,low,165,Z,high,58,Y,low,300,Y,low,97,STANDARD,europe,FREQUENT_ACCESS,"{""sku_id"":""0298-0912-675B"",""description"":""nearline storage tokyo"",""original_region"":""asia-northeast1""}",08-03-2024,20:45:00,00:36:00,09-03-2024 00:27,Voice Cnn Masai,Turned Movie Different,Senator,R,Senator Lindsey Graham (SC),Senator Graham Citizens
676,medium,335,X,high,330,X,high,401,Z,high,200,Z,low,89,Z,medium,96,STANDARD,europe,FREQUENT_ACCESS,"{""sku_id"":""0298-0912-675B"",""description"":""nearline storage tokyo"",""original_region"":""asia-northeast1""}",02-04-2024,21:21:00,23:42:00,02-04-2024 23:37,Apology Cnn Vatican,Actor Bob Odenkirk,Nominee,R,Brett M. Kavanaugh,Proud Judge Kavanaugh
677,medium,116,X,high,280,Z,high,467,Z,medium,338,Y,medium,476,Y,high,404,STANDARD,europe,FREQUENT_ACCESS,"{""sku_id"":""0298-0912-675B"",""description"":""nearline storage tokyo"",""original_region"":""asia-northeast1""}",27-10-2024,21:35:00,23:11:00,27-10-2024 23:03,Voice Cnn Masai,Ravaged Nicaragua Category,Senator,R,Senator Lindsey Graham (SC),Senator Graham Citizens
678,medium,401,X,low,434,Y,high,237,Y,medium,136,Y,medium,10,X,low,135,STANDARD,europe,FREQUENT_ACCESS,"{""sku_id"":""0298-0912-675B"",""description"":""nearline storage tokyo"",""original_region"":""asia-northeast1""}",07-04-2024,14:32:00,15:44:00,07-04-2024 15:42,Abortion Travel,Niger State Television,Nominee,R,Brett M. Kavanaugh,Proud Judge Kavanaugh
679,medium,14,X,high,255,X,medium,346,Z,high,13,Y,high,173,Z,high,197,STANDARD,europe,FREQUENT_ACCESS,"{""sku_id"":""0298-0912-675B"",""description"":""nearline storage tokyo"",""original_region"":""asia-northeast1""}",02-02-2024,19:20:00,22:04:00,02-02-2024 22:01,Voice Cnn Masai,Niger State Television,Senator,R,Senator Lindsey Graham (SC),Senator Graham Citizens
680,high,448,Z,low,212,Y,low,236,Y,medium,204,Y,low,377,X,low,59,STANDARD,europe,FREQUENT_ACCESS,"{""sku_id"":""0298-0912-675B"",""description"":""nearline storage tokyo"",""original_region"":""asia-northeast1""}",27-03-2024,09:56:00,12:08:00,27-03-2024 12:05,Assassination Question,Ravaged Nicaragua Category,Nominee,R,Brett M. Kavanaugh,Proud Judge Kavanaugh
681,medium,173,Y,medium,8,Y,medium,287,X,high,248,Y,medium,308,Y,high,402,STANDARD,europe,FREQUENT_ACCESS,"{""sku_id"":""0298-0912-675B"",""description"":""nearline storage tokyo"",""original_region"":""asia-northeast1""}",12-06-2024,21:33:00,00:37:00,13-06-2024 00:34,Assassination Question,Ravaged Nicaragua Category,Senator,R,Senator Lindsey Graham (SC),Senator Graham Citizens
682,medium,420,Z,medium,237,X,high,124,Z,low,460,Z,medium,395,Z,low,178,STANDARD,europe,FREQUENT_ACCESS,"{""sku_id"":""0298-0912-675B"",""description"":""nearline storage tokyo"",""original_region"":""asia-northeast1""}",07-06-2024,20:50:00,00:36:00,08-06-2024 00:35,Assassination Question,Actor Bob Odenkirk,Nominee,R,Brett M. Kavanaugh,Proud Judge Kavanaugh
683,medium,301,X,low,292,X,high,420,X,medium,403,Z,high,383,X,medium,352,STANDARD,europe,FREQUENT_ACCESS,"{""sku_id"":""0298-0912-675B"",""description"":""nearline storage tokyo"",""original_region"":""asia-northeast1""}",07-03-2024,19:17:00,19:37:00,07-03-2024 19:29,Assassination Question,Ravaged Nicaragua Category,Senator,R,Senator Lindsey Graham (SC),Analyze Senator
684,low,137,Z,medium,229,Z,medium,61,Z,medium,90,X,medium,469,X,high,202,STANDARD,europe,FREQUENT_ACCESS,"{""sku_id"":""0298-0912-675B"",""description"":""nearline storage tokyo"",""original_region"":""asia-northeast1""}",20-02-2024,21:48:00,23:58:00,20-02-2024 23:56,Assassination Question,Ravaged Nicaragua Category,Nominee,R,Brett M. Kavanaugh,Kavanaugh Dissents President
685,low,152,X,medium,390,X,high,68,Z,medium,138,X,medium,258,Z,medium,400,STANDARD,europe,FREQUENT_ACCESS,"{""sku_id"":""0298-0912-675B"",""description"":""nearline storage tokyo"",""original_region"":""asia-northeast1""}",15-03-2024,13:58:00,14:22:00,15-03-2024 14:12,Cnn Montana Nonprofit,Ravaged Nicaragua Category,Senator,R,Senator Lindsey Graham (SC),Senator Graham Citizens
686,low,240,X,high,388,Z,low,459,Z,high,92,Z,medium,410,Y,low,201,STANDARD,europe,FREQUENT_ACCESS,"{""sku_id"":""0298-0912-675B"",""description"":""nearline storage tokyo"",""original_region"":""asia-northeast1""}",15-05-2024,11:00:00,13:23:00,15-05-2024 13:16,Cnnpolitics Polls Underestimating,Ravaged Nicaragua Category,Nominee,R,Brett M. Kavanaugh,Kavanaugh Dissents President
687,low,289,Z,high,229,X,medium,405,X,low,455,X,medium,77,X,high,447,STANDARD,europe,FREQUENT_ACCESS,"{""sku_id"":""0298-0912-675B"",""description"":""nearline storage tokyo"",""original_region"":""asia-northeast1""}",25-07-2024,11:54:00,15:30:00,25-07-2024 15:25,Cnn Montana Nonprofit,Niger State Television,Senator,R,Senator Lindsey Graham (SC),Proud Judge Kavanaugh
688,low,68,Y,medium,39,Y,low,379,Y,high,176,Y,high,87,Z,high,362,STANDARD,europe,FREQUENT_ACCESS,"{""sku_id"":""0298-0912-675B"",""description"":""nearline storage tokyo"",""original_region"":""asia-northeast1""}",25-11-2024,07:39:00,10:45:00,25-11-2024 10:44,Voice Cnn Masai,Ravaged Nicaragua Category,Nominee,R,Brett M. Kavanaugh,Kavanaugh Dissents President
689,low,24,Z,high,127,X,high,328,Y,low,279,Y,low,24,Z,low,240,STANDARD,europe,FREQUENT_ACCESS,"{""sku_id"":""0298-0912-675B"",""description"":""nearline storage tokyo"",""original_region"":""asia-northeast1""}",18-02-2024,12:57:00,14:40:00,18-02-2024 14:36,Voice Cnn Masai,Turned Movie Different,Senator,R,Senator Lindsey Graham (SC),Senator Graham Citizens
690,high,420,Z,high,203,Z,medium,472,Y,medium,279,X,medium,102,X,medium,241,STANDARD,europe,FREQUENT_ACCESS,"{""sku_id"":""0298-0912-675B"",""description"":""nearline storage tokyo"",""original_region"":""asia-northeast1""}",28-07-2024,15:05:00,15:43:00,28-07-2024 15:37,Cnn Montana Nonprofit,Niger State Television,Nominee,R,Brett M. Kavanaugh,Proud Judge Kavanaugh
691,medium,177,Y,high,229,Z,medium,432,Y,medium,279,Y,low,55,Z,high,310,STANDARD,europe,FREQUENT_ACCESS,"{""sku_id"":""0298-0912-675B"",""description"":""nearline storage tokyo"",""original_region"":""asia-northeast1""}",07-03-2024,10:38:00,14:01:00,07-03-2024 13:55,New Covid Lockdowns,Coronavirus Pandemic Late,Senator,R,Senator Lindsey Graham (SC),Senator Graham Citizens
692,high,291,X,high,384,Z,high,68,Y,low,37,Y,low,412,Z,medium,40,STANDARD,europe,FREQUENT_ACCESS,"{""sku_id"":""0298-0912-675B"",""description"":""nearline storage tokyo"",""original_region"":""asia-northeast1""}",23-06-2024,15:32:00,19:31:00,23-06-2024 19:22,Bob Baffert Suspended,Point Tally Nba,Nominee,R,Brett M. Kavanaugh,Proud Judge Kavanaugh
693,medium,374,Y,high,447,X,low,312,Z,medium,277,Z,low,247,X,low,353,STANDARD,europe,FREQUENT_ACCESS,"{""sku_id"":""0298-0912-675B"",""description"":""nearline storage tokyo"",""original_region"":""asia-northeast1""}",12-04-2024,06:43:00,08:03:00,12-04-2024 07:55,Assassination Question,Ravaged Nicaragua Category,Senator,R,Senator Lindsey Graham (SC),Senator Graham Citizens
694,high,307,Y,low,496,X,medium,214,Z,high,5,Z,medium,222,Y,low,16,STANDARD,europe,FREQUENT_ACCESS,"{""sku_id"":""0298-0912-675B"",""description"":""nearline storage tokyo"",""original_region"":""asia-northeast1""}",27-05-2024,12:21:00,15:18:00,27-05-2024 15:11,Voice Cnn Masai,Niger State Television,Nominee,R,Brett M. Kavanaugh,Kavanaugh Dissents President
695,low,52,Y,high,229,Y,low,132,X,medium,78,Z,low,319,X,high,132,STANDARD,europe,FREQUENT_ACCESS,"{""sku_id"":""0298-0912-675B"",""description"":""nearline storage tokyo"",""original_region"":""asia-northeast1""}",08-10-2024,11:49:00,12:47:00,08-10-2024 12:38,Abortion Travel,Said Alicia Keys,Senator,R,Senator Lindsey Graham (SC),Senator Graham Citizens
696,high,498,X,low,5,Y,high,409,Z,medium,73,Y,high,179,Z,medium,218,STANDARD,europe,FREQUENT_ACCESS,"{""sku_id"":""0298-0912-675B"",""description"":""nearline storage tokyo"",""original_region"":""asia-northeast1""}",15-12-2024,06:57:00,10:40:00,15-12-2024 10:35,Cnnpolitics Polls Underestimating,International Women,Nominee,R,Brett M. Kavanaugh,Kavanaugh Dissents President
697,low,357,Z,medium,286,Y,high,20,Y,high,354,Z,medium,236,Z,high,268,STANDARD,europe,FREQUENT_ACCESS,"{""sku_id"":""0298-0912-675B"",""description"":""nearline storage tokyo"",""original_region"":""asia-northeast1""}",25-01-2024,15:49:00,16:36:00,25-01-2024 16:28,Abortion Travel,International Women,Senator,R,Senator Lindsey Graham (SC),Senator Graham Citizens
698,low,24,Y,high,132,Z,low,64,Y,high,320,Z,high,1,Z,high,44,STANDARD,europe,FREQUENT_ACCESS,"{""sku_id"":""0298-0912-675B"",""description"":""nearline storage tokyo"",""original_region"":""asia-northeast1""}",16-09-2024,09:33:00,12:05:00,16-09-2024 12:00,Abortion Travel,Actor Bob Odenkirk,Nominee,R,Brett M. Kavanaugh,Proud Judge Kavanaugh
699,low,381,Z,high,434,Y,medium,52,X,low,279,Z,low,356,X,low,99,STANDARD,europe,FREQUENT_ACCESS,"{""sku_id"":""0298-0912-675B"",""description"":""nearline storage tokyo"",""original_region"":""asia-northeast1""}",30-05-2024,10:46:00,13:06:00,30-05-2024 13:00,Voice Cnn Masai,Actor Bob Odenkirk,Senator,R,Senator Lindsey Graham (SC),Senator Graham Citizens
700,low,440,Y,high,232,Z,high,101,Z,high,98,Y,high,435,Y,medium,231,STANDARD,europe,FREQUENT_ACCESS,"{""sku_id"":""0298-0912-675B"",""description"":""nearline storage tokyo"",""original_region"":""asia-northeast1""}",02-08-2024,17:44:00,20:58:00,02-08-2024 20:48,Bob Baffert Suspended,Ravaged Nicaragua Category,Nominee,R,Brett M. Kavanaugh,Proud Judge Kavanaugh
701,medium,284,X,high,4,Y,low,256,Z,high,132,X,medium,19,X,low,223,STANDARD,europe,FREQUENT_ACCESS,"{""sku_id"":""0298-0912-675B"",""description"":""nearline storage tokyo"",""original_region"":""asia-northeast1""}",05-02-2024,06:14:00,09:33:00,05-02-2024 09:29,Making Racism,Ravaged Nicaragua Category,Senator,R,Senator Lindsey Graham (SC),Senator Graham Citizens
702,high,416,X,low,111,X,medium,471,X,high,188,Y,high,40,X,high,40,STANDARD,europe,FREQUENT_ACCESS,"{""sku_id"":""0298-0912-675B"",""description"":""nearline storage tokyo"",""original_region"":""asia-northeast1""}",05-09-2024,15:35:00,18:13:00,05-09-2024 18:03,Scammers Cnn Epik,Said Alicia Keys,Nominee,R,Brett M. Kavanaugh,Proud Judge Kavanaugh
703,high,443,X,high,170,Y,low,485,Z,high,489,X,medium,68,X,medium,34,STANDARD,europe,FREQUENT_ACCESS,"{""sku_id"":""0298-0912-675B"",""description"":""nearline storage tokyo"",""original_region"":""asia-northeast1""}",21-06-2024,18:49:00,21:07:00,21-06-2024 20:57,Apology Cnn Vatican,Actor Bob Odenkirk,Senator,R,Senator Lindsey Graham (SC),Senator Graham Citizens
704,low,482,X,medium,13,Y,high,450,X,low,352,X,high,304,Z,high,398,STANDARD,europe,FREQUENT_ACCESS,"{""sku_id"":""0298-0912-675B"",""description"":""nearline storage tokyo"",""original_region"":""asia-northeast1""}",31-10-2024,19:43:00,23:34:00,31-10-2024 23:26,Making Racism,Turned Movie Different,Nominee,R,Brett M. Kavanaugh,Proud Judge Kavanaugh
705,medium,477,X,high,158,Y,medium,379,Z,high,279,X,low,380,Y,low,150,STANDARD,europe,FREQUENT_ACCESS,"{""sku_id"":""0298-0912-675B"",""description"":""nearline storage tokyo"",""original_region"":""asia-northeast1""}",14-11-2024,16:19:00,17:26:00,14-11-2024 17:20,Reunion Netflix Cnn,Actor Bob Odenkirk,Senator,R,Senator Lindsey Graham (SC),Senator Graham Citizens
706,medium,96,Z,medium,269,Z,medium,229,X,high,15,Y,high,411,Z,low,275,STANDARD,europe,FREQUENT_ACCESS,"{""sku_id"":""0298-0912-675B"",""description"":""nearline storage tokyo"",""original_region"":""asia-northeast1""}",12-10-2024,16:56:00,19:19:00,12-10-2024 19:17,Assassination Question,Ravaged Nicaragua Category,Nominee,R,Brett M. Kavanaugh,Proud Judge Kavanaugh
707,low,17,Y,low,446,Z,high,387,Y,medium,173,Y,low,390,X,high,473,STANDARD,europe,FREQUENT_ACCESS,"{""sku_id"":""0298-0912-675B"",""description"":""nearline storage tokyo"",""original_region"":""asia-northeast1""}",11-01-2024,08:56:00,10:41:00,11-01-2024 10:35,Voice Cnn Masai,Ravaged Nicaragua Category,Senator,R,Senator Lindsey Graham (SC),Senator Graham Citizens
708,medium,325,Y,medium,324,X,medium,134,X,low,104,X,medium,288,Y,medium,189,STANDARD,europe,FREQUENT_ACCESS,"{""sku_id"":""0298-0912-675B"",""description"":""nearline storage tokyo"",""original_region"":""asia-northeast1""}",19-12-2024,16:41:00,18:11:00,19-12-2024 18:02,Bob Baffert Suspended,Actor Bob Odenkirk,Nominee,R,Brett M. Kavanaugh,Proud Judge Kavanaugh
709,low,339,X,high,229,X,low,331,Z,low,203,X,medium,351,Y,low,156,STANDARD,europe,FREQUENT_ACCESS,"{""sku_id"":""0298-0912-675B"",""description"":""nearline storage tokyo"",""original_region"":""asia-northeast1""}",27-10-2024,20:21:00,23:43:00,27-10-2024 23:38,Voice Cnn Masai,Said Alicia Keys,Senator,R,Senator Lindsey Graham (SC),Senator Graham Citizens
710,high,420,X,high,208,X,medium,4,Y,low,497,X,low,139,Z,high,132,STANDARD,europe,FREQUENT_ACCESS,"{""sku_id"":""0298-0912-675B"",""description"":""nearline storage tokyo"",""original_region"":""asia-northeast1""}",20-08-2024,21:48:00,00:52:00,21-08-2024 00:51,Apology Cnn Vatican,Actor Bob Odenkirk,Nominee,R,Brett M. Kavanaugh,Proud Judge Kavanaugh
711,low,118,Y,medium,384,Y,low,451,Z,high,97,X,low,372,X,medium,326,STANDARD,europe,FREQUENT_ACCESS,"{""sku_id"":""0298-0912-675B"",""description"":""nearline storage tokyo"",""original_region"":""asia-northeast1""}",18-12-2024,18:56:00,22:56:00,18-12-2024 22:48,Scammers Cnn Epik,Niger State Television,Senator,R,Senator Lindsey Graham (SC),Senator Graham Citizens
712,low,474,X,low,184,X,medium,485,Y,low,298,Y,medium,91,X,low,40,STANDARD,europe,FREQUENT_ACCESS,"{""sku_id"":""0298-0912-675B"",""description"":""nearline storage tokyo"",""original_region"":""asia-northeast1""}",27-10-2024,14:57:00,18:22:00,27-10-2024 18:17,Cnn Montana Nonprofit,Niger State Television,Nominee,R,Brett M. Kavanaugh,Proud Judge Kavanaugh
713,low,204,Y,high,281,X,high,367,X,medium,241,Y,low,481,Z,low,279,STANDARD,europe,FREQUENT_ACCESS,"{""sku_id"":""0298-0912-675B"",""description"":""nearline storage tokyo"",""original_region"":""asia-northeast1""}",01-10-2024,08:38:00,10:12:00,01-10-2024 10:08,Voice Cnn Masai,2020 Presidential Election,Senator,R,Senator Lindsey Graham (SC),Senator Graham Citizens
714,low,370,Z,high,492,Y,high,87,Z,low,329,Y,low,20,Y,high,99,STANDARD,europe,FREQUENT_ACCESS,"{""sku_id"":""0298-0912-675B"",""description"":""nearline storage tokyo"",""original_region"":""asia-northeast1""}",30-03-2024,11:56:00,14:01:00,30-03-2024 13:58,Voice Cnn Masai,International Women,Nominee,R,Brett M. Kavanaugh,Proud Judge Kavanaugh
715,high,311,Y,high,68,Y,high,129,X,high,279,X,high,472,Z,low,473,STANDARD,europe,FREQUENT_ACCESS,"{""sku_id"":""0298-0912-675B"",""description"":""nearline storage tokyo"",""original_region"":""asia-northeast1""}",28-11-2024,06:15:00,09:18:00,28-11-2024 09:15,Abortion Travel,International Women,Senator,R,Senator Lindsey Graham (SC),Kavanaugh Dissents President
716,high,447,Y,high,238,Z,medium,369,Y,low,258,Y,low,230,Z,low,21,STANDARD,europe,FREQUENT_ACCESS,"{""sku_id"":""0298-0912-675B"",""description"":""nearline storage tokyo"",""original_region"":""asia-northeast1""}",23-05-2024,13:58:00,17:12:00,23-05-2024 17:06,Cnn Montana Nonprofit,Point Tally Nba,Nominee,R,Brett M. Kavanaugh,Proud Judge Kavanaugh
717,high,356,X,high,304,Z,high,249,Z,low,138,Y,high,236,X,low,205,STANDARD,europe,FREQUENT_ACCESS,"{""sku_id"":""0298-0912-675B"",""description"":""nearline storage tokyo"",""original_region"":""asia-northeast1""}",04-05-2024,08:55:00,12:11:00,04-05-2024 12:01,Scammers Cnn Epik,Turned Movie Different,Senator,R,Senator Lindsey Graham (SC),Senator Graham Citizens
718,high,420,Y,medium,399,Z,high,273,X,low,482,X,low,79,Z,high,62,STANDARD,europe,FREQUENT_ACCESS,"{""sku_id"":""0298-0912-675B"",""description"":""nearline storage tokyo"",""original_region"":""asia-northeast1""}",04-11-2024,15:27:00,18:29:00,04-11-2024 18:23,Scammers Cnn Epik,Rwigara Mother Adeline,Nominee,R,Brett M. Kavanaugh,Proud Judge Kavanaugh
719,medium,420,Z,high,418,Z,medium,202,Y,medium,133,Z,low,159,X,high,16,STANDARD,europe,FREQUENT_ACCESS,"{""sku_id"":""0298-0912-675B"",""description"":""nearline storage tokyo"",""original_region"":""asia-northeast1""}",21-11-2024,19:00:00,21:52:00,21-11-2024 21:45,Cnnpolitics Polls Underestimating,2020 Presidential Election,Senator,R,Senator Lindsey Graham (SC),Senator Graham Citizens
720,low,27,Y,medium,143,Z,low,417,Z,high,72,X,medium,431,Z,low,498,STANDARD,europe,FREQUENT_ACCESS,"{""sku_id"":""0298-0912-675B"",""description"":""nearline storage tokyo"",""original_region"":""asia-northeast1""}",27-03-2024,12:19:00,15:38:00,27-03-2024 15:30,Assassination Question,Rwigara Mother Adeline,Nominee,R,Brett M. Kavanaugh,Guns Roe Wade
721,medium,352,Z,high,233,Z,low,82,X,medium,47,X,medium,7,X,high,42,STANDARD,europe,FREQUENT_ACCESS,"{""sku_id"":""0298-0912-675B"",""description"":""nearline storage tokyo"",""original_region"":""asia-northeast1""}",22-09-2024,06:17:00,08:53:00,22-09-2024 08:48,Abortion Travel,Said Alicia Keys,Senator,R,Senator Lindsey Graham (SC),Senator Graham Citizens
722,low,293,Z,low,415,Z,medium,220,X,medium,33,X,high,95,Z,low,453,STANDARD,europe,FREQUENT_ACCESS,"{""sku_id"":""0298-0912-675B"",""description"":""nearline storage tokyo"",""original_region"":""asia-northeast1""}",19-05-2024,21:37:00,00:09:00,20-05-2024 00:07,Abortion Travel,Rwigara Mother Adeline,Nominee,R,Brett M. Kavanaugh,Guns Roe Wade
723,low,388,Z,low,419,Y,high,111,Z,medium,176,Y,high,315,Z,high,272,STANDARD,europe,FREQUENT_ACCESS,"{""sku_id"":""0298-0912-675B"",""description"":""nearline storage tokyo"",""original_region"":""asia-northeast1""}",31-01-2024,13:11:00,14:38:00,31-01-2024 14:34,Abortion Travel,Rwigara Mother Adeline,Senator,R,Senator Lindsey Graham (SC),Senator Graham Citizens
724,high,112,Y,low,411,Z,high,345,X,medium,408,Y,medium,402,Y,low,160,STANDARD,europe,FREQUENT_ACCESS,"{""sku_id"":""0298-0912-675B"",""description"":""nearline storage tokyo"",""original_region"":""asia-northeast1""}",26-02-2024,06:26:00,08:15:00,26-02-2024 08:05,Scammers Cnn Epik,Ravaged Nicaragua Category,Nominee,R,Brett M. Kavanaugh,Proud Judge Kavanaugh
725,low,299,X,medium,229,X,low,68,X,high,77,X,low,215,X,medium,431,STANDARD,europe,FREQUENT_ACCESS,"{""sku_id"":""0298-0912-675B"",""description"":""nearline storage tokyo"",""original_region"":""asia-northeast1""}",04-09-2024,09:13:00,12:41:00,04-09-2024 12:38,Abortion Travel,Actor Bob Odenkirk,Senator,R,Senator Lindsey Graham (SC),Senator Graham Citizens
726,low,142,X,high,133,X,medium,149,Z,low,2,Y,low,43,X,high,40,STANDARD,europe,FREQUENT_ACCESS,"{""sku_id"":""0298-0912-675B"",""description"":""nearline storage tokyo"",""original_region"":""asia-northeast1""}",14-03-2024,15:42:00,19:19:00,14-03-2024 19:16,Cnnpolitics Polls Underestimating,2020 Presidential Election,Nominee,R,Brett M. Kavanaugh,Proud Judge Kavanaugh
727,medium,58,Z,high,184,Z,high,68,Y,low,279,X,high,73,Y,low,345,STANDARD,europe,FREQUENT_ACCESS,"{""sku_id"":""0298-0912-675B"",""description"":""nearline storage tokyo"",""original_region"":""asia-northeast1""}",09-11-2024,07:23:00,11:20:00,09-11-2024 11:10,Cnnpolitics Polls Underestimating,Said Alicia Keys,Senator,R,Senator Lindsey Graham (SC),Guns Roe Wade
728,low,287,Y,high,327,Z,medium,431,X,low,280,Y,high,445,Z,low,383,STANDARD,europe,FREQUENT_ACCESS,"{""sku_id"":""0298-0912-675B"",""description"":""nearline storage tokyo"",""original_region"":""asia-northeast1""}",04-02-2024,09:02:00,12:13:00,04-02-2024 12:11,Cnnpolitics Polls Underestimating,Actor Bob Odenkirk,Nominee,R,Brett M. Kavanaugh,Proud Judge Kavanaugh
729,high,10,Z,high,127,X,medium,108,Z,low,281,X,low,107,Z,low,181,STANDARD,europe,FREQUENT_ACCESS,"{""sku_id"":""0298-0912-675B"",""description"":""nearline storage tokyo"",""original_region"":""asia-northeast1""}",27-04-2024,10:11:00,13:43:00,27-04-2024 13:42,Assassination Question,Rwigara Mother Adeline,Senator,R,Senator Lindsey Graham (SC),Senator Graham Citizens
730,high,46,Z,high,341,Z,medium,434,Y,low,0,Z,medium,289,Y,medium,150,STANDARD,europe,FREQUENT_ACCESS,"{""sku_id"":""0298-0912-675B"",""description"":""nearline storage tokyo"",""original_region"":""asia-northeast1""}",30-12-2024,09:47:00,13:35:00,30-12-2024 13:27,Cnnpolitics Polls Underestimating,2020 Presidential Election,Nominee,R,Brett M. Kavanaugh,Proud Judge Kavanaugh
731,medium,264,Y,medium,257,Y,high,68,Z,low,101,Y,low,468,X,medium,4,STANDARD,europe,FREQUENT_ACCESS,"{""sku_id"":""0298-0912-675B"",""description"":""nearline storage tokyo"",""original_region"":""asia-northeast1""}",09-01-2024,08:02:00,09:24:00,09-01-2024 09:15,Scammers Cnn Epik,Pennsylvania Investigation Abuse,Senator,R,Senator Lindsey Graham (SC),Senator Graham Citizens
732,low,449,X,low,221,Y,high,482,Y,low,279,Z,low,187,Y,medium,40,STANDARD,europe,FREQUENT_ACCESS,"{""sku_id"":""0298-0912-675B"",""description"":""nearline storage tokyo"",""original_region"":""asia-northeast1""}",31-08-2024,11:53:00,14:08:00,31-08-2024 14:07,Scammers Cnn Epik,Pennsylvania Investigation Abuse,Nominee,R,Brett M. Kavanaugh,Guns Roe Wade
733,high,357,Z,medium,177,Z,low,171,Y,medium,369,Y,high,33,Z,low,21,STANDARD,europe,FREQUENT_ACCESS,"{""sku_id"":""0298-0912-675B"",""description"":""nearline storage tokyo"",""original_region"":""asia-northeast1""}",07-02-2024,14:15:00,16:01:00,07-02-2024 15:51,Scammers Cnn Epik,Said Alicia Keys,Senator,R,Senator Lindsey Graham (SC),Senator Graham Citizens
734,medium,7,X,low,229,X,medium,327,Y,medium,325,X,low,236,Y,low,228,STANDARD,europe,FREQUENT_ACCESS,"{""sku_id"":""0298-0912-675B"",""description"":""nearline storage tokyo"",""original_region"":""asia-northeast1""}",24-12-2024,06:25:00,07:42:00,24-12-2024 07:40,Scammers Cnn Epik,Pennsylvania Investigation Abuse,Nominee,R,Brett M. Kavanaugh,Proud Judge Kavanaugh
735,low,54,Y,low,232,Z,medium,68,Y,low,407,Y,low,236,Z,low,265,STANDARD,europe,FREQUENT_ACCESS,"{""sku_id"":""0298-0912-675B"",""description"":""nearline storage tokyo"",""original_region"":""asia-northeast1""}",05-11-2024,12:19:00,14:51:00,05-11-2024 14:43,Scammers Cnn Epik,Pennsylvania Investigation Abuse,Senator,R,Senator Lindsey Graham (SC),Senator Graham Citizens
736,high,215,X,high,153,X,high,39,Y,medium,273,Y,low,325,X,low,212,STANDARD,europe,FREQUENT_ACCESS,"{""sku_id"":""0298-0912-675B"",""description"":""nearline storage tokyo"",""original_region"":""asia-northeast1""}",19-04-2024,17:18:00,19:39:00,19-04-2024 19:38,Scammers Cnn Epik,Pennsylvania Investigation Abuse,Nominee,R,Brett M. Kavanaugh,Proud Judge Kavanaugh
737,high,214,X,high,191,Y,medium,68,X,low,201,Z,high,451,Y,medium,351,STANDARD,europe,FREQUENT_ACCESS,"{""sku_id"":""0298-0912-675B"",""description"":""nearline storage tokyo"",""original_region"":""asia-northeast1""}",09-02-2024,09:28:00,09:59:00,09-02-2024 09:57,Scammers Cnn Epik,Pennsylvania Investigation Abuse,Senator,R,Senator Lindsey Graham (SC),Senator Graham Citizens
738,medium,19,Y,high,242,X,low,103,Z,high,279,Y,high,387,X,low,180,STANDARD,europe,FREQUENT_ACCESS,"{""sku_id"":""0298-0912-675B"",""description"":""nearline storage tokyo"",""original_region"":""asia-northeast1""}",13-07-2024,12:16:00,14:57:00,13-07-2024 14:54,Scammers Cnn Epik,Pennsylvania Investigation Abuse,Nominee,R,Brett M. Kavanaugh,Kavanaugh Dissents President
739,medium,128,Y,medium,308,X,low,490,Z,medium,192,X,high,344,Y,low,395,STANDARD,europe,FREQUENT_ACCESS,"{""sku_id"":""0298-0912-675B"",""description"":""nearline storage tokyo"",""original_region"":""asia-northeast1""}",13-08-2024,13:56:00,15:56:00,13-08-2024 15:53,Scammers Cnn Epik,Pennsylvania Investigation Abuse,Senator,R,Senator Lindsey Graham (SC),Senator Graham Citizens
740,high,63,Y,medium,495,Z,low,44,Y,medium,78,X,low,166,Y,medium,326,STANDARD,europe,FREQUENT_ACCESS,"{""sku_id"":""0298-0912-675B"",""description"":""nearline storage tokyo"",""original_region"":""asia-northeast1""}",24-10-2024,06:52:00,07:49:00,24-10-2024 07:45,Scammers Cnn Epik,Pennsylvania Investigation Abuse,Nominee,R,Brett M. Kavanaugh,Proud Judge Kavanaugh
741,low,420,Y,high,170,X,medium,382,Z,high,287,Z,low,236,X,medium,468,STANDARD,europe,FREQUENT_ACCESS,"{""sku_id"":""0298-0912-675B"",""description"":""nearline storage tokyo"",""original_region"":""asia-northeast1""}",08-03-2024,08:26:00,09:11:00,08-03-2024 09:08,Assassination Question,Actor Bob Odenkirk,Senator,R,Senator Lindsey Graham (SC),Senator Graham Citizens
742,medium,329,Y,medium,89,Y,high,419,Y,high,147,X,high,362,Z,high,363,STANDARD,europe,FREQUENT_ACCESS,"{""sku_id"":""0298-0912-675B"",""description"":""nearline storage tokyo"",""original_region"":""asia-northeast1""}",24-03-2024,07:02:00,08:52:00,24-03-2024 08:43,Cnnpolitics Polls Underestimating,Actor Bob Odenkirk,Nominee,R,Brett M. Kavanaugh,Proud Judge Kavanaugh
743,medium,195,X,high,488,Z,low,453,Z,high,132,Z,medium,422,Z,medium,63,STANDARD,europe,FREQUENT_ACCESS,"{""sku_id"":""0298-0912-675B"",""description"":""nearline storage tokyo"",""original_region"":""asia-northeast1""}",19-03-2024,13:37:00,14:29:00,19-03-2024 14:25,Scammers Cnn Epik,Beating Forecasts Covid,Senator,R,Senator Lindsey Graham (SC),Senator Graham Citizens
744,medium,285,X,low,73,Z,medium,264,Z,medium,355,X,low,347,Y,high,279,STANDARD,europe,FREQUENT_ACCESS,"{""sku_id"":""0298-0912-675B"",""description"":""nearline storage tokyo"",""original_region"":""asia-northeast1""}",16-10-2024,20:43:00,21:23:00,16-10-2024 21:13,New Covid Lockdowns,Pennsylvania Investigation Abuse,Nominee,R,Brett M. Kavanaugh,Proud Judge Kavanaugh
745,low,100,Z,medium,451,X,medium,262,Z,medium,33,X,low,326,Y,high,328,STANDARD,europe,FREQUENT_ACCESS,"{""sku_id"":""0298-0912-675B"",""description"":""nearline storage tokyo"",""original_region"":""asia-northeast1""}",17-08-2024,15:34:00,18:45:00,17-08-2024 18:37,Cnnpolitics Polls Underestimating,2020 Presidential Election,Senator,R,Senator Lindsey Graham (SC),Senator Graham Citizens
746,low,425,Z,high,71,Z,medium,371,X,medium,11,Z,high,359,X,medium,6,STANDARD,europe,FREQUENT_ACCESS,"{""sku_id"":""0298-0912-675B"",""description"":""nearline storage tokyo"",""original_region"":""asia-northeast1""}",18-08-2024,20:54:00,00:26:00,19-08-2024 00:20,Cnnpolitics Polls Underestimating,Niger State Television,Nominee,R,Brett M. Kavanaugh,Proud Judge Kavanaugh
747,low,2,X,high,181,Y,high,317,X,low,178,Y,low,138,X,medium,22,STANDARD,europe,FREQUENT_ACCESS,"{""sku_id"":""0298-0912-675B"",""description"":""nearline storage tokyo"",""original_region"":""asia-northeast1""}",21-01-2024,19:37:00,23:10:00,21-01-2024 23:01,Scammers Cnn Epik,Said Alicia Keys,Senator,R,Senator Lindsey Graham (SC),Senator Graham Citizens
748,medium,252,X,high,499,Z,low,393,Y,medium,297,Y,low,58,Y,low,11,STANDARD,europe,FREQUENT_ACCESS,"{""sku_id"":""0298-0912-675B"",""description"":""nearline storage tokyo"",""original_region"":""asia-northeast1""}",27-06-2024,18:11:00,21:48:00,27-06-2024 21:42,Assassination Question,Ravaged Nicaragua Category,Nominee,R,Brett M. Kavanaugh,Proud Judge Kavanaugh
749,high,160,Z,low,82,Y,medium,180,Z,high,419,X,medium,314,Y,high,85,STANDARD,europe,FREQUENT_ACCESS,"{""sku_id"":""0298-0912-675B"",""description"":""nearline storage tokyo"",""original_region"":""asia-northeast1""}",16-09-2024,07:28:00,08:25:00,16-09-2024 08:18,Scammers Cnn Epik,Actor Bob Odenkirk,Senator,R,Senator Lindsey Graham (SC),Senator Graham Citizens
750,medium,225,Z,medium,79,Y,high,466,X,low,258,X,medium,471,Z,high,440,STANDARD,europe,FREQUENT_ACCESS,"{""sku_id"":""0298-0912-675B"",""description"":""nearline storage tokyo"",""original_region"":""asia-northeast1""}",14-03-2024,12:24:00,14:32:00,14-03-2024 14:27,Cnnpolitics Polls Underestimating,2020 Presidential Election,Nominee,R,Brett M. Kavanaugh,Proud Judge Kavanaugh
751,low,258,X,low,304,Y,medium,216,X,medium,129,X,medium,68,Z,low,120,STANDARD,europe,FREQUENT_ACCESS,"{""sku_id"":""0298-0912-675B"",""description"":""nearline storage tokyo"",""original_region"":""asia-northeast1""}",31-01-2024,15:18:00,16:28:00,31-01-2024 16:20,Assassination Question,Ravaged Nicaragua Category,Senator,R,Senator Lindsey Graham (SC),Senator Graham Citizens
752,high,323,X,high,95,Y,medium,124,X,low,171,X,medium,35,X,medium,93,STANDARD,europe,FREQUENT_ACCESS,"{""sku_id"":""0298-0912-675B"",""description"":""nearline storage tokyo"",""original_region"":""asia-northeast1""}",30-05-2024,20:26:00,23:37:00,30-05-2024 23:32,Cnnpolitics Polls Underestimating,2020 Presidential Election,Nominee,R,Brett M. Kavanaugh,Proud Judge Kavanaugh
753,medium,464,X,medium,12,X,medium,375,Y,low,189,X,low,353,X,low,223,STANDARD,europe,FREQUENT_ACCESS,"{""sku_id"":""0298-0912-675B"",""description"":""nearline storage tokyo"",""original_region"":""asia-northeast1""}",28-07-2024,20:04:00,21:11:00,28-07-2024 21:07,Scammers Cnn Epik,Actor Bob Odenkirk,Senator,R,Senator Lindsey Graham (SC),Senator Graham Citizens
754,high,280,Z,low,347,X,high,310,Z,low,167,Y,medium,211,Y,low,199,STANDARD,europe,FREQUENT_ACCESS,"{""sku_id"":""0298-0912-675B"",""description"":""nearline storage tokyo"",""original_region"":""asia-northeast1""}",11-10-2024,20:35:00,00:09:00,12-10-2024 00:01,Making Racism,Ravaged Nicaragua Category,Nominee,R,Brett M. Kavanaugh,Proud Judge Kavanaugh
755,low,113,Z,high,479,X,medium,24,Y,medium,334,X,high,451,Y,low,496,STANDARD,europe,FREQUENT_ACCESS,"{""sku_id"":""0298-0912-675B"",""description"":""nearline storage tokyo"",""original_region"":""asia-northeast1""}",29-08-2024,14:35:00,18:22:00,29-08-2024 18:20,New Covid Lockdowns,Coronavirus Pandemic Late,Senator,R,Senator Lindsey Graham (SC),Senator Graham Citizens
756,low,420,Y,high,379,Z,medium,83,Z,low,399,Y,high,235,Z,low,51,STANDARD,europe,FREQUENT_ACCESS,"{""sku_id"":""0298-0912-675B"",""description"":""nearline storage tokyo"",""original_region"":""asia-northeast1""}",02-12-2024,08:02:00,08:35:00,02-12-2024 08:30,Assassination Question,Actor Bob Odenkirk,Nominee,R,Brett M. Kavanaugh,Proud Judge Kavanaugh
757,high,256,X,low,482,Y,medium,18,X,high,354,Z,low,260,X,low,420,STANDARD,europe,FREQUENT_ACCESS,"{""sku_id"":""0298-0912-675B"",""description"":""nearline storage tokyo"",""original_region"":""asia-northeast1""}",30-05-2024,13:08:00,16:51:00,30-05-2024 16:46,Assassination Question,Coronavirus Pandemic Late,Senator,R,Senator Lindsey Graham (SC),Senator Graham Citizens
758,low,432,Y,low,263,Y,medium,287,X,medium,279,X,high,30,Y,medium,114,STANDARD,europe,FREQUENT_ACCESS,"{""sku_id"":""0298-0912-675B"",""description"":""nearline storage tokyo"",""original_region"":""asia-northeast1""}",28-02-2024,11:33:00,12:41:00,28-02-2024 12:34,Assassination Question,Ravaged Nicaragua Category,Nominee,R,Brett M. Kavanaugh,Proud Judge Kavanaugh
759,low,283,X,low,307,Y,high,68,Z,medium,143,Y,medium,476,Y,medium,154,STANDARD,europe,FREQUENT_ACCESS,"{""sku_id"":""0298-0912-675B"",""description"":""nearline storage tokyo"",""original_region"":""asia-northeast1""}",05-12-2024,09:06:00,11:17:00,05-12-2024 11:07,New Covid Lockdowns,Said Alicia Keys,Senator,R,Senator Lindsey Graham (SC),Senator Graham Citizens
760,low,434,X,low,491,Z,low,161,Y,medium,39,Y,low,165,Y,low,242,STANDARD,europe,FREQUENT_ACCESS,"{""sku_id"":""0298-0912-675B"",""description"":""nearline storage tokyo"",""original_region"":""asia-northeast1""}",01-04-2024,14:34:00,16:25:00,01-04-2024 16:19,Apology Cnn Vatican,Actor Bob Odenkirk,Nominee,R,Brett M. Kavanaugh,Proud Judge Kavanaugh
761,low,324,X,medium,251,Z,low,55,X,high,398,Y,low,219,X,high,487,STANDARD,europe,FREQUENT_ACCESS,"{""sku_id"":""0298-0912-675B"",""description"":""nearline storage tokyo"",""original_region"":""asia-northeast1""}",03-03-2024,18:10:00,21:38:00,03-03-2024 21:30,Assassination Question,Actor Bob Odenkirk,Senator,R,Senator Lindsey Graham (SC),Senator Graham Citizens
762,medium,285,X,high,19,Z,medium,425,X,low,481,Z,high,314,Z,medium,117,STANDARD,europe,FREQUENT_ACCESS,"{""sku_id"":""0298-0912-675B"",""description"":""nearline storage tokyo"",""original_region"":""asia-northeast1""}",25-11-2024,12:52:00,14:01:00,25-11-2024 13:59,Assassination Question,Actor Bob Odenkirk,Nominee,R,Brett M. Kavanaugh,Proud Judge Kavanaugh
763,medium,164,X,low,119,X,medium,360,Z,low,27,Z,medium,428,Y,high,171,STANDARD,europe,FREQUENT_ACCESS,"{""sku_id"":""0298-0912-675B"",""description"":""nearline storage tokyo"",""original_region"":""asia-northeast1""}",26-02-2024,17:51:00,18:21:00,26-02-2024 18:15,Cnnpolitics Polls Underestimating,Actor Bob Odenkirk,Senator,R,Senator Lindsey Graham (SC),Senator Graham Citizens
764,low,128,Z,medium,310,X,low,272,Z,medium,65,Z,low,397,X,low,329,STANDARD,europe,FREQUENT_ACCESS,"{""sku_id"":""0298-0912-675B"",""description"":""nearline storage tokyo"",""original_region"":""asia-northeast1""}",26-12-2024,14:01:00,16:29:00,26-12-2024 16:25,Assassination Question,2020 Presidential Election,Nominee,R,Brett M. Kavanaugh,Proud Judge Kavanaugh
765,medium,49,Y,medium,428,Z,high,99,Z,low,107,Z,high,386,Y,low,335,STANDARD,europe,FREQUENT_ACCESS,"{""sku_id"":""0298-0912-675B"",""description"":""nearline storage tokyo"",""original_region"":""asia-northeast1""}",24-10-2024,07:52:00,09:29:00,24-10-2024 09:25,Assassination Question,Ravaged Nicaragua Category,Senator,R,Senator Lindsey Graham (SC),Senator Graham Citizens
766,low,274,Y,high,303,Z,low,336,Y,medium,398,X,high,236,X,low,183,STANDARD,europe,FREQUENT_ACCESS,"{""sku_id"":""0298-0912-675B"",""description"":""nearline storage tokyo"",""original_region"":""asia-northeast1""}",25-11-2024,21:38:00,01:33:00,26-11-2024 01:23,Assassination Question,Actor Bob Odenkirk,Nominee,R,Brett M. Kavanaugh,Proud Judge Kavanaugh
767,low,460,Y,medium,202,X,medium,183,Z,low,108,Y,low,44,Y,low,65,STANDARD,europe,FREQUENT_ACCESS,"{""sku_id"":""0298-0912-675B"",""description"":""nearline storage tokyo"",""original_region"":""asia-northeast1""}",19-05-2024,19:20:00,23:06:00,19-05-2024 23:03,Assassination Question,Ravaged Nicaragua Category,Senator,R,Senator Lindsey Graham (SC),Senator Graham Citizens
768,low,6,Z,high,160,Y,medium,122,Z,high,6,Y,medium,415,X,high,394,STANDARD,europe,FREQUENT_ACCESS,"{""sku_id"":""0298-0912-675B"",""description"":""nearline storage tokyo"",""original_region"":""asia-northeast1""}",12-12-2024,12:12:00,12:54:00,12-12-2024 12:51,Assassination Question,Actor Bob Odenkirk,Nominee,R,Brett M. Kavanaugh,Proud Judge Kavanaugh
769,low,476,Z,high,341,X,low,146,Y,high,167,Y,medium,236,X,low,450,STANDARD,europe,FREQUENT_ACCESS,"{""sku_id"":""0298-0912-675B"",""description"":""nearline storage tokyo"",""original_region"":""asia-northeast1""}",11-09-2024,14:13:00,15:42:00,11-09-2024 15:35,Assassination Question,Ravaged Nicaragua Category,Senator,D,Senator Dianne Feinstein (CA),Chairman Senator Feinstein
770,medium,429,Y,high,449,Z,high,30,X,low,182,Z,low,311,X,high,300,STANDARD,europe,FREQUENT_ACCESS,"{""sku_id"":""0298-0912-675B"",""description"":""nearline storage tokyo"",""original_region"":""asia-northeast1""}",30-03-2024,14:01:00,15:11:00,30-03-2024 15:07,Mbappe Neymar Prove,Lomachenko,Senator,R,Senator Lindsey Graham (SC),Senator Graham Citizens
771,medium,219,Z,low,139,Z,low,245,Z,medium,197,Y,low,455,Y,low,436,STANDARD,europe,FREQUENT_ACCESS,"{""sku_id"":""0298-0912-675B"",""description"":""nearline storage tokyo"",""original_region"":""asia-northeast1""}",19-03-2024,21:36:00,00:34:00,20-03-2024 00:32,New Covid Lockdowns,Coronavirus Pandemic Late,Nominee,R,Brett M. Kavanaugh,Proud Judge Kavanaugh
772,low,156,Y,low,229,Z,medium,376,Y,low,257,Y,low,158,Z,medium,126,STANDARD,europe,FREQUENT_ACCESS,"{""sku_id"":""0298-0912-675B"",""description"":""nearline storage tokyo"",""original_region"":""asia-northeast1""}",13-03-2024,21:15:00,23:06:00,13-03-2024 22:57,Mbappe Neymar Prove,Hold Fastest Marathon,Senator,R,Senator Lindsey Graham (SC),Senator Graham Citizens
773,medium,290,X,low,213,Z,medium,413,Y,medium,120,Z,medium,175,Y,low,40,STANDARD,europe,FREQUENT_ACCESS,"{""sku_id"":""0298-0912-675B"",""description"":""nearline storage tokyo"",""original_region"":""asia-northeast1""}",16-10-2024,21:01:00,22:54:00,16-10-2024 22:46,Scammers Cnn Epik,Niger State Television,Nominee,R,Brett M. Kavanaugh,Kavanaugh Dissents President
774,high,427,Z,medium,123,Y,medium,362,Z,medium,14,Z,low,85,Z,medium,40,STANDARD,europe,FREQUENT_ACCESS,"{""sku_id"":""0298-0912-675B"",""description"":""nearline storage tokyo"",""original_region"":""asia-northeast1""}",14-08-2024,16:02:00,16:50:00,14-08-2024 16:41,Scammers Cnn Epik,Ravaged Nicaragua Category,Senator,R,Senator Lindsey Graham (SC),Senator Graham Citizens
775,low,14,Z,low,202,X,low,437,X,high,53,Z,low,396,X,medium,451,STANDARD,europe,FREQUENT_ACCESS,"{""sku_id"":""0298-0912-675B"",""description"":""nearline storage tokyo"",""original_region"":""asia-northeast1""}",05-08-2024,15:21:00,17:41:00,05-08-2024 17:34,Mbappe Neymar Prove,Lomachenko,Nominee,R,Brett M. Kavanaugh,Proud Judge Kavanaugh
776,low,224,Y,medium,44,Z,medium,481,Z,low,367,Y,high,334,Z,medium,466,STANDARD,europe,FREQUENT_ACCESS,"{""sku_id"":""0298-0912-675B"",""description"":""nearline storage tokyo"",""original_region"":""asia-northeast1""}",31-01-2024,20:17:00,22:37:00,31-01-2024 22:28,Companies Pulling Russia,Help Russia,Senator,R,Senator Lindsey Graham (SC),Senator Graham Citizens
777,high,23,Y,low,265,Y,medium,111,X,medium,329,X,high,236,Y,low,172,STANDARD,europe,FREQUENT_ACCESS,"{""sku_id"":""0298-0912-675B"",""description"":""nearline storage tokyo"",""original_region"":""asia-northeast1""}",25-05-2024,07:57:00,10:28:00,25-05-2024 10:24,New Covid Lockdowns,Coronavirus Pandemic Late,Chairman,R,Senator Chuck Grassley (IA),Executive Privilege Limit
778,medium,322,Z,high,53,X,medium,216,X,high,130,Z,low,499,Z,low,60,STANDARD,europe,FREQUENT_ACCESS,"{""sku_id"":""0298-0912-675B"",""description"":""nearline storage tokyo"",""original_region"":""asia-northeast1""}",07-01-2024,13:17:00,17:03:00,07-01-2024 16:57,New Covid Lockdowns,Coronavirus Pandemic Late,Senator,D,Senator Dick Durbin (IL),Senator Durbin White
779,low,38,Y,high,237,Z,high,168,Y,low,470,Z,medium,15,X,high,374,STANDARD,europe,FREQUENT_ACCESS,"{""sku_id"":""0298-0912-675B"",""description"":""nearline storage tokyo"",""original_region"":""asia-northeast1""}",28-03-2024,21:07:00,00:22:00,29-03-2024 00:17,Golf Black Professional,Hold Fastest Marathon,Nominee,R,Brett M. Kavanaugh,Proud Judge Kavanaugh
780,medium,158,Y,medium,448,Y,high,342,Y,low,270,X,low,385,X,low,334,STANDARD,europe,FREQUENT_ACCESS,"{""sku_id"":""0298-0912-675B"",""description"":""nearline storage tokyo"",""original_region"":""asia-northeast1""}",05-11-2024,20:32:00,23:45:00,05-11-2024 23:42,Bob Baffert Suspended,Lomachenko,Senator,D,Senator Dick Durbin (IL),Kavanaugh Dissents President
781,medium,369,Z,medium,72,X,low,418,X,high,398,X,high,103,X,medium,323,STANDARD,europe,FREQUENT_ACCESS,"{""sku_id"":""0298-0912-675B"",""description"":""nearline storage tokyo"",""original_region"":""asia-northeast1""}",11-02-2024,18:14:00,19:41:00,11-02-2024 19:40,Golf Black Professional,Hold Fastest Marathon,Nominee,R,Brett M. Kavanaugh,Proud Judge Kavanaugh
782,low,375,X,high,125,Z,medium,444,Z,low,396,Y,high,391,X,high,315,STANDARD,europe,FREQUENT_ACCESS,"{""sku_id"":""0298-0912-675B"",""description"":""nearline storage tokyo"",""original_region"":""asia-northeast1""}",15-03-2024,06:24:00,09:07:00,15-03-2024 08:57,Cnn Montana Nonprofit,Point Tally Nba,Senator,D,Senator Dick Durbin (IL),Executive Privilege Limit
783,low,113,Y,low,360,X,high,68,Y,low,150,X,low,241,X,low,20,STANDARD,europe,FREQUENT_ACCESS,"{""sku_id"":""0298-0912-675B"",""description"":""nearline storage tokyo"",""original_region"":""asia-northeast1""}",13-01-2024,20:08:00,21:42:00,13-01-2024 21:32,Mbappe Neymar Prove,Lomachenko,Nominee,R,Brett M. Kavanaugh,Kavanaugh Dissents President
784,high,256,Z,medium,453,Z,medium,257,Z,high,295,Y,low,117,Z,high,334,STANDARD,europe,FREQUENT_ACCESS,"{""sku_id"":""0298-0912-675B"",""description"":""nearline storage tokyo"",""original_region"":""asia-northeast1""}",10-05-2024,17:35:00,21:27:00,10-05-2024 21:22,Scammers Cnn Epik,Turned Movie Different,Senator,D,Senator Dick Durbin (IL),Senator Durbin White
785,high,92,X,high,229,Y,high,58,Z,medium,296,Y,low,28,Z,medium,242,STANDARD,europe,FREQUENT_ACCESS,"{""sku_id"":""0298-0912-675B"",""description"":""nearline storage tokyo"",""original_region"":""asia-northeast1""}",24-03-2024,06:59:00,08:11:00,24-03-2024 08:04,Cnn Montana Nonprofit,Niger State Television,Nominee,R,Brett M. Kavanaugh,Kavanaugh Dissents President
786,high,295,X,low,60,X,low,164,Y,low,227,X,low,310,Z,medium,15,STANDARD,europe,FREQUENT_ACCESS,"{""sku_id"":""0298-0912-675B"",""description"":""nearline storage tokyo"",""original_region"":""asia-northeast1""}",26-11-2024,19:07:00,20:29:00,26-11-2024 20:20,Companies Pulling Russia,Help Russia,Senator,D,Senator Dick Durbin (IL),Senator Durbin White
787,low,4,Y,high,119,Z,medium,239,Y,high,317,Z,medium,80,Y,high,427,STANDARD,europe,FREQUENT_ACCESS,"{""sku_id"":""0298-0912-675B"",""description"":""nearline storage tokyo"",""original_region"":""asia-northeast1""}",21-02-2024,18:22:00,20:15:00,21-02-2024 20:06,New Covid Lockdowns,Coronavirus Pandemic Late,Nominee,R,Brett M. Kavanaugh,Proud Judge Kavanaugh
788,high,406,X,high,491,Z,medium,309,Y,medium,168,X,high,224,X,high,14,STANDARD,europe,FREQUENT_ACCESS,"{""sku_id"":""0298-0912-675B"",""description"":""nearline storage tokyo"",""original_region"":""asia-northeast1""}",09-11-2024,20:04:00,22:37:00,09-11-2024 22:34,Winter Olympics Don,Coronavirus Pandemic Late,Senator,D,Senator Dick Durbin (IL),Proud Judge Kavanaugh
789,medium,11,Y,high,252,Y,high,395,Z,medium,49,Y,high,475,Z,medium,116,STANDARD,europe,FREQUENT_ACCESS,"{""sku_id"":""0298-0912-675B"",""description"":""nearline storage tokyo"",""original_region"":""asia-northeast1""}",27-09-2024,19:39:00,22:42:00,27-09-2024 22:34,Mbappe Neymar Prove,Lomachenko,Nominee,R,Brett M. Kavanaugh,Proud Judge Kavanaugh
790,medium,304,X,low,416,Z,high,497,Z,high,22,Z,low,443,X,low,147,STANDARD,europe,FREQUENT_ACCESS,"{""sku_id"":""0298-0912-675B"",""description"":""nearline storage tokyo"",""original_region"":""asia-northeast1""}",17-10-2024,06:28:00,07:51:00,17-10-2024 07:47,Companies Pulling Russia,Rwigara Mother Adeline,Senator,D,Senator Dick Durbin (IL),Senator Durbin White
791,high,202,Y,low,7,Y,medium,167,X,low,223,X,low,246,Z,high,391,STANDARD,europe,FREQUENT_ACCESS,"{""sku_id"":""0298-0912-675B"",""description"":""nearline storage tokyo"",""original_region"":""asia-northeast1""}",31-03-2024,16:36:00,18:26:00,31-03-2024 18:21,Abortion Travel,International Women,Nominee,R,Brett M. Kavanaugh,Kavanaugh Dissents President
792,medium,111,Y,low,58,X,high,279,Y,medium,456,X,high,365,Y,low,40,STANDARD,europe,FREQUENT_ACCESS,"{""sku_id"":""0298-0912-675B"",""description"":""nearline storage tokyo"",""original_region"":""asia-northeast1""}",12-04-2024,20:27:00,22:17:00,12-04-2024 22:13,Smitten Aussie Tennis,Said Alicia Keys,Senator,D,Senator Dick Durbin (IL),Senator Durbin White
793,low,270,X,high,102,Z,medium,34,X,medium,107,Z,high,411,X,high,192,STANDARD,europe,FREQUENT_ACCESS,"{""sku_id"":""0298-0912-675B"",""description"":""nearline storage tokyo"",""original_region"":""asia-northeast1""}",22-04-2024,15:33:00,18:08:00,22-04-2024 18:06,New Covid Lockdowns,Coronavirus Pandemic Late,Nominee,R,Brett M. Kavanaugh,Kavanaugh Dissents President
794,low,70,Y,high,43,Z,medium,55,X,low,295,Z,medium,303,Y,medium,183,STANDARD,europe,FREQUENT_ACCESS,"{""sku_id"":""0298-0912-675B"",""description"":""nearline storage tokyo"",""original_region"":""asia-northeast1""}",06-07-2024,20:08:00,23:20:00,06-07-2024 23:15,Winter Olympics Don,Qualifying Winter Olympics,Senator,D,Senator Dick Durbin (IL),Senator Durbin White
795,high,289,X,high,229,X,medium,483,Z,low,279,X,high,103,Z,medium,207,STANDARD,europe,FREQUENT_ACCESS,"{""sku_id"":""0298-0912-675B"",""description"":""nearline storage tokyo"",""original_region"":""asia-northeast1""}",30-10-2024,20:04:00,21:20:00,30-10-2024 21:15,New Covid Lockdowns,Coronavirus Pandemic Late,Nominee,R,Brett M. Kavanaugh,Proud Judge Kavanaugh
796,medium,322,X,low,401,Y,medium,469,Y,medium,315,X,low,405,Y,high,436,STANDARD,europe,FREQUENT_ACCESS,"{""sku_id"":""0298-0912-675B"",""description"":""nearline storage tokyo"",""original_region"":""asia-northeast1""}",24-02-2024,10:52:00,12:18:00,24-02-2024 12:10,Companies Pulling Russia,Help Russia,Senator,D,Senator Dick Durbin (IL),Executive Privilege Limit
797,medium,420,Y,high,195,Z,high,469,Z,low,92,Z,low,236,Z,high,162,STANDARD,europe,FREQUENT_ACCESS,"{""sku_id"":""0298-0912-675B"",""description"":""nearline storage tokyo"",""original_region"":""asia-northeast1""}",03-08-2024,13:50:00,15:13:00,03-08-2024 15:06,Bob Baffert Suspended,Qualifying Winter Olympics,Nominee,R,Brett M. Kavanaugh,Proud Judge Kavanaugh
798,medium,180,X,high,39,Z,high,130,Z,low,220,Y,medium,261,Z,low,177,STANDARD,europe,FREQUENT_ACCESS,"{""sku_id"":""0298-0912-675B"",""description"":""nearline storage tokyo"",""original_region"":""asia-northeast1""}",08-09-2024,14:11:00,16:10:00,08-09-2024 16:03,New Covid Lockdowns,Turned Movie Different,Senator,D,Senator Dick Durbin (IL),Senator Durbin White
799,low,229,Z,low,53,X,medium,325,X,medium,404,Y,high,390,X,high,204,STANDARD,europe,FREQUENT_ACCESS,"{""sku_id"":""0298-0912-675B"",""description"":""nearline storage tokyo"",""original_region"":""asia-northeast1""}",09-02-2024,13:25:00,13:48:00,09-02-2024 13:41,Bob Baffert Suspended,Actor Bob Odenkirk,Nominee,R,Brett M. Kavanaugh,Proud Judge Kavanaugh
800,medium,478,X,medium,131,X,high,114,Y,high,186,Y,low,285,Z,medium,196,STANDARD,europe,FREQUENT_ACCESS,"{""sku_id"":""0298-0912-675B"",""description"":""nearline storage tokyo"",""original_region"":""asia-northeast1""}",17-08-2024,06:18:00,09:41:00,17-08-2024 09:39,Companies Pulling Russia,Rwigara Mother Adeline,Senator,D,Senator Dick Durbin (IL),Senator Durbin White
801,high,376,Y,high,363,Z,low,340,X,low,467,Y,low,174,Z,medium,40,STANDARD,europe,FREQUENT_ACCESS,"{""sku_id"":""0298-0912-675B"",""description"":""nearline storage tokyo"",""original_region"":""asia-northeast1""}",22-06-2024,15:19:00,18:36:00,22-06-2024 18:32,Winter Olympics Don,Qualifying Winter Olympics,Chairman,R,Senator Chuck Grassley (IA),Executive Privilege Limit
802,low,2,X,low,400,Y,medium,242,Z,low,23,Z,medium,236,X,medium,133,STANDARD,europe,FREQUENT_ACCESS,"{""sku_id"":""0298-0912-675B"",""description"":""nearline storage tokyo"",""original_region"":""asia-northeast1""}",28-05-2024,10:00:00,12:51:00,28-05-2024 12:47,Mbappe Neymar Prove,Lomachenko,Senator,D,Senator Dick Durbin (IL),Executive Privilege Limit
803,high,144,Y,low,269,Y,medium,466,X,low,41,X,medium,236,Y,low,56,STANDARD,europe,FREQUENT_ACCESS,"{""sku_id"":""0298-0912-675B"",""description"":""nearline storage tokyo"",""original_region"":""asia-northeast1""}",10-07-2024,07:47:00,09:08:00,10-07-2024 08:59,Apology Cnn Vatican,Actor Bob Odenkirk,Chairman,R,Senator Chuck Grassley (IA),Executive Privilege Limit
804,low,12,X,medium,453,X,low,186,Y,low,84,X,medium,372,Z,low,210,STANDARD,europe,FREQUENT_ACCESS,"{""sku_id"":""0298-0912-675B"",""description"":""nearline storage tokyo"",""original_region"":""asia-northeast1""}",10-11-2024,11:45:00,13:16:00,10-11-2024 13:08,Golf Black Professional,Hold Fastest Marathon,Senator,D,Senator Dick Durbin (IL),Executive Privilege Limit
805,low,118,Z,medium,464,X,medium,321,X,medium,121,Z,high,496,X,medium,41,STANDARD,europe,FREQUENT_ACCESS,"{""sku_id"":""0298-0912-675B"",""description"":""nearline storage tokyo"",""original_region"":""asia-northeast1""}",05-03-2024,08:25:00,10:45:00,05-03-2024 10:42,New Covid Lockdowns,Coronavirus Pandemic Late,Chairman,R,Senator Chuck Grassley (IA),Chairman Grassley Appreciate
806,low,389,X,medium,383,Y,high,329,Y,medium,212,X,high,389,X,high,398,STANDARD,europe,FREQUENT_ACCESS,"{""sku_id"":""0298-0912-675B"",""description"":""nearline storage tokyo"",""original_region"":""asia-northeast1""}",17-09-2024,06:13:00,06:58:00,17-09-2024 06:48,Bob Baffert Suspended,Actor Bob Odenkirk,Senator,D,Senator Dick Durbin (IL),Senator Durbin White
807,medium,420,Y,high,39,Y,high,394,X,medium,456,Z,low,158,X,low,446,STANDARD,europe,FREQUENT_ACCESS,"{""sku_id"":""0298-0912-675B"",""description"":""nearline storage tokyo"",""original_region"":""asia-northeast1""}",05-09-2024,10:17:00,13:42:00,05-09-2024 13:39,Smitten Aussie Tennis,Hold Fastest Marathon,Chairman,R,Senator Chuck Grassley (IA),Chairman Grassley Appreciate
808,low,228,Z,medium,444,Y,high,26,Z,high,120,Y,medium,55,X,medium,415,STANDARD,europe,FREQUENT_ACCESS,"{""sku_id"":""0298-0912-675B"",""description"":""nearline storage tokyo"",""original_region"":""asia-northeast1""}",25-11-2024,15:59:00,17:11:00,25-11-2024 17:09,New Covid Lockdowns,Coronavirus Pandemic Late,Senator,D,Senator Dick Durbin (IL),Executive Privilege Limit
809,medium,420,Y,high,454,Z,low,231,Z,medium,178,X,low,236,X,medium,402,STANDARD,europe,FREQUENT_ACCESS,"{""sku_id"":""0298-0912-675B"",""description"":""nearline storage tokyo"",""original_region"":""asia-northeast1""}",26-02-2024,20:46:00,22:13:00,26-02-2024 22:09,Golf Black Professional,Hold Fastest Marathon,Nominee,R,Brett M. Kavanaugh,Proud Judge Kavanaugh
810,medium,185,Z,low,279,X,low,226,Y,medium,22,Y,high,428,Z,medium,210,STANDARD,europe,FREQUENT_ACCESS,"{""sku_id"":""0298-0912-675B"",""description"":""nearline storage tokyo"",""original_region"":""asia-northeast1""}",25-08-2024,16:59:00,19:54:00,25-08-2024 19:47,Golf Black Professional,Hold Fastest Marathon,Senator,D,Senator Dick Durbin (IL),Senator Durbin White
811,medium,238,X,low,299,Z,medium,114,X,high,357,Y,low,317,Z,high,349,STANDARD,europe,FREQUENT_ACCESS,"{""sku_id"":""0298-0912-675B"",""description"":""nearline storage tokyo"",""original_region"":""asia-northeast1""}",28-08-2024,09:06:00,11:37:00,28-08-2024 11:30,Basketball Legend Says,Point Tally Nba,Nominee,R,Brett M. Kavanaugh,Proud Judge Kavanaugh
812,high,414,X,low,389,Z,low,402,Z,low,273,Y,low,160,Z,high,198,STANDARD,europe,FREQUENT_ACCESS,"{""sku_id"":""0298-0912-675B"",""description"":""nearline storage tokyo"",""original_region"":""asia-northeast1""}",14-08-2024,16:44:00,19:52:00,14-08-2024 19:51,Mbappe Neymar Prove,Lomachenko,Senator,D,Senator Dick Durbin (IL),Executive Privilege Limit
813,medium,137,Z,low,296,Z,low,416,Y,low,22,Z,medium,44,Y,high,427,STANDARD,europe,FREQUENT_ACCESS,"{""sku_id"":""0298-0912-675B"",""description"":""nearline storage tokyo"",""original_region"":""asia-northeast1""}",08-05-2024,17:03:00,20:54:00,08-05-2024 20:49,Cnn Montana Nonprofit,Ravaged Nicaragua Category,Nominee,R,Brett M. Kavanaugh,Proud Judge Kavanaugh
814,low,159,X,low,172,Y,medium,40,Y,low,232,X,high,126,Z,low,97,STANDARD,europe,FREQUENT_ACCESS,"{""sku_id"":""0298-0912-675B"",""description"":""nearline storage tokyo"",""original_region"":""asia-northeast1""}",22-03-2024,08:47:00,10:25:00,22-03-2024 10:23,New Covid Lockdowns,2020 Presidential Election,Senator,D,Senator Dick Durbin (IL),Proud Judge Kavanaugh
815,high,68,Y,high,348,X,medium,342,X,low,109,X,medium,358,X,low,70,STANDARD,europe,FREQUENT_ACCESS,"{""sku_id"":""0298-0912-675B"",""description"":""nearline storage tokyo"",""original_region"":""asia-northeast1""}",29-12-2024,21:23:00,22:47:00,29-12-2024 22:39,Golf Black Professional,Hold Fastest Marathon,Nominee,R,Brett M. Kavanaugh,Proud Judge Kavanaugh
816,low,109,X,low,392,Z,high,430,X,medium,279,Y,low,334,X,low,487,STANDARD,europe,FREQUENT_ACCESS,"{""sku_id"":""0298-0912-675B"",""description"":""nearline storage tokyo"",""original_region"":""asia-northeast1""}",23-08-2024,08:10:00,09:46:00,23-08-2024 09:40,Golf Black Professional,Hold Fastest Marathon,Senator,D,Senator Dick Durbin (IL),Senator Durbin White
817,high,18,Y,high,70,Y,low,144,Y,high,142,Y,low,225,X,medium,180,STANDARD,europe,FREQUENT_ACCESS,"{""sku_id"":""0298-0912-675B"",""description"":""nearline storage tokyo"",""original_region"":""asia-northeast1""}",14-05-2024,13:08:00,14:45:00,14-05-2024 14:37,Bob Baffert Suspended,Ravaged Nicaragua Category,Nominee,R,Brett M. Kavanaugh,Proud Judge Kavanaugh
818,low,407,Y,low,339,Y,high,316,Y,medium,392,Z,high,166,X,medium,155,STANDARD,europe,FREQUENT_ACCESS,"{""sku_id"":""0298-0912-675B"",""description"":""nearline storage tokyo"",""original_region"":""asia-northeast1""}",31-05-2024,12:19:00,13:42:00,31-05-2024 13:35,Voice Cnn Masai,Turned Movie Different,Senator,D,Senator Dick Durbin (IL),Senator Durbin White
819,high,426,Z,low,86,Z,medium,311,Z,low,28,Y,medium,87,Z,medium,334,STANDARD,europe,FREQUENT_ACCESS,"{""sku_id"":""0298-0912-675B"",""description"":""nearline storage tokyo"",""original_region"":""asia-northeast1""}",14-08-2024,16:27:00,19:07:00,14-08-2024 19:02,Mbappe Neymar Prove,Lomachenko,Nominee,R,Brett M. Kavanaugh,Executive Privilege Limit
820,low,210,Y,low,287,X,medium,9,X,high,299,Z,low,486,Z,medium,171,STANDARD,europe,FREQUENT_ACCESS,"{""sku_id"":""0298-0912-675B"",""description"":""nearline storage tokyo"",""original_region"":""asia-northeast1""}",23-01-2024,14:57:00,16:51:00,23-01-2024 16:47,New Covid Lockdowns,2020 Presidential Election,Senator,D,Senator Dick Durbin (IL),Senator Durbin White
821,medium,296,Z,low,53,Y,medium,408,X,high,396,Y,high,215,Z,high,373,STANDARD,europe,FREQUENT_ACCESS,"{""sku_id"":""0298-0912-675B"",""description"":""nearline storage tokyo"",""original_region"":""asia-northeast1""}",01-06-2024,11:15:00,12:00:00,01-06-2024 11:58,Companies Pulling Russia,Rwigara Mother Adeline,Nominee,R,Brett M. Kavanaugh,Proud Judge Kavanaugh
822,high,124,Z,medium,496,Z,low,375,Z,medium,0,Y,low,383,Z,medium,214,STANDARD,europe,FREQUENT_ACCESS,"{""sku_id"":""0298-0912-675B"",""description"":""nearline storage tokyo"",""original_region"":""asia-northeast1""}",15-02-2024,12:01:00,14:44:00,15-02-2024 14:40,New Covid Lockdowns,Coronavirus Pandemic Late,Senator,D,Senator Dick Durbin (IL),Senator Durbin White
823,medium,22,Z,low,333,X,high,135,Z,high,452,Z,medium,230,Z,medium,391,STANDARD,europe,FREQUENT_ACCESS,"{""sku_id"":""0298-0912-675B"",""description"":""nearline storage tokyo"",""original_region"":""asia-northeast1""}",02-02-2024,13:13:00,16:00:00,02-02-2024 15:51,Smitten Aussie Tennis,Turned Movie Different,Nominee,R,Brett M. Kavanaugh,Proud Judge Kavanaugh
824,low,257,Z,low,234,Y,high,157,Z,medium,279,Z,medium,236,Y,medium,40,STANDARD,europe,FREQUENT_ACCESS,"{""sku_id"":""0298-0912-675B"",""description"":""nearline storage tokyo"",""original_region"":""asia-northeast1""}",24-08-2024,07:43:00,10:29:00,24-08-2024 10:24,Basketball Legend Says,Actor Bob Odenkirk,Senator,D,Senator Dick Durbin (IL),Guns Roe Wade
825,low,79,X,high,251,Z,high,384,Z,medium,139,X,low,320,X,low,363,STANDARD,europe,FREQUENT_ACCESS,"{""sku_id"":""0298-0912-675B"",""description"":""nearline storage tokyo"",""original_region"":""asia-northeast1""}",17-03-2024,06:02:00,07:36:00,17-03-2024 07:26,Bob Baffert Suspended,Lomachenko,Nominee,R,Brett M. Kavanaugh,Proud Judge Kavanaugh
826,high,424,Y,low,309,Y,low,400,X,medium,241,Y,high,177,X,low,164,STANDARD,europe,FREQUENT_ACCESS,"{""sku_id"":""0298-0912-675B"",""description"":""nearline storage tokyo"",""original_region"":""asia-northeast1""}",11-04-2024,09:45:00,13:37:00,11-04-2024 13:30,Golf Black Professional,Point Tally Nba,Senator,D,Senator Dick Durbin (IL),Senator Durbin White
827,medium,139,X,low,229,X,medium,36,Z,low,340,Z,low,468,Z,low,211,STANDARD,europe,FREQUENT_ACCESS,"{""sku_id"":""0298-0912-675B"",""description"":""nearline storage tokyo"",""original_region"":""asia-northeast1""}",03-02-2024,14:23:00,16:48:00,03-02-2024 16:39,Golf Black Professional,Hold Fastest Marathon,Nominee,R,Brett M. Kavanaugh,Guns Roe Wade
828,low,368,X,high,254,Z,medium,179,Y,low,258,X,high,228,Y,low,465,STANDARD,europe,FREQUENT_ACCESS,"{""sku_id"":""0298-0912-675B"",""description"":""nearline storage tokyo"",""original_region"":""asia-northeast1""}",26-10-2024,10:51:00,12:18:00,26-10-2024 12:11,Mbappe Neymar Prove,Lomachenko,Senator,D,Senator Dick Durbin (IL),Guns Roe Wade
829,low,131,Y,medium,357,X,high,312,Y,medium,378,Z,low,382,Z,low,241,STANDARD,europe,FREQUENT_ACCESS,"{""sku_id"":""0298-0912-675B"",""description"":""nearline storage tokyo"",""original_region"":""asia-northeast1""}",20-09-2024,06:54:00,07:24:00,20-09-2024 07:19,Mbappe Neymar Prove,Lomachenko,Nominee,R,Brett M. Kavanaugh,Proud Judge Kavanaugh
830,medium,63,Y,high,130,Z,medium,63,Z,high,444,Z,high,458,X,low,37,STANDARD,europe,FREQUENT_ACCESS,"{""sku_id"":""0298-0912-675B"",""description"":""nearline storage tokyo"",""original_region"":""asia-northeast1""}",05-04-2024,07:37:00,11:17:00,05-04-2024 11:12,Golf Black Professional,Lomachenko,Senator,D,Senator Dick Durbin (IL),Senator Durbin White
831,medium,274,X,high,239,Y,medium,499,X,high,179,X,medium,191,Y,low,229,STANDARD,europe,FREQUENT_ACCESS,"{""sku_id"":""0298-0912-675B"",""description"":""nearline storage tokyo"",""original_region"":""asia-northeast1""}",29-06-2024,09:17:00,11:43:00,29-06-2024 11:38,Smitten Aussie Tennis,Said Alicia Keys,Nominee,R,Brett M. Kavanaugh,Proud Judge Kavanaugh
832,high,91,Z,high,165,X,medium,104,X,low,54,Y,medium,117,X,low,40,STANDARD,europe,FREQUENT_ACCESS,"{""sku_id"":""0298-0912-675B"",""description"":""nearline storage tokyo"",""original_region"":""asia-northeast1""}",14-04-2024,09:03:00,09:22:00,14-04-2024 09:16,Basketball Legend Says,Point Tally Nba,Senator,D,Senator Dick Durbin (IL),Guns Roe Wade
833,high,199,Z,low,80,Y,low,433,Z,low,215,Y,low,484,Y,low,237,STANDARD,europe,FREQUENT_ACCESS,"{""sku_id"":""0298-0912-675B"",""description"":""nearline storage tokyo"",""original_region"":""asia-northeast1""}",22-07-2024,09:14:00,10:40:00,22-07-2024 10:30,Bob Baffert Suspended,Lomachenko,Nominee,R,Brett M. Kavanaugh,Guns Roe Wade
834,medium,146,X,medium,489,Y,high,68,Z,medium,299,Y,medium,392,Y,high,108,STANDARD,europe,FREQUENT_ACCESS,"{""sku_id"":""0298-0912-675B"",""description"":""nearline storage tokyo"",""original_region"":""asia-northeast1""}",11-06-2024,07:29:00,09:02:00,11-06-2024 08:55,Apology Cnn Vatican,Actor Bob Odenkirk,Senator,D,Senator Dick Durbin (IL),Guns Roe Wade
835,low,441,X,medium,229,Z,high,437,Y,high,387,Y,high,395,Y,low,321,STANDARD,europe,FREQUENT_ACCESS,"{""sku_id"":""0298-0912-675B"",""description"":""nearline storage tokyo"",""original_region"":""asia-northeast1""}",13-11-2024,16:08:00,16:45:00,13-11-2024 16:36,New Covid Lockdowns,Coronavirus Pandemic Late,Nominee,R,Brett M. Kavanaugh,Guns Roe Wade
836,high,251,X,high,196,Y,low,20,X,medium,141,Z,low,473,X,high,117,STANDARD,europe,FREQUENT_ACCESS,"{""sku_id"":""0298-0912-675B"",""description"":""nearline storage tokyo"",""original_region"":""asia-northeast1""}",20-06-2024,07:46:00,10:12:00,20-06-2024 10:08,Winter Olympics Don,Qualifying Winter Olympics,Senator,D,Senator Dick Durbin (IL),Senator Durbin White
837,low,359,X,medium,169,Y,medium,68,Z,high,464,Z,medium,13,Z,high,232,STANDARD,europe,FREQUENT_ACCESS,"{""sku_id"":""0298-0912-675B"",""description"":""nearline storage tokyo"",""original_region"":""asia-northeast1""}",17-05-2024,19:11:00,22:10:00,17-05-2024 22:02,Apology Cnn Vatican,Ravaged Nicaragua Category,Nominee,R,Brett M. Kavanaugh,Proud Judge Kavanaugh
838,low,294,X,high,339,Z,high,180,X,high,18,Y,medium,472,Z,high,477,STANDARD,europe,FREQUENT_ACCESS,"{""sku_id"":""0298-0912-675B"",""description"":""nearline storage tokyo"",""original_region"":""asia-northeast1""}",15-09-2024,19:54:00,20:26:00,15-09-2024 20:23,Companies Pulling Russia,Help Russia,Senator,D,Senator Dick Durbin (IL),Senator Durbin White
839,high,455,X,high,54,X,low,230,Y,high,290,X,medium,58,Y,medium,318,STANDARD,europe,FREQUENT_ACCESS,"{""sku_id"":""0298-0912-675B"",""description"":""nearline storage tokyo"",""original_region"":""asia-northeast1""}",14-07-2024,09:24:00,10:16:00,14-07-2024 10:14,Voice Cnn Masai,Actor Bob Odenkirk,Nominee,R,Brett M. Kavanaugh,Guns Roe Wade
840,high,219,Z,high,283,Y,medium,54,Y,medium,218,Z,low,72,Y,low,354,STANDARD,europe,FREQUENT_ACCESS,"{""sku_id"":""0298-0912-675B"",""description"":""nearline storage tokyo"",""original_region"":""asia-northeast1""}",12-11-2024,20:31:00,22:17:00,12-11-2024 22:16,Mbappe Neymar Prove,Lomachenko,Senator,D,Senator Dick Durbin (IL),Senator Durbin White
841,high,431,X,high,115,Z,medium,338,Y,medium,279,Y,low,109,X,medium,40,STANDARD,europe,FREQUENT_ACCESS,"{""sku_id"":""0298-0912-675B"",""description"":""nearline storage tokyo"",""original_region"":""asia-northeast1""}",21-02-2024,09:07:00,10:10:00,21-02-2024 10:05,Bob Baffert Suspended,Hold Fastest Marathon,Nominee,R,Brett M. Kavanaugh,Proud Judge Kavanaugh
842,low,420,X,high,444,X,medium,311,X,low,141,Z,high,56,Y,medium,459,STANDARD,europe,FREQUENT_ACCESS,"{""sku_id"":""0298-0912-675B"",""description"":""nearline storage tokyo"",""original_region"":""asia-northeast1""}",20-10-2024,10:34:00,12:43:00,20-10-2024 12:40,Golf Black Professional,Coronavirus Pandemic Late,Senator,D,Senator Dick Durbin (IL),Senator Durbin White
843,low,460,Y,high,392,X,medium,68,Z,high,465,Z,medium,41,Y,high,443,STANDARD,europe,FREQUENT_ACCESS,"{""sku_id"":""0298-0912-675B"",""description"":""nearline storage tokyo"",""original_region"":""asia-northeast1""}",25-06-2024,16:44:00,18:59:00,25-06-2024 18:54,New Covid Lockdowns,Coronavirus Pandemic Late,Nominee,R,Brett M. Kavanaugh,Proud Judge Kavanaugh
844,medium,347,Y,medium,378,X,high,236,Z,low,0,X,high,62,X,low,428,STANDARD,europe,FREQUENT_ACCESS,"{""sku_id"":""0298-0912-675B"",""description"":""nearline storage tokyo"",""original_region"":""asia-northeast1""}",17-02-2024,12:22:00,13:52:00,17-02-2024 13:45,Scammers Cnn Epik,Ravaged Nicaragua Category,Senator,D,Senator Dick Durbin (IL),Senator Durbin White
845,low,490,Z,medium,72,Z,low,276,X,high,407,Y,medium,242,Y,low,170,STANDARD,europe,FREQUENT_ACCESS,"{""sku_id"":""0298-0912-675B"",""description"":""nearline storage tokyo"",""original_region"":""asia-northeast1""}",05-03-2024,13:10:00,15:48:00,05-03-2024 15:44,Mbappe Neymar Prove,Lomachenko,Nominee,R,Brett M. Kavanaugh,Proud Judge Kavanaugh
846,high,372,X,medium,40,Y,low,343,Z,medium,246,X,medium,186,Z,medium,312,STANDARD,europe,FREQUENT_ACCESS,"{""sku_id"":""0298-0912-675B"",""description"":""nearline storage tokyo"",""original_region"":""asia-northeast1""}",10-09-2024,09:41:00,12:23:00,10-09-2024 12:16,Scammers Cnn Epik,Niger State Television,Senator,D,Senator Dick Durbin (IL),Senator Durbin White
847,high,155,X,high,229,X,medium,269,Y,low,257,Y,low,170,X,high,409,STANDARD,europe,FREQUENT_ACCESS,"{""sku_id"":""0298-0912-675B"",""description"":""nearline storage tokyo"",""original_region"":""asia-northeast1""}",10-05-2024,08:44:00,11:29:00,10-05-2024 11:26,Basketball Legend Says,Point Tally Nba,Nominee,R,Brett M. Kavanaugh,Kavanaugh Dissents President
848,medium,78,Y,low,177,Z,high,29,Z,high,155,Z,medium,85,Y,low,279,STANDARD,europe,FREQUENT_ACCESS,"{""sku_id"":""0298-0912-675B"",""description"":""nearline storage tokyo"",""original_region"":""asia-northeast1""}",07-09-2024,16:56:00,18:47:00,07-09-2024 18:39,Golf Black Professional,Turned Movie Different,Senator,D,Senator Dick Durbin (IL),Chairman Senator Feinstein
849,low,104,Y,medium,362,Z,medium,271,X,high,195,Y,high,486,Z,high,63,STANDARD,europe,FREQUENT_ACCESS,"{""sku_id"":""0298-0912-675B"",""description"":""nearline storage tokyo"",""original_region"":""asia-northeast1""}",17-09-2024,16:35:00,19:02:00,17-09-2024 18:57,Scammers Cnn Epik,Ravaged Nicaragua Category,Nominee,R,Brett M. Kavanaugh,Kavanaugh Dissents President
850,low,286,Y,medium,355,X,low,174,Z,medium,217,X,low,166,Z,high,254,STANDARD,europe,FREQUENT_ACCESS,"{""sku_id"":""0298-0912-675B"",""description"":""nearline storage tokyo"",""original_region"":""asia-northeast1""}",18-11-2024,20:11:00,22:03:00,18-11-2024 21:56,Golf Black Professional,Actor Bob Odenkirk,Senator,D,Senator Dick Durbin (IL),Senator Durbin White
851,medium,82,X,medium,198,Z,low,205,Z,low,155,Y,low,236,Z,medium,108,STANDARD,europe,FREQUENT_ACCESS,"{""sku_id"":""0298-0912-675B"",""description"":""nearline storage tokyo"",""original_region"":""asia-northeast1""}",17-05-2024,08:29:00,12:20:00,17-05-2024 12:16,Golf Black Professional,Hold Fastest Marathon,Nominee,R,Brett M. Kavanaugh,Proud Judge Kavanaugh
852,low,118,Y,medium,80,Z,high,185,Z,medium,5,X,low,71,Y,medium,40,STANDARD,europe,FREQUENT_ACCESS,"{""sku_id"":""0298-0912-675B"",""description"":""nearline storage tokyo"",""original_region"":""asia-northeast1""}",30-05-2024,17:16:00,19:23:00,30-05-2024 19:14,Companies Pulling Russia,Rwigara Mother Adeline,Senator,D,Senator Dick Durbin (IL),Guns Roe Wade
853,low,314,Z,low,229,Z,low,176,Z,high,200,X,medium,106,Y,medium,40,STANDARD,europe,FREQUENT_ACCESS,"{""sku_id"":""0298-0912-675B"",""description"":""nearline storage tokyo"",""original_region"":""asia-northeast1""}",18-12-2024,10:37:00,14:18:00,18-12-2024 14:09,Cnn Montana Nonprofit,Niger State Television,Nominee,R,Brett M. Kavanaugh,Proud Judge Kavanaugh
854,low,166,Z,high,229,X,low,118,Z,low,200,Y,low,117,Y,high,350,STANDARD,europe,FREQUENT_ACCESS,"{""sku_id"":""0298-0912-675B"",""description"":""nearline storage tokyo"",""original_region"":""asia-northeast1""}",11-01-2024,11:39:00,12:38:00,11-01-2024 12:37,Cnn Montana Nonprofit,Point Tally Nba,Senator,D,Senator Dick Durbin (IL),Senator Durbin White
855,high,340,Z,low,126,X,medium,165,Z,low,279,Z,high,485,Z,low,275,STANDARD,europe,FREQUENT_ACCESS,"{""sku_id"":""0298-0912-675B"",""description"":""nearline storage tokyo"",""original_region"":""asia-northeast1""}",15-02-2024,12:28:00,15:00:00,15-02-2024 14:50,Winter Olympics Don,Hold Fastest Marathon,Nominee,R,Brett M. Kavanaugh,Kavanaugh Dissents President
856,medium,498,X,low,158,Y,medium,356,Z,high,235,Z,low,88,Z,low,299,STANDARD,europe,FREQUENT_ACCESS,"{""sku_id"":""0298-0912-675B"",""description"":""nearline storage tokyo"",""original_region"":""asia-northeast1""}",14-05-2024,10:43:00,11:17:00,14-05-2024 11:12,Golf Black Professional,Lomachenko,Senator,D,Senator Dick Durbin (IL),Senator Durbin White
857,medium,43,Z,low,229,Z,low,112,Y,low,274,Y,medium,256,X,medium,40,STANDARD,europe,FREQUENT_ACCESS,"{""sku_id"":""0298-0912-675B"",""description"":""nearline storage tokyo"",""original_region"":""asia-northeast1""}",02-07-2024,20:01:00,21:03:00,02-07-2024 21:00,Assassination Question,Said Alicia Keys,Nominee,R,Brett M. Kavanaugh,Proud Judge Kavanaugh
858,medium,320,Z,medium,32,Y,low,379,Z,low,233,Z,low,272,X,low,224,STANDARD,europe,FREQUENT_ACCESS,"{""sku_id"":""0298-0912-675B"",""description"":""nearline storage tokyo"",""original_region"":""asia-northeast1""}",16-01-2024,15:16:00,16:26:00,16-01-2024 16:21,Voice Cnn Masai,Actor Bob Odenkirk,Senator,D,Senator Dick Durbin (IL),Senator Durbin White
859,low,410,Y,high,300,Z,low,219,Z,high,279,Z,medium,36,X,low,113,STANDARD,europe,FREQUENT_ACCESS,"{""sku_id"":""0298-0912-675B"",""description"":""nearline storage tokyo"",""original_region"":""asia-northeast1""}",05-05-2024,12:10:00,13:00:00,05-05-2024 12:53,New Covid Lockdowns,Said Alicia Keys,Nominee,R,Brett M. Kavanaugh,Kavanaugh Dissents President
860,medium,70,X,high,498,X,medium,305,Y,medium,358,Y,high,175,X,high,40,STANDARD,europe,FREQUENT_ACCESS,"{""sku_id"":""0298-0912-675B"",""description"":""nearline storage tokyo"",""original_region"":""asia-northeast1""}",19-11-2024,21:41:00,23:12:00,19-11-2024 23:05,Scammers Cnn Epik,Ravaged Nicaragua Category,Chairman,R,Senator Chuck Grassley (IA),Chairman Grassley Appreciate
861,high,391,Y,high,475,Y,high,58,Y,low,337,X,high,40,X,medium,174,STANDARD,europe,FREQUENT_ACCESS,"{""sku_id"":""0298-0912-675B"",""description"":""nearline storage tokyo"",""original_region"":""asia-northeast1""}",16-07-2024,09:03:00,10:02:00,16-07-2024 09:55,Golf Black Professional,Hold Fastest Marathon,Senator,R,Senator John Cornyn (TX),Analyze Senator
862,high,253,Z,medium,464,Z,low,103,Y,low,495,Z,low,87,Z,high,78,STANDARD,europe,FREQUENT_ACCESS,"{""sku_id"":""0298-0912-675B"",""description"":""nearline storage tokyo"",""original_region"":""asia-northeast1""}",22-10-2024,09:07:00,12:00:00,22-10-2024 11:57,Mbappe Neymar Prove,Lomachenko,Nominee,R,Brett M. Kavanaugh,Proud Judge Kavanaugh
863,low,314,Y,high,329,Y,medium,450,Y,low,248,Y,medium,337,X,medium,400,STANDARD,europe,FREQUENT_ACCESS,"{""sku_id"":""0298-0912-675B"",""description"":""nearline storage tokyo"",""original_region"":""asia-northeast1""}",04-12-2024,13:21:00,14:18:00,04-12-2024 14:15,Companies Pulling Russia,Qualifying Winter Olympics,Senator,R,Senator John Cornyn (TX),Chairman Ask Question
864,low,25,X,low,373,Z,low,415,Y,low,13,X,medium,284,Y,low,275,STANDARD,europe,FREQUENT_ACCESS,"{""sku_id"":""0298-0912-675B"",""description"":""nearline storage tokyo"",""original_region"":""asia-northeast1""}",14-06-2024,13:22:00,16:25:00,14-06-2024 16:16,Smitten Aussie Tennis,Actor Bob Odenkirk,Nominee,R,Brett M. Kavanaugh,Proud Judge Kavanaugh
865,high,217,X,low,32,Y,high,34,X,low,292,Z,low,247,Y,medium,260,STANDARD,europe,FREQUENT_ACCESS,"{""sku_id"":""0298-0912-675B"",""description"":""nearline storage tokyo"",""original_region"":""asia-northeast1""}",28-12-2024,13:39:00,17:15:00,28-12-2024 17:08,Assassination Question,Rwigara Mother Adeline,Senator,R,Senator John Cornyn (TX),Kavanaugh Dissents President
866,high,183,X,high,100,X,low,451,Y,medium,198,Y,high,106,X,medium,259,STANDARD,europe,FREQUENT_ACCESS,"{""sku_id"":""0298-0912-675B"",""description"":""nearline storage tokyo"",""original_region"":""asia-northeast1""}",27-09-2024,16:03:00,17:00:00,27-09-2024 16:55,Golf Black Professional,Hold Fastest Marathon,Nominee,R,Brett M. Kavanaugh,Proud Judge Kavanaugh
867,high,76,Z,high,353,Z,medium,418,Z,medium,47,Z,high,312,X,low,38,STANDARD,europe,FREQUENT_ACCESS,"{""sku_id"":""0298-0912-675B"",""description"":""nearline storage tokyo"",""original_region"":""asia-northeast1""}",11-06-2024,14:16:00,16:07:00,11-06-2024 16:06,Companies Pulling Russia,Rwigara Mother Adeline,Senator,R,Senator John Cornyn (TX),Chairman Ask Question
868,medium,381,Y,medium,494,Z,low,68,X,medium,428,X,high,452,Z,medium,267,STANDARD,europe,FREQUENT_ACCESS,"{""sku_id"":""0298-0912-675B"",""description"":""nearline storage tokyo"",""original_region"":""asia-northeast1""}",30-12-2024,20:32:00,21:12:00,30-12-2024 21:03,Golf Black Professional,Hold Fastest Marathon,Nominee,R,Brett M. Kavanaugh,Kavanaugh Dissents President
869,medium,252,Z,high,454,Z,medium,120,Z,low,316,X,high,424,Y,low,271,STANDARD,europe,FREQUENT_ACCESS,"{""sku_id"":""0298-0912-675B"",""description"":""nearline storage tokyo"",""original_region"":""asia-northeast1""}",30-04-2024,16:14:00,20:06:00,30-04-2024 19:56,Golf Black Professional,Hold Fastest Marathon,Senator,R,Senator John Cornyn (TX),Kavanaugh Dissents President
870,high,439,Z,medium,315,Y,high,88,Y,high,312,Y,low,86,X,high,255,STANDARD,europe,FREQUENT_ACCESS,"{""sku_id"":""0298-0912-675B"",""description"":""nearline storage tokyo"",""original_region"":""asia-northeast1""}",25-03-2024,06:01:00,09:46:00,25-03-2024 09:37,Companies Pulling Russia,Rwigara Mother Adeline,Nominee,R,Brett M. Kavanaugh,Proud Judge Kavanaugh
871,high,79,Z,medium,54,Y,low,68,X,medium,318,Y,low,340,Y,medium,3,STANDARD,europe,FREQUENT_ACCESS,"{""sku_id"":""0298-0912-675B"",""description"":""nearline storage tokyo"",""original_region"":""asia-northeast1""}",13-01-2024,07:19:00,10:26:00,13-01-2024 10:24,Smitten Aussie Tennis,Said Alicia Keys,Senator,R,Senator John Cornyn (TX),Kavanaugh Dissents President
872,high,365,Y,high,483,X,medium,426,Y,high,491,Z,medium,121,Y,low,375,STANDARD,europe,FREQUENT_ACCESS,"{""sku_id"":""0298-0912-675B"",""description"":""nearline storage tokyo"",""original_region"":""asia-northeast1""}",14-11-2024,21:52:00,00:50:00,15-11-2024 00:46,Basketball Legend Says,Point Tally Nba,Nominee,R,Brett M. Kavanaugh,Kavanaugh Dissents President
873,low,302,Z,high,158,Y,low,360,Z,medium,344,Y,low,430,Y,low,307,STANDARD,europe,FREQUENT_ACCESS,"{""sku_id"":""0298-0912-675B"",""description"":""nearline storage tokyo"",""original_region"":""asia-northeast1""}",27-03-2024,17:00:00,18:07:00,27-03-2024 18:06,Smitten Aussie Tennis,Actor Bob Odenkirk,Senator,R,Senator John Cornyn (TX),Chairman Ask Question
874,high,325,X,medium,21,X,low,125,X,medium,356,Z,high,236,Z,medium,378,STANDARD,europe,FREQUENT_ACCESS,"{""sku_id"":""0298-0912-675B"",""description"":""nearline storage tokyo"",""original_region"":""asia-northeast1""}",27-04-2024,16:59:00,18:29:00,27-04-2024 18:22,Golf Black Professional,Point Tally Nba,Nominee,R,Brett M. Kavanaugh,Proud Judge Kavanaugh
875,low,154,X,high,384,X,low,460,Z,medium,375,Y,medium,236,Z,high,251,STANDARD,europe,FREQUENT_ACCESS,"{""sku_id"":""0298-0912-675B"",""description"":""nearline storage tokyo"",""original_region"":""asia-northeast1""}",24-02-2024,15:08:00,17:05:00,24-02-2024 16:56,Mbappe Neymar Prove,Lomachenko,Senator,R,Senator John Cornyn (TX),Kavanaugh Dissents President
876,low,345,Z,medium,86,X,high,423,Z,low,362,Z,low,269,Z,medium,40,STANDARD,europe,FREQUENT_ACCESS,"{""sku_id"":""0298-0912-675B"",""description"":""nearline storage tokyo"",""original_region"":""asia-northeast1""}",17-06-2024,21:31:00,22:00:00,17-06-2024 21:57,Golf Black Professional,Ravaged Nicaragua Category,Nominee,R,Brett M. Kavanaugh,Kavanaugh Dissents President
877,medium,123,Z,medium,150,Y,medium,68,X,medium,352,Z,medium,337,Y,high,416,STANDARD,europe,FREQUENT_ACCESS,"{""sku_id"":""0298-0912-675B"",""description"":""nearline storage tokyo"",""original_region"":""asia-northeast1""}",18-03-2024,09:38:00,10:23:00,18-03-2024 10:15,Companies Pulling Russia,Actor Bob Odenkirk,Senator,R,Senator John Cornyn (TX),Kavanaugh Dissents President
878,medium,381,X,low,229,Z,medium,179,Z,medium,38,Y,medium,467,Y,low,175,STANDARD,europe,FREQUENT_ACCESS,"{""sku_id"":""0298-0912-675B"",""description"":""nearline storage tokyo"",""original_region"":""asia-northeast1""}",20-11-2024,17:18:00,18:54:00,20-11-2024 18:49,Mbappe Neymar Prove,Lomachenko,Senator,R,Senator Mike Lee (UT),Chairman Ask Question
879,medium,220,Y,low,482,Z,low,350,Z,low,201,Z,low,67,X,high,226,STANDARD,europe,FREQUENT_ACCESS,"{""sku_id"":""0298-0912-675B"",""description"":""nearline storage tokyo"",""original_region"":""asia-northeast1""}",07-07-2024,11:46:00,13:44:00,07-07-2024 13:38,Smitten Aussie Tennis,Point Tally Nba,Senator,R,Senator John Cornyn (TX),Chairman Ask Question
880,high,239,X,high,453,Z,low,337,Y,high,137,Y,high,451,X,medium,40,STANDARD,europe,FREQUENT_ACCESS,"{""sku_id"":""0298-0912-675B"",""description"":""nearline storage tokyo"",""original_region"":""asia-northeast1""}",16-05-2024,15:14:00,17:01:00,16-05-2024 16:55,Smitten Aussie Tennis,Point Tally Nba,Nominee,R,Brett M. Kavanaugh,Kavanaugh Dissents President
881,high,290,X,low,229,Y,high,75,X,high,445,Y,low,241,Z,low,81,STANDARD,europe,FREQUENT_ACCESS,"{""sku_id"":""0298-0912-675B"",""description"":""nearline storage tokyo"",""original_region"":""asia-northeast1""}",28-03-2024,18:37:00,22:14:00,28-03-2024 22:12,Basketball Legend Says,Actor Bob Odenkirk,Senator,R,Senator John Cornyn (TX),Kavanaugh Dissents President
882,low,42,Y,medium,87,Z,medium,291,Z,medium,291,X,high,71,Z,low,56,STANDARD,europe,FREQUENT_ACCESS,"{""sku_id"":""0298-0912-675B"",""description"":""nearline storage tokyo"",""original_region"":""asia-northeast1""}",21-12-2024,17:59:00,21:13:00,21-12-2024 21:12,Basketball Legend Says,Turned Movie Different,Nominee,R,Brett M. Kavanaugh,Kavanaugh Dissents President
883,low,183,Y,high,404,Z,low,274,X,high,257,X,low,216,X,medium,211,STANDARD,europe,FREQUENT_ACCESS,"{""sku_id"":""0298-0912-675B"",""description"":""nearline storage tokyo"",""original_region"":""asia-northeast1""}",03-06-2024,17:28:00,19:00:00,03-06-2024 18:58,Apology Cnn Vatican,Actor Bob Odenkirk,Senator,R,Senator John Cornyn (TX),Senator Durbin White
884,low,101,Z,medium,158,Z,medium,292,Z,low,261,Y,high,27,Z,low,131,STANDARD,europe,FREQUENT_ACCESS,"{""sku_id"":""0298-0912-675B"",""description"":""nearline storage tokyo"",""original_region"":""asia-northeast1""}",16-08-2024,09:56:00,13:48:00,16-08-2024 13:47,New Covid Lockdowns,Coronavirus Pandemic Late,Nominee,R,Brett M. Kavanaugh,Kavanaugh Dissents President
885,low,420,Z,low,38,Y,medium,169,Y,high,341,X,low,270,X,medium,166,STANDARD,europe,FREQUENT_ACCESS,"{""sku_id"":""0298-0912-675B"",""description"":""nearline storage tokyo"",""original_region"":""asia-northeast1""}",10-06-2024,06:20:00,08:41:00,10-06-2024 08:32,New Covid Lockdowns,Hold Fastest Marathon,Senator,R,Senator John Cornyn (TX),Kavanaugh Dissents President
886,medium,420,Z,high,294,X,medium,334,Z,high,381,X,high,236,X,low,382,STANDARD,europe,FREQUENT_ACCESS,"{""sku_id"":""0298-0912-675B"",""description"":""nearline storage tokyo"",""original_region"":""asia-northeast1""}",10-01-2024,19:30:00,21:07:00,10-01-2024 21:03,Assassination Question,Ravaged Nicaragua Category,Nominee,R,Brett M. Kavanaugh,Proud Judge Kavanaugh
887,low,2,X,low,328,Y,medium,442,X,high,100,Y,high,195,X,high,341,STANDARD,europe,FREQUENT_ACCESS,"{""sku_id"":""0298-0912-675B"",""description"":""nearline storage tokyo"",""original_region"":""asia-northeast1""}",26-04-2024,09:51:00,13:16:00,26-04-2024 13:08,Bob Baffert Suspended,Lomachenko,Senator,R,Senator John Cornyn (TX),Chairman Ask Question
888,high,13,Z,high,499,Z,high,302,X,medium,496,Y,low,222,Y,medium,398,STANDARD,europe,FREQUENT_ACCESS,"{""sku_id"":""0298-0912-675B"",""description"":""nearline storage tokyo"",""original_region"":""asia-northeast1""}",02-06-2024,20:54:00,00:04:00,03-06-2024 00:00,Golf Black Professional,Lomachenko,Nominee,R,Brett M. Kavanaugh,Proud Judge Kavanaugh
889,low,456,Y,low,243,Z,low,436,Y,high,380,X,low,310,X,high,407,STANDARD,europe,FREQUENT_ACCESS,"{""sku_id"":""0298-0912-675B"",""description"":""nearline storage tokyo"",""original_region"":""asia-northeast1""}",03-04-2024,09:20:00,12:36:00,03-04-2024 12:28,Scammers Cnn Epik,Pennsylvania Investigation Abuse,Senator,R,Senator John Cornyn (TX),Chairman Ask Question
890,low,78,X,medium,399,X,medium,385,Y,medium,103,Z,low,413,Y,low,124,STANDARD,europe,FREQUENT_ACCESS,"{""sku_id"":""0298-0912-675B"",""description"":""nearline storage tokyo"",""original_region"":""asia-northeast1""}",02-10-2024,13:13:00,15:22:00,02-10-2024 15:18,Basketball Legend Says,Point Tally Nba,Nominee,R,Brett M. Kavanaugh,Proud Judge Kavanaugh
891,medium,0,X,medium,267,X,high,157,Y,high,302,Z,low,196,Y,low,307,STANDARD,europe,FREQUENT_ACCESS,"{""sku_id"":""0298-0912-675B"",""description"":""nearline storage tokyo"",""original_region"":""asia-northeast1""}",20-12-2024,10:52:00,14:38:00,20-12-2024 14:34,Abortion Travel,Niger State Television,Senator,R,Senator John Cornyn (TX),Chairman Ask Question
