"id","ExtraCol17","ExtraCol18","ExtraCol19","ExtraCol20","ExtraCol21","ExtraCol22","ExtraCol23","ExtraCol24","ExtraCol25","ExtraCol26","ExtraCol27","ExtraCol28","ExtraCol29","ExtraCol30","ExtraCol31","ExtraCol32","ExtraCol33","ExtraCol34","ExtraCol35","ExtraCol36","ExtraCol37","storage_class","region","access_tier","other_details","event_date","login_time","logout_time","last_activity_ts","Headline_cnn","Description_cnn","Title_sc","Speaker (Party)(or nominated by)_sc","Speaker and title_sc","Statements_sc","DR1","DR2","DR3","DR4","DR5","DR6","DR7","DR8"
1,"Y","medium",286,"Z","medium",193,"Z","low",78,"Y","medium",321,"Z","low",330,"Y","",379,"X","low",420,"NEARLINE","europe","OCCASIONAL_ACCESS","{""sku_id"":""9556-97BF-3B42"",""description"":""nearline storage finland"",""original_region"":""europe-north1""}","12-06-2024","11:31:00","13:44:00","12-06-2024 13:39","Amid Inflation","Beating Forecasts Covid","Chairman","R","Senator Chuck Grassley (IA)","Chairman GRASSLEY. I welcome everyone to this confirmation hearing on the nomination of JudgeÑÑ",1.9205080796494,0.524655497822421,0.00675712053784052,0.0234052150266505,0.798712708040632,-1.24602135415106,-0.166535448207947,-1.0769696475528
2,"Y","low",451,"Y","high",451,"Z","low",110,"Y","medium",14,"Y","low",50,"Y","low",40,"Y","medium",98,"STANDARD","europe","FREQUENT_ACCESS","{""sku_id"":""FDBF-9FEC-415F"",""description"":""standard storage belgium dual-region"",""original_region"":""europe-west1""}","29-12-2024","08:55:00","12:54:00","29-12-2024 12:53","Bob Baffert Suspended","Beating Forecasts Covid","Senator","D","Senator Kamala Harris (CA)","Senator HARRIS. Mr. Chairman?",1.0020931268344,-1.44754041047156,0.519377601583016,1.19600656738796,0.849854701260718,2.01825384730382,0.425282468487888,1.23761014036876
3,"X","low",337,"Z","high",293,"Y","high",43,"X","medium",319,"X","high",491,"Z","low",271,"Y","medium",336,"STANDARD","north_america","FREQUENT_ACCESS","{""sku_id"":""ED38-3DBE-CF1A"",""description"":""autoclass standard storage dallas dual-region"",""original_region"":""us-south1""}","29-12-2024","12:38:00","15:59:00","29-12-2024 15:58","Scammers Cnn Epik","Beating Forecasts Covid","Chairman","R","Senator Chuck Grassley (IA)","Chairman GRASSLEY [continuing]. Brett KavanaughÑÑ",1.13672002152869,-0.517572451182893,0.0488098182976964,-0.476594941858845,-0.437754711947538,0.984216463080838,1.95143787487335,-0.0684925717178977
4,"Y","medium",2,"Y","medium",382,"Y","medium",229,"Z","low",245,"Y","medium",,"X","medium",355,"Y","medium",338,"STANDARD","europe","FREQUENT_ACCESS","{""sku_id"":""BB55-3E5A-405C"",""description"":""standard storage london"",""original_region"":""europe-west2""}","19-05-2024","07:20:00","09:00:00","19-05-2024 08:50","Companies Pulling Russia","Beating Forecasts Covid","Senator","D","Senator Kamala Harris (CA)","Senator HARRIS. Mr. Chairman?",1.50711642446499,0.916221319428161,-0.243154562922463,1.40530106250834,-0.821205316369007,-0.933417787424101,-1.45118886352337,0.965401582171889
5,"Y","low",244,"Z","high",174,"X","medium",322,"Y","high",227,"X","medium",331,"Y","low",301,"Y","high",405,"STANDARD","asia","FREQUENT_ACCESS","{""sku_id"":""E868-06F7-C27A"",""description"":""autoclass nearline storage hong kong"",""original_region"":""asia-east2""}","15-12-2024","12:21:00","12:44:00","15-12-2024 12:36","Companies Pulling Russia","Help Russia","Chairman","R","Senator Chuck Grassley (IA)","Chairman GRASSLEY [continuing]. To serve as Associate Justice on the Supreme Court of the United States.",1.0945000621152,-2.08764863436809,0.422206229884637,-0.116656744174358,-0.272886539488906,-0.196820542615815,1.02659180416621,-0.3343506847162
6,"Z","low",422,"X","low",465,"Z","low",337,"X","low",303,"X","",35,"X","high",122,"Y","low",404,"STANDARD","asia","FREQUENT_ACCESS","{""sku_id"":""BF52-88CF-5EC3"",""description"":""standard storage mumbai dual-region"",""original_region"":""asia-south1""}","29-10-2024","10:26:00","13:48:00","29-10-2024 13:40","Companies Pulling Russia","Help Russia","Senator","D","Senator Kamala Harris (CA)","Senator HARRIS. Mr. Chairman, I would like to be recognized for a question before we proceed.",-1.36900021111917,-0.0362823333905442,0.563029848578089,-1.52430976238686,0.899448337903138,1.7066233557896,0.2047230591161,0.447256927747199
7,"X","high",436,"Y","medium",357,"Y","medium",454,"Z","high",447,"X","medium",259,"","",80,"Z","high",492,"STANDARD","north_america","FREQUENT_ACCESS","{""sku_id"":""FC23-F6BB-9FCE"",""description"":""autoclass coldline storage toronto dual-region"",""original_region"":""northamerica-northeast2""}","22-08-2024","15:17:00","18:40:00","22-08-2024 18:31","Bob Baffert Suspended","Actor Bob Odenkirk","Senator","R","Senator Orrin Hatch (UT)","Senator HATCH. Regular order, Mr. Chairman.",0.0575103430597406,2.18389408761554,-0.363479892142272,1.12683779453946,0.824415628352003,1.2563700959287,0.356025667778986,0.692133839889091
8,"X","medium",96,"Z","high",257,"X","medium",146,"X","low",63,"Y","low",460,"Z","medium",145,"Z","low",43,"STANDARD","asia","FREQUENT_ACCESS","{""sku_id"":""F57C-6BD5-7FCB"",""description"":""autoclass standard storage tokyo"",""original_region"":""asia-northeast1""}","02-11-2024","09:46:00","13:15:00","02-11-2024 13:14","Companies Pulling Russia","Help Russia","Senator","D","Senator Kamala Harris (CA)","Senator HARRIS. Mr. Chairman, IÕd like to be recognized to ask a question before we proceed. The Committee received just last night, less than 15 hours ago, 42,000ÑÑ",1.83013597214056,0.246252403646119,-0.0468229370143332,0.0150641960422595,-1.02849940125959,-0.937379044592095,0.423594597539811,-0.216557564506336
9,"Z","high",238,"X","low",289,"Z","medium",327,"Y","medium",67,"X","medium",118,"Z","low",176,"Z","medium",182,"NEARLINE","asia","OCCASIONAL_ACCESS","{""sku_id"":""0298-0912-675B"",""description"":""nearline storage tokyo"",""original_region"":""asia-northeast1""}","07-10-2024","18:26:00","19:25:00","07-10-2024 19:17","Amid Inflation","Beating Forecasts Covid","Senator","R","Senator John Cornyn (TX)","Senator CORNYN. Mr. Chairman, regular order.",-2.30947791894362,0.408134302271468,0.753129014569593,-0.872850723972068,0.508853929489827,-0.183070724732477,-0.789849575554686,0.189733060944852
10,"Z","high",53,"Y","low",311,"Z","low",442,"Y","high",348,"Z","medium",270,"X","high",460,"Y","low",181,"STANDARD","asia","FREQUENT_ACCESS","{""sku_id"":""D20B-32C5-0704"",""description"":""autoclass archive storage seoul"",""original_region"":""asia-northeast3""}","23-12-2024","10:27:00","11:19:00","23-12-2024 11:15","Companies Pulling Russia","Help Russia","Senator","D","Senator Kamala Harris (CA)","Senator HARRIS [continuing]. Pages of documents that we have not had an opportunity to review, or read, or analyze.",-1.700824662268,0.473837801394483,0.662905528022313,0.644334304989982,-1.33864715141723,0.500227356057678,-1.90988119452595,0.0518332116292449
11,"X","high",106,"Y","low",80,"X","high",14,"X","medium",25,"Z","low",282,"Y","high",310,"X","medium",188,"ARCHIVE","asia","ARCHIVE","{""sku_id"":""037C-5FCA-AFF5"",""description"":""archive storage osaka/tokyo dual-region"",""original_region"":""asia1""}","21-05-2024","16:12:00","17:38:00","21-05-2024 17:33","Companies Pulling Russia","Help Russia","Chairman","R","Senator Chuck Grassley (IA)","Chairman GRASSLEY. You are out of order. I will proceed.",-1.56185982667711,0.701901030109652,-1.2215304679064,1.62995827896606,-1.12624233802908,-0.145710082887701,-0.246705685272981,-0.53594040203048
12,"Y","low",423,"Z","low",125,"Y","medium",390,"Z","low",214,"Z","medium",348,"X","high",417,"X","high",,"STANDARD","europe","FREQUENT_ACCESS","{""sku_id"":""FCE0-B059-75F6"",""description"":""autoclass coldline storage turin dual-region"",""original_region"":""europe-west12""}","29-01-2024","18:35:00","20:58:00","29-01-2024 20:50","Amid Inflation","Help Russia","Senator","D","Senator Kamala Harris (CA)","Senator HARRIS. We cannot possibly move forward, Mr. Chair- man, with this hearingÑÑ",-0.139325726521221,-1.30085450140237,-0.0325786912731826,0.0953841386410385,0.643396032739477,0.447373226324633,1.18450190355264,-1.99321088734337
13,"X","high",170,"Z","low",343,"Z","low",44,"X","medium",247,"Z","high",459,"Y","high",13,"Y","medium",116,"ARCHIVE","north_america","ARCHIVE","{""sku_id"":""E5D5-663B-A9DC"",""description"":""archive storage south carolina dual-region"",""original_region"":""us-east1""}","15-06-2024","19:08:00","19:55:00","15-06-2024 19:54","Companies Pulling Russia","Help Russia","Chairman","R","Senator Chuck Grassley (IA)","Chairman GRASSLEY. I extend a very warm welcomeÑÑ",-0.902069581906368,1.3335972123494,0.962263233832446,0.621740696602508,-0.949629480827721,-0.204706189462481,1.14492425995085,-0.957020506320613
14,"Y","high",381,"X","low",220,"Z","low",275,"Z","medium",195,"Z","medium",65,"X","high",391,"Y","medium",482,"STANDARD","north_america","FREQUENT_ACCESS","{""sku_id"":""F6E9-7338-D916"",""description"":""autoclass nearline storage montreal dual-region"",""original_region"":""northamerica-northeast1""}","26-04-2024","18:15:00","18:47:00","26-04-2024 18:46","Assassination Question","International Women","Senator","D","Senator Kamala Harris (CA)","Senator HARRIS. We have not been given an opportunityÑÑ",-1.89601427714985,-0.268190625740405,0.426722142385562,0.619970599767759,1.80004751252544,-0.742361602379573,0.411838485178272,-0.126828860919286
15,"Y","medium",18,"X","low",391,"X","low",415,"Z","high",266,"Z","medium",31,"Z","high",94,"Y","low",449,"STANDARD","europe","FREQUENT_ACCESS","{""sku_id"":""EFEF-E236-E29F"",""description"":""autoclass archive storage zurich"",""original_region"":""europe-west6""}","27-06-2024","12:06:00","14:55:00","27-06-2024 14:48","Companies Pulling Russia","Help Russia","Chairman","R","Senator Chuck Grassley (IA)","Chairman GRASSLEY [continuing]. To Judge KavanaughÑÑ",-0.394000120052532,0.0945183768676568,0.289658838771354,0.563173243099592,-0.14683130304077,-1.76671363976738,-0.475133589610406,0.52218791212496
16,"Y","low",245,"Z","medium",262,"X","low",229,"X","medium",56,"Z","high",44,"Y","",282,"X","high",341,"STANDARD","europe","FREQUENT_ACCESS","{""sku_id"":""E84B-7220-B2AC"",""description"":""autoclass archive storage netherlands dual-region"",""original_region"":""europe-west4""}","02-12-2024","20:26:00","23:15:00","02-12-2024 23:05","Companies Pulling Russia","Help Russia","Senator","D","Senator Kamala Harris (CA)","Senator HARRIS [continuing]. To have a meaningful hearingÑÑ",1.10907485732917,-0.189033450259689,0.258238950603588,-0.370240161520848,-0.222206267264962,-0.229063706096637,1.0390732690557,-0.418945961755419
17,"X","low",475,"X","medium",32,"Z","high",279,"Y","high",133,"X","medium",133,"X","medium",193,"Z","low",277,"STANDARD","europe","FREQUENT_ACCESS","{""sku_id"":""E89C-671A-4ABF"",""description"":""autoclass standard storage finland/netherlands dual-region"",""original_region"":""eur4""}","19-12-2024","09:59:00","11:39:00","19-12-2024 11:35","Companies Pulling Russia","Help Russia","Chairman","R","Senator Chuck Grassley (IA)","Chairman GRASSLEY [continuing]. To his wife, AshleyÑÑ",-0.159785248929611,0.537356575089669,-2.48171658250355,-1.28802641682443,1.4023625323947,0.239170420551745,1.65837130242449,0.198637575981967
18,"X","medium",96,"Y","medium",332,"Z","high",309,"X","medium",2,"Y","",176,"Z","high",431,"X","low",237,"STANDARD","europe","FREQUENT_ACCESS","{""sku_id"":""C4F8-582D-CDF9"",""description"":""standard storage stockholm"",""original_region"":""europe-north2""}","04-09-2024","12:21:00","14:14:00","04-09-2024 14:06","Amid Inflation","Niger State Television","Senator","D","Senator Kamala Harris (CA)","Senator HARRIS [continuing]. On this nominee.",1.41565305233915,2.09619849301184,-1.33513859474634,0.927258825446995,-0.90667325660394,-0.129270024995696,-0.667184929177213,0.744718257514306
19,"Y","low",15,"Z","medium",304,"Z","high",288,"Y","low",480,"X","low",439,"","low",337,"Y","high",341,"NEARLINE","north_america","OCCASIONAL_ACCESS","{""sku_id"":""8A46-D6C4-859E"",""description"":""nearline storage south carolina"",""original_region"":""us-east1""}","20-08-2024","21:43:00","22:33:00","20-08-2024 22:24","Amid Inflation","Turned Movie Different","Chairman","R","Senator Chuck Grassley (IA)","Chairman GRASSLEY [continuing]. Their two daughtersÑÑ",1.02479799153341,-0.113313593587483,0.449486816451883,-0.279781517755034,-1.54326548737317,-0.932937553286232,0.788940333616031,0.0402755271251939
20,"Y","low",144,"Z","low",182,"Y","low",365,"Y","medium",415,"Z","high",260,"Y","high",230,"Y","high",431,"STANDARD","oceania","FREQUENT_ACCESS","{""sku_id"":""D4C0-6A6B-742B"",""description"":""autoclass nearline storage melbourne"",""original_region"":""australia-southeast2""}","14-04-2024","14:20:00","15:00:00","14-04-2024 14:55","Amid Inflation","Beating Forecasts Covid","Senator","D","Senator Amy Klobuchar (MN)","Senator KLOBUCHAR. Mr. Chairman, I agree with my colleague, Senator Harris.",-0.236751489380072,-1.19502961339665,0.225145141054762,0.209334385687499,-0.961746854739439,-0.392835003121059,0.886168015436304,-1.41878412112929
21,"X","medium",31,"Z","medium",395,"Z","medium",429,"Y","",126,"X","high",372,"Y","medium",254,"Y","low",213,"STANDARD","north_america","FREQUENT_ACCESS","{""sku_id"":""FE3D-5C17-7088"",""description"":""durable reduced availability storage las vegas"",""original_region"":""us-west4""}","06-01-2024","14:43:00","16:53:00","06-01-2024 16:46","New Covid Lockdowns","Coronavirus Pandemic Late","Chairman","R","Senator Chuck Grassley (IA)","Chairman GRASSLEY [continuing]. And their family and friendsÑÑ",1.85065951052645,2.2542107793763,0.00543130044015258,-0.186101769051813,-1.37346265450515,-1.0861959662873,0.396202621897631,-0.060457233211595
22,"Y","medium",306,"X","high",175,"Y","low",67,"Z","low",18,"Y","high",287,"X","low",353,"X","medium",,"ARCHIVE","europe","ARCHIVE","{""sku_id"":""1A2D-77C9-8F73"",""description"":""archive storage belgium"",""original_region"":""europe-west1""}","22-05-2024","06:00:00","06:31:00","22-05-2024 06:23","New Covid Lockdowns","Beating Forecasts Covid","Senator","D","Senator Amy Klobuchar (MN)","Senator KLOBUCHAR. Mr. Chairman, we received 42,000 documentsÑÑ",0.868235978598669,-1.26096600918889,-0.407990372707306,0.0421480043293821,1.69762487342947,-1.38622894696623,-0.276262348541603,0.732786016799241
23,"Y","high",95,"X","low",57,"Z","low",229,"Y","medium",135,"Y","high",476,"Y","",359,"Y","low",456,"STANDARD","north_america","FREQUENT_ACCESS","{""sku_id"":""FC93-7D27-5888"",""description"":""autoclass coldline storage iowa"",""original_region"":""us-central1""}","15-06-2024","21:11:00","23:39:00","15-06-2024 23:29","Amid Inflation","Beating Forecasts Covid","Chairman","R","Senator Chuck Grassley (IA)","Chairman GRASSLEY [continuing]. Judge KavanaughÕs many law clerksÑÑ",-2.17171138847048,-0.670953973949492,-0.25053593495358,0.582383979016684,0.251244105137728,-2.10201291811611,-0.0801431879483027,-0.173545397969832
24,"Y","high",123,"X","low",60,"X","medium",426,"Z","low",478,"","medium",164,"Z","low",286,"X","high",455,"NEARLINE","north_america","OCCASIONAL_ACCESS","{""sku_id"":""37BE-AAB1-0008"",""description"":""nearline storage salt lake city dual-region"",""original_region"":""us-west3""}","25-03-2024","19:38:00","21:50:00","25-03-2024 21:42","Amid Inflation","2020 Presidential Election","Senator","D","Senator Amy Klobuchar (MN)","Senator KLOBUCHAR [continuing]. That we have not been able to review last night.",-2.15500941937098,-0.661440446840871,-0.239324287313463,0.57702857722535,0.408528914396071,-1.99806427295331,-0.0428713512388045,-0.206164318006502
25,"Z","low",293,"Z","medium",450,"X","medium",190,"","",405,"X","medium",334,"Z","high",363,"Z","medium",114,"STANDARD","asia","FREQUENT_ACCESS","{""sku_id"":""F022-AD5D-C7E1"",""description"":""autoclass standard storage asia multi-region"",""original_region"":""asia""}","17-10-2024","17:26:00","20:32:00","17-10-2024 20:24","Scammers Cnn Epik","Pennsylvania Investigation Abuse","Chairman","R","Senator Chuck Grassley (IA)","Chairman GRASSLEY [continuing]. And everyone else joining us today.",0.887784965609869,0.779689031871657,1.08006677410298,-1.83088730629444,-0.483484747946491,1.26107524507983,0.174474209364822,-0.0420714622472372
26,"Z","low",162,"X","low",188,"X","high",244,"Y","medium",,"Z","",136,"Z","high",394,"Z","low",119,"STANDARD","asia","FREQUENT_ACCESS","{""sku_id"":""E7A9-508A-0C4F"",""description"":""autoclass archive storage taiwan dual-region"",""original_region"":""asia-east1""}","02-03-2024","07:31:00","11:18:00","02-03-2024 11:12","Amid Inflation","Point Tally Nba","Senator","D","Senator Amy Klobuchar (MN)","Senator KLOBUCHAR. And we believe this hearing should be postponed.",-1.72192225726298,-0.69984945464548,-0.600351917520319,-1.64830004278509,-0.452350266317278,0.180651528080445,-0.350834184186552,0.0350494764639825
27,"X","low",325,"Y","medium",207,"X","low",371,"X","",461,"Y","medium",116,"X","low",15,"Z","low",102,"STANDARD","oceania","FREQUENT_ACCESS","{""sku_id"":""FCAE-1D35-0D35"",""description"":""durable reduced availability storage sydney"",""original_region"":""australia-southeast1""}","24-06-2024","11:49:00","13:46:00","24-06-2024 13:38","Amid Inflation","Beating Forecasts Covid","Chairman","R","Senator Chuck Grassley (IA)","Chairman GRASSLEY. I know this is an exciting day for all of you hereÑÑ",0.588257699614779,0.959544096096495,-1.92336352357028,0.326531410973116,-0.313651610367313,1.38831444146141,0.710408277541035,0.448345976123891
28,"Z","low",465,"Z","high",152,"X","high",467,"X","high",88,"Z","high",490,"Z","high",183,"Z","low",13,"STANDARD","north_america","FREQUENT_ACCESS","{""sku_id"":""DAFD-61D2-339F"",""description"":""standard storage day0 (alabama)"",""original_region"":""us-east7""}","26-02-2024","18:32:00","19:44:00","26-02-2024 19:35","Scammers Cnn Epik","Beating Forecasts Covid","Senator","D","Senator Richard Blumenthal (D-CT)","Senator BLUMENTHAL. Mr. Chairman.",0.794935285185962,-1.58779508804629,0.341647213712116,-1.76974295880425,0.537342528792891,1.42121768109859,0.200142855054578,-0.81496468604528
29,"X","medium",465,"Y","low",368,"X","low",125,"Y","high",268,"Y","medium",12,"X","low",,"Z","low",347,"STANDARD","north_america","FREQUENT_ACCESS","{""sku_id"":""E5F0-6A5D-7BAD"",""description"":""standard storage us regional"",""original_region"":""us-west1""}","07-05-2024","12:02:00","14:34:00","07-05-2024 14:26","Companies Pulling Russia","Lomachenko","Chairman","R","Senator Chuck Grassley (IA)","Chairman GRASSLEY [continuing]. And you are rightly proud of JudgeÑÑ",0.402305015526009,1.4014515393849,-0.900945019041481,1.46270970496395,0.965283475971635,1.59955030569842,-0.139267929464981,-0.614241644378133
30,"Y","high",364,"Z","low",302,"X","high",477,"Y","medium",396,"Y","high",136,"X","high",160,"X","low",214,"NEARLINE","south_america","OCCASIONAL_ACCESS","{""sku_id"":""0906-3C38-5507"",""description"":""nearline storage sao paulo"",""original_region"":""southamerica-east1""}","22-12-2024","19:44:00","21:15:00","22-12-2024 21:08","Scammers Cnn Epik","Point Tally Nba","Senator","D","Senator Richard Blumenthal (D-CT)","Senator BLUMENTHAL. Mr. Chairman, if we cannot be recognized, I move to adjourn.",-0.735575410707549,-0.0298733425006914,1.65147051671357,0.959731876266044,0.806792400468842,-0.213926173089869,0.641838959167628,-1.42160415939974
31,"Z","high",484,"Y","medium",449,"Y","low",354,"Y","high",9,"X","medium",193,"","high",412,"Z","medium",15,"STANDARD","europe","FREQUENT_ACCESS","{""sku_id"":""EB7B-0E58-1CD1"",""description"":""autoclass standard storage madrid"",""original_region"":""europe-southwest1""}","01-09-2024","07:49:00","08:29:00","01-09-2024 08:28","Amid Inflation","Beating Forecasts Covid","Chairman","R","Senator Chuck Grassley (IA)","Chairman GRASSLEY. The American peopleÑÑ",-0.140174078371263,1.64423606875689,0.924406605930733,0.0174306320706198,1.244727983902,1.94006892602423,-1.29866421666775,0.732224317923197
32,"Z","high",368,"Y","low",447,"Y","low",15,"Z","medium",217,"X","medium",68,"Y","medium",274,"Y","high",102,"STANDARD","europe","FREQUENT_ACCESS","{""sku_id"":""D970-F476-8D81"",""description"":""durable reduced availability storage frankfurt/london dual-region"",""original_region"":""eur7""}","04-06-2024","09:53:00","13:35:00","04-06-2024 13:27","Amid Inflation","Beating Forecasts Covid","Senator","D","Senator Richard Blumenthal (D-CT)","Senator BLUMENTHAL. Mr. Chairman, I move to adjourn. [Disturbance in the hearing room.]",-1.43173571379778,0.816942325112194,1.22376998482042,0.655381552240389,0.386194388196403,1.89977900219514,-1.40460849475317,-0.0216485719543543
33,"X","medium",33,"Z","low",494,"X","medium",430,"","high",177,"Y","low",385,"X","medium",135,"X","high",266,"ARCHIVE","europe","ARCHIVE","{""sku_id"":""EFF5-EB22-3D38"",""description"":""archive storage turin"",""original_region"":""europe-west12""}","21-03-2024","07:01:00","09:39:00","21-03-2024 09:36","New Covid Lockdowns","Coronavirus Pandemic Late","Chairman","R","Senator Chuck Grassley (IA)","Chairman GRASSLEY [continuing]. Will hear directly from Judge Kavanaugh later this afternoon.",0.699644892816842,1.67101092666978,0.727709320537243,0.49088844896688,-1.60770411558698,-0.489555228480976,0.521616922170304,-0.698190207045706
34,"X","medium",477,"Y","low",420,"Y","low",192,"Y","high",88,"X","high",179,"","high",175,"Z","medium",417,"NEARLINE","north_america","OCCASIONAL_ACCESS","{""sku_id"":""154C-10C0-5E59"",""description"":""nearline storage columbus"",""original_region"":""us-east5""}","24-01-2024","17:07:00","19:15:00","24-01-2024 19:06","Amid Inflation","Beating Forecasts Covid","Senator","D","Senator Richard Blumenthal (D-CT)","Senator BLUMENTHAL. Mr. Chairman, I move to adjourn. [Disturbance in the hearing room.] Senator BLUMENTHAL. Mr. Chairman, we have been deniedÑwe have been denied real access to the documents we need to advise and consentÑÑ",0.44973277191731,1.52261916980097,-0.680519539035589,1.49577591408521,1.01056416731265,1.75824004326538,-0.0806573161622673,-0.482659492784662
35,"X","high",283,"X","low",291,"Z","low",141,"Z","low",111,"","high",229,"X","high",,"Z","high",331,"COLDLINE","north_america","RARE_ACCESS","{""sku_id"":""D265-FB5C-710A"",""description"":""coldline storage toronto dual-region"",""original_region"":""northamerica-northeast2""}","18-11-2024","18:21:00","18:42:00","18-11-2024 18:37","Amid Inflation","Beating Forecasts Covid","Senator","R","Senator John Cornyn (TX)","Senator CORNYN. Mr. Chairman, regular order is called for.",-1.9895903903227,1.17341456964265,-0.140226537092556,0.277364156961602,0.574286320035139,-0.33237622471623,1.05928731144142,0.282503038687831
36,"X","low",2,"Y","high",173,"Y","medium",263,"Y","high",484,"X","",151,"Y","",62,"X","medium",266,"ARCHIVE","asia","ARCHIVE","{""sku_id"":""0CE5-412C-060A"",""description"":""archive storage doha"",""original_region"":""me-central1""}","28-06-2024","17:54:00","21:49:00","28-06-2024 21:45","Companies Pulling Russia","Help Russia","Senator","D","Senator Richard Blumenthal (D-CT)","Senator BLUMENTHAL [continuing]. Which turns this hearing into a charade and a mockery of our norms.",0.451883843667813,-0.844145648083826,-1.51205725576973,0.703410049557183,-2.21172050898426,0.424331078899599,0.343705203998402,1.16207423128028
37,"X","low",310,"Z","high",352,"X","low",288,"X","high",255,"X","low",445,"Z","low",154,"Z","low",93,"COLDLINE","asia","RARE_ACCESS","{""sku_id"":""0D26-8387-B0F6"",""description"":""coldline storage jakarta"",""original_region"":""asia-southeast2""}","16-08-2024","20:42:00","20:57:00","16-08-2024 20:51","Companies Pulling Russia","Help Russia","Chairman","R","Senator Chuck Grassley (IA)","Chairman GRASSLEY. WellÑÑ",1.16976068567515,-0.383846441142305,0.301146689448603,-0.428274977781067,-0.616426598609258,1.02327968605246,1.96753229298824,0.140608152105293
38,"Y","medium",122,"Z","medium",374,"Z","high",269,"Y","high",,"X","high",210,"Z","medium",340,"Z","medium",144,"STANDARD","north_america","FREQUENT_ACCESS","{""sku_id"":""C019-C3D4-B615"",""description"":""autoclass standard storage us multi-region"",""original_region"":""us""}","15-04-2024","17:44:00","20:58:00","15-04-2024 20:57","Amid Inflation","Beating Forecasts Covid","Senator","D","Senator Richard Blumenthal (D-CT)","Senator BLUMENTHAL. And, Mr. Chairman, I, therefore, move to adjourn this hearing.",1.9803582600515,0.927400064759814,0.785349401582566,0.193229807900934,-0.20916533083841,-1.40794780652409,-0.217897168509745,-0.315970205825985
39,"X","medium",267,"X","low",125,"Y","low",27,"X","low",341,"Z","",393,"X","low",453,"Y","low",390,"STANDARD","north_america","FREQUENT_ACCESS","{""sku_id"":""E5F0-6A5D-7BAD"",""description"":""standard storage us regional"",""original_region"":""us-east1""}","21-01-2024","08:37:00","10:27:00","21-01-2024 10:19","Amid Inflation","Help Russia","Chairman","R","Senator Chuck Grassley (IA)","Chairman GRASSLEY. Okay. [Disturbance in the hearing room.]",-0.577708282691522,0.790110560212728,-1.72922989771157,-0.106704176981514,0.739873042298833,-0.910654111493495,0.319637020925189,-0.546700546024796
40,"Y","medium",328,"Z","high",429,"Y","high",411,"X","medium",295,"Y","medium",311,"X","low",475,"X","low",386,"ARCHIVE","oceania","ARCHIVE","{""sku_id"":""36A3-CA43-0958"",""description"":""archive storage melbourne"",""original_region"":""australia-southeast2""}","18-03-2024","20:32:00","20:48:00","18-03-2024 20:46","Amid Inflation","Warming Caused Humans","Senator","D","Senator Richard Blumenthal (D-CT)","Senator BLUMENTHAL. Mr. Chairman, I ask for a roll call vote on my motion to adjourn.",2.18519720869952,-0.621927452463828,1.54589582643242,0.491466260493366,0.85022308213211,-0.335299908098169,0.146744805580082,-0.125736597555131
41,"Z","low",13,"Y","low",145,"X","medium",170,"Z","low",196,"X","low",477,"Y","low",191,"Z","high",434,"STANDARD","south_america","FREQUENT_ACCESS","{""sku_id"":""9C0F-565A-3F33"",""description"":""durable reduced availability storage santiago"",""original_region"":""southamerica-west1""}","20-02-2024","09:42:00","11:55:00","20-02-2024 11:50","Scammers Cnn Epik","Beating Forecasts Covid","Chairman","R","Senator Chuck Grassley (IA)","Chairman GRASSLEY. Okay.",-1.14647117824268,-0.780893362247901,-0.968918387102643,-0.186012321383893,-2.06758505057106,0.842624251787964,-1.48083506477334,-0.342424854689279
42,"Y","low",219,"Z","medium",491,"X","high",70,"Y","high",198,"X","high",301,"Z","medium",397,"Z","high",263,"STANDARD","asia","FREQUENT_ACCESS","{""sku_id"":""DE63-2323-DAA5"",""description"":""autoclass standard storage delhi dual-region"",""original_region"":""asia-south2""}","16-03-2024","17:22:00","18:32:00","16-03-2024 18:27","Scammers Cnn Epik","Beating Forecasts Covid","Senator","D","Senator Richard Blumenthal (D-CT)","Senator BLUMENTHAL. Mr. Chairman, I move to adjourn. I ask for a roll call vote.",1.2776157486472,0.337285183722664,1.23330487307806,-0.203650834378981,-0.469386570895963,0.196082034496359,1.19933267034138,0.276621457957238
43,"X","high",27,"Y","high",425,"X","low",282,"Z","high",268,"Z","low",492,"X","high",198,"X","medium",136,"NEARLINE","asia","OCCASIONAL_ACCESS","{""sku_id"":""0F2C-F97E-8B45"",""description"":""nearline storage osaka"",""original_region"":""asia-northeast2""}","22-02-2024","08:58:00","12:07:00","22-02-2024 12:05","New Covid Lockdowns","Coronavirus Pandemic Late","Chairman","R","Senator Chuck Grassley (IA)","Chairman GRASSLEY. We are not in executive session. We will continue as planned.",-0.041852514709923,0.607758534072499,0.48623722057394,1.59771118228341,-1.60526608765903,0.223420789659977,-0.0316541184908677,1.82525941095459
44,"Y","high",96,"Y","medium",9,"Z","low",311,"Z","medium",464,"Z","medium",349,"Y","",403,"X","medium",251,"STANDARD","asia","FREQUENT_ACCESS","{""sku_id"":""C8FB-7775-3633"",""description"":""durable reduced availability storage osaka"",""original_region"":""asia-northeast2""}","30-07-2024","08:52:00","10:43:00","30-07-2024 10:33","New Covid Lockdowns","Coronavirus Pandemic Late","Senator","D","Senator Cory Booker (NJ)","Senator BOOKER. Mr. Chairman, may I be recognized, sir? Mr. Chairman, I appeal to the Chair to recognize myself or one of my colleagues.",-0.292868691370374,0.0622755088119187,-0.950101573293382,1.39279688275819,-0.309824815292973,-1.29748030646222,-1.06788888987096,0.132697019146876
45,"Y","high",105,"Z","medium",199,"X","low",51,"X","low",379,"X","medium",,"X","",455,"X","high",,"STANDARD","europe","FREQUENT_ACCESS","{""sku_id"":""F917-1411-ED88"",""description"":""autoclass coldline storage warsaw"",""original_region"":""europe-central2""}","11-02-2024","10:16:00","10:47:00","11-02-2024 10:45","New Covid Lockdowns","Coronavirus Pandemic Late","Chairman","R","Senator Chuck Grassley (IA)","Chairman GRASSLEY. You are out of order.",0.280827566813992,0.520345764759202,0.9263517158757,0.348307265334893,-0.412884831752401,-1.71169622211538,0.194109600122284,-0.416923173517467
46,"Z","high",390,"Y","low",194,"Y","low",471,"Z","medium",200,"Y","medium",78,"Y","low",222,"X","high",90,"NEARLINE","asia","OCCASIONAL_ACCESS","{""sku_id"":""2385-5DEA-497F"",""description"":""nearline storage taiwan dual-region"",""original_region"":""asia-east1""}","04-08-2024","10:17:00","13:16:00","04-08-2024 13:09","New Covid Lockdowns","Coronavirus Pandemic Late","Senator","D","Senator Cory Booker (NJ)","Senator BOOKER. Mr. Chairman, I appeal to be recognized on your sense of decency and integrity. Even the documents you have requested, Mr. Chairman, even the ones that you said, the limited documents you have requested, this Committee has not received. And the documents we have, you, sir, haveÑÑ",-1.62137953588362,0.23484231513976,0.146884425027158,0.473121710898987,0.621189852711628,1.40673232133372,-1.59000962691422,-0.780211578747733
47,"Y","medium",206,"Z","medium",411,"Z","medium",300,"Z","medium",123,"X","",394,"","low",300,"Y","low",423,"STANDARD","europe","FREQUENT_ACCESS","{""sku_id"":""FE6B-A761-8CCC"",""description"":""autoclass archive storage frankfurt dual-region"",""original_region"":""europe-west3""}","27-07-2024","20:38:00","23:25:00","27-07-2024 23:16","New Covid Lockdowns","Coronavirus Pandemic Late","Senator","R","Senator John Cornyn (TX)","Senator CORNYN. Mr. Chairman, I would ask for regular order.",2.052697617627,1.02058774266152,0.938031149233577,0.196687069395212,0.250472453345459,-1.03308355450203,-0.0825412473284781,-0.333460512427824
48,"X","low",23,"Y","medium",420,"Y","medium",498,"X","high",54,"Z","medium",22,"X","medium",433,"Z","medium",497,"ARCHIVE","north_america","ARCHIVE","{""sku_id"":""D581-7186-3A43"",""description"":""archive storage columbus"",""original_region"":""us-east5""}","21-11-2024","19:12:00","22:52:00","21-11-2024 22:50","Making Racism","Turned Movie Different","Senator","D","Senator Cory Booker (NJ)","Senator BOOKER [continuing]. Should be transparent. This Committee, sir, is a violation of even the values I have heard you talk about time and time again, the ideals that we should have. What is the rush? What are we trying to hide by not having the documents out front? What is with the rush? What are we hiding by not letting those documents come out? Sir, this Committee is a violation of the values that we, as the Committee, have striven for, transparency. We are rushing through this process in a way that is unnecessary. And I appeal for the motion to at least be voted on.",0.602941312749555,1.42342058620563,-1.00111115615341,0.555372603489183,-2.11713208046912,0.819368129075647,0.514683752945402,1.50439587845962
49,"Z","low",373,"Z","high",25,"X","high",335,"X","low",97,"Z","medium",95,"Z","high",68,"Z","low",,"NEARLINE","oceania","OCCASIONAL_ACCESS","{""sku_id"":""581D-AFA6-17B6"",""description"":""nearline storage sydney"",""original_region"":""australia-southeast1""}","25-06-2024","15:15:00","17:24:00","25-06-2024 17:19","Scammers Cnn Epik","Rwigara Mother Adeline","Senator","R","Senator John Cornyn (TX)","Senator CORNYN. Mr. ChairmanÑÑ",0.647039890659319,-1.88951616279193,-0.193244015672465,-1.83382644900001,0.0716600317642111,0.816024073739191,-0.0208071444565945,-1.04401523386714
50,"Y","high",271,"X","high",420,"Z","high",5,"Z","medium",68,"Y","low",395,"Z","low",123,"Z","medium",329,"STANDARD","europe","FREQUENT_ACCESS","{""sku_id"":""F886-1E84-F8DB"",""description"":""autoclass nearline storage finland dual-region"",""original_region"":""europe-north1""}","10-02-2024","08:27:00","12:01:00","10-02-2024 11:51","Smitten Aussie Tennis","Said Alicia Keys","Senator","D","Senator Cory Booker (NJ)","Senator BOOKER. At least let us have a vote because when we wrote you a letter on August 24thÑÑ",-0.506998555013334,-0.699976965714632,1.51970617714376,0.494864951667276,1.20870260306117,-0.807186196273638,0.466511525289225,1.86383460197002
51,"X","low",70,"Z","medium",420,"X","high",104,"Z","medium",402,"Z","",177,"Y","high",313,"X","low",204,"STANDARD","europe","FREQUENT_ACCESS","{""sku_id"":""EA16-97BB-483F"",""description"":""autoclass archive storage berlin"",""original_region"":""europe-west10""}","27-04-2024","11:40:00","13:58:00","27-04-2024 13:49","Bob Baffert Suspended","Turned Movie Different","Chairman","R","Senator Chuck Grassley (IA)","Chairman GRASSLEY. SenatorÑÑ",1.0452017626643,1.44632511517642,0.0654299597792752,-0.631704598714994,-1.92205908886064,0.109437706291528,1.66410397839546,0.353477421404442
52,"Y","medium",281,"Z","medium",184,"Z","medium",486,"X","high",287,"X","",108,"Z","high",89,"X","",427,"STANDARD","north_america","FREQUENT_ACCESS","{""sku_id"":""DD64-0A7B-7023"",""description"":""autoclass standard storage northern virginia dual-region"",""original_region"":""us-east4""}","30-06-2024","09:23:00","10:52:00","30-06-2024 10:48","Reunion Netflix Cnn","Niger State Television","Senator","D","Senator Cory Booker (NJ)","Senator BOOKER [continuing]. Asking to have a meeting on this issue, you denied us even the right to meet, so here we are having a meeting. Let us at least debate this issue. Let us at least call this for a vote.",1.91080450389738,0.503414100266704,-0.0312323225626469,0.0184596724284427,0.774319176452535,-1.28363379208635,-0.180307303512591,-1.09543929127257
53,"X","low",124,"Z","low",85,"Z","medium",279,"Y","low",18,"Z","medium",98,"X","low",397,"X","high",80,"STANDARD","asia","FREQUENT_ACCESS","{""sku_id"":""DB0A-37C5-4E19"",""description"":""standard storage jakarta"",""original_region"":""asia-southeast2""}","21-04-2024","17:14:00","19:55:00","21-04-2024 19:53","Voice Cnn Masai","Actor Bob Odenkirk","Chairman","R","Senator Chuck Grassley (IA)","Chairman GRASSLEY. SenatorÑÑ",-0.423837394586783,-0.134100208429799,-1.06038374673202,-0.271158634807225,-1.67241135147289,-0.0901973372021478,1.48917697128486,-1.60650486027655
54,"Y","low",317,"X","low",78,"Y","high",61,"Z","",463,"X","high",157,"Z","",133,"Z","low",379,"COLDLINE","north_america","RARE_ACCESS","{""sku_id"":""FEB9-18BF-B058"",""description"":""coldline storage northern virginia dual-region"",""original_region"":""us-east4""}","16-04-2024","16:06:00","16:57:00","16-04-2024 16:55","Reunion Netflix Cnn","Said Alicia Keys","Senator","D","Senator Cory Booker (NJ)","Senator BOOKER. I appeal to your sense of fairness and decency, your commitments that you have made to transparency. This violates what you have even said and called for, sir. You have called for documents, you yourself, limited documents. We thought there should be more. We have not received the documents that you have even called for. So, sir, based upon your own principles, your own values, I call for, at least, to have a debate or a vote on these issues and not for us to rush through this process. [Disturbance in the hearing room.]",-1.33487767606939,-1.4697274658682,-1.10173876826816,-0.187258310593643,0.924700717129997,-0.429260449057912,0.831276695995271,-0.416861728673106
55,"X","low",473,"Z","high",263,"X","high",37,"Z","high",75,"Z","medium",418,"Y","high",168,"X","high",200,"STANDARD","europe","FREQUENT_ACCESS","{""sku_id"":""ED0C-C037-FDC1"",""description"":""autoclass archive storage milan dual-region"",""original_region"":""europe-west8""}","02-04-2024","10:13:00","14:05:00","02-04-2024 13:58","Smitten Aussie Tennis","Coronavirus Pandemic Late","Senator","D","Senator Sheldon Whitehouse (RI)","Senator WHITEHOUSE. Mr. Chairman.",1.18245184855061,-0.574271514061757,-0.0862366843685017,-0.533685065166256,0.345646977921771,1.38879501122618,2.09500001925589,-0.354857599113097
56,"X","low",96,"X","low",42,"Y","medium",268,"","medium",322,"Z","",227,"Y","high",405,"Z","medium",251,"ARCHIVE","north_america","ARCHIVE","{""sku_id"":""EC4B-C190-470D"",""description"":""archive storage iowa"",""original_region"":""us-central1""}","26-06-2024","09:39:00","13:02:00","26-06-2024 12:55","Bob Baffert Suspended","Actor Bob Odenkirk","Senator","D","Senator Mazie Hirono (HI)","Senator HIRONO. Mr. Chairman. Mr. Chairman.",-1.57632222732435,-0.286531084345915,-2.1168365172616,-0.571757793825331,-0.951055067671221,-0.687066208479524,1.23611727549421,-0.133528697381899
57,"Y","low",372,"Y","high",40,"X","high",297,"Y","low",6,"","high",476,"","low",263,"Y","low",231,"STANDARD","asia","FREQUENT_ACCESS","{""sku_id"":""96DE-B911-9FF7"",""description"":""standard storage dammam"",""original_region"":""me-central2""}","25-11-2024","16:28:00","17:31:00","25-11-2024 17:30","Voice Cnn Masai","Said Alicia Keys","Chairman","R","Senator Chuck Grassley (IA)","Chairman GRASSLEY. SenatorÑÑ",0.635335507293297,-2.40376661898002,-1.22370492481906,0.930441712400781,0.58171668064403,0.819001489203104,-0.0183007914320105,0.174271815917897
58,"X","medium",11,"X","low",392,"Z","low",123,"X","low",294,"X","high",,"Y","low",395,"Y","low",4,"ARCHIVE","north_america","ARCHIVE","{""sku_id"":""6158-49AD-35B1"",""description"":""archive storage montreal"",""original_region"":""northamerica-northeast1""}","13-12-2024","07:50:00","11:17:00","13-12-2024 11:10","Reunion Netflix Cnn","Turned Movie Different","Senator","D","Senator Mazie Hirono (HI)","Senator HIRONO. I have heard calls for regular order.",-0.496620464351694,1.38291375135645,-0.579922795778894,0.147554727230698,-0.826621246641639,-1.19838483473776,0.226400570906523,0.596607440638735
59,"X","high",203,"Y","low",171,"Z","high",97,"Y","low",,"Z","high",134,"Y","medium",313,"Z","high",,"STANDARD","asia","FREQUENT_ACCESS","{""sku_id"":""EBC7-E450-00FC"",""description"":""autoclass standard storage singapore"",""original_region"":""asia-southeast1""}","17-09-2024","18:20:00","19:20:00","17-09-2024 19:15","Reunion Netflix Cnn","Turned Movie Different","Chairman","R","Senator Chuck Grassley (IA)","Chairman GRASSLEY. I would like to respond. I would like to respond to Senator Booker. Senator Booker, I think thatÑI respect very much a lot of things you do, but you spoke about my decency andÑÑ [Disturbance in the hearing room.] Chairman GRASSLEY. You spoke about my decency and integrity, and I think you are taking advantage of my decency and integrity, so. [Disturbance in the hearing room.] Chairman GRASSLEY. Okay.",-1.43999318720078,0.920966382914117,-0.839975017309892,1.66761031143601,-0.616532417926517,0.395816525120758,-0.0498166339348387,-0.417580582198406
60,"Y","low",444,"Z","low",324,"Z","high",229,"Z","high",454,"Z","low",81,"Z","high",257,"X","high",333,"NEARLINE","europe","OCCASIONAL_ACCESS","{""sku_id"":""D78D-ECDE-752A"",""description"":""nearline storage belgium"",""original_region"":""europe-west1""}","05-12-2024","13:49:00","16:44:00","05-12-2024 16:40","Abortion Travel","Said Alicia Keys","Senator","D","Senator Mazie Hirono (HI)","Senator HIRONO. Mr. Chairman, I heard calls for regular order. It is regular order for us to receive all the documentsÑto receive all the documents that this Committee is entitled to.",0.0294304410891379,-0.839458061381703,0.81234643126968,0.228554805380897,0.675515903020347,0.968150916553766,1.37786920517879,-1.45295722995186
61,"Y","high",37,"Y","high",493,"Z","medium",217,"Z","high",300,"Z","high",471,"X","high",255,"","high",300,"COLDLINE","asia","RARE_ACCESS","{""sku_id"":""81E6-58F6-12C7"",""description"":""coldline storage mumbai"",""original_region"":""asia-south1""}","30-12-2024","18:16:00","19:40:00","30-12-2024 19:37","Bob Baffert Suspended","Said Alicia Keys","Chairman","R","Senator Chuck Grassley (IA)","[Disturbance in the hearing room.] Chairman GRASSLEY. Okay.",0.117091669241076,-0.521050739660586,1.64901883458699,2.06064318416918,-0.938589258405231,-0.179198947910597,-0.671454803576574,1.94446832735553
62,"Z","medium",464,"X","medium",25,"X","medium",18,"Y","low",,"X","medium",451,"Z","medium",401,"X","low",50,"ARCHIVE","europe","ARCHIVE","{""sku_id"":""A3BF-20BC-C5F3"",""description"":""archive storage warsaw"",""original_region"":""europe-central2""}","05-10-2024","18:24:00","21:29:00","05-10-2024 21:19","Making Racism","Turned Movie Different","Senator","D","Senator Mazie Hirono (HI)","Senator HIRONO. Mr. Chairman, it is alsoÑÑ",0.378999806260392,0.632883284855091,-1.56735003687752,-1.99810905362987,2.29027692653583,-0.508739031825544,-1.35125506045311,-0.358153933811576
63,"X","high",46,"Y","high",397,"X","low",28,"X","high",265,"X","high",61,"X","medium",499,"X","high",389,"ARCHIVE","north_america","ARCHIVE","{""sku_id"":""1EA2-2E06-552E"",""description"":""archive storage us multi-region"",""original_region"":""us""}","11-11-2024","14:37:00","17:50:00","11-11-2024 17:41","Reunion Netflix Cnn","Turned Movie Different","Chairman","R","Senator Chuck Grassley (IA)","Chairman GRASSLEY. I think IÑÑ",-0.0543689485390408,0.544866937390738,0.366143130989827,1.57313425704207,-1.48543226650392,0.226357364942893,-0.0316144100290412,1.7169157210823
64,"Y","medium",240,"X","medium",54,"Y","medium",119,"Y","medium",316,"Y","high",160,"X","",12,"Z","low",480,"ARCHIVE","north_america","ARCHIVE","{""sku_id"":""9583-3470-6088"",""description"":""archive storage las vegas dual-region"",""original_region"":""us-west4""}","13-10-2024","19:00:00","19:42:00","13-10-2024 19:37","Bob Baffert Suspended","Actor Bob Odenkirk","Senator","D","Senator Mazie Hirono (HI)","Senator HIRONO. Mr. Chairman, it is also not regular order for the Majority to requireÑÑ",0.682588680003949,0.148914328483444,-1.456863958756,-0.339344057802956,1.46000151142509,-2.12143660669336,-0.522644185343743,0.146969139267829
65,"X","high",90,"Y","high",380,"Y","low",229,"X","",207,"Y","high",371,"Y","medium",253,"Y","medium",407,"STANDARD","south_america","FREQUENT_ACCESS","{""sku_id"":""B11D-9FCF-1A1B"",""description"":""autoclass standard storage sao paulo"",""original_region"":""southamerica-east1""}","18-06-2024","15:54:00","16:52:00","18-06-2024 16:48","Reunion Netflix Cnn","Turned Movie Different","Chairman","R","Senator Chuck Grassley (IA)","Chairman GRASSLEY. Senator HironoÑÑ",-0.0453652646587306,0.509682282645466,0.291439422592355,1.54957797788029,-1.2287962916191,0.340833888397113,0.00869979010618435,1.60333241340609
66,"X","high",10,"X","low",153,"Z","high",150,"","low",,"X","low",491,"Y","medium",391,"X","low",124,"COLDLINE","europe","RARE_ACCESS","{""sku_id"":""27BA-920D-EFFE"",""description"":""coldline storage turin dual-region"",""original_region"":""europe-west12""}","11-04-2024","06:57:00","08:46:00","11-04-2024 08:44","Abortion Travel","Said Alicia Keys","Senator","D","Senator Mazie Hirono (HI)","Senator HIRONO [continuing]. The Minority to pre-clear our questions, our documents, and the videos we would like to use at this hearing. That is unprecedented. That is not regular order. Since when we do have to submit the questions and the process that we wish to follow to question this nomineeÑÑ",-2.23878772181512,0.829572974882758,-0.711909387814389,0.253751573644056,-0.911791999143037,-1.59063415516195,0.60445762845278,0.288399944080593
67,"X","high",96,"Y","low",67,"Y","low",229,"Y","low",264,"X","medium",451,"Y","low",321,"X","low",90,"ARCHIVE","north_america","ARCHIVE","{""sku_id"":""2B7D-C95A-B1BC"",""description"":""archive storage toronto dual-region"",""original_region"":""northamerica-northeast2""}","10-12-2024","07:58:00","11:57:00","10-12-2024 11:47","Reunion Netflix Cnn","Turned Movie Different","Chairman","R","Senator Chuck Grassley (IA)","Chairman GRASSLEY. SenatorÑÑ",-1.57729671920311,0.670962359386762,-1.27625099611976,1.62355352713898,-1.17721094470368,-0.209681687948703,-0.270045751051406,-0.558528537057854
68,"Z","medium",290,"X","low",420,"Z","low",457,"Y","high",484,"","high",142,"","medium",241,"","low",183,"ARCHIVE","asia","ARCHIVE","{""sku_id"":""D496-1EA6-CD98"",""description"":""archive storage delhi"",""original_region"":""asia-south2""}","08-07-2024","15:14:00","18:03:00","08-07-2024 17:55","Assassination Question","Said Alicia Keys","Senator","D","Senator Mazie Hirono (HI)","Senator HIRONO. I would like to have clarification. I would like your response on why you are requestingÑÑ",-0.626985737571987,0.716834123247263,0.423123941044852,-1.06791691732235,0.930013182386672,0.143144761080813,-1.19541135643448,0.112858873054239
69,"Z","high",361,"X","high",182,"Y","medium",229,"Y","medium",,"Z","medium",448,"Z","medium",396,"Z","high",11,"ARCHIVE","europe","ARCHIVE","{""sku_id"":""BDF2-208A-3B0C"",""description"":""archive storage netherlands"",""original_region"":""europe-west4""}","11-02-2024","20:39:00","21:50:00","11-02-2024 21:45","Abortion Travel","Said Alicia Keys","Chairman","R","Senator Chuck Grassley (IA)","Chairman GRASSLEY. Senator Hirono, I would ask that youÑÑ",-1.04507479109235,-0.710933302773988,0.528006849369401,-1.27398859889311,1.37118223148125,-0.130030894057936,-0.704113599273767,0.95614649873507
70,"Y","high",157,"X","high",364,"X","high",291,"Y","high",364,"X","high",362,"Y","",234,"X","",275,"COLDLINE","europe","RARE_ACCESS","{""sku_id"":""2316-6FDA-8E11"",""description"":""coldline storage london"",""original_region"":""europe-west2""}","21-10-2024","18:44:00","20:31:00","21-10-2024 20:26","Voice Cnn Masai","International Women","Senator","D","Senator Mazie Hirono (HI)","Senator HIRONO [continuing]. The Minority to submit our questionsÑÑ",-0.609767554254673,-0.839804158230839,1.28789627680314,0.486138768169095,0.58743282485981,-1.32895218024038,0.277949986096091,1.87096511313843
71,"Y","low",246,"Z","medium",340,"X","high",122,"","",413,"X","high",231,"Y","high",68,"Z","low",229,"STANDARD","asia","FREQUENT_ACCESS","{""sku_id"":""ADE6-68BC-B69E"",""description"":""autoclass standard storage osaka/tokyo dual-region"",""original_region"":""asia1""}","24-01-2024","20:17:00","22:52:00","24-01-2024 22:51","Basketball Legend Says","Point Tally Nba","Chairman","R","Senator Chuck Grassley (IA)","Chairman GRASSLEY. I ask that you stop so we can conduct this hearing the way we have planned it. Maybe it is not going exactly the way that the Minority would like to have it go, but we have said for a long period of time that we were going to proceed on this very day. [Disturbance in the hearing room.] Chairman GRASSLEY. And I think we ought to give the American people the opportunity to hear whether Judge Kavanaugh should be on the Supreme Court or not. And you have heard my side of the aisle call for regular order, and I think we ought to proceed in regular order. There will be plenty of opportunities to respond to the questions that the Minority is legitimately raising.",1.17152231930486,-0.00885271506713566,0.589814214954986,-0.316119332452531,-0.250574283863287,-0.0500413713715569,1.10589118733881,-0.196540470249942
72,"Z","high",91,"Z","medium",364,"Y","medium",354,"Z","low",359,"Z","low",188,"","high",136,"X","low",251,"COLDLINE","oceania","RARE_ACCESS","{""sku_id"":""3179-9FCA-E3AC"",""description"":""coldline storage melbourne dual-region"",""original_region"":""australia-southeast2""}","07-10-2024","13:44:00","16:56:00","07-10-2024 16:46","Reunion Netflix Cnn","Turned Movie Different","Senator","R","Senator Orrin Hatch (UT)","Senator HATCH. Have her thrown out of here.",0.00956632486050586,1.43023680136465,1.65380854846962,-1.11188678035185,-1.01530005491828,-0.488543542590754,-0.76677187894341,-0.0147698353907686
73,"Y","low",364,"Z","medium",10,"X","low",473,"Y","medium",490,"X","low",406,"Z","high",21,"Y","low",494,"COLDLINE","asia","RARE_ACCESS","{""sku_id"":""25F5-F72F-F874"",""description"":""coldline storage dammam"",""original_region"":""me-central2""}","13-04-2024","19:18:00","20:18:00","13-04-2024 20:16","Basketball Legend Says","Point Tally Nba","Chairman","R","Senator Chuck Grassley (IA)","Chairman GRASSLEY [continuing]. And we willÑwe will proceed accordingly.",0.969833013115,-0.75986234642145,-0.819741602370299,-0.577601971040336,0.561766900324415,-0.383142653522067,0.974895581277445,-1.31746989213584
74,"Y","medium",96,"Z","high",487,"Y","high",338,"Y","high",217,"X","medium",418,"Y","high",351,"Y","medium",327,"STANDARD","north_america","FREQUENT_ACCESS","{""sku_id"":""D834-715E-7357"",""description"":""autoclass coldline storage iowa/south carolina dual-region"",""original_region"":""nam4""}","28-07-2024","21:38:00","00:28:00","29-07-2024 00:19","Reunion Netflix Cnn","Turned Movie Different","Senator","D","Senator Sheldon Whitehouse (RI)","Senator WHITEHOUSE. Mr. Chairman, under regular order, may I ask a point of order, which is that we are now presented with a situation in which somebody has decided that there a hundred thousand documents protected by executive privilege, yet there has not been assertion of executive privilege before the Committee. How are we to determine whether executive privilege has been properly asserted if this hearing goes by without the Committee ever considering that question? Why is it not in regular order for us to determineÑbefore the hearing at which the documents would be necessaryÑwhether or not the assertion of privilege that prevents us from getting those documents is legitimate, or, indeed, is even an actual assertion of executive privilege? I do not understand why that is not a legitimate point of order at this point, because at the end of this hearing it is too late to consider it.",2.11260232779685,-0.509451187210817,1.80528067835199,0.593613114027692,-0.489145201125146,-1.01010590888832,-0.0924185842444977,0.382353551293292
75,"Y","low",430,"Y","low",216,"Y","medium",147,"Y","low",270,"Z","medium",457,"Y","medium",486,"X","low",208,"COLDLINE","europe","RARE_ACCESS","{""sku_id"":""FF44-B6BB-8EB3"",""description"":""coldline storage finland dual-region"",""original_region"":""europe-north1""}","17-08-2024","17:22:00","19:06:00","17-08-2024 19:00","Reunion Netflix Cnn","Turned Movie Different","Senator","D","Senator Patrick Leahy (VT)","Senator LEAHY. Mr. Chairman, if I might add to this, on the integrity of the documents we have received, there really is no integrity. They have alterations. They have oddities. Attachments are missing. Emails are cut off halfway through a chain. RecipientsÕ names are missing. They are of interest to this Committee, but it is cut off. The National Archives has not had a chance to get us all that we want even though you said on your website, the National Archives would act as a check against any political interference. [Disturbance in the hearing room.] Senator LEAHY. But a check after the hearing is over is no check. I think we ought to at least have the National Archives finish it. And to have for the first time certainly in my 44 years here, to have somebody say there is a claim of executive privilege when the President has not made such a claim just puts everything under doubt. What are we trying to hide? Why are we rushing?",-0.481710679446974,-1.1086666510132,-0.715194185625241,1.3315501475279,0.714478296220413,1.54956392300602,0.178605195802425,-0.660615707105734
76,"Y","high",89,"X","low",55,"X","medium",196,"X","high",76,"X","medium",231,"X","low",189,"Y","low",391,"COLDLINE","europe","RARE_ACCESS","{""sku_id"":""3041-B9C2-F02A"",""description"":""coldline storage netherlands dual-region"",""original_region"":""europe-west4""}","07-11-2024","17:28:00","18:59:00","07-11-2024 18:50","Reunion Netflix Cnn","Turned Movie Different","Chairman","R","Senator Chuck Grassley (IA)","Chairman GRASSLEY. I can answer all the questions that have been raised, but I think if I answer those questions, it is going to fit into the effort of the Minority to continue to obstruct, and I do not think that that is fair to our Judge. It is not fair to our constitutional process. But let meÑlet me respond to those now, and then maybe we can proceed. My colleagues on the other side are accusing the administration of using executive privilege to hide documents from the Committee. I want to say why they are wrong. Unlike President ObamaÕs assertion of executive privilege during Fast and Furious, as one example, this assertion is not legitimate. Judge Kavanaugh was a senior lawyer in the White House. He advised the President on judicial nominations, provided legal advice on separation of powers issues, and handled litigation matters. [Disturbance in the hearing room.] Chairman GRASSLEY. As aÑas the Supreme Court has put it, ÔÔUnless the President can give his advisors some assurance of confidentiality, a President could not expect to receive the full and frank submissions of facts and opinions upon which the effective discharge of his duties depends.ÕÕ The issues Judge Kavanaugh worked on are exactly the sort of issues that require, according to the Supreme Court, some assurance of confidentiality. We in the Senate and everyone else in America expects exactly the same sort of confidentiality. Most Senators would not agree to turn over their staffsÕ communication to anyone. For example, we did not ask for Judge KaganÕs records for her service with thenSenator Biden to be turned over during her nomination. And because of attorney-client privilege, everybody has a right to keep communications from their lawyers out of GovernmentÕs hands. We, therefore, did not ask for Justice GinsburgÕs documents from her time with the ACLU. We did not ask for Judge SotomayorÕs confidential documents from her time in private practice. It cannot be that the Senate and the ACLU are entitled to more protection than the President of the United States. And then I will speak to the fact about the 42,000 pages. Last night, we received additional documents for the CommitteeÕs review. These were documents we requested before the hearing, and we received them before the hearing just as we requested. The Majority staff began reviewing the documents as soon as they arrived and has already completed its review. There is, thus, absolutely no reasonÑthat is no reason to delay the hearing. We have received and read every page of Judge KavanaughÕs extensive public record. This includes 12 years of his judicial service on the most important Federal circuit court in the country where he authored 307 opinions and joined hundreds more, amounting to more than 10,000 pages of judicial writing. We allÑalso received and read more than 17,000 pages of his speeches, articles, teaching materials, other documents that Judge Kavanaugh submitted with his questionnaire, the most robust questionnaire this Committee has ever issued. And, of course, we received and read more than 483,000 pages of documents from Judge KavanaughÕs extensive ex- ecutive branch service. This is more pages than the last five Supreme Court nominees combined. In short, this Committee has more materials for Judge KavanaughÕs nomination than we have had on any Supreme Court nominee in history. Senators have had more than enough time and materials to adequately assess Judge KavanaughÕs qualifications, and so, that is why I proceed. I know that this is an exciting day for all of you in the family and all the people that are close to Judge Kavanaugh, and you are rightly proud of the Judge. The American people get to hear directly from Judge Kavanaugh later this afternoon. After this confirmation hearing and process is finished, I expect Judge Kavanaugh will become the next Associate Justice of the Supreme Court. Welcome again, Judge. Before I begin, I would want to give you, Judge, an opportunity to introduce your family.",-2.17636802357155,-0.676125992092515,-0.258708556615958,0.582585274628864,0.218132350674798,-2.1273420870136,-0.0892709994115695,-0.170450942188136
77,"Y","high",332,"Z","medium",464,"Y","high",464,"Y","low",187,"X","high",133,"Y","medium",366,"X","medium",184,"STANDARD","europe","FREQUENT_ACCESS","{""sku_id"":""FD67-6779-FB1E"",""description"":""autoclass archive storage europe-west5"",""original_region"":""europe-west5""}","15-12-2024","21:42:00","01:31:00","16-12-2024 01:28","Golf Black Professional","Point Tally Nba","Nominee","R","Brett M. Kavanaugh","Judge KAVANAUGH. Thank you, Mr. Chairman and Senator Feinstein andÑÑ",0.607344068106283,1.15315796134979,2.0405323912335,0.472707404926242,0.757235431621575,-0.327285477504313,0.698623151410805,0.0094335540826457
78,"Y","high",165,"Z","low",396,"Z","medium",229,"Y","low",79,"X","low",435,"","high",491,"X","high",378,"ARCHIVE","europe","ARCHIVE","{""sku_id"":""9729-6081-2B55"",""description"":""archive storage milan dual-region"",""original_region"":""europe-west8""}","07-11-2024","14:26:00","15:23:00","07-11-2024 15:17","Basketball Legend Says","Point Tally Nba","Chairman","R","Senator Chuck Grassley (IA)","Chairman GRASSLEY. Push the red button if it is not on. Yes, we are going toÑyes.",-0.762707503664127,0.168769644481668,2.06209657771431,1.07820327078006,-0.361368950734404,-0.693155390895936,0.473896756545275,-0.858777755289784
79,"X","low",96,"Y","low",41,"X","medium",110,"","medium",395,"Y","medium",151,"Y","high",196,"X","low",466,"STANDARD","north_america","FREQUENT_ACCESS","{""sku_id"":""F1C6-D2BA-4A83"",""description"":""durable reduced availability storage columbus"",""original_region"":""us-east5""}","18-06-2024","18:02:00","19:21:00","18-06-2024 19:12","Basketball Legend Says","Point Tally Nba","Nominee","R","Brett M. Kavanaugh","Judge KAVANAUGH. Thank you, Mr. Chairman, and Senator Feinstein, and Members of the Committee. I am honored to be here today with my family: my wife, Ashley, proud West Texan, graduate of Abilene Cooper High School, now the town manager of our local community where we live, our daughters, Margaret and Liza. I thank the Committee for arranging a day off from school today. [Laughter.] Judge KAVANAUGH. My mom and dad, Martha and Ed Kavanaugh; my aunt and uncle, Nancy and Mark Murphy; and my first cousins, Rosie and Elizabeth Murphy. I am very honored to be here, honored to have my family here. I am here because of them. Thank you, Mr. Chairman.",-0.891319107060364,-0.256837532125685,-2.3150456978092,0.880185375373736,-1.74066958273132,0.586659194274226,0.326344790837903,-0.609853780812622
80,"Z","low",140,"X","medium",218,"Y","high",53,"Y","low",391,"Z","low",376,"Y","",441,"X","medium",454,"STANDARD","europe","FREQUENT_ACCESS","{""sku_id"":""F026-6944-846C"",""description"":""standard storage frankfurt/zurich dual-region"",""original_region"":""eur8""}","15-05-2024","08:42:00","09:47:00","15-05-2024 09:40","Bob Baffert Suspended","Lomachenko","Chairman","R","Senator Chuck Grassley (IA)","Chairman GRASSLEY. We are delighted to have your family here. Before I make my opening remarks, I want to set out the ground rules for the hearing. I want everyone to be able to watch the hearing without obstruction. If people stand up and block the view of those behind them or speak out of turn, it is not fair or considerate to others. So, officers will immediately remove those individuals, and I thank the officers for doing the work that they have to do. We will have 10-minute rounds of opening statements with each Member. The Ranking Member and I may go a little over 10 minutes, but I am going to ask everyone else to limit your remarks to those 10 minutes. I hope everyone will respect that. We plan on taking a 15-minute break after Senator CruzÕs opening statement. After all the opening statements by Senators are complete, we will take another 15-minute round break to turn to our introducers, who will formally present the Judge. After that, I will administer the oath to the Judge, and we will close that portion of todayÕs hearing with his testimony. Tomorrow morningÑÑ",-0.478703396286218,0.17934091266012,-0.773061896427965,-2.23002343000854,-0.387673867035718,-0.195081024750859,-0.392615626259661,1.07249190502072
81,"Z","medium",474,"Y","low",453,"Z","low",320,"Y","medium",96,"Z","low",254,"X","medium",8,"Z","medium",259,"NEARLINE","europe","OCCASIONAL_ACCESS","{""sku_id"":""89DB-C7FE-AF68"",""description"":""nearline storage turin dual-region"",""original_region"":""europe-west12""}","25-06-2024","15:05:00","19:05:00","25-06-2024 19:00","Assassination Question","Actor Bob Odenkirk","Senator","D","Senator Kamala Harris (CA)","Senator HARRIS. Mr. Chairman? Mr. Chairman, when will we review Senator BlumenthalÕs motion to adjourn?",0.179116776711665,0.842028351862844,0.359329467811208,0.358794564017485,1.16775157531448,2.13211346293178,-1.84824421462593,-0.536815820868391
82,"Y","low",418,"Y","low",341,"X","high",229,"X","medium",401,"Y","medium",293,"Y","low",338,"X","high",234,"ARCHIVE","europe","ARCHIVE","{""sku_id"":""2C07-1488-8F24"",""description"":""archive storage belgium/london dual-region"",""original_region"":""eur5""}","16-06-2024","11:27:00","12:17:00","16-06-2024 12:12","Mbappe Neymar Prove","Hold Fastest Marathon","Chairman","R","Senator Chuck Grassley (IA)","Chairman GRASSLEY. What is your motion?",-0.388591268015775,-0.821172278074817,-0.183073792869449,1.42190013968111,0.591970965035277,1.78923997209825,0.268803609511876,-0.284167063308268
83,"Z","medium",233,"Z","medium",97,"Z","high",66,"Y","low",160,"Z","medium",104,"Z","low",83,"Y","high",198,"COLDLINE","asia","RARE_ACCESS","{""sku_id"":""2D3D-C91F-7E7C"",""description"":""coldline storage asia multi-region"",""original_region"":""asia""}","04-05-2024","15:17:00","18:47:00","04-05-2024 18:42","Bob Baffert Suspended","Lomachenko","Senator","D","Senator Richard Blumenthal (D-CT)","Senator BLUMENTHAL. I renew my motion to adjourn, Mr. Chairman. I think we are entitled to a vote on it. The responses that, Mr. Chairman, you have given, with all due respect, really fly in the face of the norms of this Committee, our traditions, and our rules.",1.42205386422831,0.828339846826436,-0.373322643859556,-1.60840254429997,0.0892756383874021,-0.745670504615337,-1.39524848539514,-1.36651950648886
84,"X","low",247,"X","high",350,"Y","medium",470,"Z","high",364,"Y","medium",124,"Y","low",390,"X","high",267,"STANDARD","europe","FREQUENT_ACCESS","{""sku_id"":""DC97-82D4-0359"",""description"":""autoclass standard storage belgium/london dual-region"",""original_region"":""eur5""}","20-04-2024","15:57:00","18:10:00","20-04-2024 18:08","Golf Black Professional","Point Tally Nba","Senator","D","Senator Chris Coons (DE)","Senator COONS. Mr. Chairman, if I might add an additional point, I agree with my colleague. It is striking, given your long history of encouraging the executive branch to treat Minority requests equal with Majority requests, that you discouraged the National Archives from responding to Ranking Member FeinsteinÕs request, which she tried to craft with you to be identical to the request for records for Justice Kagan. We should not proceed until we have the full documents that allow us to review the JudgeÕs records.",0.0319322094166475,-0.44484931266673,-0.579058336641935,-0.690977200904453,-0.111201140691387,0.397191782067331,1.70550542254684,1.78280077913473
85,"Y","low",176,"Y","medium",94,"X","medium",275,"Y","low",469,"Z","low",326,"Y","low",4,"X","medium",468,"STANDARD","europe","FREQUENT_ACCESS","{""sku_id"":""FF88-BF44-9313"",""description"":""autoclass coldline storage paris dual-region"",""original_region"":""europe-west9""}","06-05-2024","13:21:00","13:37:00","06-05-2024 13:35","Companies Pulling Russia","Help Russia","Senator","D","Senator Amy Klobuchar (MN)","Senator KLOBUCHAR. And, Mr. Chairman, last Friday we learned that nearly 102,000 pages of documents from Judge KavanaughÕs work in the White House CounselÕs Office are being withheld from the Committee and the public based on a claim of constitutional privilege. Executive privilege has never been invoked to block the release of Presidential records to the Senate during a Supreme Court nomination. This includes when Justice Kagan was nominated to the Supreme Court as well as Justice Roberts. Yesterday my colleagues and I sent a letter to the White House Counsel asking that the President withdraw his claim of privilege over these documents so that they can be made available to this Committee and to the American people. We have not yet received a response to that letter, so we should not be proceeding until we have a response and these documents have been available. It is 102,000 documents.",0.522162423549575,-0.601853242773439,-1.52137034809329,0.705547612326674,-0.468588760821579,0.0263879953821465,-0.278892718991052,0.282168468988145
86,"Z","medium",213,"Z","high",175,"Z","low",124,"Y","medium",414,"Y","high",129,"Y","medium",416,"","low",437,"STANDARD","north_america","FREQUENT_ACCESS","{""sku_id"":""FEC5-B147-BD88"",""description"":""autoclass coldline storage mexico"",""original_region"":""northamerica-south1""}","23-10-2024","10:39:00","13:05:00","23-10-2024 13:00","Companies Pulling Russia","Help Russia","Senator","D","Senator Cory Booker (NJ)","Senator BOOKER. And, Mr. ChairmanÑÑ",1.52957465063726,-0.688765907476397,0.497469405463869,-1.23401940071848,-0.141449055548085,-0.405773642072981,-1.29174906141493,-0.777488733001366
87,"Z","medium",232,"Z","low",97,"Y","low",472,"X","low",93,"X","medium",334,"Y","low",198,"","high",303,"NEARLINE","north_america","OCCASIONAL_ACCESS","{""sku_id"":""F18D-89DB-7C30"",""description"":""nearline storage toronto"",""original_region"":""northamerica-northeast2""}","22-04-2024","18:01:00","21:35:00","22-04-2024 21:27","Companies Pulling Russia","Lomachenko","Senator","D","Senator Richard Blumenthal (D-CT)","Senator BLUMENTHAL. My motion to adjourn, Mr. Chairman, would raise this issue of executive privilege and whether it has been properly asserted for reasons that have been outlined well by my colleague, Senator Whitehouse. There is no valid claim here of executive privilege. Even if there were one, it has not been properly asserted. The question is, what is the administration afraid of showing the American people? What is it trying to hide?",0.190893852998638,0.0162891470329437,-0.0717947511509713,-0.999643812514164,-0.118763447356833,-0.382258459125552,-1.3567895295388,-2.28398783971072
88,"Z","high",72,"X","low",346,"Z","high",349,"Y","",90,"Z","medium",495,"X","low",118,"Z","medium",141,"STANDARD","north_america","FREQUENT_ACCESS","{""sku_id"":""FDFD-25D3-9C09"",""description"":""standard storage salt lake city dual-region"",""original_region"":""us-west3""}","29-06-2024","17:10:00","19:01:00","29-06-2024 18:59","Mbappe Neymar Prove","Lomachenko","Senator","D","Senator Cory Booker (NJ)","Senator BOOKER. And, Mr. Chairman, using your own words in the statement you just read, you said, I quote, ÔÔWe have had more than enough time to review the documents.ÕÕ Sir, we just got a document dump last night of over 40,000 pages. I would venture to say not one Senator here has had time to read through those 40,000 pages, and so, we are continuing to rush through this process, a process that deserves to be scrutinized. I support Senator BlumenthalÕs motion to adjourn, and I hope that we can at least have a vote on that motion.",-2.34911300503344,0.524399794910436,1.00462425803228,-0.788955255670669,-0.456249954582455,-0.631020913374348,-0.947943805505253,0.597768895098614
89,"Z","high",161,"Y","low",465,"Y","medium",64,"Z","low",56,"Z","medium",,"","high",277,"Y","high",188,"NEARLINE","north_america","OCCASIONAL_ACCESS","{""sku_id"":""D5C1-AAF1-5B8F"",""description"":""nearline storage northern virginia"",""original_region"":""us-east4""}","02-03-2024","21:52:00","01:13:00","03-03-2024 01:09","Bob Baffert Suspended","Point Tally Nba","Senator","D","Senator Sheldon Whitehouse (RI)","Senator WHITEHOUSE. Mr. Chairman, I think you would be hard pressed to find a court in the country that would not give a party litigant a continuance when the party on the other side did a 42,000-page document dump after close of business the night before trial.",-1.523307118567,0.839375463538544,1.31170996645292,0.722988451487052,-0.794119997647234,1.22172958731856,-1.64637457017904,0.334820204485991
90,"Y","low",437,"Y","high",22,"Z","high",413,"Y","low",420,"X","medium",462,"X","high",494,"X","high",122,"COLDLINE","north_america","RARE_ACCESS","{""sku_id"":""3081-BF3D-2E14"",""description"":""coldline storage mexico"",""original_region"":""northamerica-south1""}","25-07-2024","06:59:00","09:00:00","25-07-2024 08:55","Golf Black Professional","Said Alicia Keys","Senator","D","Senator Dick Durbin (IL)","Senator DURBIN. Mr. Chairman, we waited for more than a year with a vacancy on the Supreme Court under the direction of your Leader in the United States Senate, and the republic survived. I think the treatment was shabby of Merrick Garland, President ObamaÕs nominee. The fact that we cannot take a few days or weeks to have a complete review of Judge KavanaughÕs record is unfair to the American people. It is inconsistent with our responsibility under Article II, Section 2, of the Constitution to advise and consent on Supreme Court nominees.",0.654284999662508,-2.43931980924637,-1.30381783017839,0.900602765205431,0.957734265746588,1.0041248705032,0.0472349170952848,0.0268960691462769
91,"Y","medium",489,"Y","low",301,"Z","low",29,"Z","medium",273,"X","",85,"Z","high",80,"X","high",93,"STANDARD","north_america","FREQUENT_ACCESS","{""sku_id"":""E9D3-E7C5-94A2"",""description"":""autoclass coldline storage los angeles"",""original_region"":""us-west2""}","08-12-2024","20:32:00","21:05:00","08-12-2024 20:55","Golf Black Professional","Point Tally Nba","Chairman","R","Senator Chuck Grassley (IA)","Chairman GRASSLEY. Senator Cornyn, do you want to speak?",0.461212113926355,-0.0377555666011219,-0.312910754270354,1.82778710497119,1.77015884736151,0.941690597607673,-0.875192200078201,-0.903128648847866
92,"Y","high",27,"X","low",124,"X","high",229,"Y","medium",77,"Z","low",69,"","medium",155,"X","medium",4,"ARCHIVE","europe","ARCHIVE","{""sku_id"":""5ACD-E7DB-7BFA"",""description"":""archive storage madrid"",""original_region"":""europe-southwest1""}","25-06-2024","10:08:00","14:02:00","25-06-2024 13:56","Smitten Aussie Tennis","Hold Fastest Marathon","Senator","R","Senator John Cornyn (TX)","Senator CORNYN. Mr. Chairman, thank you. I will be very brief. I would just say that Senator Whitehouse has suggested that we handle this hearing like a court of law. But I would suggest that if this were a court of law, that virtually sideÑevery Member on the dais on that side would held in contempt of court because this whole process is supposed to be a civil one where people get to ask questions and we get to get answers. And that is the basis upon which we are to exercise our constitutional responsibilities of advice and consent. So, I would just suggest we get on with the hearing.",-2.15328660860986,-0.522545548869205,0.0380742394507498,0.64718690771148,-0.16314479218051,-2.18726817576914,-0.10820635389871,0.11888910081437
93,"Y","high",366,"X","low",375,"Y","high",196,"Z","low",293,"","medium",417,"X","medium",319,"X","medium",386,"ARCHIVE","north_america","ARCHIVE","{""sku_id"":""A4F8-B0EC-4F8E"",""description"":""archive storage dallas"",""original_region"":""us-south1""}","28-05-2024","09:42:00","11:02:00","28-05-2024 10:53","Bob Baffert Suspended","Said Alicia Keys","Chairman","R","Senator Chuck Grassley (IA)","Chairman GRASSLEY. If my colleaguesÑÑ",-1.78060757760536,0.0882913093354413,1.0865580438334,0.732036506616949,1.64745873441863,-0.445579858716684,0.523535591107373,0.340144155724502
94,"Z","medium",119,"X","high",69,"Z","medium",146,"Y","low",264,"Z","medium",102,"Y","high",46,"Y","high",369,"NEARLINE","europe","OCCASIONAL_ACCESS","{""sku_id"":""3480-CB61-4864"",""description"":""nearline storage stockholm"",""original_region"":""europe-north2""}","02-04-2024","07:32:00","09:26:00","02-04-2024 09:22","Golf Black Professional","Hold Fastest Marathon","Senator","D","Senator Cory Booker (NJ)","Senator BOOKER. Mr. Chairman, if I could just respond. Mr. Chairman, if I could just respond.",0.293310708167982,-0.992750802951833,-0.823200738850338,-1.56099224163115,0.233566585848408,-1.37354019186128,-1.67968457091451,0.611846993712126
95,"Y","low",326,"Z","medium",183,"X","low",26,"Z","low",298,"Z","low",323,"Z","medium",477,"Y","high",,"STANDARD","asia","FREQUENT_ACCESS","{""sku_id"":""9ADF-4F85-635A"",""description"":""autoclass nearline storage doha"",""original_region"":""me-central1""}","15-04-2024","08:58:00","12:51:00","15-04-2024 12:47","Golf Black Professional","Point Tally Nba","Senator","D","Senator Richard Blumenthal (D-CT)","Senator BLUMENTHAL. Mr. Chairman.",1.08776994085929,-0.363946642366002,-0.0821078462918079,-0.446867919715198,0.271051140151136,-0.125689267143692,1.07318145339573,-0.764965545946396
96,"X","medium",310,"Y","medium",102,"Y","high",465,"Y","medium",317,"X","high",53,"Z","low",261,"Z","low",343,"NEARLINE","north_america","OCCASIONAL_ACCESS","{""sku_id"":""48FC-D3ED-FA72"",""description"":""nearline storage montreal"",""original_region"":""northamerica-northeast1""}","25-12-2024","10:59:00","12:28:00","25-12-2024 12:27","Mbappe Neymar Prove","Lomachenko","Senator","D","Senator Cory Booker (NJ)","Senator BOOKER. If we could just respond to thatÑÑ",1.34246542986778,1.5849412436301,-2.32481879684197,0.709969590887269,0.405787007412118,0.0959398782238908,-0.594965982126723,-0.230546784073182
97,"Z","high",439,"X","low",436,"Y","high",279,"Y","high",82,"Z","medium",43,"X","high",495,"X","medium",82,"NEARLINE","europe","OCCASIONAL_ACCESS","{""sku_id"":""361C-27C1-D7CE"",""description"":""nearline storage zurich"",""original_region"":""europe-west6""}","21-02-2024","19:33:00","21:07:00","21-02-2024 21:01","Mbappe Neymar Prove","Lomachenko","Chairman","R","Senator Chuck Grassley (IA)","Chairman GRASSLEY. Sir, you can respond, but just a minute. If people wonder why the Chair is so patient during this whole process, I have found that it takes longer to argue why you should not do anything than let people argue why they want it. These things are going to be said throughout this hearing. We are going to be in session Tuesday, Wednesday, Thursday, Friday, Saturday, until we get done this week, so however long people want to take. We are going to not necessarily accommodate all obstruction, but if people have got something to say, this Chairman is going to let them say it, but it gets pretty boring to hear the same thing all the time. Senator Booker, make it quick, please.",-2.08995649940905,0.766102900279462,1.36704556806117,-0.823812793070741,1.58319300802325,0.845508766286636,-0.416809574241619,0.31568723085279
98,"X","low",351,"Z","high",41,"X","low",303,"Y","low",193,"X","low",100,"X","medium",207,"Z","medium",138,"COLDLINE","north_america","RARE_ACCESS","{""sku_id"":""37C4-203D-1024"",""description"":""coldline storage us multi-region"",""original_region"":""us""}","20-07-2024","15:15:00","15:59:00","20-07-2024 15:50","Mbappe Neymar Prove","Actor Bob Odenkirk","Senator","D","Senator Cory Booker (NJ)","Senator BOOKER. I really appreciate the deference, Mr. Chairman. The question was why would we want to delay this, and this is not an attempt to delay. This is an attempt to be fully equipped to do our constitutional duty, which everybody, Republicans and Democrats, on this Committee take seriously. It is very hard to perform our role of advice and consent when we do not have a thorough vetting of the background of the candidate in areas which heÑthe candidate himself has referred to as the most formative part of his legal career, where he himself has talked about how important this period of his life is. We are denied the full vetting. And, sir, this is not something that Democrats are asking for. I remind you that you yourself asked for a limited set of documents for when he was in the White House CounselÕs Office. You yourself set that standard, and even on that limited standard, sir, we have not received the documents. And then even the documentsÑweÕve received 7 percent of themÑ almost half of those have been labeled ÔÔcommittee confidential.ÕÕ They cannot be put before the American people, which further undermine and inhibit our ability to ask questions to thoroughly vet this candidate and advise and consent the President of the United States. So, sir, just on the basic ideals of fairness, the traditions of this body, we should have a thorough understanding of the nominee that is put before us so that we can vet them. To go into this hear- ing without those documents is an undermining of the constitutional role to which we have all sworn an oath to uphold.",0.943778875891977,-1.09810279412776,-1.02338310785448,-0.656029744579825,-0.248508051948396,0.465649955616459,1.75694900030389,-0.812405459033422
99,"Y","low",411,"Y","low",290,"Z","low",229,"Y","low",360,"X","low",,"","medium",416,"X","low",129,"NEARLINE","europe","OCCASIONAL_ACCESS","{""sku_id"":""37D3-343A-3DF1"",""description"":""nearline storage frankfurt/zurich dual-region"",""original_region"":""eur8""}","19-06-2024","20:45:00","00:07:00","20-06-2024 00:04","Smitten Aussie Tennis","Lomachenko","Senator","D","Senator Richard Blumenthal (D-CT)","Senator BLUMENTHAL. Mr. Chairman, I have great respect for my colleague from TexasÑÑ",-0.432667863019919,-0.939569109956839,-0.399523202555041,1.38820133976713,0.574574274879827,1.65015743917126,0.217239019784437,-0.420241415041443
100,"X","medium",400,"Y","low",60,"Z","low",254,"","high",454,"Y","low",145,"Y","low",165,"Z","medium",64,"COLDLINE","north_america","RARE_ACCESS","{""sku_id"":""B318-1FE2-6BFD"",""description"":""coldline storage los angeles dual-region"",""original_region"":""us-west2""}","20-12-2024","14:37:00","17:26:00","20-12-2024 17:24","Reunion Netflix Cnn","Niger State Television","Chairman","R","Senator Chuck Grassley (IA)","Chairman GRASSLEY. I would like to respond to Senator Booker, and then Senator Feinstein has asked for the floor. I would like toÑÑ",0.124494637788805,0.684327819518196,-2.20687705447485,1.26523971647862,0.731502526966159,0.680713667613614,-0.478881280963833,-1.40256103488021
101,"X","low",323,"X","high",299,"Z","high",144,"X","high",,"","medium",111,"Z","medium",221,"Z","high",364,"NEARLINE","europe","OCCASIONAL_ACCESS","{""sku_id"":""BEA8-18F6-120A"",""description"":""nearline storage berlin"",""original_region"":""europe-west10""}","10-06-2024","18:38:00","19:02:00","10-06-2024 18:57","Golf Black Professional","Hold Fastest Marathon","Senator","D","Senator Richard Blumenthal (D-CT)","Senator BLUMENTHAL. Mr. Chairman, I ask to respond to my colleague from Texas.",0.0303036336322245,-0.555577381853535,-0.800082727529445,-0.746751634763929,0.341519313248301,0.546227987075887,1.75694872333054,1.52451007907407
102,"X","medium",205,"Y","high",383,"Y","medium",389,"Z","",285,"X","",418,"Z","medium",173,"X","low",21,"NEARLINE","asia","OCCASIONAL_ACCESS","{""sku_id"":""3A5D-58D0-6BE4"",""description"":""nearline storage doha"",""original_region"":""me-central1""}","23-03-2024","10:11:00","13:12:00","23-03-2024 13:05","Basketball Legend Says","Point Tally Nba","Chairman","R","Senator Chuck Grassley (IA)","Chairman GRASSLEY. I would like to respond to Senator Booker.",1.56770786772869,0.528673387344399,-0.586252191508435,1.24850544619591,-0.39495362060852,0.597658177508486,-0.426288586368701,1.0663020979249
103,"X","low",168,"Y","medium",376,"Y","low",265,"Z","low",474,"X","medium",87,"X","high",273,"X","medium",202,"COLDLINE","north_america","RARE_ACCESS","{""sku_id"":""E209-9471-B5A2"",""description"":""coldline storage oregon"",""original_region"":""us-west1""}","23-06-2024","19:59:00","20:33:00","23-06-2024 20:25","Basketball Legend Says","Point Tally Nba","Senator","D","Senator Richard Blumenthal (D-CT)","Senator BLUMENTHAL. Mr. Chairman.",0.642159211897766,1.33522952762026,-1.19617714348395,0.486127003307759,-1.27664551101079,1.22367930981464,0.657645222097944,1.16459524919049
104,"X","medium",173,"Z","high",16,"Y","high",229,"Z","high",300,"X","medium",47,"X","medium",111,"X","medium",243,"NEARLINE","europe","OCCASIONAL_ACCESS","{""sku_id"":""3C81-A91C-A94F"",""description"":""nearline storage london"",""original_region"":""europe-west2""}","25-11-2024","21:23:00","00:40:00","26-11-2024 00:30","Basketball Legend Says","Point Tally Nba","Chairman","R","Senator Chuck Grassley (IA)","Chairman GRASSLEY. Senator Booker, using a standard set by two Members of your political party in the caucus, and I am going to paraphrase because I do not have the exact quotes in front of me, but recently Senator Schumer said from the floor, the best judge of whether or not somebody should be on the Supreme Court is decisions that they have made at lower courts. Senator Leahy said something similar to that when Judge Sotomayor was before us, that we knowÑwe know how manyÑwe know what you have done in a lower court. That is the best basis for knowing whether or not you ought to be on the Supreme Court. So, we have 307 cases that this nominee has written decisions on, as a basis for that, and we have got 488,000 other pages, and maybe the Senators have not read them, but their staff is fully informed because last night before 11 on the 42,000 pages that have come to our attention, the staff on the Republican side has gone through that.",1.67814897710905,-0.303059997574087,-1.07572005168678,-0.173456877345288,-0.487216232402836,-1.21249582025203,0.316540453672953,-1.02166454235402
105,"X","high",179,"Y","medium",386,"Z","high",422,"Y","medium",113,"Z","low",55,"Y","medium",,"Z","high",288,"COLDLINE","europe","RARE_ACCESS","{""sku_id"":""3DF8-830A-D07C"",""description"":""coldline storage stockholm"",""original_region"":""europe-north2""}","31-03-2024","11:46:00","13:20:00","31-03-2024 13:16","Bob Baffert Suspended","Lomachenko","Senator","D","Senator Cory Booker (NJ)","Senator BOOKER. But, sir, then why did you ask for the White House Counsel documents?",-0.050897587873285,2.22710456313331,-0.226015510164775,1.21541320186461,-0.643901252040653,0.42951237205275,0.0614546648899385,1.1537994578576
106,"Z","medium",144,"Y","medium",148,"Z","high",406,"Z","low",291,"Y","low",441,"","high",419,"X","low",96,"NEARLINE","north_america","OCCASIONAL_ACCESS","{""sku_id"":""3E75-94D0-A39A"",""description"":""nearline storage iowa/south carolina dual-region"",""original_region"":""nam4""}","28-04-2024","13:52:00","14:44:00","28-04-2024 14:36","Bob Baffert Suspended","Lomachenko","Chairman","R","Senator Chuck Grassley (IA)","Chairman GRASSLEY. SenatorÑÑ",0.998810335320519,0.919304807905557,-1.22071345758986,-0.374593939009166,-0.365939699941075,-0.0667517435890663,-2.55391600828699,-0.00737487760355618
107,"Z","high",155,"Z","medium",340,"X","low",123,"X","",8,"X","high",237,"Y","low",77,"","medium",,"COLDLINE","north_america","RARE_ACCESS","{""sku_id"":""D85F-8CE9-F6EF"",""description"":""coldline storage south carolina"",""original_region"":""us-east1""}","28-08-2024","17:55:00","20:13:00","28-08-2024 20:05","Bob Baffert Suspended","Lomachenko","Senator","D","Senator Cory Booker (NJ)","Senator BOOKER. If they were not germane to this hearing, why would you even ask for them?",0.0232400845377628,1.38073826710077,1.54824073378059,-1.14564335609709,-0.642328679594669,-0.320395396357767,-0.707521603134957,-0.17789447893257
108,"X","medium",284,"Z","low",481,"Y","low",324,"","medium",244,"X","low",,"","high",396,"X","",396,"NEARLINE","asia","OCCASIONAL_ACCESS","{""sku_id"":""FD55-A8ED-B1A6"",""description"":""nearline storage mumbai"",""original_region"":""asia-south1""}","30-04-2024","13:39:00","16:47:00","30-04-2024 16:40","Winter Olympics Don","Qualifying Winter Olympics","Chairman","R","Senator Chuck Grassley (IA)","Chairman GRASSLEY. Senator Feinstein.",0.81768912096973,1.66418728080775,0.658602405652792,0.415065137383511,-0.180352546251574,0.352485101411981,0.822193234987152,-1.10509722054869
109,"Y","high",135,"Y","high",59,"X","high",460,"Z","high",283,"Z","medium",403,"Z","low",427,"X","medium",187,"COLDLINE","europe","RARE_ACCESS","{""sku_id"":""4D09-6DB4-A3D7"",""description"":""coldline storage warsaw dual-region"",""original_region"":""europe-central2""}","02-01-2024","10:32:00","11:55:00","02-01-2024 11:47","Winter Olympics Don","Qualifying Winter Olympics","Senator","D","Senator Sheldon Whitehouse (RI)","Senator WHITEHOUSE. For the record, that is a rate of 7,000 pages per hour. That is superhuman.",-0.177407462058142,-1.51402605292197,-0.201608423771862,1.73196424136558,-0.194153208991358,-0.815794464812582,-0.914707400556082,0.554484657784972
110,"Y","low",174,"Z","medium",181,"Z","high",399,"Z","high",28,"Z","medium",140,"Y","low",17,"Z","high",475,"NEARLINE","asia","OCCASIONAL_ACCESS","{""sku_id"":""403B-273A-D4AE"",""description"":""nearline storage hong kong"",""original_region"":""asia-east2""}","18-09-2024","06:54:00","08:56:00","18-09-2024 08:54","Smitten Aussie Tennis","Point Tally Nba","Senator","D","Senator Amy Klobuchar (MN)","Senator KLOBUCHAR. Yes.",1.00844570568498,-0.382608291274105,-0.0822329106592465,-0.407834786078428,-0.589013662961073,-0.657829710000098,0.882859039346603,-0.546888115998265
111,"Z","medium",354,"X","low",433,"Y","high",99,"Y","medium",101,"Z","low",395,"Z","medium",337,"","high",214,"STANDARD","asia","FREQUENT_ACCESS","{""sku_id"":""EBB8-4CFD-EA34"",""description"":""standard storage tel aviv"",""original_region"":""me-west1""}","27-08-2024","08:43:00","11:48:00","27-08-2024 11:40","Bob Baffert Suspended","Said Alicia Keys","Senator","D","Senator Patrick Leahy (VT)","Senator LEAHY. They are amazing. They are amazing.",-0.583932061457259,0.752762109458608,0.474867975464193,-1.0758746261345,1.28684113582197,0.394567111304703,-1.10505410887772,0.0559327573625206
112,"Z","low",164,"X","medium",70,"Y","medium",427,"Y","medium",494,"Y","high",228,"Z","low",242,"Y","medium",388,"COLDLINE","asia","RARE_ACCESS","{""sku_id"":""8E89-0AC8-66C0"",""description"":""coldline storage singapore"",""original_region"":""asia-southeast1""}","02-10-2024","15:13:00","15:40:00","02-10-2024 15:32","Bob Baffert Suspended","Lomachenko","Senator","D","Senator Dianne Feinstein (CA)","Senator FEINSTEIN. Mr. Chairman.",-0.583948935996667,-0.160147695690357,-1.40363217899214,-2.33960221358053,-0.187162692033245,-0.444866398419853,-0.48725809912918,0.612358126634123
113,"Y","low",53,"X","medium",420,"X","medium",28,"Z","high",314,"Z","medium",,"Y","low",318,"Y","medium",57,"NEARLINE","asia","OCCASIONAL_ACCESS","{""sku_id"":""DCA1-44F3-A410"",""description"":""nearline storage singapore dual-region"",""original_region"":""asia-southeast1""}","12-11-2024","18:21:00","19:00:00","12-11-2024 18:55","Golf Black Professional","Hold Fastest Marathon","Chairman","R","Senator Chuck Grassley (IA)","Chairman GRASSLEY. Yes, go ahead.",0.0323212409058638,0.107456738315763,0.0654118930692099,-0.48706939418733,-0.51745419633601,-0.942845946508721,0.751466432286659,1.87243425251473
114,"X","low",8,"Y","medium",274,"X","low",308,"Z","low",,"Y","medium",264,"Z","medium",147,"Z","high",425,"NEARLINE","europe","OCCASIONAL_ACCESS","{""sku_id"":""6E82-022D-E319"",""description"":""nearline storage frankfurt dual-region"",""original_region"":""europe-west3""}","20-12-2024","15:51:00","19:06:00","20-12-2024 19:00","Voice Cnn Masai","Hold Fastest Marathon","Senator","D","Senator Dianne Feinstein (CA)","Senator FEINSTEIN. If I may, I have been through nine Supreme Court hearings, andÑÑ",0.479338421816235,1.08494623309113,-1.62102840556019,0.457561241504371,-2.13839193997096,0.438702970001733,0.373321440057206,1.10742951989058
115,"Y","low",382,"X","medium",498,"Z","low",255,"Z","medium",114,"Y","low",,"Z","high",110,"Z","medium",239,"COLDLINE","north_america","RARE_ACCESS","{""sku_id"":""BD90-D1A2-6BFD"",""description"":""coldline storage dallas"",""original_region"":""us-south1""}","16-01-2024","21:50:00","00:03:00","17-01-2024 00:01","Voice Cnn Masai","Said Alicia Keys","Chairman","R","Senator Chuck Grassley (IA)","Chairman GRASSLEY. Is this your opening statement?",0.262515092087191,0.317942945364112,0.378907713634716,-0.520187214927681,1.31199011553802,0.374766099576124,1.22535167692705,1.61186429520794
116,"Z","low",474,"X","medium",147,"Z","low",18,"Y","low",62,"Y","high",102,"X","low",143,"Z","low",495,"NEARLINE","europe","OCCASIONAL_ACCESS","{""sku_id"":""7446-C63C-1119"",""description"":""nearline storage warsaw"",""original_region"":""europe-central2""}","15-12-2024","08:09:00","10:48:00","15-12-2024 10:42","Winter Olympics Don","Said Alicia Keys","Senator","D","Senator Dianne Feinstein (CA)","Senator FEINSTEIN. It is part of it.",-0.364266153058835,0.0462741865861987,-1.0933407451707,-2.36836384262169,1.53510075097652,0.804540101686503,-0.0377937029695572,0.376895175209025
117,"X","high",341,"Z","high",420,"Y","medium",363,"Z","high",214,"Y","low",29,"X","low",76,"Y","high",350,"ARCHIVE","asia","ARCHIVE","{""sku_id"":""4B5C-6444-A206"",""description"":""archive storage asia multi-region"",""original_region"":""asia""}","04-10-2024","15:24:00","19:11:00","04-10-2024 19:09","Reunion Netflix Cnn","Point Tally Nba","Chairman","R","Senator Chuck Grassley (IA)","Chairman GRASSLEY. Well, why do you not make your opening statement?",0.532987328415527,0.643788331903208,1.51680287031525,0.336133257993699,0.104292995320184,0.42907689159389,1.44492519425453,0.26683600626506
118,"Y","medium",30,"X","high",397,"Z","medium",148,"Y","medium",272,"Y","low",365,"X","high",202,"Z","high",370,"COLDLINE","europe","RARE_ACCESS","{""sku_id"":""4C20-3C91-DA5D"",""description"":""coldline storage belgium/london dual-region"",""original_region"":""eur5""}","06-12-2024","16:15:00","17:19:00","06-12-2024 17:12","Bob Baffert Suspended","Hold Fastest Marathon","Senator","D","Senator Dianne Feinstein (CA)","Senator FEINSTEIN. Shall I?",0.903363027769969,-0.773907832167419,0.551093912445704,0.270349338083957,0.0374832364337939,-1.84466530940891,-0.432152780474357,1.77638335424176
119,"Y","high",281,"Z","high",59,"X","medium",426,"Y","high",89,"Y","high",476,"Y","high",436,"","medium",74,"NEARLINE","europe","OCCASIONAL_ACCESS","{""sku_id"":""4CF0-069A-15D9"",""description"":""nearline storage europe multi-region"",""original_region"":""europe""}","09-05-2024","18:51:00","20:48:00","09-05-2024 20:39","Smitten Aussie Tennis","Point Tally Nba","Chairman","R","Senator Chuck Grassley (IA)","Chairman GRASSLEY. Yes, would you please? [Laughter.]",0.315483757769284,-1.48197444555568,0.859475786871793,0.51855586132281,0.561661918345061,-1.18206518813141,0.35757765815425,-0.742209925588543
120,"Z","high",135,"X","low",163,"Y","medium",439,"Z","",400,"Y","medium",289,"Z","medium",389,"Y","low",283,"NEARLINE","north_america","OCCASIONAL_ACCESS","{""sku_id"":""DB57-CF96-4A4C"",""description"":""nearline storage los angeles dual-region"",""original_region"":""us-west2""}","21-08-2024","06:39:00","07:46:00","21-08-2024 07:41","Smitten Aussie Tennis","Point Tally Nba","Senator","D","Senator Amy Klobuchar (MN)","Senator KLOBUCHAR. There is a motion pending.",-2.46220490277606,0.107705710359592,0.22309577959243,-0.933311261067456,-0.0195695579860875,-0.82419808898166,-1.02361049423972,-0.0202499090258715
121,"Z","high",96,"Y","low",158,"X","medium",295,"Y","high",214,"Z","high",58,"","medium",89,"Z","low",369,"ARCHIVE","asia","ARCHIVE","{""sku_id"":""4E33-234A-ABE4"",""description"":""archive storage tokyo"",""original_region"":""asia-northeast1""}","20-12-2024","13:34:00","16:16:00","20-12-2024 16:09","Smitten Aussie Tennis","Said Alicia Keys","Senator","D","Senator Richard Blumenthal (D-CT)","Senator BLUMENTHAL. Mr. Chairman, I asked for an opportunity to respond to my colleague from Texas because he has directly challenged us withÑÑ",-1.8003234445086,0.124560568549548,0.0100296026170765,0.526215729675588,-1.02833725535239,0.305143603395673,-1.98514719271172,-0.450628955533655
122,"Y","medium",460,"X","low",200,"Y","high",313,"X","",27,"Z","low",56,"Y","high",279,"Z","low",,"STANDARD","africa","FREQUENT_ACCESS","{""sku_id"":""CF16-78C4-2B5A"",""description"":""autoclass archive storage johannesburg"",""original_region"":""africa-south1""}","26-05-2024","16:23:00","18:24:00","26-05-2024 18:17","Smitten Aussie Tennis","Said Alicia Keys","Chairman","R","Senator Chuck Grassley (IA)","Chairman GRASSLEY. I said you are out of order.",-0.319615525120562,-0.305628703554412,-0.546773589262259,0.312435908343927,2.44001905245497,-0.662269522434201,-0.0871647787040877,-0.676864977017077
123,"Y","high",412,"Y","high",286,"X","medium",26,"Z","medium",68,"Y","high",272,"Z","low",36,"X","high",188,"NEARLINE","north_america","OCCASIONAL_ACCESS","{""sku_id"":""7500-8C3C-84DC"",""description"":""nearline storage iowa dual-region"",""original_region"":""us-central1""}","13-12-2024","13:00:00","14:21:00","13-12-2024 14:16","Smitten Aussie Tennis","Actor Bob Odenkirk","Senator","D","Senator Richard Blumenthal (D-CT)","Senator BLUMENTHAL. Well, Mr. ChairmanÑÑ",0.144506166916566,-0.964329465120929,0.748252718107795,1.81656967268402,1.27574988382311,0.65665692642612,-0.380088603890988,0.798148320831186
124,"Y","medium",367,"X","high",110,"X","high",445,"Y","high",430,"Y","high",447,"X","high",29,"Y","low",281,"NEARLINE","north_america","OCCASIONAL_ACCESS","{""sku_id"":""9D00-E37F-E3D4"",""description"":""nearline storage las vegas dual-region"",""original_region"":""us-west4""}","21-02-2024","16:46:00","18:48:00","21-02-2024 18:42","Voice Cnn Masai","Actor Bob Odenkirk","Chairman","R","Senator Chuck Grassley (IA)","Chairman GRASSLEY. Senator Feinstein.",0.847819348901096,-1.40540354763264,-0.687711362128475,-0.0193985905644464,2.07149271950899,-1.32077155165864,-0.255205137111601,0.456399381850902
125,"Z","low",250,"X","low",195,"Y","high",340,"X","medium",168,"Z","medium",,"Y","medium",,"Z","low",86,"NEARLINE","asia","OCCASIONAL_ACCESS","{""sku_id"":""5467-3F51-D0D1"",""description"":""nearline storage osaka/tokyo dual-region"",""original_region"":""asia1""}","11-04-2024","09:27:00","13:08:00","11-04-2024 13:03","Winter Olympics Don","Hold Fastest Marathon","Senator","D","Senator Richard Blumenthal (D-CT)","Senator BLUMENTHAL. I ask in the process of regular order an opportunity to respond to what I believe was a personal attackÑÑ",-1.67135876588246,-0.675556944149963,-0.575440798816795,-1.6668246674801,0.0430330267653193,0.501881395627454,-0.235735896303114,-0.0744376891086071
126,"X","high",289,"Z","low",458,"X","medium",192,"Y","high",186,"Y","low",151,"Y","medium",151,"X","high",,"COLDLINE","north_america","RARE_ACCESS","{""sku_id"":""ADA4-7896-0A0A"",""description"":""coldline storage salt lake city"",""original_region"":""us-west3""}","21-05-2024","09:41:00","13:20:00","21-05-2024 13:15","Making Racism","Lomachenko","Senator","D","Senator Dianne Feinstein (CA)","Senator FEINSTEIN. Well, let meÑÑ",-0.749894417132646,1.61010704630676,1.44464615714973,0.670275756392252,-0.325781606022483,0.467204940535367,1.38929410275715,-0.802169849647515
127,"Z","low",457,"Z","high",414,"Z","high",42,"X","low",99,"X","",310,"Z","medium",352,"","medium",237,"COLDLINE","europe","RARE_ACCESS","{""sku_id"":""D056-E841-A979"",""description"":""coldline storage paris"",""original_region"":""europe-west9""}","16-12-2024","15:14:00","17:49:00","16-12-2024 17:40","Assassination Question","Ravaged Nicaragua Category","Chairman","R","Senator Chuck Grassley (IA)","Chairman GRASSLEY. I would like to have you give Senator Feinstein the courtesy of listening to her opening statement.",0.998885480288607,-0.983622127936727,1.45602613430687,-1.58493131830451,0.377717153659205,1.98311859075579,0.41048537281666,-0.0511844106519764
128,"Z","low",330,"Y","low",478,"X","low",252,"Z","high",403,"Z","low",78,"Z","",77,"Y","medium",16,"ARCHIVE","north_america","ARCHIVE","{""sku_id"":""86E7-6DF6-0AE1"",""description"":""archive storage salt lake city"",""original_region"":""us-west3""}","25-04-2024","16:20:00","19:01:00","25-04-2024 18:53","Reunion Netflix Cnn","Beating Forecasts Covid","Senator","D","Senator Dianne Feinstein (CA)","Senator FEINSTEIN. Well, I was just going to say some things, and you heard that this is my ninth hearing, and I think we have got to look at this. These are very unique circumstances. Not only is the country deeply divided politically, we also find ourselves with a President who faces his own serious problems. Over a dozen Cabinet members and senior aides to President Trump have resigned, been fired, or failed their confirmations under clouds of corruption, scandal, and suspicion. The PresidentÕs personal lawyer, campaign manager, deputy campaign manager, and several campaign advisors have been entangled by indictments, guilty pleas, and criminal convictions. So, it is this backdrop that this nominee comes into when what we are looking is, is he within the mainstream of American legal opinion and will he do the right thing by the Constitution. We are also experiencing the vetting process that has cast aside tradition in favor of speed. When Justice Scalia died, Republicans refused to even meetÑeven a meeting in their officeÑwith President ObamaÕs nominee, and held the seat open for 1 year. Now with a Republican in the White House, they have changed their position. The Majority rushed into this hearing and is refusing to even look at the nomineeÕs full record. In fact, 93 percent of the records from KavanaughÕs tenure in the White House as counsel and staff secretary have not been provided to the Senate, and 96 percent have not been given to the public. We do know what the White House thinks of this nominee. Don McGahn, the White House Counsel, spoke to the Federalist Society and made clear Brett Kavanaugh is exactly the kind of nominee the President wanted. In his speech, Mr. McGahn discussed President TrumpÕs two lists of potential Supreme Court nominees. One he said was filled with mainstream candidates. The other list included ÔÔcandidates that are kind of too hot for primetime, the kind that reallyÑwould be really hot in the Senate, probably people who have written a lot, we really get a sense of their views, the kind of people that make people nervous.ÕÕ That is a quote. Now, what I am saying, this is the backdrop into which we come into this situation, so, yes, there is frustration on this side. We know what happened with the prior nominee, the last one President Obama presented to us. He never even got a meeting. He never got a hearing. He never got a vote. And now the rush to judgment and the inability to really have a civil and positive process ends up being the result. I really regret this, but I think you have to understand the frustration on this side of the aisle. Everyone on this side of the aisle wants to do a good job. They want time to be able to consider what the findings are, and there are tens of thousands of pages of emails and other items which could constitute findings on a whole host of major subjects that this nominee may be faced with, and they are serious. The torture issues, all of the Enron issues that he has been through, all of the kinds of things that we want to ask questions about. So, I mean, understand where we are coming from. It is not to create a disruption. It is not to make this a very bad process. It is to say, Majority, give us the time to do our work so that we can have a positive and comprehensive hearing on the man who may well be the deciding vote for many of AmericaÕs futures.",-0.719931182201199,0.0172344518409765,0.429415133896727,-0.0381354823682984,-0.417368200841133,2.69249738801415,-0.80745664082134,0.146583794517904
129,"X","low",289,"Z","low",341,"Z","medium",450,"Z","low",408,"Z","high",239,"Y","high",59,"X","low",458,"ARCHIVE","europe","ARCHIVE","{""sku_id"":""5A75-E003-2CBF"",""description"":""archive storage europe multi-region"",""original_region"":""europe""}","25-08-2024","18:54:00","22:17:00","25-08-2024 22:08","Companies Pulling Russia","International Women","Senator","D","Senator Richard Blumenthal (D-CT)","Senator BLUMENTHAL. Mr. Chairman, I renew my motion to adjourn and Senator HarrisÕ motion to postpone. I ask for a second.",-0.136175518390171,0.472204090922817,0.0189493400856384,-0.136543662694895,-0.849536152378849,1.05873629402391,1.90917830872495,-1.11468606730384
130,"X","high",48,"Z","high",291,"X","low",431,"X","high",121,"Y","low",,"Y","high",357,"Z","low",321,"STANDARD","north_america","FREQUENT_ACCESS","{""sku_id"":""EC30-92F5-3843"",""description"":""standard storage phoenix"",""original_region"":""us-west8""}","11-08-2024","17:57:00","21:12:00","11-08-2024 21:11","Amid Inflation","Beating Forecasts Covid","Senator","D","Senator Sheldon Whitehouse (RI)","Senator WHITEHOUSE. Second the motion.",0.280708024717382,0.318878266417347,0.984487469080027,0.324115504607339,-1.49899334169615,-0.87835135330676,0.972840893525007,0.328014708488286
131,"Y","medium",96,"Z","low",106,"Z","low",49,"Z","medium",364,"Z","low",314,"Z","",103,"Y","low",91,"ARCHIVE","north_america","ARCHIVE","{""sku_id"":""5C49-0E06-BAF4"",""description"":""archive storage iowa/south carolina dual-region"",""original_region"":""nam4""}","16-03-2024","08:05:00","09:02:00","16-03-2024 09:00","New Covid Lockdowns","Coronavirus Pandemic Late","Senator","D","Senator Richard Blumenthal (D-CT)","Senator BLUMENTHAL. Mr. Chairman, I ask for a vote. I ask that weÑÑ",0.523606819641318,-0.505725570541325,-0.0511926874590634,0.621770358423329,-0.441875234493498,-1.7344938288181,-0.435780048632603,-1.96584815522965
132,"Z","low",404,"Z","low",79,"Y","low",381,"Z","low",226,"X","low",51,"Y","low",29,"Z","medium",448,"NEARLINE","asia","OCCASIONAL_ACCESS","{""sku_id"":""5E51-E5C9-7A7D"",""description"":""nearline storage jakarta"",""original_region"":""asia-southeast2""}","23-07-2024","12:56:00","14:49:00","23-07-2024 14:46","Cnn Montana Nonprofit","Ravaged Nicaragua Category","Chairman","R","Senator Chuck Grassley (IA)","Chairman GRASSLEY. I do notÑÑ",-0.580689006939415,-0.878587487649817,-0.201948964479522,-1.51060331776507,0.104721635321733,1.17828132720688,0.0400213180158838,-2.18931375038825
133,"Y","high",182,"X","high",420,"Z","low",40,"Z","high",83,"Z","low",,"X","low",394,"Y","high",345,"ARCHIVE","asia","ARCHIVE","{""sku_id"":""B9DB-1163-E3BD"",""description"":""archive storage singapore"",""original_region"":""asia-southeast1""}","19-07-2024","11:09:00","14:26:00","19-07-2024 14:17","Scammers Cnn Epik","Niger State Television","Senator","D","Senator Richard Blumenthal (D-CT)","Senator BLUMENTHAL [continuing]. Reconvene in executive session.",-0.552515105742915,-0.708200096797454,1.52461187987835,0.518536414572676,0.704601087103735,-1.11613279478284,0.356057281247158,1.99488586704408
134,"X","low",125,"X","low",202,"Y","medium",188,"","low",397,"X","high",29,"Y","high",352,"Y","high",346,"NEARLINE","north_america","OCCASIONAL_ACCESS","{""sku_id"":""E5F7-218B-F872"",""description"":""nearline storage oregon dual-region"",""original_region"":""us-west1""}","10-02-2024","10:43:00","13:47:00","10-02-2024 13:42","Abortion Travel","Niger State Television","Chairman","R","Senator Chuck Grassley (IA)","Chairman GRASSLEY. I should not have to explain to you we are having a hearing. It is out of order. We are not in executive session. That would be the proper forum for entertaining motions, soÑÑ",-1.43444270439618,0.0855603432942535,-1.43816754906571,-0.467908299312847,-0.856606662286264,-0.226293549800255,1.40662461881428,0.283006082199246
135,"Y","low",483,"Y","high",393,"X","high",223,"X","medium",41,"Z","medium",200,"Y","low",464,"","low",466,"ARCHIVE","asia","ARCHIVE","{""sku_id"":""62E5-3AA6-3149"",""description"":""archive storage jakarta"",""original_region"":""asia-southeast2""}","11-04-2024","14:03:00","15:51:00","11-04-2024 15:48","Amid Inflation","Help Russia","Senator","D","Senator Richard Blumenthal (D-CT)","Senator BLUMENTHAL. I ask that we reconvene in executive session.",0.972403624075087,-1.5784956219781,0.271016800752414,1.14705401251745,1.05641058910801,1.99879782897216,0.416234073948275,1.02401721640587
136,"Y","medium",478,"Y","medium",4,"X","high",11,"Z","high",437,"Y","low",118,"Y","medium",,"","high",202,"ARCHIVE","europe","ARCHIVE","{""sku_id"":""C6A0-DADE-4F0E"",""description"":""archive storage paris dual-region"",""original_region"":""europe-west9""}","24-06-2024","06:51:00","09:39:00","24-06-2024 09:32","Companies Pulling Russia","Help Russia","Chairman","R","Senator Chuck Grassley (IA)","Chairman GRASSLEY. So, we will notÑwe will not vote on Senator BlumenthalÕs suggestion. We will not follow your suggestion toÑÑ [Disturbance in the hearing room.]",1.45040167884093,0.0874654077376488,-1.87652366837812,1.01513182896668,2.03981287318739,-0.13182145511856,-1.17824036594901,-0.82044893541597
137,"Z","high",210,"Z","medium",445,"Y","high",68,"X","",,"","medium",489,"Z","medium",238,"Y","high",177,"COLDLINE","north_america","RARE_ACCESS","{""sku_id"":""64F6-F598-D260"",""description"":""coldline storage phoenix"",""original_region"":""us-west8""}","07-09-2024","08:18:00","11:21:00","07-09-2024 11:20","Making Racism","Help Russia","Senator","D","Senator Richard Blumenthal (D-CT)","Senator BLUMENTHAL. Well, it is a motion, Mr. Chairman.",0.134743728583578,1.62824658947991,1.99163463747111,-1.08705878747359,-0.376617684323779,0.106845345901941,-0.55098682098691,0.0424929848795504
138,"Y","high",115,"X","high",85,"Y","low",440,"Y","medium",161,"Z","high",159,"Y","high",335,"Y","low",,"NEARLINE","europe","OCCASIONAL_ACCESS","{""sku_id"":""ADB6-51A3-28B0"",""description"":""nearline storage paris dual-region"",""original_region"":""europe-west9""}","02-11-2024","08:57:00","11:32:00","02-11-2024 11:27","Making Racism","International Women","Chairman","R","Senator Chuck Grassley (IA)","Chairman GRASSLEY [continuing]. To go into executive session. Motions will not be proper at this time. [Disturbance in the hearing room.]",-0.852787725798137,-1.48784687782483,0.103994951822731,0.302772168879571,0.471272349035636,-2.10267971543061,-0.00873787018193734,1.13201522576511
139,"X","high",398,"X","low",197,"Z","medium",314,"Z","medium",113,"X","medium",17,"X","medium",396,"Z","medium",444,"COLDLINE","asia","RARE_ACCESS","{""sku_id"":""6B5F-CF08-C03D"",""description"":""coldline storage osaka"",""original_region"":""asia-northeast2""}","22-08-2024","15:12:00","17:51:00","22-08-2024 17:44","Companies Pulling Russia","Help Russia","Senator","D","Senator Amy Klobuchar (MN)","Senator KLOBUCHAR. Mr. Chairman, it is a pending motion before the Committee. [Disturbance in the hearing room.]",-2.00541773850415,0.967010425233801,-0.546222496635929,0.181234367886395,1.2666664651662,-0.144737054941322,1.12298056463081,-0.156634530970206
140,"Y","high",312,"X","low",178,"X","medium",229,"Y","high",117,"Z","high",216,"","high",314,"Z","medium",406,"COLDLINE","europe","RARE_ACCESS","{""sku_id"":""6CCC-4CDD-383C"",""description"":""coldline storage europe multi-region"",""original_region"":""europe""}","28-08-2024","13:23:00","13:54:00","28-08-2024 13:53","New Covid Lockdowns","Coronavirus Pandemic Late","Senator","D","Senator Richard Blumenthal (D-CT)","Senator BLUMENTHAL. Mr. Chairman, if there is no vote on this motion which has been properly seconded and which could be given a vote in executive session, this process will be tainted and stained forever. I am asking as a Member of this CommitteeÑit is my right to do soÑthat we vote on my motion to adjourn and Senator HarrisÕ motion to postpone, and that we do it in executive session which can be easily and quickly convened right now.",-1.96465256492874,-0.371536507061644,0.25195523291526,0.609037432504359,1.42755220149575,-1.07640947377708,0.290894802993468,-0.145776998596035
141,"X","low",450,"Z","low",462,"X","low",285,"X","",240,"X","low",368,"Y","medium",159,"Z","low",393,"ARCHIVE","asia","ARCHIVE","{""sku_id"":""6D22-D2AA-4F85"",""description"":""archive storage hong kong"",""original_region"":""asia-east2""}","28-02-2024","14:02:00","15:18:00","28-02-2024 15:16","Assassination Question","Niger State Television","Chairman","R","Senator Chuck Grassley (IA)","Chairman GRASSLEY. Yes, the motion is out of order.",0.04224367772621,0.766447452859675,0.524527242259387,-0.09499580558135,0.0095844732643773,1.88994637300884,2.21071700004474,-1.00445844496209
142,"X","medium",272,"Z","medium",360,"X","low",229,"Z","low",375,"Z","medium",342,"X","high",444,"X","high",382,"COLDLINE","north_america","RARE_ACCESS","{""sku_id"":""6E87-6282-15AF"",""description"":""coldline storage iowa/south carolina dual-region"",""original_region"":""nam4""}","23-01-2024","10:32:00","14:22:00","23-01-2024 14:18","Assassination Question","Ravaged Nicaragua Category","Senator","D","Senator Cory Booker (NJ)","Senator BOOKER. Sir, then I make a very clear and simple motion to move into executive session so that Senator BlumenthalÕs motion may be considered.",1.94612037999288,2.195669038892,-0.15666118703537,-0.274605232527067,0.00684708645281376,-0.328383128912593,0.665872308240519,-0.515784456083869
143,"Y","high",275,"Z","high",17,"X","medium",9,"Y","low",199,"Z","high",488,"Z","low",351,"X","high",17,"COLDLINE","europe","RARE_ACCESS","{""sku_id"":""6FC6-63C5-6832"",""description"":""coldline storage frankfurt/zurich dual-region"",""original_region"":""eur8""}","03-12-2024","06:58:00","10:52:00","03-12-2024 10:43","Mbappe Neymar Prove","Lomachenko","Chairman","R","Senator Chuck Grassley (IA)","Chairman GRASSLEY. The motion is out of order.",0.279065050843916,-1.57949945880706,0.68123630130847,0.490866489980306,0.546002511869502,-1.29742052350554,0.314820688044166,-0.853924689104233
144,"X","high",96,"Z","low",426,"Z","high",273,"","low",257,"X","high",182,"X","high",438,"X","medium",245,"COLDLINE","north_america","RARE_ACCESS","{""sku_id"":""6FF2-2736-1E63"",""description"":""coldline storage day0 (alabama)"",""original_region"":""us-east7""}","31-01-2024","17:31:00","20:24:00","31-01-2024 20:19","Basketball Legend Says","Actor Bob Odenkirk","Senator","D","Senator Richard Blumenthal (D-CT)","Senator BLUMENTHAL. Well, they are not out of order, Mr. Chairman. They are properly before this Committee. Simply saying so, with all due respect, and I have great respect for the Chairman, does not make them so. It does not make them out of order just because the Chairman rules that they are out of order. We have a number of excellent lawyers in this room, and I ask that this body now do what its responsibility is to have an executive session so we can vote on a motion to adjourn, and then we can delib- erately and thoughtfully consider the documents that have been presented, and also review the Committee documents that have been marked confidential without any reason or rationale.",-0.874008504825889,1.51839246708542,1.31923087532982,0.699295721039092,-1.40498368920321,-0.274778841098498,1.12286640392825,-0.60982740307089
145,"X","medium",301,"Z","medium",338,"X","medium",385,"Y","high",485,"Z","low",261,"Y","",278,"Y","low",177,"ARCHIVE","north_america","ARCHIVE","{""sku_id"":""9792-0238-A65E"",""description"":""archive storage oregon dual-region"",""original_region"":""us-west1""}","27-12-2024","14:17:00","16:14:00","27-12-2024 16:04","Making Racism","Niger State Television","Chairman","R","Senator Chuck Grassley (IA)","Chairman GRASSLEY. The motion is denied.",1.94348247612051,2.14755433878917,-0.251796449588789,-0.297658272658398,0.180703675180314,-0.277229527702089,0.683366979717579,-0.621631624305833
146,"Z","low",181,"Y","medium",34,"Z","medium",102,"Y","high",248,"Z","medium",279,"Z","high",224,"X","medium",180,"COLDLINE","north_america","RARE_ACCESS","{""sku_id"":""EAC3-75EC-684F"",""description"":""coldline storage las vegas dual-region"",""original_region"":""us-west4""}","02-03-2024","14:18:00","15:00:00","02-03-2024 14:57","Amid Inflation","Beating Forecasts Covid","Senator","D","Senator Cory Booker (NJ)","Senator BOOKER. Sir, how long would that take, 10 minutes for us to have a motion and a vote on this process? I do not understand what the rush is that we cannot even let Senators vote on what is a very important motion germane to our constitutional duties before thisÑbefore this body before we proceed. I do not understand. It will not take that much time. What is the rush? What are we afraid of to hold a vote on the motions before us?",0.081956544032326,-0.209692303758383,-1.75158690979563,-0.91658489335324,-0.865217348994545,0.809098380292179,-1.40535809593049,0.0105427122029177
147,"Y","high",102,"Z","low",390,"X","high",245,"Z","medium",396,"Y","high",12,"X","medium",421,"Z","medium",427,"NEARLINE","south_america","OCCASIONAL_ACCESS","{""sku_id"":""7250-679F-299A"",""description"":""nearline storage santiago"",""original_region"":""southamerica-west1""}","21-06-2024","06:04:00","07:25:00","21-06-2024 07:18","Climate Action Opinion","Warming Caused Humans","Senator","R","Senator John Neely Kennedy (LA)","Senator KENNEDY. Mr. Chairman. Mr. Chairman.",-0.799691395291294,0.149095827145552,2.04005912422219,1.09077587481596,-0.715587003090438,-0.925351851890803,0.390665670673531,-0.783232512345451
148,"Z","medium",390,"X","low",16,"Z","medium",206,"X","high",192,"Y","low",2,"Y","low",305,"Z","high",198,"COLDLINE","asia","RARE_ACCESS","{""sku_id"":""E70A-97D8-6230"",""description"":""coldline storage delhi"",""original_region"":""asia-south2""}","29-10-2024","21:03:00","23:33:00","29-10-2024 23:25","Voice Cnn Masai","Point Tally Nba","Chairman","R","Senator Chuck Grassley (IA)","Chairman GRASSLEY. Senator Kennedy.",-0.896640471166364,-0.20669165422032,-1.30006340989918,-1.37620980289658,1.67268809476411,-0.418988510772465,-1.41095996658523,-1.19396285429213
149,"Y","medium",172,"Y","low",212,"X","high",435,"Y","high",39,"X","medium",397,"X","",387,"X","",418,"NEARLINE","europe","OCCASIONAL_ACCESS","{""sku_id"":""72AC-DCBB-8799"",""description"":""nearline storage finland/netherlands dual-region"",""original_region"":""eur4""}","15-05-2024","13:41:00","17:11:00","15-05-2024 17:09","Golf Black Professional","Niger State Television","Senator","R","Senator John Neely Kennedy (LA)","Senator KENNEDY. Thank you, Mr. Chairman. I have a question about the process. I understand my colleaguesÕ point, and I understand they feel strongly about this, but what are going to be the ground rules today? Are we going to be allowed to interrupt each other, interrupt the witness? Are we going toÑshould we seek recognition from the Chair? I just want to understand the ground rules.",0.228420756013067,-0.272530110529055,-0.673836405473957,1.85004333437917,0.0134826749086141,-0.359022923110942,-1.34343275628462,-0.69180106034099
150,"X","high",106,"X","low",81,"X","high",81,"X","high",127,"Z","medium",192,"Y","high",444,"Z","high",453,"NEARLINE","asia","OCCASIONAL_ACCESS","{""sku_id"":""72E1-0FCE-FA4F"",""description"":""nearline storage dammam"",""original_region"":""me-central2""}","27-12-2024","09:12:00","10:51:00","27-12-2024 10:46","Voice Cnn Masai","Turned Movie Different","Chairman","R","Senator Chuck Grassley (IA)","Chairman GRASSLEY. Proper respect and decorum, plus how we normally have done business in a hearing like this. We would not be having all these motions. You are new to the Senate, so this is something I have never gone through before in 15 Supreme Court nominations that I have been since I have been on here. And every MemberÑI was interrupted before I got a chance to say whatÑthe agenda for today, but every Member is going to get 10 minutes to make their remarks, and then we will go to the introducers of Judge Kavanaugh. There will be three of those. Then we will take the usual time of introducer, and then we will have the swearing in of Judge Kavanaugh, and then we will have his opening remarks, and then we will adjourn for today. We will reconvene at 9:30 on Wednesday and Thursday. Each Member will have 30 minutes to ask questions or make all these points they are making right now for the first round, then there will be a second round of 20 minutes each. So, every Member is going to get 50 minutes to ask all the questions or make all the statements that they want to make in regard to anything about this candidate or anything about how this meeting is being conducted. And then we willÑwe will go late into Wednesday night or Thursday night until we get done with the questioning of Judge Kavanaugh. And then on Thursday we are going to have three panels of six each, evenly divided for people that think Judge Kavanaugh should be on the Supreme Court and people that think he should not be on the Supreme Court. And we hopefully get that done Friday, but if we have to go Saturday and Sunday, we will go Saturday and Sunday until we get it all done.",-2.24686294694109,0.672207477889422,-1.02332128735879,0.178015109766989,-0.336627822968982,-1.41943548564145,0.663066799383323,-0.0596153185997569
151,"Z","medium",480,"Z","medium",5,"Y","low",52,"X","low",79,"Z","low",344,"X","low",142,"Y","high",,"NEARLINE","asia","OCCASIONAL_ACCESS","{""sku_id"":""C8B6-F995-22B7"",""description"":""nearline storage delhi"",""original_region"":""asia-south2""}","28-01-2024","16:25:00","19:29:00","28-01-2024 19:25","Smitten Aussie Tennis","Niger State Television","Senator","D","Senator Kamala Harris (CA)","Senator HARRIS. Mr. Chairman, how can we possibly talk aboutÑÑ",1.47532231285497,0.638749456700343,-0.778091133926595,-1.73824603714556,1.52843934708967,-0.0953170938962032,-1.16605399659304,-1.99428478360648
152,"Y","medium",481,"Y","high",279,"Z","medium",105,"X","low",453,"Z","high",472,"Z","medium",96,"X","high",84,"NEARLINE","asia","OCCASIONAL_ACCESS","{""sku_id"":""772C-28AE-ABAE"",""description"":""nearline storage seoul"",""original_region"":""asia-northeast3""}","30-05-2024","09:15:00","11:57:00","30-05-2024 11:52","Making Racism","Niger State Television","Chairman","R","Senator Chuck Grassley (IA)","Chairman GRASSLEY. Does that answer your question, Senator Kennedy?",1.72611337310565,-0.972676766837397,-0.16942008021777,1.52075916295365,1.85340879088624,0.731294409520314,-0.880572980431344,0.300150062249322
153,"Z","low",247,"Z","medium",343,"Z","medium",78,"","high",13,"","high",122,"X","low",74,"X","low",349,"COLDLINE","europe","RARE_ACCESS","{""sku_id"":""DCF3-6CFB-DC70"",""description"":""coldline storage frankfurt"",""original_region"":""europe-west3""}","17-08-2024","14:36:00","15:21:00","17-08-2024 15:15","Amid Inflation","Warming Caused Humans","Senator","R","Senator John Neely Kennedy (LA)","Senator KENNEDY. Well, if I want toÑyes, Mr. Chairman. I appreciate it. If I want to say something, do I need to be recognized by the Chair?",0.779296015237629,0.528394612318504,0.627673444918409,-1.89326015170554,-0.697346568024564,0.860574985356767,0.0274274995808227,-0.281451762144075
154,"X","low",147,"Y","medium",239,"X","low",423,"Y","medium",411,"Y","medium",387,"Y","high",299,"X","low",431,"COLDLINE","europe","RARE_ACCESS","{""sku_id"":""BD2C-E25F-A1BA"",""description"":""coldline storage berlin dual-region"",""original_region"":""europe-west10""}","27-12-2024","13:35:00","16:48:00","27-12-2024 16:44","Companies Pulling Russia","Help Russia","Chairman","R","Senator Chuck Grassley (IA)","Chairman GRASSLEY. That would be the way that it is handled. I have tried to explain to you I want to be patient because sometimes if you are not patient and you argue why something should not be done, it takes longer than it does just to listen to people. But I do not think we should have to listen to the same thing three or four times.",0.522634255615053,1.01698023001753,-1.77749862698035,0.396186870347665,-1.33581652067208,0.842442177624319,0.516403116374356,0.80229588170992
155,"Z","medium",80,"Z","high",171,"Y","low",130,"X","low",69,"Z","medium",106,"X","medium",403,"Y","high",203,"NEARLINE","north_america","OCCASIONAL_ACCESS","{""sku_id"":""81A5-ECF2-4B80"",""description"":""nearline storage day0 (alabama)"",""original_region"":""us-east7""}","21-07-2024","08:15:00","12:11:00","21-07-2024 12:10","Abortion Travel","Niger State Television","Senator","R","Senator John Neely Kennedy (LA)","Senator KENNEDY. Well, patience is good, Mr. Chairman, but I just want to understand the rules. If I want to be recognizedÑÑ",1.45837932831962,-0.710289706245832,0.487793713047932,-1.2014342588025,-0.893024063696977,-0.876460501436649,-1.46017281388181,-0.593129000382229
156,"Z","high",313,"Z","high",256,"Y","medium",181,"X","medium",75,"Z","low",370,"Y","high",488,"X","medium",97,"STANDARD","europe","FREQUENT_ACCESS","{""sku_id"":""D529-048F-1545"",""description"":""autoclass standard storage eu multi-region"",""original_region"":""eu""}","08-11-2024","13:24:00","14:27:00","08-11-2024 14:19","Cnn Montana Nonprofit","Warming Caused Humans","Chairman","R","Senator Chuck Grassley (IA)","Chairman GRASSLEY. Yes, you should be recognizedÑÑ",0.0931575815174877,-0.493950855225242,1.72045057883601,-0.931560339492869,0.205831667733575,0.272788688972558,-0.519311783590226,-0.315943573747607
157,"Y","high",305,"Y","high",75,"Y","medium",128,"Z","medium",264,"Z","high",79,"Z","low",16,"X","high",260,"NEARLINE","asia","OCCASIONAL_ACCESS","{""sku_id"":""870D-3A16-D708"",""description"":""nearline storage tel aviv"",""original_region"":""me-west1""}","14-02-2024","12:07:00","13:20:00","14-02-2024 13:14","Winter Olympics Don","Beating Forecasts Covid","Senator","R","Senator John Neely Kennedy (LA)","Senator KENNEDY [continuing]. I haveÑÑ",-0.0777609072157421,-1.46137775056312,-0.142952121637099,1.6979053542832,0.761756387912167,-0.189661281968385,-0.690275720387791,0.350085704351229
158,"Z","medium",309,"Z","high",24,"Z","high",407,"X","high",40,"Y","high",152,"Z","low",0,"Z","high",490,"COLDLINE","north_america","RARE_ACCESS","{""sku_id"":""D716-3E59-667B"",""description"":""coldline storage iowa"",""original_region"":""us-central1""}","27-02-2024","21:56:00","23:29:00","27-02-2024 23:27","Climate Action Opinion","Pennsylvania Investigation Abuse","Chairman","R","Senator Chuck Grassley (IA)","Chairman GRASSLEY. You can understand that I have been patient and listened to people not be recognized and speak anyway, because I would like to have this be a peaceful session.",1.4587693336583,-1.02852856980873,-0.149824550284901,-1.36483993183104,0.468183507901031,-0.412376651343873,-1.29955747881186,-1.35225220379405
159,"Z","high",96,"Z","high",78,"Y","high",332,"Y","medium",38,"Z","high",235,"X","high",339,"Y","medium",258,"ARCHIVE","europe","ARCHIVE","{""sku_id"":""8881-EDBB-6F06"",""description"":""archive storage stockholm"",""original_region"":""europe-north2""}","19-04-2024","11:53:00","12:13:00","19-04-2024 12:04","Companies Pulling Russia","Help Russia","Senator","R","Senator John Neely Kennedy (LA)","Senator KENNEDY. Well, before I try your patience, I am done.",-0.159162194373866,-0.924971340142491,0.975614129908326,-0.99795799339097,-0.945606832742437,-0.881102042595703,-0.938271325603711,-0.50731511062018
160,"Z","low",235,"Z","high",27,"X","high",236,"X","low",387,"Y","medium",244,"Z","medium",134,"","medium",224,"ARCHIVE","asia","ARCHIVE","{""sku_id"":""91A8-C2FD-83CC"",""description"":""archive storage mumbai dual-region"",""original_region"":""asia-south1""}","30-09-2024","20:07:00","22:43:00","30-09-2024 22:33","Companies Pulling Russia","Help Russia","Senator","D","Senator Mazie Hirono (HI)","Senator HIRONO. Mr. Chairman, I have a question about ground rules.",0.578051769523769,-1.89764898595145,-0.177134077226036,-1.79572784957424,-0.710853138468037,0.341484588868976,-0.190391817735547,-0.835071687731257
161,"X","low",341,"Z","high",384,"Y","low",399,"Y","high",,"Z","low",,"","low",237,"X","medium",219,"COLDLINE","north_america","RARE_ACCESS","{""sku_id"":""ADD1-821E-E0DA"",""description"":""coldline storage columbus"",""original_region"":""us-east5""}","15-03-2024","07:49:00","10:18:00","15-03-2024 10:15","New Covid Lockdowns","Coronavirus Pandemic Late","Chairman","R","Senator Chuck Grassley (IA)","Chairman GRASSLEY. Go ahead.",1.2110244226022,-0.307099808386327,0.43549145265057,-0.414207560510212,-0.45480255571061,1.20291123219766,2.03290844648214,0.186808457685946
162,"Z","medium",327,"X","high",304,"Z","low",35,"Z","medium",298,"Y","low",,"Y","",39,"Y","high",366,"COLDLINE","europe","RARE_ACCESS","{""sku_id"":""C1D5-B464-7C66"",""description"":""coldline storage milan"",""original_region"":""europe-west8""}","09-08-2024","09:56:00","11:32:00","09-08-2024 11:30","Winter Olympics Don","Qualifying Winter Olympics","Senator","D","Senator Mazie Hirono (HI)","Senator HIRONO. The question is, before we can proceed, I would like to know whether the Majority is still requiring of all of the Democratic Members of this Committee to pre-clear the questions, documents, and videos that we would like to use at this hearing?",0.586288639144165,-0.430958852586593,0.164477073435199,-1.45245664388275,1.30915893264897,-0.122603963924272,-1.2239730081257,0.980074043203324
163,"Z","low",397,"Y","low",93,"Z","medium",339,"Y","low",59,"Z","low",3,"Z","medium",37,"","medium",170,"ARCHIVE","asia","ARCHIVE","{""sku_id"":""8DFA-F1E2-A9BF"",""description"":""archive storage tel aviv"",""original_region"":""me-west1""}","23-10-2024","08:51:00","12:02:00","23-10-2024 11:58","New Covid Lockdowns","Coronavirus Pandemic Late","Chairman","R","Senator Chuck Grassley (IA)","Chairman GRASSLEY. If theÑI was hoping that on the subject that you just brought up that we would have some clarification of what you want, to approach that. And I am not prepared to answer that question because I do no know what the answer has been, and I do not want you to give me what you think the answer has been of discussion between our staff on that subject.",-0.991375854983263,-0.865472679081973,-1.21117148826467,-0.32440324185952,0.130102800999663,2.05857331208219,-1.04798634503495,-1.05711151155609
164,"Y","low",371,"X","low",420,"Z","medium",180,"Y","low",42,"X","low",440,"X","high",264,"X","medium",364,"ARCHIVE","asia","ARCHIVE","{""sku_id"":""8E50-F3F3-15C5"",""description"":""archive storage dammam"",""original_region"":""me-central2""}","21-07-2024","09:47:00","11:30:00","21-07-2024 11:25","Cnnpolitics Polls Underestimating","Actor Bob Odenkirk","Senator","D","Senator Mazie Hirono (HI)","Senator HIRONO. Mr. Chairman, I do not think it has ever been the case in a hearing like this that the Members of this Committee have to pre-clear what we propose to query the nominee about. I think that is totally unprecedented.",-1.03569517838295,-0.675120042203343,0.349356424290906,0.0368444312296796,1.08134248859866,0.527914019480348,1.18582318420389,0.485242845600457
165,"Y","high",17,"X","medium",242,"X","high",189,"X","medium",334,"X","low",103,"X","medium",344,"","medium",493,"ARCHIVE","europe","ARCHIVE","{""sku_id"":""F55D-740B-7F5B"",""description"":""archive storage finland dual-region"",""original_region"":""europe-north1""}","24-11-2024","19:54:00","21:44:00","24-11-2024 21:35","Assassination Question","2020 Presidential Election","Senator","D","Senator Amy Klobuchar (MN)","Senator KLOBUCHAR. And, Mr. Chairman, if we do not even know what the rules are, how can we proceed with this hearing?",-0.834054126599933,0.560930144449981,0.238849918059846,0.123631329868505,-0.0688948147465708,-2.3232874412045,-0.0611109398869703,1.39124197833222
166,"X","medium",309,"Y","high",55,"X","high",79,"X","high",196,"X","medium",355,"Z","high",443,"X","low",386,"ARCHIVE","europe","ARCHIVE","{""sku_id"":""8F97-AEF5-DFFF"",""description"":""archive storage london"",""original_region"":""europe-west2""}","29-08-2024","17:57:00","21:54:00","29-08-2024 21:52","Assassination Question","2020 Presidential Election","Chairman","R","Senator Chuck Grassley (IA)","Chairman GRASSLEY. I would like to respondÑI would like to respond to Senator Hirono. The reason why we are having that discussion is, at least in my time on this Committee and for 15 nominations, we have never had a request for a video. So, it seems to me to be courteous to all the Members of the Committee, it would be nice to know the purpose and what it might contain. You do notÑany questions you want to ask, you can ask questions. It is not about what questions you were going to ask. It is about the presentation of something that has never been part of a Supreme Court hearing in the past.",1.36044675827371,-0.219012120492245,-1.98653298206245,0.99214094186231,0.337218078501116,0.220459862343282,-0.572977559403219,-0.0282720572541427
167,"Y","low",487,"Z","high",485,"X","high",48,"X","high",9,"Z","low",355,"Z","medium",241,"Z","medium",464,"NEARLINE","europe","OCCASIONAL_ACCESS","{""sku_id"":""BDF5-445D-55FB"",""description"":""nearline storage madrid dual-region"",""original_region"":""europe-southwest1""}","20-01-2024","21:38:00","00:46:00","21-01-2024 00:44","Cnnpolitics Polls Underestimating","2020 Presidential Election","Senator","D","Senator Kamala Harris (CA)","Senator HARRIS. Mr. ChairmanÑÑ",1.46572569669838,-1.34715217770262,1.7310818746414,0.0355621185217724,0.967788515332389,1.34666125497315,1.58963583064771,0.200476867085064
168,"Z","high",279,"X","medium",468,"X","low",346,"Y","low",340,"Z","low",228,"Z","medium",322,"Z","medium",394,"ARCHIVE","asia","ARCHIVE","{""sku_id"":""DF77-0EDE-4A82"",""description"":""archive storage taiwan dual-region"",""original_region"":""asia-east1""}","25-12-2024","06:50:00","10:42:00","25-12-2024 10:40","Cnnpolitics Polls Underestimating","2020 Presidential Election","Chairman","R","Senator Chuck Grassley (IA)","Chairman GRASSLEY. Who wantedÑÑ",-0.915725759567841,1.63716044442554,1.21044552759995,-1.36743758086842,0.865356237072565,-0.00476327141488332,-0.628175689593681,1.56207320554541
169,"Z","low",264,"Z","low",379,"Z","medium",425,"Z","medium",484,"X","high",268,"X","",430,"Z","low",421,"COLDLINE","europe","RARE_ACCESS","{""sku_id"":""F252-25C0-60F6"",""description"":""coldline storage madrid dual-region"",""original_region"":""europe-southwest1""}","22-09-2024","14:18:00","14:46:00","22-09-2024 14:36","Cnnpolitics Polls Underestimating","2020 Presidential Election","Senator","D","Senator Dick Durbin (IL)","Senator DURBIN. Mr. Chairman.",-0.414072536820597,-0.198875286714655,1.08126935053984,-1.26418730654026,-0.819139651370537,1.3674941623965,0.118491758812074,-1.12209654823798
170,"X","medium",303,"X","low",404,"Z","low",455,"X","high",280,"Y","medium",36,"X","low",215,"Y","high",19,"ARCHIVE","asia","ARCHIVE","{""sku_id"":""97DE-FF9D-7B7F"",""description"":""archive storage osaka"",""original_region"":""asia-northeast2""}","10-03-2024","10:01:00","12:23:00","10-03-2024 12:15","Cnnpolitics Polls Underestimating","2020 Presidential Election","Chairman","R","Senator Chuck Grassley (IA)","Chairman GRASSLEY. I think I will go back and forth. Senator Tillis.",-0.337756642657918,1.43759891141912,-0.544997851198491,0.0782582512679239,0.822049146260707,-0.157754436876924,0.598878523672291,0.201084258095081
171,"X","high",279,"Y","medium",273,"X","medium",121,"","medium",190,"Y","high",450,"Y","high",104,"Z","high",176,"ARCHIVE","north_america","ARCHIVE","{""sku_id"":""A386-C234-21D1"",""description"":""archive storage northern virginia"",""original_region"":""us-east4""}","18-10-2024","06:00:00","07:46:00","18-10-2024 07:36","Cnnpolitics Polls Underestimating","2020 Presidential Election","Senator","R","Senator Thom Tillis (NC)","Senator TILLIS. Mr. Chairman, I am confused because I heard earlier that this was a reaction to the document releases last night. But I am reviewing a tweet from NBC that said ÔÔDemocrats plotted coordinated protest strategy over the holiday weekend. All agreed to disrupt and protest the hearing, sources tell me, and subsequent Dem Leader, Chuck Schumer, led a phone call and Committee Members are executing now.ÕÕ So, I just want to be clear, none of the Members on this Committee participated in that phone call or that strategy before the documents were released yesterday? Is this aÑare you suggesting that this allegation is false?",-0.089483248945925,1.97544682507898,-0.711966426229426,1.11002491838572,-0.0281921712713411,0.522319461317112,0.090558183894778,0.682214800899717
172,"X","low",200,"Z","medium",401,"Y","low",381,"Z","low",421,"Z","low",59,"X","medium",412,"X","low",136,"COLDLINE","africa","RARE_ACCESS","{""sku_id"":""9A27-B3AE-E1C9"",""description"":""coldline storage johannesburg"",""original_region"":""africa-south1""}","11-12-2024","09:18:00","13:17:00","11-12-2024 13:08","Cnnpolitics Polls Underestimating","2020 Presidential Election","Senator","D","Senator Kamala Harris (CA)","Senator HARRIS. This is outrageous.",1.09659962792805,1.41446875756475,-0.0225174337814971,-0.679528959649954,-1.17744116655016,0.517945589644293,1.80946778787495,0.107519846062591
173,"Y","high",496,"X","medium",264,"X","high",55,"Y","high",168,"X","medium",329,"Z","low",1,"Z","low",431,"ARCHIVE","north_america","ARCHIVE","{""sku_id"":""FA47-FB9E-B287"",""description"":""archive storage los angeles dual-region"",""original_region"":""us-west2""}","18-10-2024","09:04:00","12:22:00","18-10-2024 12:12","Cnnpolitics Polls Underestimating","Actor Bob Odenkirk","Senator","D","Senator Dick Durbin (IL)","Senator DURBIN. Mr. Chairman, may I respond?",-0.571613888226133,0.655981368036788,0.30598409084731,0.0115708513937287,2.63459208086725,-0.611015513845612,0.551852320921022,0.749066195344949
174,"X","low",35,"Y","low",83,"X","medium",389,"","",306,"Y","",0,"Z","medium",137,"X","medium",114,"NEARLINE","north_america","OCCASIONAL_ACCESS","{""sku_id"":""9E8A-BB82-26BF"",""description"":""nearline storage us multi-region"",""original_region"":""us""}","04-05-2024","10:07:00","12:53:00","04-05-2024 12:47","Cnnpolitics Polls Underestimating","2020 Presidential Election","Chairman","R","Senator Chuck Grassley (IA)","Chairman GRASSLEY. Senator Durbin.",-0.889165668661759,-0.165502965869243,-2.13311315513108,0.925694836768621,-2.1045023287181,0.469436753242559,0.285950813185981,-0.39948244696028
175,"Z","high",407,"Z","low",83,"Y","high",283,"Y","medium",237,"X","high",372,"Z","medium",65,"X","low",483,"NEARLINE","europe","OCCASIONAL_ACCESS","{""sku_id"":""A5D0-60CC-E116"",""description"":""nearline storage netherlands"",""original_region"":""europe-west4""}","27-11-2024","12:43:00","13:53:00","27-11-2024 13:48","Amid Inflation","Beating Forecasts Covid","Senator","D","Senator Dick Durbin (IL)","Senator DURBIN. Mr. Chairman, there was a phone conference yesterday, and I can tell you at the time of the phone conference, many issues were raised. One of the issues was the fact that over a hundred thousand documents related to Judge Kavanaugh had been characterized by the Chairman of the Committee as ÔÔcommittee confidential.ÕÕ I have been a Member of this Committee for a number of years. Committee confidential documents have been really limited to extraordinarily circumstances, as an example, if someone is accused of taking drugs during the course of an investigation. IÕm not making any suggestion that that is even the case or close to it here. It was done in a confidential setting in fairness to the nominee, and the same thing on DUIs and the like. We used it in extremely rare circumstances where we would meet after this Committee hearing and sit down, and it usually related to a handful of pages or a handful of document references. Instead what we have found now is that we are seeing hundreds of thousands of documents characterized as ÔÔcommittee confidentialÕÕ unilaterally. It is not done on a bipartisan basis. It is being done by the Chairman. So, one of the discussions yesterday was this whole question of whether this Committee is going to hear a nominee for a lifetime appointment to the highest court in the land without access to basic information about his public recordÑhis public record as secretary to the President of the United States, staff secretary. Thirtyfive months of public service, we have been told, cannot even be considered. The documents of that service cannot even be consid- ered. So, I would say to the gentlemanÑthe Senator from North Carolina, there was a conversation yesterday about these documents. I had no idea that at 11 oÕclock last night 42,000 more documents would be put on top of us and we would be asked to take them up today. So, it added insult to injury.",-1.28260149283059,-0.00130455925316105,0.743143601298068,-0.783372947304867,0.694771250673573,0.342839983708618,-0.571142084363712,-2.20555103562033
176,"Z","high",79,"Z","medium",427,"X","low",430,"Y","high",363,"","medium",179,"Z","high",321,"X","low",349,"COLDLINE","asia","RARE_ACCESS","{""sku_id"":""A082-619E-F48D"",""description"":""coldline storage taiwan dual-region"",""original_region"":""asia-east1""}","10-10-2024","20:23:00","22:44:00","10-10-2024 22:43","Cnnpolitics Polls Underestimating","Hold Fastest Marathon","Senator","D","Senator Kamala Harris (CA)","Senator HARRIS. Mr. ChairmanÑÑ",0.05345452496405,1.57458403188509,1.92232530217895,-1.0647673219784,-1.11075624672299,-0.388408051537337,-0.728698661136524,0.183724518495747
177,"X","high",103,"Z","medium",223,"Z","high",33,"Z","medium",258,"Z","high",,"X","medium",134,"","medium",61,"COLDLINE","asia","RARE_ACCESS","{""sku_id"":""A554-EBBE-0961"",""description"":""coldline storage hong kong"",""original_region"":""asia-east2""}","03-08-2024","06:57:00","08:32:00","03-08-2024 08:28","Cnnpolitics Polls Underestimating","2020 Presidential Election","Senator","D","Senator Richard Blumenthal (D-CT)","Senator BLUMENTHAL. Mr. ChairmanÑÑ",0.199027523405347,1.86230608509164,0.154282926791271,-0.052603974501653,-1.07438956556076,-1.07424582088364,0.921185821470237,-0.283850774529833
178,"Z","low",303,"Y","high",364,"Z","medium",388,"Y","low",240,"Z","high",11,"","medium",172,"X","high",,"ARCHIVE","europe","ARCHIVE","{""sku_id"":""D9F7-D25F-B0EF"",""description"":""archive storage frankfurt"",""original_region"":""europe-west3""}","12-04-2024","12:33:00","14:02:00","12-04-2024 13:58","Cnnpolitics Polls Underestimating","2020 Presidential Election","Senator","D","Senator Kamala Harris (CA)","Senator HARRIS [continuing]. We are in a hearingÑÑ",0.462200295334335,-1.13185413703859,0.182799305830588,-0.404258500008544,-0.401595034509397,2.20908612521393,-0.91376460557676,1.11377853759523
179,"Z","low",318,"Z","low",72,"Y","low",233,"Z","high",210,"Z","low",109,"X","low",326,"X","low",171,"COLDLINE","oceania","RARE_ACCESS","{""sku_id"":""C95F-F64A-E99D"",""description"":""coldline storage sydney"",""original_region"":""australia-southeast1""}","07-03-2024","12:58:00","13:39:00","07-03-2024 13:29","Cnnpolitics Polls Underestimating","2020 Presidential Election","Senator","D","Senator Richard Blumenthal (D-CT)","Senator BLUMENTHAL. Mr. Chairman, I ask to be recognized under Rule IV. Rule IV states, ÔÔThe Chairman shall entertain a non-debatable motion to bring a matter before the Committee to a vote. If there is objection to bring the matter to a vote without further debate, a roll call vote of the Committee shall be taken, and debate shall be terminated if the motion to bring the matter to a vote without further debate passes with eleven votes in the affirmative, one of which must be cast by the minority.ÕÕ I ask for a vote on my motion to adjourn under Rule IV, Mr. Chairman. These are rules that we are obligated to follow. The Chairman has no right, with all due respect, to simply override them by fiat.",-0.630229654483317,-0.902695208682799,-0.226970323693936,-1.4926106360567,-0.379333533806764,0.863994079851088,-0.0725948520239126,-2.08277155706452
180,"Z","low",463,"Y","medium",223,"X","high",284,"Z","low",147,"Z","low",217,"X","medium",148,"X","medium",148,"COLDLINE","asia","RARE_ACCESS","{""sku_id"":""AD24-C6C3-2558"",""description"":""coldline storage seoul"",""original_region"":""asia-northeast3""}","31-03-2024","17:11:00","18:28:00","31-03-2024 18:25","Cnnpolitics Polls Underestimating","Actor Bob Odenkirk","Chairman","R","Senator Chuck Grassley (IA)","Chairman GRASSLEY. We areÑÑ",0.376253314365503,0.252730912346061,-0.963564889899097,-0.859805453108342,0.64958578429318,2.21338146385611,-0.896481705370769,0.137775186294476
181,"Z","low",147,"Y","high",41,"Y","low",269,"X","low",243,"Z","low",358,"X","low",181,"X","medium",497,"ARCHIVE","europe","ARCHIVE","{""sku_id"":""D1E2-71BA-61C9"",""description"":""archive storage berlin"",""original_region"":""europe-west10""}","22-02-2024","06:08:00","08:36:00","22-02-2024 08:35","Cnnpolitics Polls Underestimating","2020 Presidential Election","Senator","D","Senator Richard Blumenthal (D-CT)","Senator BLUMENTHAL. I ask for a second.",0.12593974609682,-1.89201815061629,-1.18189186032016,-0.587984082709843,-1.14426099293114,0.940600455999952,-1.37892525345388,0.416401927179541
182,"Y","low",12,"Z","low",110,"Z","low",357,"X","medium",30,"Y","high",298,"Z","medium",249,"Z","low",,"NEARLINE","oceania","OCCASIONAL_ACCESS","{""sku_id"":""FA57-D1B5-D5AD"",""description"":""nearline storage melbourne"",""original_region"":""australia-southeast2""}","23-01-2024","14:37:00","17:13:00","23-01-2024 17:05","Cnnpolitics Polls Underestimating","2020 Presidential Election","Senator","D","Senator Sheldon Whitehouse (RI)","Senator WHITEHOUSE. I second the motion.",-0.361430911880706,-1.37346110911902,-0.0736993402482273,0.194239422287188,-1.67798880933275,-1.01309503539943,0.661815752191666,-1.43107254744014
183,"Z","low",127,"Z","low",420,"X","low",299,"","",169,"X","high",130,"Z","high",59,"X","",381,"STANDARD","europe","FREQUENT_ACCESS","{""sku_id"":""EC40-8747-D6FF"",""description"":""standard storage europe multi-region"",""original_region"":""europe""}","15-08-2024","20:32:00","21:07:00","15-08-2024 20:58","Cnnpolitics Polls Underestimating","2020 Presidential Election","Chairman","R","Senator Chuck Grassley (IA)","Chairman GRASSLEY. We are obligated by that rule in executive session. We are not in executive session. [Disturbance in the hearing room.] Chairman GRASSLEY. I would respond to the issues brought up by Senator Durbin about confidential documents. I was criticized for my decision to receive some documents on ÔÔcommittee confidential,ÕÕ but I am doing exactly what I did during Judge GorsuchÕs confirmation and what Chairman Leahy did during Justice KaganÕs. This is another example of treating regular Committee practices as somehow out of the ordinary. Presidential records that we receive often contain highly sensitive advice to the President as well as personal privacy information, like full names, date of birth, Social Security numbers and bank account numbers. Like my predecessor, I agreed to receive some Presidential records as ÔÔcommittee confidentialÕÕ so that both Democrats and Republicans could begin reviewing Judge KavanaughÕs materials much earlier. I do not know why my Democratic colleagues object to receiving documents faster, but not all of these Presidential documents remain confidential. In fact, nearly two-thirds already became public. These records are posted on the CommitteeÕs public website and are available to the American people. As a result, we have provided unprecedented public access to a record number of Presidential records, and do itÑdid it in record time. The most sensitive Presidential records remain committee confidential under Federal law, just as they were during the nominations of Kagan or Gorsuch. But we have expanded access to these documents also. Instead of just providing access to Committee Members, we have provided access to all 100 Senators. Instead of just providing access to a very few Committee aides, we have provided access to all Committee aides. And instead of just providing access to physical binders of paper, we have provided 24/7 digital and searchable access. This is unprecedented access to committee confidential material. I would also like to add that my staff set up workstations and have been available 24/7 to help Senators who are not onÑÑ [Disturbance in the hearing room.] Chairman GRASSLEY [continuing]. Confidential materials, but not oneÑbut not one Senator showed up. I guess Senators complaining about lack of access to confidential documents were not really interested in seeing them in the first place, but I want to emphasize more documents are widely available than in any prior Supreme Court nomination. And then to the issue about hiding committee confidential documents, some colleagues, and you have heard it this morning, accused of hiding documents. They are suggesting that some of the committee confidential documents contain information that would be of great interest to the public. Well, just as I did last year dur- ing Justice GorsuchÕs confirmation, I put a process in place that would allow my colleagues to obtain the public release of confidential documents for use during the hearing. All I asked was my colleagues to identify the documents they intended to use, and I would work to get the Department of Justice and former President Bush to agree to waive restrictions on the documents. Senator Feinstein secured the public release of 19 documents last year under this process, and Senator Klobuchar secured the release of four documents this year. If my colleagues truly believed that other committee confidential documents should have been made public, they never told me about them and requested the ones that they wanted. Instead of scaring the American people by suggesting that we are hiding some incriminating documents, they should have made a request that I work to get the ÔÔcommittee confidentialÕÕ designation removed. This year I received no such request except from Senator Klobuchar, which was honored and resulted in the disclosure of documents that she wanted to use during this hearing. [Disturbance in the hearing room.]",-0.451581216009152,-0.116871544912266,1.26313936103424,-1.19916127832699,-1.61300479891342,0.984201499936631,-0.0170634258644111,-0.802686499411576
184,"X","medium",272,"Y","low",104,"Z","high",207,"Y","medium",38,"Z","medium",297,"Y","high",467,"X","medium",155,"COLDLINE","europe","RARE_ACCESS","{""sku_id"":""B7BF-2911-04C8"",""description"":""coldline storage zurich"",""original_region"":""europe-west6""}","05-09-2024","15:01:00","16:25:00","05-09-2024 16:21","Cnnpolitics Polls Underestimating","2020 Presidential Election","Senator","D","Senator Patrick Leahy (VT)","Senator LEAHY. Mr. Chairman, you stated what I did and you stated it inaccurately. I think I have the rightÑÑ",0.0939709112518617,0.774089588535121,-2.01274811148688,1.32996380127362,-0.0126949888823309,0.335414758499974,-0.600744748445419,-1.08779266972635
185,"Z","medium",178,"Z","medium",303,"X","high",217,"Y","medium",161,"","high",111,"X","low",490,"X","low",331,"COLDLINE","asia","RARE_ACCESS","{""sku_id"":""B8B9-DCE6-7FE0"",""description"":""coldline storage tel aviv"",""original_region"":""me-west1""}","19-05-2024","15:50:00","18:25:00","19-05-2024 18:18","Cnnpolitics Polls Underestimating","2020 Presidential Election","Chairman","R","Senator Chuck Grassley (IA)","Chairman GRASSLEY. I said I was paraphrasing. You can correct me any way you want to.",1.55750032861637,1.29887606141473,0.505553319279776,-1.45013717735079,-0.312127362485306,-0.472957802519078,-1.29031655906419,-0.694265290263803
186,"Y","medium",126,"Y","high",2,"X","medium",35,"Y","high",175,"","high",277,"","medium",,"Y","high",171,"NEARLINE","north_america","OCCASIONAL_ACCESS","{""sku_id"":""BAAE-61A8-B81F"",""description"":""nearline storage mexico"",""original_region"":""northamerica-south1""}","13-05-2024","19:24:00","21:46:00","13-05-2024 21:43","Cnnpolitics Polls Underestimating","2020 Presidential Election","Senator","D","Senator Patrick Leahy (VT)","Senator LEAHY. It was one heck of a paraphrase when youÑÑ",1.32460624472241,-1.64502138756275,-1.32756542204892,1.42203617442074,-0.0364757011539042,-1.12445187727171,-1.55403082130699,0.0278287927867305
187,"Z","medium",457,"X","medium",96,"Y","high",362,"Z","low",13,"Z","low",270,"Y","high",54,"Z","low",301,"ARCHIVE","south_america","ARCHIVE","{""sku_id"":""BCE0-EC75-B79A"",""description"":""archive storage sao paulo"",""original_region"":""southamerica-east1""}","31-01-2024","15:17:00","16:34:00","31-01-2024 16:26","Cnnpolitics Polls Underestimating","2020 Presidential Election","Chairman","R","Senator Chuck Grassley (IA)","Chairman GRASSLEY. Give me the exact quote.",0.431797530320345,0.796163088053542,-1.26509551166523,-1.94674131933207,2.2196505750189,-0.373241756998751,-1.30025071630775,-0.144060166687721
188,"Z","low",280,"Y","medium",345,"Y","low",352,"Z","medium",148,"Z","high",113,"","",236,"Y","medium",199,"ARCHIVE","europe","ARCHIVE","{""sku_id"":""BEBC-B447-8957"",""description"":""archive storage finland/netherlands dual-region"",""original_region"":""eur4""}","06-06-2024","09:24:00","12:43:00","06-06-2024 12:35","Cnnpolitics Polls Underestimating","2020 Presidential Election","Senator","D","Senator Patrick Leahy (VT)","Senator LEAHY [continuing]. When you speak about doing the same thing as with Elena Kagan. I was Chairman when Elena Kagan was here. We had 99 percent of her records from the White House that were made public 12 daysÑ12 daysÑbefore the hearing. With Judge Kavanaugh, we have 7 percent, and only 4 percent are public. You can talk about the numbers of pages. The fact is 99 percent for Elena Kagan 12 days before the hearing. It was all available. For Judge Kavanaugh, it is 7 percent, and only 4 percent made public. So, you know, if we are going to argue what was precedent, I wouldÑI would point out that I have been in the Senate for 19 Supreme Court nominations. What is being done here is unprecedented, and I keep coming back to the same question I asked. What are we trying to hide? What are we hiding? What is being hidden? Why not have it open like all others? The only other time we heard a President invoke executive privilege was President Reagan during the Justice William Rehnquist hearing, and Republicans and Democrats together went to him and said do not do that. He said, okay, you are right, and he withdrew his request of executive privilege and released the documents.",0.379537422378889,0.51749931160455,-0.434773948254817,-0.726066135619157,-0.440167218868428,1.85271152411344,-1.02102655419122,0.757408265921763
189,"Y","low",336,"Z","high",74,"X","low",283,"Z","",335,"Z","medium",100,"Y","medium",177,"X","low",304,"NEARLINE","africa","OCCASIONAL_ACCESS","{""sku_id"":""C056-22B3-40B3"",""description"":""nearline storage johannesburg"",""original_region"":""africa-south1""}","29-06-2024","09:20:00","13:17:00","29-06-2024 13:14","Cnnpolitics Polls Underestimating","2020 Presidential Election","Senator","D","Senator Mazie Hirono (HI)","Senator HIRONO. Mr. ChairmanÑÑ",1.06214569903897,-2.31003080686235,-0.00803199336864589,-0.210852788946429,0.291838032368109,-0.102525430011411,1.0566963283567,-0.75684245640701
190,"X","high",374,"Y","medium",277,"Z","low",360,"X","low",484,"Y","medium",259,"X","medium",83,"X","medium",372,"ARCHIVE","north_america","ARCHIVE","{""sku_id"":""C068-E2BC-8F0B"",""description"":""archive storage phoenix"",""original_region"":""us-west8""}","28-12-2024","15:40:00","19:38:00","28-12-2024 19:30","Cnn Montana Nonprofit","2020 Presidential Election","Senator","D","Senator Patrick Leahy (VT)","Senator LEAHY. I am just sorry to see the Senate Judiciary Committee descend this way. I have felt privileged to serve here under Republican and Democratic leadership for over 40 years. This is not the Senate Judiciary Committee I saw when I came to the U.S. Senate.",-0.0377219595240564,1.99345962406025,-0.700196164106586,1.08754669321587,0.508148481749658,0.861096537047636,0.211821697332452,0.55380954100883
191,"X","medium",204,"Y","medium",433,"Z","high",134,"","",308,"Z","low",293,"Y","low",438,"Z","medium",157,"ARCHIVE","europe","ARCHIVE","{""sku_id"":""C226-3E29-7EDB"",""description"":""archive storage frankfurt/zurich dual-region"",""original_region"":""eur8""}","05-01-2024","15:25:00","18:17:00","05-01-2024 18:16","Cnnpolitics Polls Underestimating","2020 Presidential Election","Senator","D","Senator Amy Klobuchar (MN)","Senator KLOBUCHAR. Mr. Chairman, since my name was invoked by you, could I please respond?",1.55108585087296,2.33936843663734,-0.911672750984493,0.968957838229111,-0.339021741750671,0.472947535683626,-0.448236940037336,0.875583034802022
192,"Z","medium",367,"Z","high",390,"Y","high",111,"Z","high",355,"X","high",489,"Z","medium",207,"Y","low",5,"COLDLINE","asia","RARE_ACCESS","{""sku_id"":""C23E-2383-9F73"",""description"":""coldline storage tokyo"",""original_region"":""asia-northeast1""}","25-04-2024","16:05:00","18:16:00","25-04-2024 18:07","Cnnpolitics Polls Underestimating","2020 Presidential Election","Chairman","R","Senator Chuck Grassley (IA)","Chairman GRASSLEY. After I get done. I want to give the exact quote that I was paraphrasing. Chairman Leahy said, ÔÔWe have Judge SotomayorÕs record from the Federal bench. That is a public record that we had even before she was designated by the President. Judge SotomayorÕs mainstream record of judicial restraint and modesty is the best indication of her judicial philosophy. We do not have to imagine what kind of a judge she will be because we see what kind of a judge she has been.ÕÕ And so, that is why my answer to ÔÔgold standard,ÕÕ of whether Judge Kavanaugh ought to be on the Supreme Court, based upon what Democrats themselves have said, is the best judge of whether you should be on the Supreme Court.",1.77905476211256,-0.178139770153786,1.40309027959295,-1.12506667580819,0.637010118485468,0.612698757462814,-0.919869259727866,-0.387152042439769
193,"Z","medium",481,"Z","low",61,"Y","high",462,"Z","high",334,"X","medium",247,"Y","low",326,"Y","low",48,"ARCHIVE","north_america","ARCHIVE","{""sku_id"":""C798-FD00-712C"",""description"":""archive storage day0 (alabama)"",""original_region"":""us-east7""}","02-12-2024","08:46:00","11:34:00","02-12-2024 11:29","Cnnpolitics Polls Underestimating","Actor Bob Odenkirk","Senator","D","Senator Amy Klobuchar (MN)","Senator Klobuchar. Senator KLOBUCHAR. Thank you. Mr. ChairmanÑÑ",0.289652046015936,-0.0438222604789227,-0.238579872267576,-1.09097231460984,1.30729509811721,0.401074204852112,-1.07803210078752,-2.75396518206085
194,"Y","low",362,"Y","high",73,"X","high",229,"Y","low",472,"Y","low",222,"X","low",345,"Z","high",453,"NEARLINE","north_america","OCCASIONAL_ACCESS","{""sku_id"":""DF79-C2F4-6459"",""description"":""nearline storage dallas"",""original_region"":""us-south1""}","28-10-2024","13:43:00","14:05:00","28-10-2024 14:00","Cnnpolitics Polls Underestimating","2020 Presidential Election","Senator","D","Senator Patrick Leahy (VT)","Senator LEAHY. Wait a minute. You mentioned what I said. Let me just finish on that on Justice Sotomayor. I did say that we should look at her cases just as we should on Judge KavanaughÕs. But you neglect to mentionÑcarefully neglect to mention, and I think erroneously neglect to mentionÑthat the Republicans asked for board minutes from her work at a civil rights group in the 1980s, long before she was ever even considered as a judge. You asked for that, and we got it for you. ThatÕs the difference.",0.656424997365241,-2.3284993453283,-1.08284855954633,0.956111227571587,0.510677873783949,0.858559975590251,-0.00296732476659631,0.283714283082518
195,"Z","high",148,"Z","low",352,"Y","low",426,"Y","high",470,"X","medium",237,"Y","low",159,"Z","high",479,"NEARLINE","europe","OCCASIONAL_ACCESS","{""sku_id"":""EBC2-A551-2247"",""description"":""nearline storage milan dual-region"",""original_region"":""europe-west8""}","25-07-2024","19:29:00","23:00:00","25-07-2024 22:50","Cnnpolitics Polls Underestimating","2020 Presidential Election","Senator","D","Senator Amy Klobuchar (MN)","Senator KLOBUCHAR. Mr. Chairman. [Voice off microphone.] Mr. Chairman. Senator KLOBUCHAR. Mr. Chairman, you called on me.",-1.20145983665448,0.595839097452177,1.90111940719213,-0.526921595264963,-0.889587841597415,0.0491966385013594,-0.666420253215499,-1.05208512961865
196,"Z","medium",389,"Y","medium",173,"X","high",26,"Y","medium",57,"Y","low",437,"Y","high",174,"X","low",,"ARCHIVE","europe","ARCHIVE","{""sku_id"":""CF64-DDCB-E351"",""description"":""archive storage frankfurt/london dual-region"",""original_region"":""eur7""}","21-07-2024","13:44:00","15:07:00","21-07-2024 15:06","Cnnpolitics Polls Underestimating","2020 Presidential Election","Chairman","R","Senator Chuck Grassley (IA)","Chairman GRASSLEY. Before Senator Klobuchar speaks, so we have 488,000 pages of documents. Go ahead, Senator Klobuchar.",1.14396000019663,0.999662139008857,-1.12792613023574,-0.42232528802567,1.01084776694403,0.839985583883055,-2.22883834828659,-0.296378216027461
197,"Y","low",96,"Y","low",420,"X","medium",274,"Y","low",236,"Y","low",153,"Y","high",485,"Z","",53,"ARCHIVE","africa","ARCHIVE","{""sku_id"":""D145-9D81-101D"",""description"":""archive storage johannesburg"",""original_region"":""africa-south1""}","29-06-2024","21:35:00","23:23:00","29-06-2024 23:18","Cnnpolitics Polls Underestimating","2020 Presidential Election","Senator","D","Senator Amy Klobuchar (MN)","Senator KLOBUCHAR. Thank you very much, Mr. Chairman. A few points here. Number one, Justice Sotomayor never worked in the White House, so none of these issues of executive privilege or other things that we have been discussing are relevant. Number two, while I appreciate you granting my request, Mr. Chairman, on these campaign finance documents, this is all they were. This is it. This is how many pages. Yet we have 148,000 documents that we cannot talk about publicly, and I will say they are illuminating. It shows that the nominee has a limited view of campaign finance reform. In his own words, he says that his views on the First Amendment are pure when it comes to this very important issue, and we can talk about that more in the future. But I do have a question, and that is, yes, I asked for these documents, but I have also joined several letters led by Senator Feinstein asking that all the documents that we have in the Committee be made public so that we can ask questions. And then finally, my initial point that I am so focused on, the 102,000 pages of documents from Judge KavanaughÕs work in the White House Counsel, I would like to know, Mr. Chairman, if you have another example of a time when executive privilege was invoked to block the release of Presidential records to the Senate during a Supreme Court nomination. As far as my research shows, this was not done for Justice Kagan or Justice Roberts, and I would like to know if you have another example of that during a Supreme Court nomination hearing.",-0.490539033858581,-0.668526216204013,0.170556985588141,1.56262702776537,-1.26632537884984,0.849279800103529,-0.0643997749870128,0.41672167686977
198,"Z","high",36,"Z","medium",238,"Z","high",367,"X","high",453,"X","medium",190,"Y","low",412,"Z","high",293,"COLDLINE","north_america","RARE_ACCESS","{""sku_id"":""DEB7-C375-8A8E"",""description"":""coldline storage montreal dual-region"",""original_region"":""northamerica-northeast1""}","15-02-2024","07:34:00","08:04:00","15-02-2024 07:54","Cnnpolitics Polls Underestimating","2020 Presidential Election","Chairman","R","Senator Chuck Grassley (IA)","Chairman GRASSLEY. Yes, it was done for Justice Roberts and it was the Solicitor General position he had.",-0.118612406893063,1.13424315655362,1.12112954123111,-1.18511394912656,-1.2718485674958,-0.963048022250704,-0.940961969381036,-0.295432139334016
199,"Z","low",222,"X","medium",289,"Y","high",18,"Y","medium",440,"Z","high",184,"Y","low",250,"Z","medium",216,"COLDLINE","south_america","RARE_ACCESS","{""sku_id"":""D359-4780-9DF6"",""description"":""coldline storage santiago"",""original_region"":""southamerica-west1""}","31-05-2024","11:48:00","13:44:00","31-05-2024 13:43","Cnnpolitics Polls Underestimating","2020 Presidential Election","Senator","D","Senator Amy Klobuchar (MN)","Senator KLOBUCHAR. When he was a Solicitor General, that is correct, but during the time that they worked in the White House, that is my question.",-0.380389121496685,0.350843846941393,-0.475713073950259,-2.20232715861614,0.0458012974047849,0.249362848585139,-0.231157038072242,1.15553440707051
200,"Y","high",96,"X","low",224,"Z","medium",484,"X","high",267,"Y","low",311,"X","medium",266,"X","low",118,"NEARLINE","europe","OCCASIONAL_ACCESS","{""sku_id"":""D528-FE50-EB4C"",""description"":""nearline storage belgium/london dual-region"",""original_region"":""eur5""}","31-03-2024","11:16:00","14:16:00","31-03-2024 14:09","Cnnpolitics Polls Underestimating","2020 Presidential Election","Senator","D","Senator Richard Blumenthal (D-CT)","Senator BLUMENTHAL. Mr. Chairman, I would like to bring to the attention of the ChairÑÑ",-2.03859331668574,-0.285287824640857,0.459438101577422,0.698561542059173,0.184044614267499,-1.72268236298048,0.0614996083239786,0.304310606472329
201,"X","medium",234,"X","high",11,"X","low",393,"Z","low",221,"Z","medium",349,"Y","low",,"Z","low",189,"COLDLINE","asia","RARE_ACCESS","{""sku_id"":""D695-04DF-5EB6"",""description"":""coldline storage osaka/tokyo dual-region"",""original_region"":""asia1""}","09-01-2024","20:28:00","21:38:00","09-01-2024 21:34","Cnnpolitics Polls Underestimating","2020 Presidential Election","Senator","R","Senator John Cornyn (TX)","Senator CORNYN. I believe I have the floor.",0.601354663334152,-0.359532397054447,-1.97551500424504,-0.471231365661845,0.72166183676827,-1.41489323486738,0.205882702638843,0.429329113799093
202,"Z","low",130,"Z","high",47,"Y","high",229,"Z","low",29,"X","low",240,"X","medium",102,"X","high",,"ARCHIVE","south_america","ARCHIVE","{""sku_id"":""DB02-FF60-E0AB"",""description"":""archive storage santiago"",""original_region"":""southamerica-west1""}","07-02-2024","15:09:00","15:48:00","07-02-2024 15:38","Cnnpolitics Polls Underestimating","2020 Presidential Election","Chairman","R","Senator Chuck Grassley (IA)","Chairman GRASSLEY. Senator Cornyn.",0.540233504013377,-1.86117393518038,-0.0863130184538601,-1.75385550929839,-1.31430582005196,0.0220101120683525,-0.30388842520334,-0.623056035017661
203,"Y","high",136,"X","low",420,"X","high",253,"X","high",238,"Z","high",131,"Y","medium",3,"Y","low",498,"COLDLINE","europe","RARE_ACCESS","{""sku_id"":""DE73-C395-1FEF"",""description"":""coldline storage belgium dual-region"",""original_region"":""europe-west1""}","18-02-2024","20:12:00","21:53:00","18-02-2024 21:49","Cnnpolitics Polls Underestimating","2020 Presidential Election","Senator","R","Senator John Cornyn (TX)","Senator CORNYN. Thank you, Mr. Chairman, for recognizing me. I have not been in as many confirmation hearings as some of my colleagues, but this is the first confirmation hearing for a Supreme Court Justice I have seen basically according to mob rule. We have rules in the Senate. We have norms for decorum. Everybody, as you pointed out, Mr. Chairman, is going to get a chance to their say.",-1.86250228801431,0.170937640640772,1.29056092447426,0.824586950404364,0.32509058821137,-1.14270174342053,0.275924842566219,0.807976336052419
204,"Y","high",460,"Z","medium",132,"X","high",456,"X","low",253,"Z","high",344,"Y","medium",402,"X","high",436,"ARCHIVE","north_america","ARCHIVE","{""sku_id"":""DC66-8442-8C3E"",""description"":""archive storage mexico"",""original_region"":""northamerica-south1""}","28-03-2024","11:05:00","11:31:00","28-03-2024 11:23","Cnnpolitics Polls Underestimating","2020 Presidential Election","Chairman","R","Senator Chuck Grassley (IA)","Chairman GRASSLEY. Yes.",0.409180877508312,0.398454627552736,0.621922028158715,0.207170518057513,1.62708985297914,-0.630174967022565,0.578356676635309,-1.1319611900124
205,"Z","low",145,"Z","high",408,"X","low",426,"Y","medium",316,"X","medium",137,"Y","medium",470,"Y","low",,"ARCHIVE","asia","ARCHIVE","{""sku_id"":""DD17-059C-BC8A"",""description"":""archive storage seoul"",""original_region"":""asia-northeast3""}","21-11-2024","15:25:00","18:27:00","21-11-2024 18:18","Cnnpolitics Polls Underestimating","2020 Presidential Election","Senator","R","Senator John Cornyn (TX)","Senator CORNYN. You have given everybody a chance to ask questions for up to 50 minutes. You have given them a chance to make an opening statement. Any one of our colleagues can step out here and talk to the press and make whatever comments they want to the press and tell the world how they feel about this. But the fact is it is hard to take it seriously when every single one of our colleagues in the Senate Judiciary Committee on the Democratic side have announced their opposition to this nominee even before todayÕs hearing. So, it is hard to take seriously their claim that somehow they cannot do their job because they have been denied access to attorney-client or executive privilege documents when they have already made up their mind before the hearing. There is nothing fair about that. And we were just asked for an opportunity for the American people to be able to listen to this nominee answer the questions that we have. And I think that is how we ought to proceed, and I hope we will.",0.834557531002276,-1.02630223335849,1.4477136244205,-1.50613181243215,-1.38685233098224,0.88656591595427,0.0182306154114954,0.391009877274839
206,"Z","high",391,"Z","high",485,"X","low",413,"Z","medium",,"Y","high",448,"Y","medium",81,"Z","high",250,"NEARLINE","europe","OCCASIONAL_ACCESS","{""sku_id"":""DEB9-6FEE-A424"",""description"":""nearline storage frankfurt/london dual-region"",""original_region"":""eur7""}","16-11-2024","20:25:00","20:51:00","16-11-2024 20:49","Cnnpolitics Polls Underestimating","2020 Presidential Election","Senator","D","Senator Dick Durbin (IL)","Senator DURBIN. Mr. Chairman.",0.314886352339741,0.0419768308089492,2.68978399474423,-0.792632047656189,0.547713809715758,1.05895067950889,-0.229982254435164,0.226485289024576
207,"X","low",96,"Z","low",237,"Y","high",491,"X","",,"","",312,"Z","low",140,"Y","low",264,"NEARLINE","asia","OCCASIONAL_ACCESS","{""sku_id"":""DEEA-BC30-584C"",""description"":""nearline storage asia multi-region"",""original_region"":""asia""}","30-08-2024","17:09:00","17:51:00","30-08-2024 17:43","Cnnpolitics Polls Underestimating","2020 Presidential Election","Senator","D","Senator Richard Blumenthal (D-CT)","Senator BLUMENTHAL. Mr. Chairman, can I be recognized to respond specifically to that comment? There is precedent here. There are rules that can guide us. We are asking for those rules to be followed. In the past, our colleagues on the Republican side have asked for a postponement of these Committee proceedings on nominations when documents have been denied on two occasions from Senator SessionsÑthen-Senator Sessions, and Senator Kyl. Those requests were granted. We are asking simply that that precedent be followed, Mr. Chairman. Far from mob rule, far from contempt of the process, we are simply asking for respect here to the normal, regular order.",-0.317461335367144,0.214254120506442,-0.412586296755975,-0.157726898566488,-1.8973240091823,0.154705412732076,1.58221812433178,-1.12900021546251
208,"Z","low",53,"Z","low",13,"Z","high",372,"Y","medium",484,"X","medium",220,"","high",176,"Y","",146,"COLDLINE","europe","RARE_ACCESS","{""sku_id"":""E689-022A-1A47"",""description"":""coldline storage frankfurt/london dual-region"",""original_region"":""eur7""}","23-10-2024","06:43:00","10:18:00","23-10-2024 10:14","Cnnpolitics Polls Underestimating","2020 Presidential Election","Senator","D","Senator Dick Durbin (IL)","Senator DURBIN. Mr. Chairman.",-0.812605518776272,-1.06340048025355,-0.46321208025496,-1.4632669240853,-1.8545677444436,-0.188691691038369,-0.451078475310524,-1.86190633255484
209,"X","high",31,"X","medium",35,"Z","high",467,"X","high",108,"Z","low",116,"Y","high",406,"X","high",217,"ARCHIVE","oceania","ARCHIVE","{""sku_id"":""F00F-7CD9-FA68"",""description"":""archive storage sydney"",""original_region"":""australia-southeast1""}","30-06-2024","10:51:00","12:55:00","30-06-2024 12:45","Cnnpolitics Polls Underestimating","2020 Presidential Election","Chairman","R","Senator Chuck Grassley (IA)","Chairman GRASSLEY. Yes, go ahead.",-1.09109738410091,1.37103023373197,-1.51623693413966,-0.442604055524452,-0.538987247295057,-2.15019718984567,0.491613833024751,0.837731357886609
210,"Y","high",121,"Z","medium",407,"X","medium",476,"Z","high",191,"Z","high",378,"Y","low",203,"Z","high",190,"COLDLINE","asia","RARE_ACCESS","{""sku_id"":""EA16-9877-BC89"",""description"":""coldline storage doha"",""original_region"":""me-central1""}","30-07-2024","06:58:00","08:18:00","30-07-2024 08:17","Cnnpolitics Polls Underestimating","2020 Presidential Election","Senator","D","Senator Dick Durbin (IL)","Senator DURBIN. Mr. Chairman, I would like to address this ÔÔcommittee confidentialÕÕ issue one more time because you have explained your point of view. Here is what we know. The Chairman, Chairman Grassley, who is my friend and I respect, said his reason for unilaterally designating 147,000 pages of Burck documents as ÔÔcommittee confidentialÕÕ is because that was the condition that Bill Burck imposed on the provision of the documents. When Judge Kavanaugh was in my office meeting with us, I asked him, ÔÔWho is Bill Burck? By what authority can he restrict the information given to the Senate Judiciary Committee and to the American people? Is he a Government employee?ÕÕ No one knew this mysterious Bill Burck who is filtering these documents. So, I figured since the nominee carries the Constitution in his pocket, there must be some reference to Bill Burck in Article II, Section 2, but it just says ÔÔadvice and consent of the Senate.ÕÕ It does not include Mr. Burck. By what authority is this man holding back hundreds of thousands of documents from the American people? Who is he? Who is paying him? So, ÔÔcommittee confidentialÕÕ is being determined by a man, a private attorney, and we do not know who he works for, or to whom he is accountable. Mr. Chairman, in the past when we went into committee confidential, it was in a discrete, specific area of concern involving a handful of words or accusations that have made in a document, and we were very careful to do it on a bipartisan basis. That has not been the case here where 147,000 pages have been designated by Bill Burck as outside the reach of the American people in the Senate Judiciary Committee. That is a further example of why this whole process has gone astray, and I think your explanation ignores that. [Voice off microphone.] Mr. Chairman.",0.454173090993277,1.00205965502291,1.8098174840735,0.489083189606148,-0.413012049653939,-1.18801919490705,0.388838167834867,0.156524988838102
211,"Z","high",420,"X","low",171,"Y","high",9,"Z","high",254,"Z","low",304,"Y","medium",21,"Z","low",34,"ARCHIVE","europe","ARCHIVE","{""sku_id"":""ED7A-CB32-823B"",""description"":""archive storage zurich"",""original_region"":""europe-west6""}","25-01-2024","16:13:00","18:51:00","25-01-2024 18:42","Cnnpolitics Polls Underestimating","2020 Presidential Election","Senator","R","Senator John Neely Kennedy (LA)","Senator KENNEDY. Mr. Chairman. Mr. Chairman.",-2.31009724169288,0.152508807792548,0.241399879570853,-1.00353500327246,1.59119763587565,0.183130521562247,-0.663182869791379,-0.416946610628271
212,"X","medium",227,"Y","medium",440,"Z","low",327,"X","medium",146,"Y","high",441,"Y","low",292,"X","medium",208,"COLDLINE","europe","RARE_ACCESS","{""sku_id"":""EE38-38A9-BA49"",""description"":""coldline storage finland/netherlands dual-region"",""original_region"":""eur4""}","08-04-2024","19:08:00","21:02:00","08-04-2024 20:56","New Covid Lockdowns","Help Russia","Chairman","R","Senator Chuck Grassley (IA)","Chairman GRASSLEY. Who wants the floor?",1.56840691756334,2.35765528960045,-0.883178815677059,0.967721360599841,-0.211802477176314,0.568542247016047,-0.413807482072261,0.861807467317229
213,"X","low",347,"Z","medium",253,"X","high",166,"X","low",,"Z","high",353,"X","medium",73,"X","low",,"NEARLINE","north_america","OCCASIONAL_ACCESS","{""sku_id"":""F26E-DA3A-2CD0"",""description"":""nearline storage phoenix"",""original_region"":""us-west8""}","30-04-2024","11:42:00","15:21:00","30-04-2024 15:17","Scammers Cnn Epik","Turned Movie Different","Senator","R","Senator John Neely Kennedy (LA)","Senator KENNEDY. The new Senator. [Laughter.]",1.05425898416971,1.08634470116019,-0.65986750776538,-0.821822236900196,-0.280250368370553,0.695131357735211,1.86747556238941,-0.533729725628603
214,"Z","medium",481,"X","medium",439,"Z","medium",247,"X","low",305,"Z","high",394,"X","high",322,"Y","low",152,"COLDLINE","south_america","RARE_ACCESS","{""sku_id"":""F53F-3D3B-0326"",""description"":""coldline storage sao paulo"",""original_region"":""southamerica-east1""}","27-08-2024","07:23:00","09:11:00","27-08-2024 09:09","Amid Inflation","Beating Forecasts Covid","Chairman","R","Senator Chuck Grassley (IA)","Chairman GRASSLEY. Go ahead.",0.716431422253101,1.59030749465808,0.191904960154705,-1.71396216603531,2.20593417847638,0.482044062833154,-0.982095266787597,0.805089221801106
215,"Y","medium",24,"X","medium",420,"Y","low",83,"Z","medium",118,"Z","medium",46,"X","medium",428,"Y","high",306,"","","","","14-05-2024","17:22:00","19:10:00","14-05-2024 19:03","Scammers Cnn Epik","Point Tally Nba","Senator","R","Senator John Neely Kennedy (LA)","Senator KENNEDY. Thank you, Mr. Chairman. Mr. Chairman, can you tell me again how many documents have been produced?",0.862744502841299,0.973986971771042,0.11115382111373,-0.0266946126106622,0.0768751402978702,-2.04750016408355,-0.483006110838697,1.51553049871529
216,"Z","low",54,"Z","high",429,"X","high",337,"Z","medium",439,"Y","medium",12,"X","high",33,"X","high",356,"","","","","24-08-2024","18:50:00","19:09:00","24-08-2024 19:06","Amid Inflation","Beating Forecasts Covid","Chairman","R","Senator Chuck Grassley (IA)","Chairman GRASSLEY. Four hundred and eighty-eight thousand, minusÑor, I mean, other than 28,000 pages that Justice Kavanaugh has submitted including his own judicial opinions.",0.80469322414383,-0.986224831471966,1.54201467121397,-1.4672858063889,-1.91144445358715,0.617940434654089,-0.0770504381846335,0.585280954728882
217,"Y","medium",460,"Z","high",273,"Z","medium",417,"Y","low",396,"Z","low",329,"Z","medium",497,"X","",23,"","","","","13-11-2024","19:28:00","20:25:00","13-11-2024 20:24","Amid Inflation","Beating Forecasts Covid","Senator","R","Senator John Neely Kennedy (LA)","Senator KENNEDY. Number two, are we in executive session or not?",2.12883282180168,-0.969908028859066,0.875359183500024,0.347584422251973,1.66594342025344,-0.228189024736718,0.179410864537864,-0.767860721239387
218,"Y","low",283,"X","high",218,"Z","low",205,"X","high",214,"X","low",,"X","low",331,"X","high",171,"","","","","08-08-2024","12:01:00","12:53:00","08-08-2024 12:47","Amid Inflation","Beating Forecasts Covid","Chairman","R","Senator Chuck Grassley (IA)","Chairman GRASSLEY. We are having a hearing on the nomination of theÑof a nominee for the Supreme Court.",0.0453630041222347,-2.03302129892861,-0.268044168775181,-0.374413792618406,0.790003039902571,-0.365304725400667,0.929826476194391,1.28967895981362
219,"Y","low",308,"X","low",264,"X","high",349,"Y","medium",231,"Y","high",445,"Z","high",25,"Z","medium",15,"","","","","31-08-2024","13:32:00","15:48:00","31-08-2024 15:44","Amid Inflation","Beating Forecasts Covid","Senator","R","Senator John Neely Kennedy (LA)","Senator KENNEDY. Yes, sir, I gotÑÑ",-1.19178683935122,-1.04111759119578,-0.310431768829759,-0.055172965814487,0.792570741195267,-0.0418805658019629,0.97648275340658,0.13025351617959
220,"Z","low",170,"X","medium",163,"Z","high",162,"Z","high",474,"X","low",441,"Z","low",110,"Y","medium",410,"","","","","04-01-2024","06:55:00","10:34:00","04-01-2024 10:31","Amid Inflation","Help Russia","Chairman","R","Senator Chuck Grassley (IA)","Chairman GRASSLEY. We are not in executive session.",-0.507033587495324,0.0551273863241673,-1.00855744195511,-2.27635224187081,-0.193755029241586,-0.214727700787984,-0.401623951744405,0.870454644753982
221,"Y","low",413,"Y","low",301,"Z","low",374,"Z","medium",13,"Y","high",292,"X","medium",83,"X","medium",463,"","","","","24-03-2024","10:26:00","10:54:00","24-03-2024 10:48","Companies Pulling Russia","Help Russia","Senator","R","Senator John Neely Kennedy (LA)","Senator KENNEDY. All right. Number three, at some point are we going to get to hear from the nominee?",-0.422910449431618,-0.913987246839507,-0.35286505549317,1.39533933019302,0.581103003137399,1.68185725514356,0.228969156255955,-0.391613851983517
222,"Y","low",323,"Z","high",385,"Y","high",41,"Y","medium",189,"Z","high",364,"","high",,"X","high",231,"","","","","18-04-2024","06:29:00","08:32:00","18-04-2024 08:31","Amid Inflation","Beating Forecasts Covid","Chairman","R","Senator Chuck Grassley (IA)","Chairman GRASSLEY. Hopefully it was going to be before 2:30. It will probably be later this afternoon now.",1.30244732253483,-1.59318740140139,1.31495443678199,0.00945477603939423,0.0825132210646434,0.552300983101638,1.30202927085203,0.154941543247731
223,"Y","high",128,"Y","medium",405,"Y","high",440,"Z","low",30,"X","low",210,"Y","high",361,"Z","low",472,"","","","","18-03-2024","18:37:00","20:51:00","18-03-2024 20:46","Abortion Travel","Niger State Television","Senator","R","Senator John Neely Kennedy (LA)","Senator KENNEDY. All right. Thank you, Mr. Chairman.",0.037941321076051,0.979526791785164,0.731796531151743,1.66040339782336,-0.301353077102361,-0.295139335283874,-0.695246333769198,1.22218873420932
224,"Y","high",324,"X","low",489,"X","low",189,"Z","low",69,"","high",479,"Y","low",186,"Y","high",314,"","","","","13-06-2024","16:16:00","20:09:00","13-06-2024 20:07","Amid Inflation","Beating Forecasts Covid","Chairman","R","Senator Chuck Grassley (IA)","Chairman GRASSLEY. Yes.",-1.71156539347514,0.347616766681001,1.57356365667977,0.822695710157204,1.35982893961853,-0.334800308273806,0.567254218534321,0.729194847948015
225,"Y","medium",1,"Z","high",420,"Y","medium",252,"Z","medium",,"X","low",17,"Y","high",264,"Y","",434,"","","","","17-07-2024","08:11:00","10:06:00","17-07-2024 09:58","Amid Inflation","Beating Forecasts Covid","Senator","D","Senator Chris Coons (DE)","Senator COONS. Mr. Chairman?",2.01081577525172,-0.672919953487735,1.52565510558516,0.57216353874391,-0.997998406066034,-1.49067419681957,-0.266648022550909,0.329934290790795
226,"Y","medium",120,"Y","medium",384,"Z","high",401,"","medium",50,"Z","low",146,"Y","high",174,"Y","high",473,"","","","","24-09-2024","08:51:00","10:26:00","24-09-2024 10:25","Amid Inflation","Beating Forecasts Covid","Chairman","R","Senator Chuck Grassley (IA)","Chairman GRASSLEY. Can I ask my colleagues on the other side of the aisle how long you want to go on with this because I am not going to entertain any of the motions you are making. We are not in executive session, and I think we ought to level with the American people. Do you want this to go on all day because I have been patient. I have been accused of having a mob rule session. Now, if we have a mob rule session, it is because the Chairman is not run- ning the Committee properly, but since every one of you on that side of the aisle, except Senator Booker and Senator Harris, new to the Committee, said during Justice GorsuchÕs hearing, every one of you prefaced your comments on how fair I was in running that hearing. Now, this is the same Chuck Grassley that ran the Gorsuch hearing. I would like to run this hearing the same way if you will give me the courtesy of doing it.",1.56905231441677,0.931741547473162,-0.241155409869903,1.37531095964442,-0.153718620476492,-0.519301887818404,-1.30306245281615,0.797388680454297
227,"Z","low",101,"X","low",444,"Z","low",14,"X","high",478,"Z","medium",348,"Z","high",202,"X","medium",293,"","","","","01-05-2024","10:52:00","14:01:00","01-05-2024 13:58","Amid Inflation","Beating Forecasts Covid","Senator","D","Senator Chris Coons (DE)","Senator COONS. Thank you, Mr. Chairman.",-1.5498417346044,-0.114426364559358,0.491438347027864,-1.45357551318264,-0.9095530740365,0.545069077698864,-0.211312163078004,0.859650133557343
228,"X","high",392,"Y","low",8,"Y","high",472,"Y","medium",391,"X","low",393,"Y","",319,"Z","medium",223,"","","","","24-07-2024","20:26:00","21:23:00","24-07-2024 21:20","Amid Inflation","Beating Forecasts Covid","Chairman","R","Senator Chuck Grassley (IA)","Chairman GRASSLEY. How long do you want to go on?",-1.47276488732421,0.562090532057174,-1.54341521598531,1.50368723135836,0.525093613784447,0.68503750479851,0.0477046808035455,-1.16372802835208
229,"Y","high",367,"X","high",237,"X","medium",307,"Y","",320,"X","low",121,"X","",97,"X","medium",370,"","","","","21-08-2024","15:19:00","15:49:00","21-08-2024 15:40","Amid Inflation","Beating Forecasts Covid","Senator","D","Senator Chris Coons (DE)","Senator COONS. Mr. Chairman, I would like to make one more point before we proceed, if I might.",-0.603213529451728,-1.11362202413364,0.736358730274236,0.341731886990958,1.83229704490019,-0.885810138725852,0.431799780974851,1.19722375573942
230,"Y","high",45,"Y","low",350,"Z","high",487,"Z","high",370,"Z","medium",400,"Y","low",379,"Z","medium",85,"","","","","11-05-2024","07:13:00","07:59:00","11-05-2024 07:56","Amid Inflation","2020 Presidential Election","Chairman","R","Senator Chuck Grassley (IA)","Chairman GRASSLEY. Senator Coons.",-1.27882813621343,0.0329143557537387,0.804002346943002,2.25262212499864,-0.949848266482048,-0.340160696539426,-0.804794302641551,0.267601586656619
231,"Z","medium",453,"Z","medium",228,"Z","high",229,"Z","medium",92,"Y","high",230,"Z","medium",472,"Y","low",148,"","","","","18-08-2024","14:45:00","18:31:00","18-08-2024 18:26","Amid Inflation","Beating Forecasts Covid","Senator","D","Senator Chris Coons (DE)","Senator COONS. The accusation that this is a mob rule hearing was made by your colleague from the State of Texas. I think you have been conducting this in a respectful, appropriate, and deliberate way. My concerns that I want to renew given the exchange you just had with Senator Leahy, who has participated in or presided over more Supreme Court confirmations than any currently serving Member, I believe, was over how the document request was handled for now-Justice Kagan. A request was sent to the National Archives. Ranking Member Feinstein tried to work with you to send an identical request to the National Archives. And before we proceed with the questioning, Mr. Chairman, I simply would like to have a settled heart about why you chose to communicate directly to the Archives, and not to respond to the Ranking MemberÕs request. Members of this Committee have raised issues about an unprecedented Committee process by which documents were blocked, by which they were considered classified, and by which we have been blocked from being able to share them with the American people or ask questions based on them. This is unprecedented. That is why, as you put it, this side seeks to raise issues to establish ground rules before we proceed.",1.63858747148104,1.15112274668518,0.171519879218185,-1.57557433855358,1.27821283367973,0.312853411629686,-1.01208002802621,-1.314466260664
232,"Y","low",96,"Y","high",50,"X","medium",103,"Z","high",58,"Y","low",428,"Z","low",487,"X","high",274,"","","","","22-10-2024","06:29:00","07:00:00","22-10-2024 06:54","Companies Pulling Russia","Beating Forecasts Covid","Chairman","R","Senator Chuck Grassley (IA)","Chairman GRASSLEY. You asked an appropriate question. I have an answer. I do not know whether it will satisfy you or not. Those documents are the least useful in understanding his legal views and the most sensitive to the executive branch, and let me emphasizeÑthe most sensitive to the executive branch. The staff secretary serves as an inbox and outbox to the Oval Office. And you are going to have opportunities to ask the nominee himself what he did then, but I am giving you my judgment about being a person that primarily was responsible for managing the paper that crosses the PresidentÕs desk. His jobÑand if I am wrong, he can satisfy you otherwise in your questions you want to ask him. But his job was to make sure the President sees the advice of other advisers, not, as staff secretary, providing his own advice. One of President ClintonÕs staff secretaries, Todd Stern, described the job this way. I quote, ÔÔThe staff secretaryÕs job is not to influence the President, but to ensure he gets a balanced diet of viewpoints from all relevant people on the staff. You are certainly not trying to put your thumb on the scale between options.ÕÕ Reviewing Judge KavanaughÕs staff secretary documents would teach us nothing about his legal views. For that, we have the 307 opinions that he wrote and the hundreds more joined, totaling more than 10,000 pages of judicial writings. We also have more than 17,000 pages of speeches, articles, teaching materials, and other materials that Judge Kavanaugh attached to his 120-page written response, which I think wasÑJudiciaryÕs questionnaire was probably the most robust questionnaire ever submitted to a Supreme Court nominee. We also have more than 480,000 pages of emails and other documents from Judge KavanaughÕs service as an executive branch lawyer. This is a half million pages of paper, more than the last five confirmed Supreme Court nominees combined. In addition to not shedding light on KavanaughÕs legal views, the staff secretary documents are very sensitive to the executive branch. Let us emphasize that word ÔÔsensitive.ÕÕ These documents contain highly confidential advice, including national security advice, that went directly to the President from his advisers. It would threaten the candor of future advice to Presidents if advisers knew their advice would be broadly disclosed. Senators have more documents for Judge Kavanaugh than any nominee in Senate history. Democratic leaders insistent on getting staff documents I think was a way of not having this hearing take place at this particular time. So can I proceed, Members of the Democratic Caucus?",0.50212357579584,-2.4061793160328,-1.16597501834106,1.01082251129553,-0.985927512018572,-0.116573555565828,-0.352425764192894,0.609380291084272
233,"Y","low",217,"Z","low",327,"Z","medium",291,"Z","high",,"X","",133,"X","low",86,"Y","medium",100,"","","","","18-04-2024","12:05:00","12:56:00","18-04-2024 12:51","Amid Inflation","International Women","Senator","D","Senator Kamala Harris (CA)","Senator HARRIS. Mr. Chairman, if I may be recognized for one final point?",-0.0842801789803848,-0.853505190746338,0.837613744048218,0.291022134385936,-0.611535091869023,0.186915487336263,1.09867101682395,-1.11009218825948
234,"X","medium",105,"Z","low",203,"X","medium",285,"Y","high",382,"Z","medium",346,"Y","high",205,"X","low",248,"","","","","17-06-2024","18:30:00","22:19:00","17-06-2024 22:09","Amid Inflation","Beating Forecasts Covid","Chairman","R","Senator Chuck Grassley (IA)","Chairman GRASSLEY. After you are done, can I proceed to my opening statement?",0.505398198413418,1.00579530790779,-0.51349577273416,0.268833899352572,-1.07292582163126,-0.894561262714766,0.366321035385822,-1.63944627839298
235,"Y","low",210,"Y","low",308,"Z","medium",460,"Z","low",152,"X","low",103,"Z","high",132,"Z","high",427,"","","","","05-09-2024","07:09:00","10:38:00","05-09-2024 10:37","Amid Inflation","Beating Forecasts Covid","Senator","D","Senator Kamala Harris (CA)","Senator HARRIS. I will defer to my colleagues. But I would just, as a point of information, we sent a letter to you, Mr. Chairman, 7 days ago regarding the ÔÔcommittee confidentialÕÕ nature of the documents and asked if they would not be designated ÔÔcommittee confidential.ÕÕ As another point of information, it is my understanding there are 6 million to 7 million pages of documents regarding this nominee, and it is my understanding, with all due respect, Mr. Chairman, that you have only requested 10 to 15 percent of the total. I appreciate that there are a lot of pages of documents, but we have to have this conversation in the context of the total and the fact that we have only been given by your request 10 to 15 percent of those documents. And my final point is this. This is a hearing about who will sit on the highest court of our land. This is a hearing that is about who will sit in a house that symbolizes our system of justice in this country. And some of the most important principles behind the integrity of our system of justice is that we have due process and we have transparency. That is why we have public courtrooms. That is why we have requirements in courts of law in our country that there will be transparency, that both parties will be given all relevant information. We can argue then as to the weight of the documents and the significance, but not as to whether or not they are admissible. So I object. I ask that we renew and revisit Senator BlumenthalÕs motion to suspend or my motion to postpone this hearing. Thank you.",-0.521170736279275,-0.916581603142883,-0.311913942455212,1.45421241005387,-0.571755739101511,0.992935884868335,-0.0170807021105093,-0.0726075553476638
236,"X","low",294,"Z","high",0,"Z","high",287,"Y","medium",87,"X","low",69,"X","low",317,"Y","medium",,"","","","","07-07-2024","08:52:00","10:13:00","07-07-2024 10:04","Amid Inflation","Beating Forecasts Covid","Chairman","R","Senator Chuck Grassley (IA)","Chairman GRASSLEY. Okay. Thank you.",0.882071702928412,-1.19803111379608,-1.1945597887926,-0.669457303089188,-0.553470927953181,0.175508459528176,1.65173875414711,-0.846153199720867
237,"X","low",315,"Z","medium",5,"Y","medium",203,"Z","low",392,"Y","medium",352,"X","medium",162,"Z","low",445,"","","","","07-03-2024","21:48:00","01:42:00","08-03-2024 01:35","Amid Inflation","Beating Forecasts Covid","Senator","D","Senator Richard Blumenthal (D-CT)","Senator BLUMENTHAL. Mr. Chairman?",0.840968637473178,0.510799500087849,-1.71251821577701,-0.98623328423303,-0.353295794114441,0.0258872025204813,1.61926089328087,-1.19842732929072
238,"Z","high",173,"Y","low",301,"X","medium",229,"","high",,"Z","high",340,"X","medium",197,"X","medium",430,"","","","","02-09-2024","20:24:00","00:24:00","03-09-2024 00:23","Amid Inflation","Beating Forecasts Covid","Chairman","R","Senator Chuck Grassley (IA)","Chairman GRASSLEY. I appreciate the courtesy of the Democrats for me to proceed.",-1.64739455002688,0.461836920369515,0.613774381393707,0.605445059053016,-0.65459662717441,0.894278025911598,-1.76936141356914,-0.153567428126426
239,"Y","low",50,"Z","low",491,"X","high",162,"X","high",268,"Y","low",146,"X","low",69,"Y","medium",166,"","","","","26-04-2024","10:50:00","11:31:00","26-04-2024 11:26","Amid Inflation","Beating Forecasts Covid","Senator","D","Senator Richard Blumenthal (D-CT)","Senator BLUMENTHAL. May I just have one last opportunity regarding my motion?",-0.0394631448585331,-0.490287830923797,1.54409296870138,0.449791108284435,-1.62898806878457,-0.023686016076174,1.02929372733179,-0.393469206360779
240,"Z","high",304,"Y","high",319,"X","high",290,"","",,"Z","medium",,"Z","low",279,"X","low",356,"","","","","05-04-2024","14:09:00","16:01:00","05-04-2024 16:00","Amid Inflation","Beating Forecasts Covid","Chairman","R","Senator Chuck Grassley (IA)","Chairman GRASSLEY. Please go ahead. Please, please go ahead.",-0.279643572378219,-0.367888417112202,0.91967020384041,0.289337746418811,0.198505583172875,1.25642010759055,-1.56860584514235,0.959844930972707
241,"X","high",352,"Z","low",471,"X","medium",184,"X","medium",389,"Y","medium",470,"X","medium",268,"X","low",186,"","","","","21-09-2024","12:31:00","14:30:00","21-09-2024 14:28","Amid Inflation","Beating Forecasts Covid","Senator","D","Senator Richard Blumenthal (D-CT)","Senator BLUMENTHAL. Thank you, Mr. Chairman. I appreciate your giving me the floor. I have made a motion that is properly before this Committee. The Chairman said earlier that he has never been through a confirmation process like this one. The reason is that no administration in the past has engaged in this kind of concealment. That is the reason, very simply. It is not the ChairmanÕs doing necessarily. It is this administration that has concealed and hidden documents from us and from the American people. And so I renew my motion that we adjourn so that we can access the documents we need, review them in a deliberate and thoughtful way. Much has been done for colleagues in the past when they have requested it, and as is required under Rule IV of our rules, there is no requirement that we be in executive session to follow this rule, Mr. Chairman. And I respectfully ask that we follow our rules, that we proceed in accordance with those norms, and I know the Chairman has great respect for open government, for whistleblowers, for sunlight as the best disinfectant. We need some sunlight in this process. Thank you, Mr. Chairman. And I again renew my motion to adjourn, which has been seconded by Senator Whitehouse.",-0.707352162936227,1.64594263778684,1.49644531182452,0.662584019073421,0.0253822854357614,0.715155980663649,1.47841029139208,-0.857623479214805
242,"Z","low",133,"X","low",423,"Z","medium",181,"","medium",367,"X","high",166,"X","",275,"Y","medium",485,"","","","","22-07-2024","15:49:00","16:46:00","22-07-2024 16:42","Amid Inflation","Beating Forecasts Covid","Chairman","R","Senator Chuck Grassley (IA)","Chairman GRASSLEY. Denied because we are not in executive session. I will proceed with myÑÑ",-1.55015132092624,-0.159955055590677,0.400389395305634,-1.47672920112006,-0.719140608077534,0.608887263358112,-0.189253585869311,0.752255737444531
243,"Y","medium",319,"Y","medium",140,"Y","medium",7,"Z","medium",,"X","",250,"","high",170,"X","high",88,"","","","","05-02-2024","07:17:00","09:27:00","05-02-2024 09:19","Climate Action Opinion","Warming Caused Humans","Senator","D","Senator Mazie Hirono (HI)","Senator HIRONO. Mr. Chairman, before you proceed, I would just like to make one correction. There is a misconception as to what White House staff secretaries do. And, in fact, two past staff secretaries, Todd Stern and John Podesta, wrote an op-ed in the July 30, 2018, Washington Post titled, ÔÔStaff Secretaries ArenÕt Traffic Cops. Stop Treating Kavanaugh Like He Was One.ÕÕ And, in fact, Judge Kavanaugh himself has acknowledged the importance of the time that he was White House staff secretary. So why, Mr. Chairman, you and the others on your side, keep saying that this is kind of a nothing kind of a job? Nothing could be further from the truth. And this is why we are so adamant about requesting these documents that the Judge himself, the nominee himself, has said were among the most formative times of his adult life. Thank you, Mr. Chairman.",1.47707663803225,0.386774828834485,-1.28953221049918,1.15224956405034,1.0798890356794,-0.377670794299781,-1.26122959511936,-0.195972296020861
244,"X","low",284,"X","medium",51,"X","medium",471,"X","medium",64,"Z","high",104,"","high",377,"Y","high",134,"","","","","24-01-2024","21:21:00","22:49:00","24-01-2024 22:41","Voice Cnn Masai","Actor Bob Odenkirk","Chairman","R","Senator Chuck Grassley (IA)","Chairman GRASSLEY. Of course, that is why we have this hearing. Judge KavanaughÑÑ",-0.242379851210261,0.563576854094011,-2.39040685336064,-1.22397779479701,0.312236829484178,-0.381087378633172,1.43730289871392,0.534416804913905
245,"Y","high",250,"X","medium",279,"X","medium",418,"Y","high",434,"Y","high",259,"Z","low",303,"X","low",470,"","","","","29-09-2024","18:05:00","19:47:00","29-09-2024 19:38","Cnnpolitics Polls Underestimating","2020 Presidential Election","Senator","D","Senator Mazie Hirono (HI)","Senator HIRONO. We do not have the documents.",-0.685512903196256,0.667884637310573,0.383318747649583,0.0874588388582361,1.23468820401773,-1.43119798493669,0.259162760645621,1.15435123919067
246,"Z","medium",4,"Y","high",310,"Z","high",127,"Z","high",68,"Y","medium",442,"X","medium",88,"Y","medium",119,"","","","","30-03-2024","13:11:00","14:00:00","30-03-2024 13:57","Reunion Netflix Cnn","Turned Movie Different","Chairman","R","Senator Chuck Grassley (IA)","Chairman GRASSLEY. Judge Kavanaugh will have an opportunity to answer every question about his role in almost anything he has done in his lifetime, I assume.",1.1116608423633,-0.414947024421858,0.0138334365789258,0.0902761843754589,-1.31300176189602,0.0456428570811735,-2.52872242176698,0.999453591339771
247,"Z","low",153,"X","low",385,"Y","medium",68,"Z","medium",214,"Y","high",317,"Y","medium",183,"X","high",309,"","","","","13-10-2024","21:35:00","23:53:00","13-10-2024 23:50","Amid Inflation","Beating Forecasts Covid","Senator","D","Senator Cory Booker (NJ)","Senator BOOKER. Mr. Chairman? OneÑMr. Chairman, may I be recognized, sir?",-1.57009685079312,-0.245842506318258,0.23772346949084,-1.50854476459339,-0.589279637948533,0.592788607117473,-0.196380108147367,0.61373725662346
248,"Y","high",187,"X","medium",260,"Z","medium",417,"Y","high",447,"X","low",70,"Y","low",,"X","medium",145,"","","","","03-09-2024","18:17:00","20:58:00","03-09-2024 20:56","Amid Inflation","2020 Presidential Election","Chairman","R","Senator Chuck Grassley (IA)","Chairman GRASSLEY. Yes. Will you be the last one, or do you want to go on all afternoon?",-0.732819468166319,0.618196096564243,0.306009563389657,0.0909669761338644,0.886142164757587,-1.69265295003647,0.165002198213662,1.19258348586335
249,"Z","high",416,"Z","low",420,"X","low",418,"Y","low",208,"Y","high",370,"X","high",58,"Y","medium",142,"","","","","03-08-2024","09:48:00","12:56:00","03-08-2024 12:49","Amid Inflation","Coronavirus Pandemic Late","Senator","D","Senator Cory Booker (NJ)","Senator BOOKER. I cannot speak for my colleagues. But a lot of people I have a lot of respect for on this Committee, especially some of the new folksÑI just want to answer in the most plainspoken way I can possibly doÑwho are expected to evaluate a nominee who has a vast record, and if you lookÑand a lot of numbers have been citedÑ10,000 here, 40,000 here, 100,000 here. But an entire body of his record, sir, we only have 10 percent of his record that we have been able to evaluate. Ninety percent of it has been withheld from Senators, 90 percent of his records. So we are asking to evaluate a candidate, to have intelligent questions and insights into his record, but we only have 10 percent of that record. We can go on and on about the numbers of documentsÑ100,000, 10,000Ñbut the fact is we are about to proceed with a historic hearing. We are about to proceed toward having a hearing on someone having a lifetime appointment on the most important court in the land that will effectuate so many of the areas of American life, from civil rights to womenÕs rights, to access to healthcare. All of this stuff is being decided, and we are going into this only having 10 percent, access to 10 percent of the body of work of this manÕs career. That seems to me just common senseÑ90 percent is missing right now. Just common sense says we should have access to thoroughly evaluate this person. We are not asking for anything out of the ordinary. Other candidates have come before. People can talk about tens of thousands here, hundreds of thousands here. But we have gotten far more for every Supreme Court Justice that has been mentioned here, far more than just 10 percent just to scan a bit. My colleagues talk about what our duty to the American public is. Our duty to the American public is to evaluate a candidate on their body of work, but we are not even getting released that, and why? Because some political person, not a person who holds public office, not becauseÑI mean, it is unprecedented to think that this Committee has ceded its role to a partisan outside lawyer. And so here we are about to go forward with just 10 percent of this personÕs record to evaluate, to base our questions on, to investigate. Ninety percent is being withheld. Just common sense would say that that is not fair, that is not right. It undermines our ability to do our job. It is just plain wrong. [Disturbance in the hearing room.]",-1.01040324044613,0.777600977116109,2.17546084736453,-0.55078782165152,0.598711776673412,1.13255222713489,-0.276646892467891,-1.2515357381597
250,"X","high",413,"X","medium",421,"X","high",448,"X","low",415,"X","low",211,"X","medium",176,"X","high",335,"","","","","18-12-2024","12:52:00","16:40:00","18-12-2024 16:36","Amid Inflation","Beating Forecasts Covid","Chairman","R","Senator Chuck Grassley (IA)","Chairman GRASSLEY. One of the SenateÕs most solemn constitutional duties is to provide advice and consent to the President on the nomination of Supreme Court Justices. We are here this week to hear from Brett Kavanaugh, to hear about his exceptional qualifications, his record of dedication to the rule of law, and his dem- onstrated independence and his appreciation of the importance of the separation of powers. Indeed, to protect individual liberty, the Framers designed a Government of three co-equal branches, strictly separating legislative, executive, and judicial powers. The Framers intended for the judiciary to be immune from the political pressures the other two face. That is so that judges would decide cases according to the law and not according to popular opinion. Now, 230 years after ratification, our legal system is the envy of the world. It provides our people stability, predictability, protection of our rights, and equal access to justice. But this is only possible when judges are committed to the rule of law. Our legal systemÕs success is built on judges accepting that their role is limited to deciding cases and controversies. A good judge exercises humility and makes decisions according to the specific facts of the case and, of course, according to the law. A good judge neverÑÑ [Disturbance in the hearing room.] Chairman GRASSLEY. A good judge never bases decisions on his preferred policy preferences. A good judge also has courage, recognizing that we have an independent judiciary to restrain judges when that Government exceeds lawful authority. President Andrew Jackson said, ÔÔAll the rights secured to the citizens under the Constitution are worth nothing, and a mere bubble, except guaranteed to them by an independent and virtuous judiciary.ÕÕ Confirmation hearings for Supreme Court nominees are an independentÑare a very important opportunity to discuss the appropriate role of judges. As I see it, and I expect many of my colleagues will agree, the role of the judge is to apply the law as written, even if the legal result is not one the judge personally likes. Justice Scalia has often been quoted because he was fond of saying if a judge always likes the outcome of the cases he decides, he is probably doing something wrong. I do not want judges who always reach a liberal result or a conservative result. I want a judge who rules the way the law requires. Judges must leave the lawmaking to Congress, the elected representatives of the people. Judges and Justices have lifetime appointments. They cannot be voted out of office if they legislate. Whereas if Congress legislates something that people do not like, then you can vote them out of office. That is why they are to interpret law and not make law. Now some have a very different view of what a judgeÕs role should be. According to this view, judges should decide cases based upon particular outcomes in order to advance their politics. But the American people do not want their judges to pick sides before they hear a case. They want a judge who rules based upon what the law commands. This is the reason why all Supreme Court nominees since Ginsburg have declined to offer their personal opinions on the correctness of precedent. Seeking assurances from a nominee on how he will vote in certain cases or how he views certain precedent undermines judicial independence and essentially asks for a promise in exchange for a confirmation vote. It is unfair and unethical. Indeed, what litigant could expect a fair shake if the judge has already pre-judged the case before the litigant even enters the courtroom? I expect Judge KavanaughÑin fact, it is my advice to him to follow the example set by Justice Ginsburg, and all the nominees that followed her, that a nominee should offer ÔÔno hints, no forecasts, no previewsÕÕ on how they will vote. Justice Kagan, when asked about Roe v. Wade, said the following, ÔÔI do not believe it would be appropriate for me to comment on the merits of Roe v. Wade other than to say that it is settled law entitled to precedential weight. The application of Roe to future cases, and even its continued validity, are issues likely to come before the Court in the future.ÕÕ Senators were satisfied with these answers on precedent. So Senators should be satisfied if Judge Kavanaugh answers similarly. This is my fifteenth Supreme Court confirmation hearing since I joined the Committee in 1981. Thirty-one years ago, during my fourth Supreme Court confirmation hearing, liberal outside groups and their Senate allies engaged in an unprecedented smear campaign against Judge Robert Bork. As Mark Pulliam said, in an op-ed over the weekend, ÔÔThe borking of Robert Bork taught special interest groups that they could demonize judicial nominees based solely on their worldview. Worse, character assassination proved an effective tactic, nearly sinking Justice Clarence ThomasÕ appointment 4 years later.ÕÕ But he also said, continuing to quote, ÔÔBy confirming Judge Kavanaugh, the Senate can go some way toward atoning for its shameful treatment of Justice Robert Bork 31 years ago.ÕÕ Judge Kavanaugh is one of the most qualified nominees, if not the most qualified nominee that I have seen. A graduate of Yale Law School, clerking three Federal judges, including the man he is nominated to replace. He spent all but 3 years of his career in public service and has served as a judge for 12 years on the D.C. Circuit, the most influential Federal circuit court. He has one of the most impressive records for a lower court judge in the Supreme Court. In at least a dozen separate cases, the Supreme Court adopted positions advanced by Judge Kavanaugh. The American Bar Association, whose assessment Democratic leaders have called the ÔÔgold standardÕÕ of judicial evaluations, rated Judge Kavanaugh unanimously ÔÔwell qualified.ÕÕ A review of Judge KavanaughÕs extensive record demonstrates a deep commitment to the rule of law. He has written eloquently that both judges and Federal agencies are bound by the law Congress enacts. And he has criticized those who substitute their own judgment about what a statute should say for what the statute actually says. After the President nominated Judge Kavanaugh, I said this would be the most thorough and transparent confirmation process in history. I say that statement even regarding all the discussion we have had this morning. It has proven to be, from Judge KavanaughÕs authoring 307 opinions, joined hundreds more, amounting to more than 10,000 pages. He submitted 17,000 pages of speeches, articles, and other materials to the Committee, along with his 120-page written response to the questionnaire that the Committee set out. These add up to 27,000 pages of Judge KavanaughÕs record already available to the American people. And we received just shy of half a million pages of emails and other documents from Judge KavanaughÕs service as an executive branch lawyer, which is more than we received for the last five Supreme Court nominees. Every one of these more than 483,000 pages of executive branch records are available to any Senator, 24/7. I pushed for Federal officials to significantly expedite the public disclosure process under Federal law, so that all Americans have online access to more than 290,000 pages of these records right now on our Committee website. In short, the American people have unprecedented access and more materials to review Judge Kavanaugh than ever have had for a Supreme Court nominee. And to support the review of Judge KavanaughÕs historic volume of material, I have worked to ensure that more Senators have access to more material than ever. Since so much of the rest of my statement has been discussed this morning by what the Democrats have said, and I have answered a lot of it, I am going to put the last seven pages of my statement in the record. [The prepared statement of Chairman Grassley appears as a submission for the record.] Chairman GRASSLEY. And I am going to ask Senator Feinstein if she has more to say on her opening statement. And if she does not, I will go to Senator Hatch.",-0.589230218202102,2.29753142387181,0.103852364924552,-0.275060229859643,1.45626926985985,0.0445957731766684,1.29021972210214,1.38315062457503
251,"X","medium",436,"Z","low",292,"Y","high",273,"Z","low",244,"Z","low",9,"Z","high",436,"Z","medium",397,"","","","","19-07-2024","10:51:00","13:33:00","19-07-2024 13:24","New Covid Lockdowns","Warming Caused Humans","Senator","D","Senator Dianne Feinstein (CA)","Senator FEINSTEIN. Thank you. I do, Mr. Chairman. I will probably truncate it even so. But I think it is really important that people, as well as the Judge, the nominee, understand how strongly we feel and why we feel that way. I want to talk a little bit about one of the big decisions that we have the belief that although you told Senator Collins that you believed it was settled law, the question is, really, do you believe that it is correct law? And that is Roe v. Wade. I was, in the Õ50s and Õ60s, active, but first, as a student at Stanford. I saw what happened to young women who became pregnant. And then subsequently, I sat, as an appointee of Governor BrownÕs, on the term-setting and paroling authority for women in California who had committed felonies. And so I sentenced women who had committed abortions to State prison and granted them paroles. And so, came to see both sides: the terrible side, and the human and vulnerable side. And when you look at the statistics during those days, those statistics that the Guttmacher Institute has put out, are really horrendous. For you, the President that nominated you, has said, ÔÔI will nominate someone who is anti-choice and progun.ÕÕ And we believe what he said. We cannot find the documents that absolve from that conclusion. So what women have won through Roe and a host of privacy casesÑto be able to control their own reproductive system, to have basic privacy rightsÑreally extraordinarily important to this side of the aisle and I hope the other side of the aisle as well. Last year, you drafted a dissent in Garza v. Hargan, and that is a case where a young women in Texas, I believe, was seeking an abortion. In that dissent, you argued that even though the young woman had complied with the Texas parental notification law and secured an approval from a judge, she should nonetheless be barred. In making your argument, you ignored and I believe mischaracterized a Supreme Court precedent. You reasoned that Jane Doe should not be unable to exercise her right to choose because she did not have family and friends to make her decision. The argument rewrites Supreme Court precedent and, if adopted, we believe would require courts to determine whether a young woman had a sufficient support network when making her decision, even in cases where she has gone to court. This reason, we believeÑI believeÑdemonstrates that you are willing to disregard precedent. And if that is the case because just saying something is settled law, it really is, is it correct law? The impact of overturning Roe is much broader than a womanÕs right to choose. It is about protecting the most personal decisions we all make from Government intrusion. Roe is one in a series of cases that upheld an individualÕs right to decide who to marry. It is not the GovernmentÕs right. Where to send your children to school. The Government cannot get involved. What kind of medical care you can receive at the end of life, as well as whether and when to have a family. And I deeply believe that all these cases serve as a bulwark of privacy rights that protect all Americans from over-involvement of the Government in their lives. And to me, that is extraordinarily important. Next, I would like to address the PresidentÕs promise to appoint a nominee blessed by the NRA. In reviewing your judicial opinions and documents, it is pretty clear that your views go well beyond simply being pro-gun, and I would like to straighten that out. It is my understanding that during a lecture at Notre Dame Law School, you said you would be the ÔÔfirst to acknowledgeÕÕ that most other lower court judges have disagreed with your views on the Second Amendment. For example, in District of Columbia v. Heller, you wrote that unless guns were regulated either at the time of the Constitution was written or traditionally throughout history, they cannot be regulated now. In your own words, gun laws are unconstitutional unless they are ÔÔtraditional or common in the United States.ÕÕ You concluded that banning assault weapons is unconstitutional because they have not historically been banned. And this logic means that even as weapons become more advanced and more dangerous, they cannot be regulated. Judge Easterbrook, as you know, a conservative judge from the Seventh Circuit, concluded that that reasoning was absurd, and he pointed out that a lawÕs existence cannot be the source of its own constitutional validity. In fact, I am left with the fact that your reasoning is far outside the mainstream of legal thought and that it surpasses the views of Justice Scalia, who was clearly a pro-gun Justice. Even Scalia understood that weapons that are like MÐ16 rifles or weapons that are most useful in military service can, in fact, be regulated. And there is no question that assault weapons like the ARÐ15 were specifically designed to be like the MÐ16. The United States makes up 4 percent of the worldwide population, but we own 42 percent of the worldÕs guns. Since 2012, when 20 first graders and 6 school employees were killed at Sandy Hook Elementary, there have been 273 school shootings. This is an average of 5 shootings every month and a total of 462 children, teenagers, teachers, and staff shot, and 152 killed. I care a lot about this. I authored assault weapons legislation that became law for 10 years, and I have seen the destruction. If the Supreme Court were to adopt your reasoning, I fear the number of victims would continue to grow, and citizens would be rendered powerless in enacting sensible gun laws. So this is a big part of my very honest concern. You are being nominated for a pivotal seat. It would likely be the deciding vote on fundamental issues. So during your time in the White House when you were staff secretary, some people regard it as kind of a monitor, monitoring things going in and going out. But I think it is much more. And you yourself have said that that is the period of ÔÔmy greatest growth.ÕÕ And so we try to look at it, and the only way we can look at it is to understand the documents. And it is very, very difficult. I do not want to take too much time, but we have heard a lot of noise. Behind the noise is really a very sincere belief that it is so important to keep in this country, which is multi-ethnic, multireligious, multi-economic, a Court that really serves the people and serves this great democracy. And that is my worry. That is my worry. So I look forward to your statement and answering the questions. Thank you, Mr. Chairman. [The prepared statement of Senator Feinstein appears as a submission for the record.]",0.745349463183046,1.24186337807348,-0.153341805106783,0.242854069038121,0.763047218500337,0.454750599342376,0.85193641649773,-1.87138867264185
252,"Z","high",231,"X","high",275,"Y","low",367,"X","",372,"Z","medium",311,"X","medium",220,"X","high",,"","","","","15-05-2024","07:39:00","10:35:00","15-05-2024 10:30","Amid Inflation","Coronavirus Pandemic Late","Chairman","R","Senator Chuck Grassley (IA)","Chairman GRASSLEY. Senator Hatch for 10 minutes.",-1.03771282348115,-0.508223904211868,0.930577941146922,-1.17456650409198,0.594277465394128,-0.371990369428896,-0.787263465256644,1.41450112977709
253,"Y","medium",163,"Y","high",9,"Z","low",364,"Z","",295,"Z","medium",149,"X","medium",,"Y","medium",491,"","","","","14-01-2024","06:14:00","09:13:00","14-01-2024 09:09","Amid Inflation","Beating Forecasts Covid","Senator","R","Senator Orrin Hatch (UT)","Senator HATCH. Well, thank you, Mr. Chairman. I would first like to thank you for your tremendous work in organizing this hearing. This has been the most thorough Supreme Court confirmation process that I have ever participated in. We have received more than twice as many documents for Judge Kavanaugh as for any Supreme Court nominee in history. This is a big deal. We have tens of thousands of pages of Judge KavanaughÕs opinions, speeches, and other writings. This has been an exhaustive process, and I want to thank you for your leadership on it. Now to our witness, Judge Kavanaugh, it is good to see you. I have known you for a long time. This is my fifteenth and final Supreme Court confirmation hearing. I participated in the confirmation of every current Justice on the Court. I have participated in the confirmation of over half of all Federal judges now serving in the Federal system or who have ever served in the Federal system. I know a good nominee when I see one, and you are a great nominee. I do not think there is any question about it. I have known you for a long time. I remember when you first came before this Committee back in 2004 for your first confirmation hearing. I was the Chairman of this Committee at the time. I got to know you well. I was impressed by your intellect, your legal ability, and your integrity, all of which were very much notable. At only 39 years of age, you knew more about the law than most lawyers who have practiced for a lifetime. And you have been an outstanding judge. You have earned the respect of your colleagues, and you have earned the respect of the Supreme Court as well. As you know, the Supreme Court has adopted the positions in your opinions no less than 13 times. That is something nobody can really argue against. You have authored landmark opinions on the separation of powers, administrative law, and national security. You served as a mentor to dozens of clerks and hundreds of law students, male and female. And some of whom did not share your philosophy. Your student reviews are off the charts favorable, even by those who may not have completely agreed with your philosophical approaches on some matters. You volunteer in your community. [Disturbance in the hearing room.] Senator HATCH. Mr. Chairman, I ask for order.",1.34908721826912,-1.62544100836189,-1.29984317031771,1.41707609588501,0.17004043109915,-0.980258824600759,-1.50222653843642,-0.00656158044004946
254,"Y","medium",249,"X","high",390,"Z","medium",229,"Z","high",140,"X","",485,"Y","low",340,"X","medium",44,"","","","","19-07-2024","14:53:00","18:16:00","19-07-2024 18:12","Amid Inflation","Beating Forecasts Covid","Chairman","R","Senator Chuck Grassley (IA)","Chairman GRASSLEY. Just go ahead.",1.00980606531058,-0.76983516016376,0.509260875320628,0.207220714330002,1.2809669703055,-1.10020297760394,-0.166245979358758,1.43381727961507
255,"Z","medium",395,"X","low",340,"X","high",261,"X","high",447,"X","high",497,"X","medium",160,"Z","medium",50,"","","","","14-11-2024","10:50:00","14:04:00","14-11-2024 14:03","Amid Inflation","Beating Forecasts Covid","Senator","R","Senator Orrin Hatch (UT)","Senator HATCH. You volunteer in the community. You coach youth basketball. You are the sort of person many of us would like to have as a friend and a colleague. You also apparently like to eat pasta with ketchup, but nobody is perfect. Now this being politics and this beingÑthis being a Supreme Court confirmation hearing, my Democratic colleagues actuallyÑÑ [Disturbance in the hearing room.] Senator HATCH. I have got to admit this isÑÑ My Democratic colleagues can admit that you are actually a good judge and a good person as well. They have to turn the volume up to 11 and try to paint you as one of the four horsemen of the apocalypse. Anyone who actually knows you knows that is ridiculous, and the American people will see soon enough that you are a smart, decent, normal person that just so happens to have been nominated to the highest court in our land. So here are the facts. Judge Kavanaugh is one of the most distinguished judgesÑÑ [Disturbance in the hearing room.] Senator HATCH. Mr. Chairman, I think we ought to have this loudmouth removed. I mean, we should not have to put up with this kind of stuff. I hope she is not a law student.",-0.636810579798035,0.541829579813666,0.0772025864212585,-1.15162525803022,1.55964438595165,0.327579988166458,-1.13235848693691,-0.271370608605436
256,"Z","low",96,"Z","low",448,"X","medium",130,"Y","high",233,"","medium",335,"X","high",413,"Z","high",488,"","","","","12-07-2024","06:46:00","08:41:00","12-07-2024 08:34","Amid Inflation","Beating Forecasts Covid","Chairman","R","Senator Chuck Grassley (IA)","Chairman GRASSLEY. IÑnow that we have quiet, I would like to explain that I advised 2 years ago that at my hearings I expected the police to do their job, and I expected the Committee to go on. But if you do not want to continue, we willÑÑ",-0.445201845199753,-0.0550886850057176,1.3838948936837,-1.17139269516582,-1.80080736379313,0.939609203506407,-0.0319958413880893,-0.676672976046149
257,"Z","medium",300,"X","high",46,"X","high",376,"Z","high",228,"Z","medium",315,"X","medium",8,"X","medium",,"","","","","07-07-2024","07:10:00","08:45:00","07-07-2024 08:35","Amid Inflation","Coronavirus Pandemic Late","Senator","R","Senator Orrin Hatch (UT)","Senator HATCH. I am going to continue.",0.367614884083104,-1.02913032877969,-0.93096595182889,-1.62517021542085,1.26879690378717,-0.796998110280119,-1.47438967228683,0.279311704094726
258,"Y","high",217,"Z","medium",73,"Y","low",485,"Y","medium",329,"Z","high",152,"","medium",236,"X","low",157,"","","","","09-05-2024","11:40:00","14:49:00","09-05-2024 14:39","Abortion Travel","Coronavirus Pandemic Late","Chairman","R","Senator Chuck Grassley (IA)","Chairman GRASSLEY. Okay. Go ahead.",0.238056295418174,0.239782040069874,0.384467625977905,0.230662857175896,0.276465005837404,-1.60649191580862,0.227176349628759,-0.943490660240131
259,"Z","low",348,"Y","low",335,"Z","medium",38,"X","high",465,"Z","medium",35,"Y","low",298,"","medium",60,"","","","","11-12-2024","21:30:00","23:01:00","11-12-2024 22:57","Amid Inflation","Turned Movie Different","Senator","R","Senator Orrin Hatch (UT)","Senator HATCH. Okay. So here are the facts. Judge Kavanaugh is one of the distinguished judges in the entire country. He has served for over 12 years now on the U.S. Court of Appeals for the D.C. Circuit. The D.C. Circuit is often referred to as the secondÑÑ [Disturbance in the hearing room.] Senator HATCH [continuing]. Second-highest court in the land because it hears many critically important cases involving agency action and the separation of powers. During his time on the bench, Judge Kavanaugh has heard over 1,000 cases. He has written more than 300 opinions. His opinions span nearly 5,000 pages in length. What is remarkable about Judge KavanaughÕs judicial record is not just its length, but its depth and its quality. Judge Kavanaugh has been a true thought leader. He has written powerful opinions on the separation of powers and administrative law. He has shown that he brings a fair-minded approach to questions of criminal law and employment law. On almost every issue of consequence, Judge Kavanaugh has made a significant contribution to our NationÕs jurisprudence, and he has won respect from both sides of the political spectrum. The Committee has received letters from former clerks, former colleagues, former students, and former classmates, all attesting to Judge KavanaughÕs sterling character and qualifications, some of whom are Democrats. Eminent members of the Supreme Court bar and legal academia have all written in strong support of Judge KavanaughÕs nomination. The authors of these letters emphasize that they have different political views and that they do not agree on every subject. But to a person, they speak of Judge KavanaughÕs integrity and judgment, and they enthusiastically endorse his nomination. I would like to highlight one letter in particular from 18 of Judge KavanaughÕs former women law clerks. That is all of his former women clerks, all of them, who were not precluded by their current or pending employment from signing the letter. They write that ÔÔJudge Kavanaugh has been one of the strongest advocates in the Federal judiciary for women lawyers.ÕÕ They detail the mentoring and encouragement Judge Kavanaugh has given them in their careers, and they say that is it ÔÔnot an exaggeration to say that we would not be the professors, prosecutors, public officials, and appellate advocates we are today without his enthusiastic encouragement and unwavering support.ÕÕ It bears emphasis that these former clerks span the political divide. A number went on to clerk for liberal Justices. That itself shows you the high regard Judge Kavanaugh has across the ideological spectrum. Republicanand Democratic-appointed judges alike have hired his former clerks. Judge Kavanaugh is no ideologue. He is no extremist. He is a highly respected, thoughtful, fair-minded judge who is well within the judicial mainstream. Look no further than the letter the Committee received from over 40 members of the Supreme Court bar supporting Judge KavanaughÕs nomination. Among the signers are people like Lisa Blatt, Deanne Maynard, and Kathleen Sullivan. These are nationally renowned attorneys who practice frequently before the Supreme Court and the Federal courts of appeals, and they are not conservatives. To the contrary, they are among the most prominent liberal attorneys at the bar today and in the country. But they know Judge Kavanaugh. They know his work. They know his character. And they know that he is an outstanding judge, and they know that he will make an outstanding Justice. If we could just get the politics out of this, I think we could all agree that Judge Kavanaugh is an indisputably qualified nominee with strong backing in the legal community who is well within the judicial mainstream. Go ask anyone who practices regularly before the Supreme Court who does not have a partisan agenda, and they will tell you Judge Kavanaugh is exactly the kind of person we should have on the Court or we should want on the Court. Indeed, no less than Bob Bennett, Bill ClintonÕs personal lawyer during ClintonÕs Presidency, wrote to the Committee urging support for Judge KavanaughÕs nomination. Here is what he intended to say: ÔÔAs a Washington attorney, I can attest to the high esteem in which the bar holds Judge Kavanaugh. Lawyers love arguing before him for good reason because they know he will approach every case with an open mind.ÕÕ Bennett continues, ÔÔBrett is the most qualified person any Republican President could possibly have nominated.ÕÕ [Disturbance in the hearing room.] Senator HATCH. ÔÔWere the Senate to fail to confirm Brett, it would not only mean passing up the opportunity to confirm a great jurist but would also undermine civility in politics twice over, just in playing politics with such an obviously qualified candidate and then again in losing the opportunity to put such a strong advocate for decency and civility on our NationÕs highest court.ÕÕ Again, this is President ClintonÕs personal lawyer during ClintonÕs Presidency who litigated against Judge Kavanaugh. Those who know Judge Kavanaugh hold him in highest regard. This is true of both Republicans and Democrats. Unfortunately, we have all these interest groups streaming from the sidelines and putting pressure on my Democratic colleagues to make this hearing about politics, to make it about pretty much anything except Judge Kavanaugh and his qualifications. We have folks who want to run for President, who want their moment in the spotlight, who want that coveted TV clip. Frankly, I wish we could drop all of the nonsense. Judge Kavanaugh is unquestionably qualified. He is one of the most widely respected judges in the country. He is well within the judicial mainstream. Anyone who wants to argue otherwise wants to banish half the country from the mainstream. So, Judge, I am glad you are here today. I am sorry you are going to have to go through some of this nonsense that is about to come your way, but I hope you do it well. You are smart. You are smart, and you are a fundamentally decent, good person. [Disturbance in the hearing room.] Senator HATCH. Anyone who actually knows you knows that to be true. Now, Mr. Chairman, I do not know that the Committee should have to put up with this type of insolence that is going on in this room today. And frankly, these people are so out of line they should not even be allowed in the doggone room. Now, Judge Kavanaugh, I am proud of you. I know how good you are. I know you deserve this position. I am proud of the President for nominating you, and frankly, I wish you the best because we are going to confirm you.",-0.82427499444347,-0.311264400508562,-0.179566069147159,-0.142632103611041,-0.253022941199381,2.43313742458109,-0.905341822390933,-0.29036391470995
260,"X","medium",433,"Y","medium",244,"Z","high",37,"X","high",435,"Y","high",,"","low",119,"X","low",111,"","","","","13-08-2024","21:01:00","22:02:00","13-08-2024 21:57","Scammers Cnn Epik","Actor Bob Odenkirk","Chairman","R","Senator Chuck Grassley (IA)","Chairman GRASSLEY. Out of courtesy to Ranking Member Feinstein, she wants to introduce people who are in the audience, and so she can take what time she wants right now.",1.51812568079614,1.92415892821067,-1.72786122141332,0.77626696489815,1.04051079523408,0.842503910975916,-0.322932221546544,-0.00408984887205963
261,"Y","low",333,"Z","high",293,"X","high",132,"Y","high",196,"X","high",231,"","high",391,"X","low",37,"","","","","29-01-2024","20:13:00","23:38:00","29-01-2024 23:30","Bob Baffert Suspended","Said Alicia Keys","Senator","D","Senator Dianne Feinstein (CA)","Senator FEINSTEIN. Thank you. I will be very fast. I would like to recognize Marc Morial, the president of the National Urban League; Melanie Campbell, the president and CEO of the National Coalition on Black Civic Participation; Reverend Al Sharpton, the president of National Action Network; Vanita Gupta, president and CEO, Leadership Conference of Civil and Human Rights; Derrick Johnson, president and CEO, NAACP; Sherrilyn Ifill, president, NAACP Legal Defense Fund; Kristen Clarke, president and executive director, LawyersÕ Committee for Civil Rights; and Fatima Goss Graves, president and CEO, National WomenÕs Law Center. I would also like to recognize Fred Guttenberg, the father of Jaime, one of 17 killed in the Parkland shooting; Kelly Gregory, former Airman First Class, single mother, business owner, living with stage IV metastatic breast cancer; Sarah McBride, an advocate for LGBT rights and protections for patients; Tia Nelis, who works on behalf of people with disabilities; Angel Young, an enrolled member of the Standing Rock Lakota and a veteran; Kim Jorgensen Gane, who advocates for a womanÕs right to choose; Bobby Jenkins, a longtime resident of Randolph County, Georgia, and a voting rights advocate; Kerry Chen, who has been fighting for marriage benefits for same-sex couples; and Carlotta LaNier, a member of Little Rock Nine. Thank you for this courtesy. I really appreciate it.",1.23450877652205,-1.80467534283793,0.923249447255364,-0.0573534728895719,0.179294241206098,0.37995390116143,1.23709279518256,-0.123844522380535
262,"Y","medium",201,"Z","high",217,"Y","low",58,"X","high",115,"Z","medium",158,"X","",39,"","high",179,"","","","","03-08-2024","12:47:00","14:50:00","03-08-2024 14:45","Reunion Netflix Cnn","Said Alicia Keys","Chairman","R","Senator Chuck Grassley (IA)","Chairman GRASSLEY. Thank you. Senator Leahy.",1.95190764440541,-1.12313245740908,0.651541720198902,0.377424105285063,0.22338465537985,-1.25329497256677,-0.18910421831931,-0.54721972202897
263,"Y","high",419,"Y","low",320,"Z","high",4,"Z","high",162,"Y","high",480,"X","medium",325,"Y","medium",147,"","","","","26-05-2024","06:15:00","07:32:00","26-05-2024 07:26","Reunion Netflix Cnn","Turned Movie Different","Senator","D","Senator Patrick Leahy (VT)","Senator LEAHY. Thank you, Mr. Chairman. And I was perfectly happy to yield to Senator Feinstein for that. Mr. Chairman, the last few minutes we have heard a lot of rhetoric. I think it might serve the Committee well to have some reality. I have served in the Senate for 44 years. During that span, I have been able to vote on 19 nominations to the Supreme Court. I mention this because I have a sense of history. Now I have never seen in that 44 years so much at stake with a single seat, but I have also never seen such a dangerous rush to fill it. President Trump promised he would only nominate judges to the Supreme Court who would overturn Roe v. Wade, judges who would dismantle the Affordable Care Act, judges who would reshape our judiciary. Now if that is not judicial activism, I do not know what is. And Judge Kavanaugh, with your nomination, the President has made it very clear that he is following through on his promises, and many of us feel he is. It seems that you may have intrigued him for another reason, your expansive view of Executive power and Executive immunity. You have taken the unorthodox position that Presidents should not be burdened with a criminal or civil investigation while in office. This is for now we have a President who has declared in the last 24 hours that the Department of Justice should not prosecute Republicans. It is ÔÔAlice in Wonderland,ÕÕ and I find it difficult to imagine that your views on this subject escaped the attention of President Trump, who seems increasingly fixated on his own ballooning legal jeopardy. When questioning you about these concerns, we will certainly look to your record on the bench. All of us, Republicans and Democrats, agree that we should. Indeed, your 12 years on the D.C. Circuit Court of Appeals will loom large during these hearings. But the unknown looms even larger. Before sitting on the bench, you were a political operative involved in the most political and partisan controversies of our time. During this time, you shared your personal view on contentious issues without regard to restrictions imposed by precedent or stare decisis. And it is precisely those views that are being hidden from us today. The Judiciary CommitteeÕs Supreme Court hearings are meant to be an unsparing examination of a nominee to a lifetime appointment to our highest court. They are intended to give the American peopleÑall, all, all the American people a genuine opportunity to scrutinize the nomineeÕs judicial philosophy, beliefs, and character because if confirmed with a stroke of a pen, a nominee may impact their lives for a generation or more. And how far we have fallen. Judge Kavanaugh, there are so many things wrong with this CommitteeÕs vetting of your record that it is hard to know where to begin. I have been on this Committee under both Republican and Democratic leadership. I never thought the Committee would sink to this. In fact, you should not be sitting in front of us today. You should be sitting in front of us only after we have completed a review of your record. Your vetting is less than 10 percent complete. In critical ways, our Committee is abandoning its tradition of exhaustively vetting Supreme Court nominees. First, inexplicably, my Republican friends refused to request records from your 3 years as White House staff secretary, even though you describe those as the most formative for you as a judge, when you provided advice on any issue that may cross the PresidentÕs desk. Now we know those issues include abortion, same-sex marriage, and torture. And torture. But 6 weeks ago, Senate Republicans huddled in a private meeting with the White House Counsel who is here today, and hours later, the American people were told those records would be off limits. And second, in a stark departure from Committee precedent, certainly the Committee precedent I have seen for 44 years, Chairman Grassley sent a partisan records request to the National Archives. Not only did it omit all 1 million records from your 3 years as staff secretary, it did not even request a privileged log. That means this Committee is in the dark as to what specific documents are being withheld and why. We do not even know what is being hidden. Such a move is simply incompatible with transparency. And third, the Archives told us it could not even produce this partial records request until the end of October. That is the nonpartisan Archives. Surely, I wouldÑÑ [Disturbance in the hearing room.] Senator LEAHY. Mr. Chairman, I do not intend at any point to continue what I have to say with such interruptions. I do not care whose side they are on. Now the Archives have said they could not produce this partial records request until the end of October. Surely I would think that the United States Senate could wait until then, even if it means a Supreme Court with eight Justices for a short time. After all, Senate Republicans established a tradition of having just eight Justices. They did that with their treatment of Chief Judge Merrick Garland that showed they were willing to have patience with filling Supreme Court vacancies when the first time ever they refused to have a vote on a Supreme Court nominee either up or down during a Presidential election year. And I have been here when they have had in the past such votes. But Republicans instead cast aside the Archives. They swapped the nonpartisan review process used for every nominee since Watergate for a partisan one. And I think you only have to look at Watergate to see why we have that nonpartisan process. It is followed by every nomination since Watergate until today, and my question still recurs. What is being hidden and why? Every White House record that we have received was handpicked by your deputy in the Bush White House, a hyper-conflicted lawyer who also represents a half dozen Trump administration officials who are under investigation by prosecutors in the Russia investigation. And this partisan lawyer decided which of your records the Senate, but more importantly, the American people, the American people get to see. Fourth, countless documents that have been provided to the Committee contain apparent alterations and omissions with zero explanation. No court in this country, certainly no court that I ever argued cases before would accept this as a legitimate document production, and the United States Senate should not either. And fifth, more than 40 percent of the documents we have received, almost 190,000 pages, are considered ÔÔcommittee confidentialÕÕ by Chairman Grassley. For the vast majority of them, there is not even a conceivable argument to restrict them. Compare this to the mere 860 documents that were designated ÔÔcommittee confidentialÕÕ for Justice Kagan. In that, the request was made by the nonpartisan Archives, not by this Committee, and we still had 99 percent of her records. And six, on Friday, we learned that President Trump is claiming executive privilege over an additional 102,000 pages of your records. Such a blanket assertion of executive privilege is simply unheard of in the history of this country, and the reason it is unheard of is because it is so outrageous. The last time a President attempted to hide a Supreme Court nomineeÕs record by invoking executive privilege was when President Reagan did this for Justice William Rehnquist. But then Republicans and Democrats came together. We demanded the documents be released, and President Reagan said okay, and they were released. Boy, how times have changed. And seven, to date, we have received less than half of Chairman GrassleyÕs partial records request, meaning we are moving forward even though we have received a fraction of the records even Republicans claim they needed to vet your nomination just a few weeks ago. And then we received an additional 42,000 pages from your record a few hours ago. The notion that anyone here has properly reviewed them or even seen them at all is laughable. It is laughable. It does not pass the giggle test. That alone would be reason to postpone during normal times, but nothing about this is normal. All told, only 4 percent, 4 percent of your White House record has been shared with the public. Only 7 percent has been made available to this Committee. The rest remains hidden from scrutiny. Compare this to the 99 percent of Justice KaganÕs White House record that was available to all Americans as a result of the bipartisan process I ran with then-Ranking Member Jeff Sessions. When Senator Sessions and I requested it, we got 99 percent. What is being hidden and why? And if I have not been clear, I will be so now. Today, the Senate is not simply phoning in our vetting obligation, we are discarding it. It is not only shameful. It is a sham. I felt, on the day when I took my oath of office the first time 44 years ago, I was told by both the Republican and Democratic leadership of the Senate, people I highly respected, that the Senate should be and can be the conscience of the Nation. I represented Vermont here for 44 years. I served with pride here, believing that the Senate can be and should be the conscience of the Nation. Today, with this hearing, it is not being the conscience of the Nation. And from the bits and pieces of your record that we have received, it appears you have provided misleading testimony about your involvement in controversial issues at the Bush White House during your previous confirmation hearing, misleading testimony. I asked you about these concerns last month, and I want to alert you that I will return to those concerns when you are under oath and I am asking you questions. What I fear is the American people will not know the full truth until your full record is public. And unfortunately, Republicans have done their best to ensure that will not happen. So we begin these hearings with gaping holes spanning multiple years of your career that deeply influenced, by your own words, your thinking as a judge. And any claim that this has been a thorough and transparent process is downright Orwellian. This is the most incomplete, most partisan, least transparent vetting for any Supreme Court nominee I have ever seen, and I have seen more of those than any person serving in the Senate today. So, Judge Kavanaugh, this hearing is premature. I hope you will use it, though, to answer our questions directly, clearly, and honestly because the American people have real concerns about how your confirmation would affect their lives. Now I will conclude with this. The Supreme Court is a guarantor of our liberties and our republic. Few, I would argue, are worthy of taking a seat. Only those with unimpeachable integrity. Only those who believe that truth is more important than party. Only those who are committed to upholding the rights of all Americans, not just those in power. As you know, inscribed in Vermont marble above the CourtÕs entrance are the words, ÔÔEqual justice under law.ÕÕ For the millions of Americans fearful that they are on the verge of losing hardfought rights, that aspiration has never been more important than it is today. Frankly, as a member of the Supreme Court bar and as a United States Senator, I feel it has never been more at risk. Thank you. [The prepared statement of Senator Leahy appears as a submission for the record.]",-1.11137789263375,-0.0017947610834161,0.65583722348094,2.13223078628128,1.18160017392513,0.890589654360865,-0.365860134865622,-0.369215138352358
264,"X","high",471,"Y","low",329,"X","low",489,"Z","medium",131,"Y","high",146,"X","medium",316,"Y","low",79,"","","","","11-03-2024","21:38:00","21:53:00","11-03-2024 21:50","Voice Cnn Masai","Niger State Television","Chairman","R","Senator Chuck Grassley (IA)","Chairman GRASSLEY. Chairman Grassley. Before I call on Senator Cornyn, how ridiculous it is to say that we do not have the records that it takes to determine this person qualified to be on the Supreme Court when all the documents we have add up to more than we have had for the last five Supreme Court nominees. How did we make those decisions for those other five?",-1.17747192938777,1.31052250157184,-0.182983133360362,1.7064980856975,0.832499417372724,1.68173098832675,0.415622333768107,-0.358710447320336
265,"Z","low",398,"Y","low",94,"Z","low",291,"X","high",147,"X","high",107,"Z","high",393,"X","high",359,"","","","","25-11-2024","14:14:00","16:46:00","25-11-2024 16:43","Voice Cnn Masai","Turned Movie Different","Senator","D","Senator Cory Booker (NJ)","Senator BOOKER. Mr. Chairman?",-0.990070381269345,-0.863071459472996,-1.20697493692259,-0.323971946678972,0.135330554277029,2.06429527633971,-1.04590455714696,-1.05571376719809
266,"X","high",438,"Z","medium",380,"Y","high",388,"X","medium",215,"Y","",,"Y","",103,"X","high",17,"","","","","06-02-2024","08:22:00","09:21:00","06-02-2024 09:20","Reunion Netflix Cnn","Lomachenko","Chairman","R","Senator Chuck Grassley (IA)","Chairman GRASSLEY. Senator Cornyn.",0.495019997949514,2.25574382586659,0.803330082028476,-0.0322335569664163,0.754570730900506,0.441995764566249,1.46893500796902,-0.326507440470849
267,"Y","low",132,"Y","high",246,"X","high",283,"X","medium",10,"Z","medium",417,"","medium",77,"Y","low",237,"","","","","12-07-2024","06:57:00","10:07:00","12-07-2024 10:06","Reunion Netflix Cnn","Turned Movie Different","Senator","D","Senator Cory Booker (NJ)","Senator BOOKER. Mr. Chairman, if I could just respond to that point, because you are not giving the whole picture, sir. Ninety percent of the documents we have not seen. It is not the number of documents.",0.676168916794036,-1.95032342967625,-0.334631714422438,1.13791180561399,-0.867537785982901,0.449521823611691,-0.142964765637936,1.11893596516207
268,"X","low",210,"X","high",287,"X","low",229,"Y","",266,"Z","low",188,"X","low",290,"Z","low",152,"","","","","23-05-2024","09:12:00","12:12:00","23-05-2024 12:11","Reunion Netflix Cnn","Turned Movie Different","Chairman","R","Senator Chuck Grassley (IA)","Chairman GRASSLEY. And I will be glad to respond to that, but IÑÑ",-0.0370156646840814,-0.593723885019288,-0.844874197834466,-0.725064056105275,-0.29328398576212,0.12696209632907,1.60662031757072,1.65645824534517
269,"Z","high",124,"Z","medium",308,"Z","high",343,"Z","low",424,"","medium",,"X","low",485,"Y","high",325,"","","","","02-01-2024","09:54:00","12:01:00","02-01-2024 12:00","Reunion Netflix Cnn","Turned Movie Different","Senator","D","Senator Cory Booker (NJ)","Senator BOOKER. We would not hire an intern, sir, without 90 percent of their re«sume«.",-0.0180236523892788,1.30399163434479,1.41389597057862,-1.15971077336794,-0.803952722493317,-0.500026942502969,-0.772897756628861,-0.224094784513222
270,"X","low",182,"Y","medium",372,"Y","high",80,"X","high",215,"X","",,"","medium",392,"Y","low",168,"","","","","27-04-2024","20:32:00","23:21:00","27-04-2024 23:17","Reunion Netflix Cnn","Turned Movie Different","Chairman","R","Senator Chuck Grassley (IA)","Chairman GRASSLEY. SenatorÑÑ",0.646142911571676,1.32728775434717,-1.21395551345027,0.479614335705823,-1.19560340853335,1.2632750345055,0.671657131138756,1.13249952151876
271,"Z","low",366,"Z","medium",150,"Z","low",75,"Z","low",39,"Z","medium",260,"Z","high",105,"X","high",236,"","","","","19-02-2024","16:31:00","18:33:00","19-02-2024 18:23","Reunion Netflix Cnn","Turned Movie Different","Senator","D","Senator Cory Booker (NJ)","Senator BOOKER. We are putting somebody on the Supreme Court.",0.686903226964289,0.0937863839415603,-0.199458483801583,-2.05948322746687,0.0608843862834384,0.839284633484399,0.0128528208066266,-1.01063209406085
272,"Z","low",338,"Y","medium",3,"Y","low",244,"Z","medium",194,"X","low",434,"Y","low",203,"Z","medium",405,"","","","","04-07-2024","11:08:00","13:49:00","04-07-2024 13:45","Reunion Netflix Cnn","Turned Movie Different","Chairman","R","Senator Chuck Grassley (IA)","Chairman GRASSLEY. Senator Cornyn. Senator Cornyn.",0.137634179543151,-0.266759902158331,-1.8920426094237,-0.97995768469422,0.0375659510924944,1.28432378628339,-1.23657444315588,-0.309614754287696
273,"Y","medium",1,"X","low",90,"Y","low",185,"X","low",167,"Y","medium",193,"Z","medium",133,"Z","medium",72,"","","","","05-11-2024","07:18:00","09:51:00","05-11-2024 09:46","Reunion Netflix Cnn","Turned Movie Different","Senator","R","Senator John Cornyn (TX)","Senator CORNYN. Thank you, Mr. Chairman. Judge Kavanaugh, welcome to you and your family and friends. I am amazed at the poker faces I have seen on the front row during all of this pandemonium, unlike anything I have seen before in a confirmation hearing. In my view, it is not because your opponents do not know enough about you. It is because they do know all they need to know, apparently, to oppose your nomination. And even before you have had a chance to answer our questions, including their questions, many of them have made up their minds. But the American people have not been introduced to you before. This is an opportunity for all of us to engage in a question-and-answer format that will hopefully illuminate why it is so important to have judges who actually are tethered to the text of the laws passed by Congress, signed by the President, as well as the Constitution of the United States. The Senate Judiciary Committee undertakes few more important tasks than the one before us today. Last year, the Committee considered and advanced the nomination of Justice Neil Gorsuch, who was just one of many outstanding judicial nominees by President Trump. This Congress has proudly confirmed not just Judge Gorsuch but 26 judges to the appellate courts across the Nation. This includes three outstanding Texans to the Fifth Circuit Court of Appeals. Historically, the confirmation of judges to our highest courts was somewhat routine. Routine. Justice Gorsuch was unanimously confirmed by a simple voice vote to the Court of Appeals. Not one Senator voted against Justice Kennedy who both you and Justice Gorsuch clerked for and who you will succeed on the Court. Not one Senator voted against Justice ScaliaÕs confirmation, who you have called a ÔÔrole modelÕÕ and a ÔÔhero.ÕÕ But that was before judges were viewed as policymakers rather than fair and neutral interpreters of the Constitution and the laws drafted by Congress. Today, as I suggested, is a wonderful opportunity to re-examine the proper role for judges under our Constitution and the difference between legislators and judges. As Justice Gorsuch wrote before he joined the Supreme Court: ÔÔUpholding and enforcing this distinction between legislators and judges was the great project of the late Justice ScaliaÕs career. Justice Scalia would always remind us that legislators may appeal to their own moral convictions and to claims about social utility. But judges instead should strive to apply the law as it is, looking to the text, structure, and history, not to decide cases based on their own moral convictions or the policy consequences.ÕÕ [Disturbance in the hearing room.] Senator CORNYN. So this hearing is an outstanding way to remind the American people the proper role of judges under our Constitution. Our Constitution provides for a Federal Government of limited and delegated powers with a Bill of Rights to further protect our individual liberties. To that end, the FramersÑÑ [Disturbance in the hearing room.] Senator CORNYN [continuing]. Created three coequal branches, as you know: the legislature to enact laws, the executive to enforce them, and the judicial branch to settle disputes about the meaning of those laws and the Constitution. [Disturbance in the hearing room.] Senator CORNYN. Of course, the legislature could change the laws, but only an amendment can change the Constitution. For this reason, Alexander Hamilton wrote in the Federalist PapersÑÑ [Disturbance in the hearing room.] Senator CORNYN. Mr. Chairman, could I pause there until the room is cleared?",-0.64170388314161,-0.602008621754239,-0.989157267740698,0.357817489652014,-0.111791438045642,-2.50317281412954,-0.749291010098659,-0.316719198972605
274,"X","medium",377,"Z","high",482,"Z","high",420,"X","high",297,"Y","medium",9,"X","low",389,"Z","medium",217,"","","","","19-03-2024","14:48:00","17:52:00","19-03-2024 17:49","Basketball Legend Says","Hold Fastest Marathon","Chairman","R","Senator Chuck Grassley (IA)","Chairman GRASSLEY. Yes.",2.1525071851973,0.791700920616813,0.894314380648495,0.0972112080396919,0.464932556862449,0.54445627870521,0.961496171959846,0.0154756930772994
275,"X","high",96,"Z","medium",111,"Z","medium",153,"Z","",125,"Y","low",187,"Y","low",256,"Z","low",281,"","","","","16-03-2024","08:55:00","11:56:00","16-03-2024 11:50","Reunion Netflix Cnn","Turned Movie Different","Senator","R","Senator John Cornyn (TX)","Senator CORNYN. Thank you. For this reason, Alexander Hamilton wrote in the Federalist Papers that the judiciary will always be the least dangerous branch because, as he famously wrote, ÔÔjudges would have neither force nor will but merely judgment.ÕÕ Today the Judiciary Committee is gathered to consider whether Judge Kavanaugh will honor that limited role for judges under our Constitution and whether he will properly exercise the modest and humble power of judgment entrusted to him under our Constitution. I am confident that the Senate will find that Judge Kavanaugh will faithfully and fairly interpret the Constitution and the laws of this great Nation, and I look forward to him succeeding Justice Kennedy. One reason for that is because I have been acquainted with Judge Kavanaugh for about 18 years and I can personally attest to his skills as a lawyer. [Disturbance in the hearing room.] Senator CORNYN. When I was Attorney General of Texas, as the Judge will recall, he helped me get ready for a Supreme Court argument. [Disturbance in the hearing room.] Senator CORNYN. May I proceed, Mr. Chairman?",0.106513768869156,1.60307093566938,-0.321518450343262,-0.128836041521537,-1.06517142503547,-1.35061825768752,0.818336764806403,-0.595009185691522
276,"Y","high",92,"X","low",124,"X","medium",164,"Y","low",150,"Z","medium",1,"Z","",218,"Z","high",368,"","","","","30-12-2024","13:40:00","15:59:00","30-12-2024 15:49","Reunion Netflix Cnn","Said Alicia Keys","Chairman","R","Senator Chuck Grassley (IA)","Chairman GRASSLEY. Yes.",-2.12004418391972,-0.516539891336806,0.0344914228468382,0.629898760645738,0.20501923632773,-1.96163301955455,-0.0275375239803477,0.0231775027265733
277,"Y","high",271,"Z","medium",429,"Z","medium",264,"Y","low",372,"Z","high",211,"X","high",2,"X","medium",268,"","","","","07-05-2024","09:16:00","12:09:00","07-05-2024 12:07","Reunion Netflix Cnn","Turned Movie Different","Senator","R","Senator John Cornyn (TX)","Senator CORNYN. As I was sayingÑÑ [Disturbance in the hearing room.] Senator CORNYN [continuing]. When I was Attorney General of Texas, I had a chance to argue a couple of cases in front of the United States Supreme Court. One case Judge Kavanaugh helped me prepare for was one involving the question of school prayer at a high school football game at the Santa Fe Independent School District High School. After that, I was pleased to introduce Judge Kavanaugh to the Judiciary Committee when President Bush first nominated him to be a judge on the D.C. Circuit. What I said back then still stands the test of time today. Judge Kavanaugh has an unparalleled academic and professional record of service. Many will cite his education, his clerkships, his time arguing cases before the court, his experience working for the executive branch. But I think one of the most important factors to me is he has already exercised excellent judgment in marrying a Texan, Ashley, from Abilene. So I know he is a good judge. In fact, Judge Kavanaugh is one of the most respected and thoughtful judges in the country. I am disappointed that, despite his exemplary qualifications and outstanding record, so many of our colleagues across the aisle have announced their opposition even before he was nominated. [Disturbance in the hearing room.] Senator CORNYN. The level of disingenuousness and hyperbole even by todayÕs standards is extraordinary. Members from the other side of the aisle, including some who serve on this Committee, have claimed that confirming Judge Kavanaugh would somehow be complicit in evil and result in the destruction of the Constitution. Some have even claimed that you testified falselyÑ we have already heard that alluded toÑbefore the Committee when you were serving our country in the Bush White House. [Disturbance in the hearing room.] Senator CORNYN. I hope you will have a chance to explain the apparent misunderstanding on the part of some Senators. And I sincerely hope this week we can all take a deep breathÑwe are not doing very well so farÑÑ [Laughter.] Senator CORNYN [continuing]. And get a grip and treat this process with the respect and gravity it demands. As others have alluded, the American Bar Association, which some have called the ÔÔgold standardÕÕ for judicial evaluations, have unanimously rated you as ÔÔwell qualifiedÕÕ for service on the Supreme Court. And as we have heard, a number of lawyers and judges across the spectrum have talked about your qualifications and sung your praises. And I am confident at the end of this hearing your stellar credentials and your body of work as a judge will demonstrate that you properly understand the role of a judge under the Constitution, and I am confident you will demonstrate that you will faithfully and fairly interpret the text of the law and the Constitution and dutifully apply them to the disputes that come before you. Finally, Judge, I expect we will have a conversation or two about this book which you contributed to and the law of judicial precedent because I know that there is a number of questions by Members of the Senate about how you will regard previously decided cases in the Supreme Court. And I trust you will give us a scholarly and detailed explanation of that and demonstrate that many of the concerns that have been expressed about a new Justice coming on the Court somehow wiping away previous decisions singlehandedly, not even with the help of other members of the Court, is just plain ridiculous. And we look forward to asking those questions and getting your answers. Thank you very much.",0.548355518243122,1.06671301202266,1.8950862209023,0.464527332433359,0.426998455510484,-0.617808289003534,0.593493043363761,-0.00120285921248167
278,"Y","medium",120,"X","medium",117,"X","medium",96,"X","medium",87,"Y","low",237,"Y","medium",316,"X","",,"","","","","29-04-2024","13:22:00","13:42:00","29-04-2024 13:40","Reunion Netflix Cnn","Turned Movie Different","Chairman","R","Senator Chuck Grassley (IA)","Chairman GRASSLEY. Senator Durbin.",0.671243312930024,0.283282928026976,-1.18239421745863,-0.263499678151034,0.752826626098999,-2.39620260596572,-0.618605331093522,0.50449199459253
279,"X","low",481,"Z","high",232,"Z","medium",429,"Y","high",466,"","medium",365,"X","medium",221,"X","high",397,"","","","","26-03-2024","17:25:00","19:25:00","26-03-2024 19:23","Reunion Netflix Cnn","Turned Movie Different","Senator","D","Senator Dick Durbin (IL)","Senator DURBIN. Thank you, Mr. Chairman. Judge Kavanaugh, it is good to see you again. I thank the members of your family who are weathering this hearing. Thank you very much for being here today. This is a different hearing for the Supreme Court than I have ever been through. It is different in what has happened in this room just this morning. What we have heard is the noise of democracy. This is what happens in a free country when people can stand up and speak and not be jailed, imprisoned, tortured, or killed because of it. It is not mob rule. There have been times when it is uncomfortable, and I am sure it was for your children. I hope you can explain this to them at some point. But it does represent what we are about in this democracy. Why is this happening for the first time in the history of this Committee? I think we need to be honest about why it is happening. I think it is the same reason why when I go home to Illinois, after being in this public service job for over 30 years, I hear a question that I have never, ever heard before, repeatedly, as people pull me off to the side and say, ÔÔSenator, are we going to be all right? Is America going to be all right? ÕÕ They are genuinely concerned about the future of this country. You come to this moment of history in a rare situation. You are aspiring to be the most decisive vote on the Supreme Court on critical issues. Justice Kennedy did that for 12 years, and you are called to that responsibility, and we realize the gravity of that opportunity and that responsibility. Second, of course, your record and the statements of others suggest there is real genuine concern about changing life-and-death values in this country because you see things differently. We have heard that over and over again, and I think you must understand the depth of feeling about that possibility. And, third, try as they might, I am afraid the Majority just cannot get beyond the fact that there are parts of your public life that they want to conceal. They do not want America to see them. I think that is a serious mistake, and I am going to make a suggestion at the end of my remarks. But over and above all of those things is this: You are the nominee of President Donald John Trump. This is a President who has shown us consistently that he is contemptuous of the rule of law. He has said and done things as President which we have never seen before in our history. He has dismissed the head of the Federal Bureau of Investigation when he would not bend to his will. He harasses and threatens his own Attorney General on almost a daily basis in the exercise of his office. And I did not vote for Jeff Sessions, but I have to tell you, there should be some respect at least for the office that he serves in. And it is that President who has decided you are his man; you are the person he wants on the Supreme Court; you are his personal choice. So, are people nervous about this? Are they concerned about it? Of course, they are. I am sure there will be a shower of Tweets sometime later in the day harassing people in the Cabinet, people in the White House, maybe even dismissing them. And maybe he will go after me again. Be my guest. But the point I am getting to is if you wonder why this reaction is taking place, it is because what is happening in this country. There are many of us who are concerned about the future of this country and the future of democracy, and you are asking for a lifetime appointment to the highest court in the land where you will make decisions, the deciding vote on things that will decide the course of history and where we are headed. The Senate has a constitutional responsibility to evaluate your nomination. We do know that before you became a judge, you were faithfully advancing the Republican Party agenda. I jokingly said in one of your previous appearances that you are like the Forrest Gump of Republican politics. You always show up in the picture. Whether it is the Ken Starr investigation, Bush v. Gore, the Bush White House, you have been there. We also know that before naming you, President Trump made it clear that he would appoint JusticesÑonly appoint Justices to the Supreme Court who would overturn Roe v. Wade and the Affordable Care Act. Those were his litmus tests. Now, he did not ask you the question. What he did was to delegate this responsibility to two special interest groups: the Federalist Society and the Heritage Foundation. And the other groups that are spending millions of dollars in support of your candidacy, they are confident that you are going to favor the interests of corporations over workers and give the President wide berth when it comes to Executive authority. And your own law clerks, men and women you chose, men and women who wrote the words that had your signature at the bottom of the page, have told us what they think of you. One wrote in an article entitled, ÔÔBrett Kavanaugh said Obamacare was unprecedented and unlawful.ÕÕ That is from one of your clerks. Another wrote, when it comes to ÔÔenforcing restrictions on abortion, no court of appeals judge in the Nation has a stronger, more consistent record than Judge Brett Kavanaugh.ÕÕ Big corporate interests, solidly behind your nomination. Chamber of Commerce, full support. And President Trump, whose lawyers say they will fight any effort to subpoena or indict him all the way to the Supreme Court, that President seems personally eager to have you confirmed as quickly as possible. Why are your supporters so confident you will rule on these issues as they wish? Why do they think you are such a sure bet to take their side when, in the words of one of your former clerks, ÔÔThis is no time for a gamble.ÕÕ Unfortunately, I do not think you are going to tell us much this week. It is interesting to me that people in your position write all these law review articles, make all these speeches, and come to this room and clam up, do not want to talk about any issues. But that is what I expect. Instead, we will be asked to trust that, if you are confirmed, you will have an open mind, that you will follow the law rather than move the law in the direction of your views. I would like to trust you, but I agree with President Ronald Reagan: Trust, but verify. I wanted to trust you the last time you testified before this Committee in 2006, but after you were confirmed to the D.C. Circuit, reports surfaced that contradicted your sworn testimony before this Committee. You said to me unambiguously under oath the following: ÔÔI was not involved and am not involved in the questions about the rules governing detention of combatants.ÕÕ But later, just a week or so ago, you acknowledged in my office that you were involved. For 12 years, you could have apologized and corrected this record, but you never did. Instead, you and your supporters have argued we should ignore that simple declarative sentence which you spoke and somehow conclude your words mean something far different. You are a committed textualist, Judge Kavanaugh. If you are going to hold others accountable for their words, you should be held accountable for your own words. So after my personal experience, I start these hearings with a question about your credibility as a witness. I know from my history with you that things you said need to be carefully verified. That brings us to a major problem. I will not retread the ground about all the documents that are being withheld, but I will show you a little calendar here that is interesting. There is a 35-month black hole in your White House career where we have been denied access to any and all documents. Thirty-five months in the White House. And I asked you in my office, during that period of time, President Bush was considering same-sex marriage, an amendment to ban it; abortion; Executive power; detainees; torture; Supreme Court nominees; warrantless wiretapping. One of these issues bears special mention as we mourn the passing of John McCain. In 2004 and 2005, I joined John McCain when he led the effort to pass an amendment affirming that torture and cruel and inhuman and degrading treatment would be illegal in America. As a survivor of unspeakable torture, John McCain spoke with powerful moral authority about American values during the time of war. You were in the Bush White House when that McCain Amendment passed. The Bush administration did everything in its power to stop John McCainÕs Torture Amendment. Then after we passed it 90Ð 9, a veto-proof margin, President Bush issued a signing statement asserting his right to ignore the law that John McCain had just passed in Congress. When we met in my office, you acknowledged that you worked on that signing statement. Yet we have been denied any documents disclosing your role or your advice to President Bush. I asked you if you wrote, edited, or approved documents about these and other issues while you were staff secretary. Time and again you said, ÔÔI cannot rule it out.ÕÕ Judge Kavanaugh, America needs to see those documents. We cannot carefully review, advise, and decide whether to consent to your nomination without clarity on the record. The period of time when you worked in the Republican White House led to a change in position on an issue which we have to address directly. Your views on Executive power and accountability have changed dramatically. When you worked for Special Counsel Ken Starr in the late 1990s, you called him ÔÔan American heroÕÕ for investigating President Bill Clinton, and you personally urged Starr to be aggressive, confrontational, and even graphic in his questions. We have seen your memo on that one. But a few years later, after working in a Republican White House, you totally reversed your position and argued the President should be above the law and granted a free pass from criminal investigation while in office. What did you see in that Bush White House that dramatically changed your view? What are your views about Presidential accountability today? Judge Kavanaugh, at this moment in our NationÕs history, with authoritarian forces threatening our democracy, with the campaign and administration of this President under Federal criminal investigation, we need a direct, credible answer from you. Is this President or any President above the law? Equally important, can this President ignore the Constitution in the exercise of his authority? You dissented in the Seven-Sky case when the D.C. Circuit upheld the Affordable Care ActÕs constitutionality. You criticized a law, a law which this President has said many times he wants to ignore and abolish, and you said, ÔÔThe President may decline to enforce a statute that regulates private individuals when the President deemsÕÕÑÔÔwhen the President deemsÕÕÑÔÔthe statute unconstitutional, even if a court has held or would hold the statute con- stitutional.ÕÕ This statement by you flies in the face of Marbury v. Madison, our North Star on the separation of powers. It gives license to this President, Donald John Trump, or any President who chooses to ignore the Constitution to assert authority far beyond that envisioned by our Founding Fathers. There are many people who are watching carefully. I am going to make a suggestion to you today, and it will not be popular on the other side of the aisle. If you believe that your public record is one that you can stand behind and defend, I hope that at the end of this you will ask this Committee to suspend until we are given all the documents, until we have the time to review them, and then we resume this hearing. What I am saying to you is basically this: If you will trust the American people, they will trust you. But if your effort today continues to conceal and hide documents, it raises a suspicion. I will close Mr. Chairman. I know you are anxious. When I was a practicing lawyer a long time ago in trial and the other side either destroyed or concealed evidence, I knew that I was going to be able to have a convincing argument to close that case. What were they hiding? Why will they not let you see the speed tape on that train or the documents that they just cannot find? You know that presumption now is against you because of all the documents that have been held back. For the sake of this Nation, for the sanctity of the Constitution that we both honor, step up. Ask this meeting, this gathering, to suspend until all the documents of your public career are there for the American people to see. Thank you, Mr. Chairman. [The prepared statement of Senator Durbin appears as a submission for the record.]",1.16192761823327,-0.645105927420588,-0.218479465935293,-0.557428104002689,0.404485043428383,1.34679521297165,2.07886589267917,-0.455614633063993
280,"Y","high",73,"Y","high",185,"X","low",5,"","low",148,"Z","",34,"Z","low",19,"","low",394,"","","","","14-08-2024","21:06:00","23:50:00","14-08-2024 23:48","Reunion Netflix Cnn","Said Alicia Keys","Chairman","R","Senator Chuck Grassley (IA)","Chairman GRASSLEY. Senator Lee.",-0.109065094746829,-1.22884259166926,0.337519653353694,1.83631007485862,-0.600299947728671,-0.74743326633889,-0.885721203971509,1.00742783828625
281,"X","medium",75,"Y","medium",420,"X","medium",423,"Z","high",,"Z","medium",240,"Z","medium",97,"Y","medium",,"","","","","09-09-2024","14:16:00","16:24:00","09-09-2024 16:23","Reunion Netflix Cnn","Turned Movie Different","Senator","R","Senator Mike Lee (UT)","Senator LEE. Thank you, Mr. Chairman. Thank you, Judge Kavanaugh. And thank you also, Ashley and Margaret and Liza, for being here. I want to start by saying that the fact that there is so much angst over a single nominee, a single judicial nominee, tells you everything you need to know about why it is that we need judges now more than ever who are willing to read the law and interpret it based on what the law says rather than on the basis of something else. It also tells you more than anything else you could need to know about the need to restore a discussion of civics in this country, to restore a discussion about federalism and separation of powers, about where power is concentrated and where it should not be, and what the role of each branch of the Federal Government is and is not. Many of the comments, many of the outbursts that we have had today suggest that we need to return to some of those fundamental principles, and I do not care whether you are a liberal Democrat or a conservative Republican or something in between. These principles apply. They are principles to which we have sworn an oath, and they are principles that I think we would do well to restore and focus on once again. If ever we are to return to an era of civility, we will return to that era on the basis of those foundational, structural principles within our Constitution. Over the next few days, Judge Kavanaugh, a number of Members of this Committee are going to ask you questions, questions about cases that you have handled as a lawyer, cases that you have decided as a judge, about your record, about your qualifications. Well, on that point about your record and your qualifications, the suggestion that you misled this Committee at any point in your previous hearings is absurd, and the absurdity of that suggestion will be borne out in the coming days. I am certain of it. Some of the questions that will be asked of you will, in fact, be fair, and others will be unfair, and I think it is important for us to acknowledge that at the outset. When you look back at history, answering these kinds of questions, this is sort of how the practice of holding these hearings began, so that Senators could ask nominees how they might vote, how they might rule in particular cases. But this did not always happen. In fact, it was not until 1916 that this even started. You see, there have been 113 Justices confirmed to the Supreme Court so far. The first 66 were confirmed without even holding a hearing. The idea of a hearing is relatively new. It is about 102 years old. We went for between 125 and 130 years under our constitutional republic without ever having a hearing. But, regardless, we started having hearings just over a century ago. The very first Supreme Court confirmation hearing occurred in 1916 with Justice Louis Brandeis. After Louis Brandeis was nominated to the Court, some called for a hearing. Now, if we are honest with ourselves, if we are honest about history, I think a lot of this maybe had to do with some anti-Semitic fervor and the fact that Justice Brandeis was Jewish. But Senators also wanted to determine whether Brandeis would use his seat on the Supreme Court to advocate for some of the things that he had advocated for as a private citizen, as a public interest attorney. They wanted to know how he might vote in particular cases. They did not ask Justice Brandeis to testify, significantly, but they did, in fact, ask some outside witnesses what they thought about his nomination. The next important moment, one could argue, occurred in 1939 when Felix Frankfurter became the first nominee to himself testify before the Committee. At the time Frankfurter was controversial in part because he was born overseas, but Senators also worried that Frankfurter was a radical based on his defense of anarchists in court. So, again, Senators wanted assurances about how Frankfurter might rule in particular cases, in particular what results he might reach in a particular type of case. Frankfurter, however, significantly, declined to engage with Senators on those topics and insisted that his public record spoke for itself. Justice StewartÕs nomination in 1959 was another turning point. Senators seeking to resist Brown v. Board of Education wanted to grill Stewart on his views on integration. Others still wanted to grill Stewart about his views on national security. So Senators turned up the heat a little bit more in that hearing. Like Frankfurter before him, Justice Stewart did not provide substantive answers to their questions. When they wanted to know how he might rule in particular cases, he appropriately declined, just as his predecessors had. Twenty-eight years later, 28 years after Justice Stewart came through this Committee, the Senate considered Robert BorkÕs nomination to the Supreme Court. This was another significant turning point and, in my view, remains something of a rock-bottom moment for the Senate and for the Senate Judiciary Committee. Without getting into any of the gory details here, I think it suffices to say that Senator Ted Kennedy and Judge Bork did not agree on certain matters of constitutional law. And KennedyÕs response was to savageÑunfairly, in my opinionÑthe results that Judge Bork would reach if confirmed to the Supreme Court. History shows that over the better part of a century the Judiciary Committee has gradually created something of a new norm, a norm in which Members demand that nominees speak about specific cases in return for favorable treatment from the Committee as the jurists are going through this process. Now, nominees for the most part have gracefully resisted trading confirmation in exchange for promises about how they might vote in particular cases brought before them. To give two famous examples, Justice Scalia refused to say whether Marbury v. Madison was settled law on the ground that it could come before him. And, sure enough, last term, in Ortiz v. United States, the Supreme Court considered a case implicating the scope of Marbury. Likewise, Justice Ruth Bader Ginsburg created the so-called, ÔÔGinsburg standardÕÕ: no previews, no forecasts, no hints. Every current member of the Supreme Court has adhered to a similar principle, what we might call the ÔÔGinsburg standard.ÕÕ Even though nominees have not caved to the pressure, I still believe that there are some aspects of the SenateÕs approach here that might do a disservice to the country and might be frowned upon by future historians. If Senators repeatedly ask nominees about outcomes, then the public will be more entitled or at least more inclined to think that judges are supposed to be outcome-minded, that that is supposed to be their whole approach to judging, that that is supposed to be what judging is, in fact, about. But this, of course, undermines the very legitimacy of the courts themselves, the very legitimacy of the tribunal you have been nominated by the President to serve on. Over time, no free people would accept a judiciary that simply imposes its own policy preferences on the country absent fidelity to legal principle. There is a better way for the Senate to approach its work. This process, in my opinion, should be about your qualifications, about your character, and perhaps most importantly, about your approach to judging, your own view about the role of the Federal judiciary. It should not be about results in a select number of cases. Now, you are obviously exceptionally well qualified. Even your staunchest critics would not claim otherwiseÑyour academic pedigree, your experience as a practicing lawyer, your experience in Government, and your 12 yearsÕ experience sitting on what many refer to as the ÔÔsecond highest court in the land,ÕÕ the U.S. Court of Appeals for the D.C. Circuit. You are independent. You have written that, ÔÔSome of the greatest moments in American judicial history have been when judges stood up to the other branches, were not cowed, and enforced the law.ÕÕ You have said that judges cannot be buffaloed, influenced, or pressured into worrying too much about transient popularity when we are trying to decide a case, and that one of the most important duties of a judge is to stand up for the unpopular party who has the correct position. And you have lived up to your words during your time on the bench. Everyone knows that you served in the Bush administration, and yet when you became a judge, in only 2 years you ruled against the Bush administration a total of eight times. For you, it simply does not matter who the parties are. It simply does not matter that you may have worked for an administration before you became a judge. The only thing that matters is your commitment to correctly applying the law to the facts of any particular case. As far as your approach to judging, you have appropriate respect for precedent. You have co-authored an 800-page book on precedent that, among other things, explains that a change in a courtÕs membership alone should not throw former decisions open to reconsideration or justify their reversal. You have explained that for precedent to be overruled, it must not be just wrong but a case with serious practical consequences. You voted to overturn Circuit precedent only four times during your time on the D.C. Circuit, and each of those cases involved a unanimous decision reached by your colleagues. And you follow binding precedent even if you believe that binding precedent was itself wrongly decided. You decide cases based on legal merits, not based on the identity of the parties, and certainly not based on any political beliefs that you may harbor. We have already heard that your nomination will somehow be bad for women, for the environment, for labor unions, for civil rights, for a whole host of other things that Americans hold near and dear. I have a laundry list of cases in which you have ruled for people in each of those groups. But there is a more fundamental point here that I think needs to be made. The judiciaryÕs decisions are legitimate only to the extent that they are based on sound legal principle and reasoning, and ruling for a preferred party is not itself a sound legal principle. It is quite to the contrary. Jury-rigging decisions and backfilling legal reasoning to reach a particular result, a particularly politically acceptable result in a particular case, no matter how desirable that result might be in any instance, is not a legitimate mode of judicial decisionmaking. And no free people purporting to have an independent judiciary should ever be willing to settle for that. So my plea to my colleagues today is that we ask Judge Kavanaugh hard questions. I believe we are required to do so. The Senate is not and never should be a rubber stamp, particularly when it comes to issuing lifetime appointments, even lifetime appointments on the highest court in the land. But if you disagree with an opinion he has written, make a legal argument as to that issue. Explain why you think it is wrong. Do not complain about the results as if the result itself is proof that he is wrong, when you separate out the result from the legal analysis, from the facts and how they interact with the law in that particular case. And do not ask him to make promises about outcomes in particular cases. If it is unacceptable for the President to impose a litmus test, it is surely unacceptable for the United States Senate to do so. Judge Kavanaugh, I look forward to your testimony, and I am grateful to you and your willingness to serve our country and to be considered for this important role. Thank you, Mr. Chairman. [The prepared statement of Senator Lee appears as a submission for the record.]",1.47478975006809,2.29743479289359,-0.959833968799923,0.994203694107004,-1.06401372369421,-0.00410997075485228,-0.619263017512457,1.02822074858154
282,"Y","low",380,"X","high",297,"X","low",311,"Y","medium",41,"Z","medium",88,"Y","high",363,"X","medium",459,"","","","","29-05-2024","16:04:00","17:21:00","29-05-2024 17:17","Reunion Netflix Cnn","Turned Movie Different","Chairman","R","Senator Chuck Grassley (IA)","Chairman GRASSLEY. Senator Whitehouse.",0.157701022051275,-1.84166184465665,0.062491222651041,-0.345128960234857,1.30494866440135,0.149214032664797,1.11662677993849,1.37359601385647
283,"X","medium",143,"X","low",257,"Z","high",443,"Y","medium",159,"Y","high",233,"Y","medium",374,"Z","low",11,"","","","","12-06-2024","07:12:00","08:16:00","12-06-2024 08:11","Reunion Netflix Cnn","Turned Movie Different","Senator","D","Senator Sheldon Whitehouse (RI)","Senator WHITEHOUSE. Thank you, Mr. Chairman. When is pattern evidence of bias? In court, pattern is evidence of bias all the time, evidence on which juries and trial judges rely to show discriminatory intent, to show a common scheme, to show bias. When does a pattern prove bias? I wish this were an idle question. It is relevant to the pattern of the RobertsÕ Court when its Republican Majority goes off on partisan excursions through the civil law. That is, when all five Republican appointeesÑthe ÔÔRoberts Five,ÕÕ we can call themÑgo riding off together and no Democratic appointee joins them. Does this happen often? The Roberts Five has gone on almost 80 of these partisan excursions since Roberts became Chief. That is a lot of times. And there is a feature to these 80 cases. They almost all implicate interests important to the big funders and influencers of the Republican Party. When the Republican Justices go off on these five-Justice partisan excursions, there is a big Republican corporate or partisan interest involved 92 percent of the time. The tiny handful of these cases that do not implicate an interest of the big Republican influencers is so flukishly few that we can set them aside. Let us look at the 73 cases that all implicate a major Republican Party interest. Again, 73 is a lot of cases at the Supreme Court. Is there a pattern to these 73 cases? Oh, yes, there is. Every time a big Republican corporate or partisan interest is involved, the big Republican interest wins. Every time. Let me repeat. In 73 partisan decisions where there is a big Republican interest at stake, the big Republican interest wins every damned time. Thus, the mad scramble of big Republican interest groups to protect a Roberts Five that will reliably give them wins, really big wins sometimes. I note that when the Roberts Five saddles up, these so-called conservatives are anything but judicially conservative. They readily overturn precedent, toss out statutes passed by wide bipartisan margins, and decide on broad constitutional issues that they need not reach. Modesty, originalism, stare decisisÑall these supposedly conservative judicial principles all have the hoofprints of the Roberts Five all across their backs wherever those principles got in the way of those wins for the big Republican interests. The litany of Roberts Five decisions explains why big Republican interests want Judge Kavanaugh on the Court so badlyÑso badly that Republicans trampled so much Senate precedent to push him through. So let us review the highlights reel. What do big Republican interests want? Well, first, they want to win elections. What has the Roberts Five delivered? Help Republicans gerrymander elections. Vieth v. Jubelirer, 5ÐtoÐ4, license to gerrymander. Help Republicans keep minority voters away from the polls. Shelby County, 5ÐtoÐ4, and Bartlett v. Strickland, 5ÐtoÐ4, and Abbott v. Perez, 5ÐtoÐ4, despite the trial judge finding the Texas Legislature actually intended to target and suppress minority voters. And the big one, help corporate front-group money flood elections. Big money interests love unlimited power to buy elections, lobby, and threaten and bully Congress. McCutcheon, 5ÐtoÐ4, counting the concurrence; Bullock, 5ÐtoÐ4; and the infamous, grotesque 5ÐtoÐ4 Citizens United decision, which I believe stands beside Lochner on the CourtÕs ÔÔroll of shame.ÕÕ What else do big influencers want? To get out of courtrooms. Big influencers hate courtrooms because their lobbying and electioneering and threatening does not work, or at least it is not supposed to. In a courtroom, big influencers, used to getting their way, have to suffer the indignity of equal treatment. So the Roberts Five protects corporations from group class action lawsuits: Wal-Mart v. Dukes, 5ÐtoÐ4; Comcast, 5ÐtoÐ4; and this past term, Epic Systems, 5ÐtoÐ4. The Roberts Five helps corporations steer customers and workers away from courtrooms and into mandatory arbitration: Concepcion, Italian Colors, and Rent-A-Center, all Roberts Five. Epic Systems does double duty here because now workers cannot even arbitrate their claims as a group. Hindering access to the courthouse for plaintiffs generally, Iqbal, 5ÐtoÐ4. Protecting corporations from being taken to court by employees harmed through pay discrimination, Ledbetter, 5ÐtoÐ4. Age discrimination, Gross, 5ÐtoÐ4. Harassment, Vance, 5ÐtoÐ4. And retaliation, Nassar, 5ÐtoÐ4. Even insulating corporations from liability for international human rights violations, Jesner, 5ÐtoÐ4. Corporations are not in the Constitution. Juries are. Indeed, courtroom juries are the one element of American Government designed to protect people against encroachments by private wealth and power. So, of course, the Roberts Five rules for wealthy, powerful corporations over jury rights every time, with nary a mention of the Seventh Amendment. What is another one? Oh, yes, a classicÑhelping big business bust unions: Harris v. Quinn, 5ÐtoÐ4, and Janus v. AFSCME this year, 5ÐtoÐ4, overturning a 40-year precedent. Lots of big Republican influencers are polluters who like to pollute for free. So the Roberts Five delivers partisan decisions that let corporate polluters pollute. To pick a few, Rapanos, weakening wetland protections, 5ÐtoÐ4; National Association of Home Builders, weakening protections for endangered species, 5ÐtoÐ4; Michigan v. EPA, helping air polluters, 5ÐtoÐ4; and in the face of emerging climate havoc, there is the procedurally aberrant 5ÐtoÐ4 partisan decision to stop the EPA Clean Power Plan. Pattern. Then come Roberts Five bonus decisions advancing a far-right social agenda: Gonzales v. Carhart, upholding restrictive abortion laws; Hobby Lobby, granting corporations religion rights over the healthcare rights of their employees; NIFLA, letting States deny women truthful information about their reproductive choices. All 5ÐtoÐ4. All Republican. Add Heller and McDonald, which reanimated for the gun industry a theory a former Chief Justice once called a ÔÔfraud,ÕÕ both deci- sions, 5ÐtoÐ4. This year, Trump v. Hawaii, 5ÐtoÐ4, rubberstamping the Muslim travel ban. And in case Wall Street was feeling left out, helping insulate investment bankers from fraud claims, Janus Capital, 5ÐtoÐ 4. Pattern. No wonder the American people feel the game is rigged. Here is how the game works. Big business and partisan groups fund the Federalist Society, which picked Gorsuch and now, you. As the White House Counsel admitted, they insourced the Federalist Society for this selection. Exactly how the nominees were picked and who was in the room where it happened and who had a vote or a veto and what was said or promised, that is all a deep, dark secret. Then big business and partisan groups fund the Judicial Crisis Network, which runs dark money political campaigns to influence Senators in confirmation votes, as they have done for Gorsuch and now, for you. Who pays millions of dollars for that and what their expectations are is a deep, dark secret. These groups also fund Republican election campaigns with dark money and keep the identity of big donors a deep, dark secret. And, of course, 90 percent of your documents are to us a deep, dark secret. Then once the nominee is on the Court, the same business front groups with ties to the Koch brothers and other funders of the Republican political machine file friend-of-the-court or amicus briefs to signal their wishes to the Roberts Five. Who is really behind those friends is another deep, dark secret. It has gotten so weird that Republican Justices now even send hints back to big business interests about how they would like to help them next, and then big business lawyers rush out to lose casesÑto lose casesÑjust to rush up before the friendly court pronto. That is what happened in the Friedrichs-Janus episode. The U.S. Chamber of Commerce is the biggest corporate lobby of them all, for big coal, big oil, big tobacco, big pharma, big guns, you name it. And this year, with Justice Gorsuch riding with the Roberts Five, the Chamber won nine out of 10 cases it weighed in on. The Roberts Five, since 2006, has given the Chamber more than three-quarters of their total votes. This year, in all civil cases they voted for the ChamberÕs position fully 90 percent of the time, and in these 5ÐtoÐ4 cases I have highlighted, 100 percent. People are noticing. Veteran court watchers like Jeffrey Toobin, Linda Greenhouse, and Norm Ornstein describe the CourtÕs service to Republican interests. Toobin wrote that on the Supreme Court, Roberts has ÔÔserved the interests of the contemporary Republican Party.ÕÕ Greenhouse has said the ÔÔRepublican-appointed majority is committed to harnessing the Supreme Court to an ideological agenda.ÕÕ Ornstein described the new reality of todayÕs Supreme Court: it is ÔÔpolarized along partisan lines in a way that parallels other political institutions and the rest of society in a fashion we have never seen.ÕÕ And the American public knows it, too. The American public thinks the Supreme Court treats corporations more favorably than individualsÑcompared to vice-versaÑby a 7ÐtoÐ1 margin; 49 percent of Americans think corporations get special treatment there. Now let us look at where you fit in. A Republican political operative your whole career who has never tried a case. You made your political bones helping the salacious prosecution of President Clinton and leaking prosecution information to the press. As an operative in the Second Bush White House, you cultivated relationships with political insiders like nomination guru Leonard Leo, the Federalist Society architect of your Court nominations. On the D.C. Circuit, you gave more than 50 speeches to the Federalist Society. That looks like auditioning. On the D.C. Circuit, you showed your readiness to join the Roberts Five with big political wins for Republican and corporate interests, unleashing special interest money into elections, protecting corporations from liability, helping polluters pollute, striking down commonsense gun regulations, keeping injured plaintiffs out of court against corporations, and perhaps most important for the current occupant of the Oval Office, expounding a nearly limitless vision of Presidential immunity from the law. Your alignment with right-wing groups who came before you as friends of the court, 91 percent. When big business trade associations weighed in, 76 percent. This, to me, is what corporate capture of the courts looks like. There are big expectations for you. The shadowy dark money front group, the Judicial Crisis Network, is spending tens of millions in dark money to push for your confirmation. They clearly have big expectations about how you will rule on dark money. The NRA has poured millions into your confirmation, promising their members that you will break the tie. They clearly have big expectations on how you will vote on guns. White House Counsel Don McGahn admitted, ÔÔThere is a coherent plan here where, actually, the judicial selection and the deregulatory effort are really the flip side of the same coin.ÕÕ Big polluters clearly have big expectations for you on their deregulatory effort. Finally, you come before us nominated by a President named in open court as directing criminal activity and a subject of ongoing criminal investigation. You displayed expansive views on Executive immunity from the law. If you are in that seat, sir, because the White House has big expectations that you will protect the President from the due process of law, that should give every Senator pause. Tomorrow we will hear a lot of confirmation etiquette. It is mostly a sham. You know the game. In the Bush White House, you coached judicial nominees to just tell Senators that they have ÔÔa commitment to follow Supreme Court precedent, that they will adhere to statutory text, that they have on ideological agenda.ÕÕ Fairy tales. At his hearing, Justice Roberts infamously said he would just call balls and strikes, but this pattern, 73Ð0, of the Roberts Five qualifies him to have NASCAR-style corporate badges on his robes. Alito said in his hearing what a strong principle stare decisis was, an important limitation on the Court. Then he told the Federalist Society, ÔÔStare decisis means to leave things decided when it suits our purposes.ÕÕ Gorsuch delivered the key fifth vote in the precedent-busting and union-busting Janus decision. He, too, had pledged in his hearing to follow the law of judicial precedent, assured us he was not a philosopher king, and promised to give equal concern to every person, poor or rich, mighty or meek. How did that turn out? Great for the rich and mighty. Gorsuch is the single most corporate-friendly Justice on a Court already full of them, ruling for big business interests in over 70 percent of cases and in every single case where his vote was determinative. The President early on assured evangelicals his Supreme Court picks would attack Roe v. Wade. Despite confirmation etiquette assurances about precedent, your own words make clear you do not really believe Roe v. Wade is settled law since the Court, as you said, ÔÔcan always overrule its precedent.ÕÕ Mr. Chairman, we have seen this movie before. We know how it ends. The sad fact is that there is no consequence for telling the Committee fairy tales about stare decisis and then riding off with the Roberts Five, trampling across whatever precedent gets in the way of letting those big Republican interests keep winning 5ÐtoÐ 4 partisan decisions, 73Ð0, Mr. Kavanaugh, every damned time. Thank you, Mr. Chairman. [The prepared statement of Senator Whitehouse appears as a submission for the record.]",-0.53630976354178,1.0834184973931,-1.1611743351633,0.0183154891405149,-0.0200633912136765,-1.04401021397607,0.276721938153884,0.0147581570856069
284,"Y","medium",357,"Z","high",250,"Z","low",146,"X","medium",188,"Y","high",492,"Z","high",246,"Y","low",249,"","","","","24-01-2024","20:28:00","22:08:00","24-01-2024 22:04","Reunion Netflix Cnn","Turned Movie Different","Chairman","R","Senator Chuck Grassley (IA)","Chairman GRASSLEY. Senator Cruz.",2.05789317291679,-1.03252765836694,0.783248123067794,0.358942352564897,1.09258013671005,-0.637499010308523,0.0322450293683849,-0.682209951519337
285,"Y","medium",340,"Y","medium",417,"X","low",450,"Z","low",227,"X","high",370,"Y","low",378,"Y","low",401,"","","","","10-12-2024","06:12:00","07:11:00","10-12-2024 07:08","Assassination Question","Said Alicia Keys","Senator","D","Senator Sheldon Whitehouse (RI)","Senator WHITEHOUSE. Mr. Chairman, I have some documents to support this. May I ask unanimous consent they be entered into the record?",1.70776884569999,1.02825960931644,-0.112976703349478,1.33980703135183,1.07797682738489,0.318657920558822,-1.00228543413192,0.568159339000561
286,"Z","medium",94,"Z","medium",290,"Y","medium",229,"Z","medium",45,"Y","low",422,"Z","medium",369,"Z","high",51,"","","","","11-11-2024","09:58:00","12:10:00","11-11-2024 12:02","Assassination Question","Turned Movie Different","Chairman","R","Senator Chuck Grassley (IA)","Chairman GRASSLEY. Without objection, so ordered.",1.50421821413545,1.26110018057803,0.454911689969332,-1.43686003867226,-0.782236555461598,-0.793806354655149,-1.40549498505737,-0.607889452083532
287,"Y","high",289,"Y","low",254,"Z","medium",228,"Z","low",123,"Y","low",19,"X","medium",307,"Y","medium",409,"","","","","03-03-2024","17:03:00","18:04:00","03-03-2024 17:57","Bob Baffert Suspended","Niger State Television","Senator","D","Senator Sheldon Whitehouse (RI)","Senator WHITEHOUSE. Thank you. [The information appears as submissions for the record.]",-1.23027016052412,-0.166188518076993,0.382392531252204,2.12078747993753,0.474068491087809,0.290776167245215,-0.582685906469595,-0.367227154017453
288,"X","low",268,"Z","low",443,"X","medium",141,"Z","medium",438,"X","medium",382,"Z","high",104,"X","high",19,"","","","","21-05-2024","15:04:00","16:26:00","21-05-2024 16:22","Voice Cnn Masai","Turned Movie Different","Senator","R","Senator Ted Cruz (TX)","Senator CRUZ. Thank you, Mr. Chairman. Judge Kavanaugh, welcome. Welcome to your family, to your friends. Demonstrating your good judgment, your wife was born and raised in West Texas, and you and she have been friends of Heidi and mine for 20 years. Thank you for your decades of public service, and I am sorry that your daughters had to endure the political circus of this morning. That is, alas, the world that is Washington in 2018. I want to discuss what this hearing is about and what it is not about. First, this hearing is not about the qualifications of the nominee. Judge Kavanaugh is by any objective measure unquestionably qualified for the Supreme Court. Everyone agrees he is one of the most respected Federal judges in the country. He has impeccable academic credentials, even if you did go to Yale. And you served over a decade on the U.S. Court of Appeals for the D.C. Circuit, often referred to as the ÔÔsecond highest court in the land.ÕÕ So our Democratic colleagues are not trying to make the argument that Judge Kavanaugh is not qualified. Indeed, I have not heard anyone even attempt to make that argument. Second, this hearing is not about his judicial record. Judge Kavanaugh has over 300 published opinions which altogether amount to over 10,000 pages issued in his role as a Federal appellate judge. Everyone agrees a judgeÕs record is by far the most im- portant indicium of what kind of Justice that nominee will be. And, tellingly, we have heard very little today from Democratic Senators about the actual substance of Judge KavanaughÕs judicial record. Third, it is important to understand today is also not about documents. We have heard a lot of arguments this morning about documents. There is an old saying for trial lawyers: ÔÔIf you have the facts, pound the facts. If you have the law, pound the law. If you have neither, pound the table.ÕÕ We are seeing a lot of table pounding this morning. The Democrats are focused on procedural issues because they do not have substantive points strong enough to derail this nomination. They do not have substantive criticism with Judge KavanaughÕs actual judicial record, so they are trying to divert everyone with procedural issues. But let us talk about the documents for a moment. The claims that the Democrats are putting forward on documents do not withstand any serious scrutiny. Judge Kavanaugh has produced 511,948 pages of documents. That includes more than 17,000 pages in direct response to this CommitteeÕs written questionnaire, which is the most comprehensive response ever submitted to this Committee. The more than a half million pages of documents turned into this Committee is more than the number of pages we have received for the last five Supreme Court nominees combined. Listen to that fact again. The over a half million documents turned over to this Committee is more than the last five nominees submitted to this Committee combined. So what is all the fuss over the documents that are not turned over? Most of those concern Judge KavanaughÕs 3 years as the staff secretary for President George W. Bush. Now, many people do not know what a staff secretary does, but that is the position in charge of all of the paper that comes into and out of the Oval Office. Critically, the staff secretary is not the author of the paper coming into and out of the Oval Office. That paper is typically written by the Attorney General, by the Secretary of State, by other Cabinet members, by other senior White House officials. The staff secretary is simply the funnel for collecting their views and then for transferring the paper back and forth. In other words, those documents written by other people say nothing, zero, about Judge KavanaughÕs views, and they say nothing, zero, about what kind of Justice Judge Kavanaugh would make. But they are by necessity the most sensitive and confidential documents in a White House. They are the documents that are going to the President. This is the advice and deliberations of the President at the senior level, and the staff secretary is the conduit for those documents. So why is it that the Democrats are putting so much energy in saying hand over all of those documents? Because they know, they know beyond a shadow of doubt, that President George W. BushÕs White House team is not going to allow every piece of paper that went to the President to be made public any more than any other White House would. Republican or Democrat, no White House would allow every piece of paper that went to and from the President to be made public. Indeed, there are rules and laws and procedures for when and how Presidential papers become public. And the reason the Democrats are fighting so loudly on this issue is they are making a demand they know is impossible to meet and, by the way, is utterly irrelevant to what actually Judge Kavanaugh thinks, believes, or has said. It would open up all sorts of fishing expeditions to attack, relitigate George W. BushÕs record as President and what various Cabinet members and senior advisers might or might not have said. But it is at the end of the day simply an attempt to distract and delay. And, indeed, the multiple motions we have seen from Democrats, ÔÔDelay this confirmation, delay this confirmation,ÕÕ that reveals the whole joke. Their objective is delay. So what is this fight about? If it is not about documents, if it is not about Judge KavanaughÕs credentials, if it is not about a judicial record, what is this fight about? I believe this fight is nothing more and nothing less than an attempt by our Democratic colleagues to relitigate the 2016 Presidential election. 2016 was a hard-fought election all around, and it was the first Presidential election in 60 years where Americans went to the polls with a vacant seat on the Supreme Court, one that the next President would fill. Americans knew who had been in that seat: the late Justice Antonin Scalia, one of the greatest jurists ever to sit on the U.S. Supreme Court. And it was the first time since President Dwight D. EisenhowerÕs reelection campaign that a Supreme Court seat was directly on the ballot. Both candidates knew the importance of the vacant Supreme Court seat, and it was a major issue of contention in the Presidential election. Donald Trump and Hillary Clinton were both clear about what kind of Justices and judges they would appoint. During all three Presidential debates, both candidates were asked what qualities were most important to them when selecting a Supreme Court Justice. Secretary ClintonÕs answer was clear. She wanted a Supreme Court Justice who would be a liberal progressive willing to rewrite the U.S. Constitution, willing to impose liberal policy agendas that she could not get through the democratic process, that the Congress of the United States would not adopt, but that she hoped five unelected lawyers would force on the American people. That is what Hillary Clinton promised for her judicial nominees. Then-Candidate Donald Trump gave a very different answer. He said he was looking to appoint judges in the mold of Justice Scalia. He said he wanted to appoint judges who would interpret the Constitution based on its original public meaning, who would interpret the statutes according to the text, and who would uphold the rule of law and treat parties fairly regardless of who they are or where they come from. Then-Candidate Donald Trump also did something that no Presidential candidate has done before. He published a list of nominees that he would choose from when filling Justice ScaliaÕs seat, providing unprecedented transparency to the American people. All of this was laid before the American people as they went to the polls on November 8, 2016, and the American people made a choice that night. Now, my Democratic colleagues are not happy with the choice the American people made, but as President Obama famously said, ÔÔElections have consequences.ÕÕ Because the American people had the chance to vote, a national referendum on the direction of the Supreme Court, I have said a number of times that Justice GorsuchÕs nomination and Judge KavanaughÕs nomination have almost a super legitimacy in that they were ratified, they were decided by the American people in a direct vote in 2016. And so the Democratic obstruction today is all about trying to reverse that election. They are unhappy with the choice the American people want. And there is a reason that the American people want strong constitutionalists on the U.S. Supreme Court. Most Americans, and I know the overwhelming majority of Texans, want judges who will follow the law and will not impose their policy preferences on the rest of us and who will be faithful to the Constitution and the Bill of Rights; Justices who will uphold fundamental liberties like free speech, like religious liberty, like the Second Amendment. That is what this election was about, and if you look at each of theseÑlet us take free speech. It is worth noting that in 2014 every Democratic Member of this Committee voted to amend the United States Constitution to repeal the free speech provisions of the First Amendment. And, sadly, every Democrat in the Senate agreed with that position, voting to give Congress unprecedented power to regulate political speech. It was a sad day for this institution. Years earlier, Ted Kennedy, the great liberal lion, had opposed a very similar effort, and Ted Kennedy said, ÔÔWe have not amended the Bill of Rights in over 200 years. Now is no time to start.ÕÕ Ted Kennedy was right then, and not a single Democrat in the U.S. Senate had the courage to agree with Ted Kennedy and support free speech. Indeed, they voted party line to repeal the free speech provisions of the First Amendment. That is radical, that is extreme, and it is part of the reason the American people voted for a President who would put Justices on the Court who will protect our free speech. How about religious liberty? Religious liberty is another fundamental protection that the Democrats in the Senate have gotten extreme and radical on. Indeed, our Democratic colleagues want Justices who will rubber stamp efforts like the Obama administrationÕs efforts litigating against the Little Sisters of the Poor, litigating against Catholic nuns, trying to force them to pay for abortion-inducing drugs, and others. That is a radical and extreme proposition. And to show just how dramatic Senate Democrats have gotten, every single Senate Democrat just a few years ago voted to gut the Religious Freedom Restoration Act, legislation that passed Congress with overwhelming bipartisan support in 1993, was signed into law by Bill Clinton, and yet, two decades later, the Democratic Party has determined that religious freedom is inconvenient for their policy and political objectives. They want Justices that will further that assault on religious liberty. And, finally, let us take the Second Amendment. In the Presidential debate, Hillary Clinton explicitly promised to nominate Justices who would overturn Heller v. District of Columbia. Heller is the landmark decision issued by Justice Scalia, likely the most sig- nificant decision of his entire tenure on the Bench, and it upheld the individual right to keep and bear arms. Now, Hillary Clinton was quite explicit. She wanted judges who would vote to overturn Heller, and, indeed, a number of our Democratic colleagues, that is what they want as well. Overturning Heller, I believe, would be a truly radical proposition. To understand why, you have to understand what the four dissenters said in Heller. The four dissenters in Heller said that the Second Amendment protects no individual right to keep and bear arms whatsoever, that it protects merely a collective right of the militia. The consequence of that radical proposition would mean that Congress could pass a law making it a felony, a criminal offense, for any American to own any firearm, and neither you nor I nor any American would have any individual right whatsoever under the Second Amendment. It would effectively erase the Second Amendment from the Bill of Rights. That is a breathtakingly extreme proposition. It is what Hillary Clinton promised her Justices would do. And at the end of the day, it is what this fight is about. We know that every Democratic Member of this Committee is going to vote ÔÔno.ÕÕ We do not have to speculate. Every single one of them has publicly announced they are voting ÔÔno.ÕÕ It does not depend on what they read in documents. It does not depend on what Judge Kavanaugh says at this hearing. They have announced ahead of time they are voting ÔÔno,ÕÕ and most of the Democrats in the Senate have announced that in the full Senate. But everyone should understand Judge Kavanaugh has handed over more documents than any nominee, more than the last five combined, Republican and Democratic nominees. This is not about documents. It is not about qualification. It is not about record. What it is about is politics. It is about Democratic Senators trying to relitigate the 2016 election and, just as importantly, working to begin litigating the 2020 Presidential election. But we had an opportunity for the American people to speak. They did. They voted in 2016, and they wanted judges and Justices who will be faithful to the Constitution. That is why I am confident, at the end of what Shakespeare would describe as, ÔÔa lot of sound and fury, signifying nothing,ÕÕ I am confident that Judge Kavanaugh will become Justice Kavanaugh and will be confirmed to the United States Supreme Court. Thank you, Mr. Chairman.",-0.0659220955227296,0.705763939092492,0.45377736839739,-0.0598370606007478,-1.01298494126469,1.21540550653159,1.96887042591609,-0.791000349482521
289,"X","high",47,"X","high",46,"Y","high",98,"Z","low",461,"","medium",432,"Z","low",210,"Z","low",,"","","","","30-06-2024","13:05:00","13:55:00","30-06-2024 13:51","Reunion Netflix Cnn","Turned Movie Different","Chairman","R","Senator Chuck Grassley (IA)","Chairman GRASSLEY. We are going to take a break now, andÑ wait a minute. We are going to take a break now, and 30 minutes is what the Democrats would like to have, so we will return at 1:17. And Justice Gorsuch returned about 10 minutes later than that, so be on time, please. [Laughter.] [Whereupon the Committee was recessed and reconvened.] Chairman GRASSLEY. First of all, thanks, Judge Kavanaugh, for getting back on the exact time. Before I call on Senator Klobuchar, I think that some of my colleagues have raised some issues that I think demand an answer, and I want to speak to those points. But this issue has never come up from my colleagues, but I thought, as I sat here and listened to some people criticize the Supreme Court for, in a sense, being ÔÔboughtÕÕÑand they always tend to criticize the President of the United States for somehow interfering in the judiciary, and I hear all about the criticism of TrumpÑit seems odd to me that we do not have criticism of people that are saying the same thing about the Supreme Court. So, I want to read. Whenever the President criticizes the judiciary or judicial decisions, we hear wails of anguish from my Democratic colleagues. They attack the President for threatening the independence and the integrity of the judiciary, and they applaud the judiciary for standing up to the President. I just listened to some of my colleagues here. One of them spent 18 minutes attacking the personal integrity of Justices of the Supreme Court. He said that five Justices have been bought and sold by private interests. He accused them of deciding cases to the benefit of favored parties. So I think it is pretty clear: a double standard. And we should not have to tolerate such double standard, and particularly from a press that is a policeman of our whole democratic process. That without a free press, our Government would be less than what it is. And it seems to me that that is something that I hope some of you will take into consideration, probably will not, but at least I said my piece. Then also, several Senators have brought up about the 6 percent and the 99 percent and things like that that I thought I ought to clear up because I could say myself that when I first started finding out how much paper Judge Kavanaugh had on his recordÑI mean, for his background, I started talking about 100 million pages. And then when we finally get 488,000, then I could say, well, I got about 48 percent of what we ought to have. But there is a good explanation of why we do not have it, so I want to read. Some of my colleagues keep saying that we have only 6 percent of Judge KavanaughÕs White House records but that 99 percent of Justice KaganÕs White House records were made public before the hearing. This is ÔÔfuzzy math.ÕÕ My colleagues calibrate their phony 6 percent figure on two inaccurate numbers. First, their 6 percent figure counts the estimated page count by career archivists at the National Archives based upon their historical practice, before the unprocessed emails and attachments are actually reviewed. Judge KavanaughÕs White House emails that we have received, the actual number of pages ended up being significantly less than the number the National Archives estimated before the actual review. One reason is because we were able to use technology to cull out the exact duplicate emails. Instead of having to read 13 times an email that Judge Kavanaugh sent to 12 White House colleagues, we only had to read the email once. Second, the 6 percent figure counts millions and millions of pages of irrelevant staff secretary documents that we never, ever requested or needed. More importantly, we received 100 percent of the documents we requested from Judge KavanaughÕs time as an executive branch lawyer. And while we may have received 99 percent of Justice KaganÕs White House records, we received zero records from her most relevant legal service as a Solicitor General, the Federal GovernmentÕs top Supreme Court advocate. We received much less than 99 percent of her records as a lawyer. And we did not receive 60,000 emails from Justice Kagan, so 99 percent is an overestimate. And even though we never received them, Justice KaganÕs Solicitor General records were much more needed at the time because Kagan was a blank slate as a judge. Instead, unlike Judge Kavanaugh with his 12 years of judicial service and over 10,000 pages of judicial writings on the NationÕs most important Federal circuit court, Justice Kagan had zero years of judicial service and zero pages of judicial writing before her appointment to the highest court.",-1.0183668789385,-0.297440577051718,-0.93229121104633,-0.124512752851542,-0.536573027177902,-1.83612699270978,0.583462537457095,1.18144718857159
290,"Z","low",382,"Z","low",416,"Z","high",75,"Z","low",220,"Y","low",335,"Z","low",,"Z","low",93,"","","","","08-05-2024","18:00:00","21:25:00","08-05-2024 21:18","Voice Cnn Masai","Point Tally Nba","Senator","D","Senator Amy Klobuchar (MN)","Senator Klobuchar. Senator KLOBUCHAR. Well, thank you, Mr. Chairman. And before I begin my opening statement, I just wanted to respond to just a few things. One, none of that takes away from the fact that 42,000 documents were dumped on us last night, and I do not think anyone would go to trial and allow a trial to go forward or allow a case to go forward if one side got 42,000 documents the night before and the other sideÑand you cannot simply review them. As pointed out by Senator Whitehouse, you would have to review 7,000 documents every hour. That happened last night.",-0.324344834022558,-0.102546187949845,1.23207700950573,-1.26977307581883,-0.166923759966974,1.86038295766927,0.296043683335254,-1.18965138307036
291,"Z","low",428,"Z","high",98,"Y","medium",291,"Z","medium",59,"","medium",391,"","high",155,"X","low",333,"","","","","22-07-2024","09:51:00","11:30:00","22-07-2024 11:26","Voice Cnn Masai","Turned Movie Different","Chairman","R","Senator Chuck Grassley (IA)","Chairman GRASSLEY. Let me respond without taking time away from you.",0.733133877245699,-1.71589023649947,0.114096396897296,-1.79755441394027,0.351332905424999,1.17124388281758,0.108824310773999,-0.915475145492929
292,"X","high",473,"Y","low",165,"X","high",480,"Y","",137,"X","low",23,"","low",330,"Y","low",414,"","","","","09-01-2024","06:29:00","08:10:00","09-01-2024 08:08","Smitten Aussie Tennis","Actor Bob Odenkirk","Senator","D","Senator Amy Klobuchar (MN)","Senator KLOBUCHAR. Thank you.",-1.30667358003076,0.932060011090135,-0.880367515865128,1.59161440819665,0.915382168075049,1.3195663259637,0.2802249011598,-0.832373218688477
293,"Z","low",43,"X","low",6,"Y","medium",282,"X","low",475,"X","low",369,"Y","medium",413,"Y","medium",407,"","","","","09-09-2024","11:14:00","14:51:00","09-09-2024 14:42","Voice Cnn Masai","Turned Movie Different","Chairman","R","Senator Chuck Grassley (IA)","Chairman GRASSLEY. Democrats got exactly the same amount of money we did to do the massive amount of work we had to do, and we got it done at 11 oÕclock last night. Proceed.",-1.92729889234239,-1.13105055540933,-1.36759683787169,-1.74355196972393,-1.04696545824367,-0.642053430765796,-0.651532867726264,-0.312106622532238
294,"Y","high",89,"Z","high",285,"Y","low",482,"X","high",459,"Y","medium",417,"Y","low",266,"X","low",287,"","","","","22-07-2024","12:32:00","15:53:00","22-07-2024 15:45","Mbappe Neymar Prove","Lomachenko","Senator","D","Senator Amy Klobuchar (MN)","Senator KLOBUCHAR. The point is, that no one could prepare and review 42,000 documents in one evening. We know that, no matter how much coffee you drink. And the second point is, that it is true that executive privilege has never been invoked before to block the release of Presidential records to the Senate during a confirmation hearing, so I will begin my opening statement, but those are two points I do not believe are refuted soÑÑ",0.396746455261044,-0.97791981159689,1.83093665695754,0.727204656334048,-0.624443747377163,-1.33990888589526,0.309299091519139,0.189179499331798
295,"Y","high",412,"Z","high",415,"Z","low",377,"Z","low",406,"Z","",115,"Z","medium",253,"X","medium",454,"","","","","02-02-2024","11:32:00","11:48:00","02-02-2024 11:45","Mbappe Neymar Prove","Lomachenko","Chairman","R","Senator Chuck Grassley (IA)","Chairman GRASSLEY. Okay. Well, I will refute it from this standpoint. There were 5,000 documents, 42,000 pages.",0.665162468304094,-0.64792907929529,2.36585012212694,0.731940531594701,1.14832814025098,0.0739093160355777,0.819455888869466,0.0866964438581773
296,"Y","low",152,"Z","low",190,"Z","low",342,"Z","low",431,"X","low",235,"Y","low",93,"Z","high",70,"","","","","16-12-2024","18:00:00","19:18:00","16-12-2024 19:17","Making Racism","Lomachenko","Senator","D","Senator Amy Klobuchar (MN)","Senator KLOBUCHAR. Okay.",-0.226307699668734,-1.17581985652484,0.258717551791392,0.212784747131883,-0.919924828520514,-0.347059289060856,0.902822318540235,-1.40760216626523
297,"Z","medium",312,"Y","low",331,"Y","low",362,"Y","high",355,"Z","medium",211,"X","low",248,"Y","low",,"","","","","23-01-2024","18:18:00","21:40:00","23-01-2024 21:35","Mbappe Neymar Prove","Lomachenko","Chairman","R","Senator Chuck Grassley (IA)","Chairman GRASSLEY. Proceed.",-0.000607893118633609,0.545383770317009,-0.150444985704619,0.316815411723393,0.303403196393888,1.29518141968933,-2.15186469383372,-0.648441187568142
298,"X","high",174,"Z","medium",196,"Z","high",464,"Z","low",311,"Z","high",49,"Z","medium",20,"Y","",66,"","","","","10-12-2024","17:00:00","19:03:00","10-12-2024 18:54","Mbappe Neymar Prove","Lomachenko","Senator","D","Senator Amy Klobuchar (MN)","Senator KLOBUCHAR. Thank you. Welcome, Judge Kavanaugh. We welcome your family as well. On its face, this may look like a normal confirmation hearing. It has all the trappings. All of us up here, all of the cameras out there, the statement, the questions, all of it looks normal, but this is not a normal confirmation hearing. First, as we have debated this morning, we are being asked to give advice and consent when the administration has not consented to give us over 100,000 documents, all of which detail a critical part of the JudgeÕs career, the time he spent in the White House. And, in addition, the Majority party has not consented to make 189,000 of the documents we do have, public. As a former prosecutor, I know that no lawyer goes to court without reviewing the evidence and record. I knowÑand I know you know, Judge KavanaughÑthat a good judge would not decide a case with only 7 percent of the key documents. A good judge would not allow a case to move forward if one side dropped 42,000 pages of documents on the other side the night before a case started. And yet, that is where we are today. This is not normal. It is an abdication of the role of the Senate and a disservice to the American people, and it is our duty to speak out. Second, this nomination comes before us at a time when we are witnessing seismic shifts in our democracy. Foundational elements of our Government, including the rule of law, have been challenged and undermined. Today, our democracy faces threats that we never would have believed occurring not that long ago. Our intelligence agencies agree that a foreign adversary attempted to interfere in our most recent election, and it is happening again. In the words of the PresidentÕs Director of National Intelligence, ÔÔThe lights are blinking red.ÕÕ There is an extensive ongoing investigation by a special counsel. The PresidentÕs private lawyer and campaign chairman have been found guilty of multiple Federal crimes. The man appointed as special counsel in this investigation, a man who has served with distinction under Presidents from both parties, has been under siege. The dedicated public servants who work in our Justice Department, including the Attorney General and the FBI, have been subjected to repeated threats and have had their work politicized and their motives questioned. In fact, just this past weekend, Federal law enforcement was called outÑwas rebukedÑby the President of the United States for simply doing their jobs: for prosecuting two white-collar defendants, one for insider trading, one for campaign theft. Why? Because the defendants were personal friends and campaign supporters of the President of the United States. As a former prosecutor, as someone who has seen Federal law enforcement do their jobs, this is abhorrent to me, so no, this is not normal. And the last branch, the third branch of GovernmentÑour courts and individual judgesÑhave been under assault, not just by a solitary disappointed litigant but by the President of the United States. Our democracy is on trial. And for the pillars of our democracy and our Constitution to weather this storm, our NationÕs highest court must serve as a ballast in these turbulent times. Our very institutions, and those nominated to protect these institutions, must be fair, impartial, and unwavering in their commitment to truth and justice. So, today, we will begin a hearing in which it is our duty to carry on the American constitutional tradition that John Adams stood up for many centuries ago, and that is to be, in his words, ÔÔa government of laws and not men.ÕÕ To me, that means figuring out what your views are, Judge, on whether a President is above the law. It is a simple concept we learned in grade school, that no one is above the law. So I think it is a good place to start. There were many highly credentialed nominees like yourself that could have been sitting before us today, but, to my colleagues, what concerns me is, that during this critical juncture in history, the President has handpicked a nominee to the Court with the most expansive view of Presidential power possible, a nominee who has actually written that the President, on his own, can declare laws unconstitutional. Of course, we are very pleased when a judge submits an article to the University of Minnesota Law Review and even more so when that article receives so much national attention. But the article you wrote that I am referring to, Judge, raises many troubling questions. Should a sitting President really never be subject to an investigation? Should a sitting President never be questioned by a special counsel? Should a President really be given total authority to remove a special counsel? In addition to the article, there are other pieces of this puzzle which demonstrate that the nominee before us has an incredibly broad view of the PresidentÕs Executive power. Judge Kavanaugh, you wrote, for example, in Seven-Sky v. Holder that a President can disregard a law passed by Congress if he deems it to be unconstitutional, even if a court has upheld it. What would that mean when it comes to laws protecting the special counsel? What would that mean when it comes to womenÕs healthcare? The days of the divine rights of kings ended with the Magna Carta in 1215, and centuries later, in the wake of the American Revolution, a check on the Executive was a major foundation of the U.S. Constitution. For it was James Madison, who may not have had a musical named after him but was a top scholar of his time, who wrote in Federalist 47: ÔÔThe accumulation of all powers, legislative, executive, and judiciary, in the same hands may justly be pronounced the very definition of tyranny.ÕÕ So what does that warning mean in real-life terms today? Here is one example: It means whether people like Kelly Gregory, an Air Force veteran, mother, and business owner who is here from Tennessee, and who is living with stage IV breast cancer, can afford medical treatment. At a time when the administration is arguing that protections to ensure people with pre-existing conditions cannot be kicked off their health insurance are unconstitutional, we cannot and should not confirm a Justice who believes the PresidentÕs views alone carry the day. One opinion I plan to ask about? When judges appointed by Presidents of both parties joined in upholding the Consumer Financial Protection Bureau, you, Judge, dissented. Your dissent concluded that the Bureau, an agency which has served us well in bringing back over $12 billion to consumers for fraud from credit cards to loans to mortgages, was unconstitutional. Or, in another case, you wrote a dissent against the rules that protect net neutrality, rules that help all citizens and small businesses have an even playing field when it comes to accessing the internet. Another example that seems mired in legalese but is critical for Americans: Antitrust law. In recent years, a conservative majority on the Supreme Court has made it harder and harder to enforce the NationÕs antitrust laws, ruling in favor of consolidation and market dominance. Yet two of Judge KavanaughÕs major antitrust opinions suggest that he would push the Court even further down this pro-merger path. We should have more competition and not less. Now to go from my specific concerns and end on a higher plane. All of the attacks on the rule of law and our justice system over the past year have made meÑand I would guess some of my other colleagues on this CommitteeÑpause and think many times about why I decided to come to the Senate and get on this Committee and, much further back, why I even decided to go into law in the first place. Now, I will tell you that not many girls in my high school class said they dreamed of being a lawyer. We had no lawyers in my family, and my parents were the first in their families to go to college. But somehow my dad convinced me to spend a morning sitting in a courtroom watching a State court district judge handle a routine calendar of criminal cases. The judge took pleas, listened to arguments, and handed out misdemeanor sentences. It was certainly nothing glamorous like the work for the job you have been nominated for, Judge, but it was important just the same. I realized that morning that behind every single case there was a story and there was a person, no matter how small. Each and every decision the judge made that day affected that personÕs life. And I noticed how often he had to make gut decisions and had to take account of what his decisions would mean for that person and his or her family. This week, I remembered that day, and I remembered I had written an essay about it at the ripe old age of 17. I went back and looked at what I had said. It is something that I still believe today and that is, that ÔÔto be part of an imperfect system, to have a chance to better that systemÕÕ was and is a cause worth fighting for, a job worth doing. Our Government is far from perfect, Judge, nor is our legal system, but we are at a crossroads in our NationÕs history where we must make a choice. Are we going to dedicate ourselves to improving our democracy, improving our justice system, or not? The question we are being asked to address in this hearing, among others, is whether this judge, at this time in our history, will administer the law ÔÔwith equal justiceÕÕ as it applies to all citizens, regardless of if they live in a poor neighborhood or a rich neighborhood, or if they live in a small house or the White House. Our country needs a Supreme Court Justice who will better our legal system, a Justice who will serve as a check and balance on the other branches, who will stand up for the rule of law without consideration of politics or partisanship, who will uphold our Constitution without fear or favor, and who will work for the betterment of the great American experiment in democracy. That is what this hearing is about. Thank you. [The prepared statement of Senator Klobuchar appears as a submission for the record.]",0.213899081123952,1.8065278393135,0.0355742555215525,-0.0903141507217219,-0.660460830298744,-0.888550466467135,0.986601322832924,-0.465893512389931
299,"Z","high",108,"X","low",379,"X","medium",429,"X","high",386,"X","high",64,"Y","low",56,"Z","high",359,"","","","","03-01-2024","09:25:00","10:24:00","03-01-2024 10:14","Mbappe Neymar Prove","Lomachenko","Chairman","R","Senator Chuck Grassley (IA)","Chairman GRASSLEY. Senator Sasse.",-2.30449810671924,0.603917226200463,1.14294509155455,-0.775520429192543,-0.266741910498243,-0.431782162589185,-0.875521628436074,0.639477000539563
300,"X","medium",312,"X","medium",499,"X","medium",80,"Y","low",323,"Y","low",150,"Z","low",,"Y","medium",445,"","","","","14-03-2024","13:11:00","14:55:00","14-03-2024 14:46","Mbappe Neymar Prove","Lomachenko","Senator","R","Senator Ben Sasse (NE)","Senator SASSE. Thank you, Mr. Chairman. We need to get to Judge Kavanaugh, but I really want to riff with Amy for a while. Senator Klobuchar, you did Madison, LinManuel Miranda, the Magna Carta, and your dadÑÑ",0.972929664500928,2.46972713244508,-0.443057904185889,-0.466387918447058,1.03395140135133,-0.279583856219789,0.65021729097671,1.37944459815281
301,"Z","low",102,"Y","low",357,"Y","medium",292,"Y","",169,"X","high",54,"Y","medium",109,"Z","low",465,"","","","","29-10-2024","11:57:00","13:36:00","29-10-2024 13:32","Basketball Legend Says","Point Tally Nba","Senator","D","Senator Amy Klobuchar (MN)","Senator KLOBUCHAR. Thank you. Thank you, IÑÑ",-0.932615646844342,-0.283199357090815,-0.072469711162219,-0.0618632494294637,-1.6559809789467,1.62870953262342,-1.19214627990314,0.135012742512811
302,"X","medium",68,"Y","low",170,"Z","low",230,"X","low",320,"Y","medium",250,"Y","medium",173,"Y","high",260,"","","","","03-09-2024","20:01:00","21:28:00","03-09-2024 21:19","Mbappe Neymar Prove","Lomachenko","Senator","R","Senator John Cornyn (TX)","Senator SASSE [continuing]. Taking you to court.",0.0420482584267285,0.907623505285296,-1.72089325393958,1.43024158638594,-1.19696000637966,-0.224189326317794,-0.798432656729648,-0.597970288502424
303,"X","low",265,"Y","low",412,"Z","high",439,"Z","high",147,"Z","medium",27,"","medium",,"Z","",66,"","","","","16-06-2024","11:41:00","13:53:00","16-06-2024 13:48","Mbappe Neymar Prove","Lomachenko","Senator","D","Senator Amy Klobuchar (MN)","Senator KLOBUCHAR [continuing]. Appreciate that.",-0.510295586695668,0.615351207088512,-0.746990858298104,1.09392212900751,-0.945313636192771,2.0083032945031,0.847994195074873,0.206151573142369
304,"X","low",96,"Y","low",18,"Y","low",102,"Y","low",,"Y","high",,"Z","high",236,"X","",85,"","","","","23-10-2024","15:53:00","18:18:00","23-10-2024 18:16","Mbappe Neymar Prove","Lomachenko","Senator","R","Senator Ben Sasse (NE)","Senator SASSE. Well done.",-0.909582298359333,-0.309940504312987,-2.41283414455225,0.864148241874792,-1.73063448263858,0.534894148550152,0.307008024615984,-0.67586908190862
305,"Z","high",96,"Z","low",493,"X","medium",409,"X","low",190,"Y","medium",314,"Z","high",349,"Z","low",313,"","","","","04-02-2024","07:06:00","08:41:00","04-02-2024 08:37","New Covid Lockdowns","Lomachenko","Senator","D","Senator Amy Klobuchar (MN)","Senator KLOBUCHAR. Thank you.",-1.11609247322596,0.916578879183196,2.50347135572609,-0.414776476597106,-1.24563859105949,0.186030750359887,-0.612412532920161,-0.570813353125122
306,"Y","medium",390,"Y","medium",419,"Z","high",239,"Z","high",243,"X","high",126,"Y","high",223,"X","high",448,"","","","","15-07-2024","08:31:00","10:27:00","15-07-2024 10:19","Basketball Legend Says","Qualifying Winter Olympics","Senator","R","Senator Ben Sasse (NE)","Senator SASSE. I had all that on my bingo card. [Laughter.] Senator SASSE. I have little kids, and I have taken my two little girls to court a few times, too, mostly to juvie just to scare them straight, not to turn them into attorneys but that is notÑÑ",1.7349280452067,1.03749699563524,-0.107229372926671,1.32790299003361,1.36030730883802,0.496724733663106,-0.938551030108527,0.500275493744049
307,"Z","high",264,"Y","low",326,"Y","high",466,"Y","medium",90,"Y","",189,"Y","medium",422,"Z","low",493,"","","","","14-06-2024","13:24:00","15:16:00","14-06-2024 15:09","Bob Baffert Suspended","Hold Fastest Marathon","Senator","D","Senator Amy Klobuchar (MN)","Senator KLOBUCHAR. Who said that that was not what my dad was doing, Senator Sasse? [Laughter.]",-1.5810038605705,0.527965462857593,0.715050228086322,0.598673320007655,-0.150074704754981,1.26643359865993,-1.63540682752917,-0.215807903388474
308,"X","high",271,"Z","low",310,"X","medium",229,"Y","",478,"Y","low",167,"X","high",241,"Y","medium",360,"","","","","07-09-2024","11:18:00","13:19:00","07-09-2024 13:10","Voice Cnn Masai","Hold Fastest Marathon","Senator","R","Senator Ben Sasse (NE)","Senator SASSE. That was wisdom in Minnesota. Congratulations, Judge, on your nomination. Actually, congratulations and condolences. This process has to stink. I am glad your daughters could get out of the room, and I hope they still get the free day from school. Let us do some good news/bad news, the bad news first. Judge, since your nomination in July, you have been accused of hating women, hating children, hating clean air, wanting dirty water. You have been declared a quote/unquote ÔÔexistential threatÕÕ to our Nation. Alumni of Yale Law School, incensed that faculty members at your alma mater praised your selection, wrote a public letter to the school saying, quote, ÔÔPeople will die if Brett Kavanaugh is confirmed.ÕÕ This drivel is patently absurd, and I worry that we are going to hear more of it over the next few days. But the good news is it is absurd, and the American people do not believe any of it. This stuff is not about Brett Kavanaugh when screamers say this stuff for cable TV news. The people who know you better, not those who are trying to get on TV, they tell a completely different story about who Brett Kavanaugh is. You have earned high praise from the many lawyers, both right and left, who have appeared before you during your 12 years on the D.C. Circuit and those who have had you as a professor at Yale Law and at Harvard Law. People in legal circles invariably applaud your mind, your work, your temperament, your collegiality. That is who Brett Kavanaugh is. And to quote Lisa Blatt, a Supreme Court attorney from the left who has known you for a decade, quote, ÔÔSometimes a superstar is just a superstar, and that is the case with this judge. The Senate should confirm him,ÕÕ close quote. It is pretty obvious to most people going about their work today that the deranged comments actually do not have anything to do with you, so we should figure out why do we talk like this about Supreme Court nominations now? There is a bunch that is atypical in the last 19, 20 months in America. Senator Klobuchar is right. The comments from the White House yesterday about trying to politicize the Department of Justice, they were wrong, and they should be condemned. And my guess is Brett Kavanaugh would condemn them. But really the reason these hearings do not work is not because of Donald Trump. It is not because of anything in the last 20 months. These confirmation hearings have not worked for 31 years in America. People are going to pretend that Americans have no historical memory and supposedly there have not been screaming protestors saying women are going to die at every hearing for decades, but this has been happening since Robert Bork. This is a 31year tradition. There is nothing really new the last 18 months. So the fact that the hysteria has nothing to do with you means that we should ask what is the hysteria coming from? The hysteria around Supreme Court confirmation hearings is coming from the fact that we have a fundamental misunderstanding of the role of the Supreme Court in American life now. Our political commentary talks about the Supreme Court like they are people wearing red and blue jerseys. That is a really dangerous thing. And, by the way, if they have red and blue jerseys, I would welcome my colleagues to introduce the legislation that ends lifetime tenure for the judiciary because if they are just politicians, then the people should have power, and they should not have lifetime appointments. So until you introduce that legislation, I do not believe you really want the Supreme Court to be a politicized body, though that is the way we constantly talk about it now. We can and we should do better than this. It is predictable that every confirmation hearing now is going to be an overblown politicized circus, and it is because we have accepted a new theory about how our three branches of Government should work and, in particular, how the judiciary should work. What Supreme Court confirmation hearings should be about is, an opportunity to go back and do ÔÔSchoolhouse Rock!ÕÕ civics for our kids. We should be talking about how a bill becomes a law and what the job of Article II is, and what the job of Article III is, so let us try just a little bit. How did we get here, and how can we fix it? I want to make just four brief points. Number one: In our system, the legislative branch is supposed to be the center of our politics. Number two: It is not. Why not? Because for the last century, and increasing by the decade right now, more and more legislative authority is delegated to the executive branch every year. Both parties do it. The legislature is impotent, the legislature is weak, and most people here want their jobs more than they really want to do legislative work, and so they punt most of the work to the next branch. Third consequence is that this transfer of power means the people yearn for a place where politics can actually be done, and when we do not do a lot of big actual political debating here, we transfer it to the Supreme Court, and that is why the Supreme Court is increasingly a substitute political battleground in America. It is not healthy, but it is what happens, and it something that our Founders would not be able to make any sense of. And fourth and finally, we badly need to restore the proper duties and the balance of power from our constitutional system. So, point one: The legislative branch is supposed to be the locus of our politics properly understood. Since we are here in this room today because this is a Supreme Court confirmation hearing, we are tempted to start with Article III, but really, we need Article III as part of the Constitution that sets up the judiciary. We really should be starting with Article I, which is us. What is the legislatureÕs job? The ConstitutionÕs drafters began with the legislature. These are equal branches, but Article I comes first for a reason, and that is because policymaking is supposed to be done in the body that makes laws. That means that this is supposed to be the institution dedicated to political fights. If we see lots and lots of protests in front of the Supreme Court, that is a pretty good litmus-test barometer of the fact that our republic is not healthy because people should not be thinking they are protesting in front of the Supreme Court. They should be protesting in front of this body. The legislature is designed to be controversial, noisy, sometimes even rowdy because making laws means we have to hash out the reality that we do not all agree. Government is about power. Government is not just another word for things we do together. The reason we have limited government in America is because we believe in freedom. We believe in souls. We believe in persuasion. We believe in love. And those things are not done by power. But the Government acts by power. And since the Government acts by power, we should be reticent to use power. And so it means when you differ about power, you have to have a debate. And this institution is supposed to be dedicated to debate and should be based on the premise that we know since we do not all agree, we should try to constrain that power just a little bit, but then we should fight about it and have a vote in front of the American people. And then what happens? The people get to decide whether they want to hire us or fire us. They do not have to hire us again. This body is the political branch where policymaking fights should happen. And if we are the easiest people to fire, it means the only way the people can maintain power in our system is if almost all the politicized decisions happen here, not in Article II or Article III. So that brings us to a second point. How do we get to a place where the legislature decided to give away its power? We have been doing it for a long time. Over the course of the last century but especially since the 1930s and then ramping up since the 1960s, a whole lot of the responsibility in this body has been kicked to a bunch of alphabet-soup bureaucracies. All the acronyms that people know about their Government or do not know about their Government are the places where most actual policymakingÑkind of, in a way, lawmakingÑis happening right now. This is not what ÔÔSchoolhouse Rock!ÕÕ says. There is no verse of ÔÔSchoolhouse Rock!ÕÕ that says give a whole bunch of power to the alphabet-soup agencies and let them decide what the governance decisions should be for the people because the people do not have any way to fire the bureaucrats. And so what we mostly do around this body is not pass laws. What we mostly do is decide to give permission to the Secretary or the Administrator of bureaucracy X, Y, or Z to make lawlike regulations. That is mostly what we do here. We go home and we pretend we make laws. No, we do not. We write giant pieces of legislation, 1,200 pages, 1,500 pages long that people have not read filled with all these terms that are undefined and we say the Secretary of such-and-such shall promulgate rules that do the rest of our dang jobs. That is why there are so many fights about the executive branch and about the judiciary because this body rarely finishes its work. And the House is even worse. I do not really believe that. It just seemed like you needed to try to unite us in some way. So I admit that there are rational arguments that one could make for this new system. The Congress cannot manage all the nitty-gritty details of everything about modern government, and this system tries to give power and control to experts in their fields where most of us in Congress do not know much of anything about technical matters for sure, but you could also impugn our wisdom if you want. But when you are talking about technical complicated matters, it is true that the Congress would have a hard time sorting out every final dot and tittle about every detail. But the real reason at the end of the day that this institution punts most of its power to executive branch agencies is because it is a convenient way for legislators to be able to avoid taking responsibility for controversial and often unpopular decisions. If people want to get reelected over and over again and that is your highest goal, if your biggest long-term thought around here is about your own incumbency, then actually giving away your power is a pretty good strategy. It is not a very good life, but it is a pretty good strategy for incumbency. And so at the end of the day, a lot of the power delegation that happens from this branch is because the Congress has decided to self-neuter. Well, guess what? The important thing is not whether the Congress has lame jobs. The important thing is that when the Congress neuters itself and gives power to an unaccountable fourth branch of government, it means the people are cut out of the process. There is nobody in Nebraska, there is nobody in Minnesota or Delaware who elected the deputy assistant administrator of plant quarantine at the USDA. And yet if the deputy assistant administrator of plant quarantine does something to make NebraskansÕ lives really difficult, which happens to farmers and ranchers in Nebraska. Who do they protest to? Where do they go? How do they navigate the complexity and the thicket of all the lobbyists in this town to do executive-agency lobbying. They cannot. And so what happens is they do not have any ability to speak out and to fire people through an election. And so, ultimately, when the Congress is neutered, when the administrative state grows, when there is this fourth branch of Government, it makes it harder and harder for the concerns of citizens to be represented and articulated by people that the people know that they have power over. All the power right now or almost all the power right now happens off-stage, and that leaves a lot of people wondering who is looking out for me? And that brings us to the third point. The Supreme Court becomes our substitute political battleground. It is only nine people. You can know them. You can demonize them. You can try to make them messiahs, but ultimately, because people cannot navigate their way through the bureaucracy, they turn to the Supreme Court looking for politics. And knowing that our elected officials no longer care enough to do the hard work of reasoning through the places where we differ and deciding to shroud our power at times, it means that we look for nine Justices to be super-legislators. We look for nine Justices to try to right the wrongs from other places in the process. When people talk about wanting to have empathy from their Justices, this is what they are talking about. They are talking about trying to make the Justices do something that the Congress refuses to do, as it constantly abdicates its responsibility. The hyperventilating that we see in this process and the way that todayÕs hearing started with 90 minutes of theatrics that are preplanned with certain Members of the other side here, it shows us a system that is wildly out of whack. And thus, a fourth and final point. The solution here is not to try to find judges who will be policymakers. The solution is not to try to turn the Supreme Court into an election battle for TV. The solution is to restore a proper constitutional order with a balance of powers. We need ÔÔSchoolhouse Rock!ÕÕ back. We need a Congress that writes laws and then stands before the people and suffers the consequences and gets to go back to our own Mount Vernon if that is what the electors decide. We need an executive branch that has a humble view of its job as enforcing the law, not trying to write laws in the CongressÕ absence. And we need a judiciary that tries to apply written laws to facts and cases that are actually before it. This is the elegant and the fair process that the Founders created. It is the process where the people who are elected, two and 6 years in this institution, 4 years in the executive branch, can be fired because the Justices and the judges, the men and women who serve AmericaÕs people by wearing black robes. They are insulated from politics. This is why we talk about an independent judiciary. This is why they wear robes. This is why we should not talk about Republican and Democratic judges and Justices. This is why we say justice is blind. This is why we give judges lifetime tenure. And this is why this is the last job interview Brett Kavanaugh will ever have because he is going to a job where he is not supposed to be a super-legislator. So the question before us today is not what does Brett Kavanaugh think 11 years ago on some policy matter. The question before us whether or not he has the temperament and the character to take his policy views and his political preferences and put them in a box marked irrelevant and set it aside every morning when he puts on the black robe. The question is does he have the character and temperament to do that. If you do not think he does, vote no, but if you think he does, stop the charades because, at the end of the day, I think all of us know that Brett Kavanaugh understands his job is not to rewrite laws as he wishes they were. He understands that he is not being interviewed to be a super-legislator. He understands that his job is not to seek popularity. His job is to be fair and dispassionate. It is not to exercise empathy. It is to follow written laws. Contrary to The Onion-like smears that we hear outside, Judge Kavanaugh does not hate women and children. Judge Kavanaugh does not lust after dirty water and stinky air. No. Looking at his record, it seems to me that what he actually dislikes are legislators that are too lazy and too risk-averse to do our actual jobs. It seems to me that if you read his 300-plus opinions, what his opinions reveal to me is a dissatisfactionÑI think he would argue a constitutionally compelled dissatisfactionÑwith power-hungry executive branch bureaucrats doing our job when we fail to do it. And in this view, I think he is aligned with the Founders. For our Constitution places power not in the hands of this cityÕs bureaucracy, which cannot be fired, but our Constitution places the policymaking power in the 535 of our hands because the voters can hire and fire us. And if the voters are going to retain their power, they need a legislature that is responsive to politics, not a judiciary that is responsive to politics. It seems to me that Judge Kavanaugh is ready to do his job. The question for us is whether we are ready to do our job. Thank you, Mr. Chairman.",-0.87661967741211,1.26673785924304,0.816390925314243,0.571867775539662,-0.363161034056104,0.0716245428507933,1.24252715517115,-1.20045921080815
309,"Z","low",71,"X","low",126,"Y","high",172,"Y","low",,"Z","high",,"X","high",496,"Y","medium",440,"","","","","07-09-2024","14:20:00","16:00:00","07-09-2024 15:58","Voice Cnn Masai","Said Alicia Keys","Chairman","R","Senator Chuck Grassley (IA)","Chairman GRASSLEY. Yes. The example I always use to back up what Senator Sasse says about the Congress not doing its job and delegating too much is the Obamacare legislation that was 2,700 pages and there was 1,693 delegations of authority to bureaucrats to write regulations because Congress did not know how to reorganize health care. Senator Coons.",-1.81769286315683,-0.851404517608783,-0.858939613321308,-1.66732717067281,-0.940728766848388,-0.274778248658788,-0.515895741974826,-0.00890857612405191
310,"Z","high",80,"Z","high",215,"Z","low",422,"Y","",53,"Z","low",231,"Z","medium",499,"Z","medium",,"","","","","06-02-2024","06:10:00","09:16:00","06-02-2024 09:06","Golf Black Professional","Hold Fastest Marathon","Senator","D","Senator Chris Coons (DE)","Senator COONS. Thank you, Mr. Chairman. Welcome, Judge Kavanaugh. Welcome to you and to your family and to your friends who are here. As you know well, we went to the same law school. We clerked in the same courthouse in Wilmington, Delaware, so I have known you and your reputation for nearly 30 years, and I know well that you have a reputation as a good friend, a good classmate, a good roommate, as a good husband and family man, that you have contributed to your community. I think we will hear later today that you have even been a great youth basketball coach. But frankly, we are not here to consider you as the president of our neighborhood civic association or even to review whether you have been a great youth basketball coach. We are here to consider you for a lifetime appointment to the United States Supreme Court where you will help shape the future of this country and have an impact on the lives of millions of Americans for literally decades to come. And to make that decision to exercise our constitutional role, we have to look closely at your decisions, your statements, your writings to understand how you might interpret our Constitution. The next Justice will play a pivotal role in defining a wide range of critical issues, including the scope of the PresidentÕs power in determining whether the President might be above the law. The next Justice will impact essential rights enshrined in our modern understanding of the Constitution, including the right to privacy, rights to contraception, intimacy, abortion, marriage, the freedom to worship as we choose, the ability to participate in our democracy as full citizens, and the promise of equal protection. That is because the cases that come before the Court are not just academic or esoteric or theoretical. They involve real people and have real and lasting consequences. With stakes this high, I deeply regret the process that has gotten us to this point, the excesses and partisan gamesmanship of the last few years, and that history bears briefly repeating. When Justice Scalia passed in February 2016, I called the White House and urged then-President Obama to nominate a jurist who could gain support from both sides of the aisle and help build a strong center on the Court, and he did just that when he nominated Merrick Garland, chief judge of the D.C. Circuit, whom I know you also admire. But my Republicans refused to even meet with him, must less hold a hearing or vote on his confirmation. During the 400 days that the Majority refused to fill the Supreme Court vacancy, then-Candidate Trump also released a list of potential nominees to the Court, a list compiled by two highly partisan organizations: the Federalist Society and the Heritage Foundation. And after our President was elected, he picked from that list and nominated Neil Gorsuch to the Supreme Court. When Judge Gorsuch testified before this very Committee, he told us repeatedly how deeply he understood and respected precedent. He even cited a book on precedent he co-authored with you. But in his first 15 months of service, Justice Gorsuch has already voted to overrule at least five important Supreme Court precedents and to question many others. To name just one, given it was just Labor Day, Justice Gorsuch voted to gut public-sector unions, overturning a 41-year-old precedent on which there were great reliance interests in impacting millions of workers across the country. My point is, that Justice Gorsuch was confirmed to the Court in one of the most concerningly partisan processes in Senate history, and only after the Majority deployed the nuclear option to end the filibuster for Supreme Court nominations. This brings us, Judge, to today and your nomination. When Justice Kennedy announced his retirement, I once again called the White House and urged, through White House Counsel, that President Trump consider selecting someone for this seat who could win broad support from both sides of the aisle. And, Judge Kavanaugh, I am concerned you may not be that nominee. Your record prior to joining the bench places you in the midst of some of the most pitched and partisan battles in our lifetimes, from Ken StarrÕs investigation of President Clinton, to the 2000 election recount, to the controversies of the Bush administration, including surveillance, torture, access to justice, and the culture wars. So, Judge, it is critical that this Committee and the American people fully examine your record to understand what kind of Justice you would be. And, unfortunately, as we have all discussed at length here today, that has been rendered impossible. The Majority has blocked access to millions of pages of documents from your service in a critical role in the White House. For the first time since Watergate, the nonpartisan National Archives has been cut out of the process for reviewing and producing your records. Senate Republicans have worked to keep ÔÔcommittee confidentialÕÕ nearly 200,000 pages of documents so that the public cannot view them, and we cannot question based on them, and your former deputy is in charge of designating which documents this Committee and the American people get to see. Not only that, but for the first time in our history, the President has invoked executive privilege to withhold more than 100,000 pages of documents on a Supreme Court nominee from the Judiciary Committee. This leads to a difficult but important question, which is, ÔÔWhat might President Trump or the Majority be trying to hide?ÕÕ Mr. Chairman, I want to make an appeal to work together to restore the integrity of this Committee. We are better than this process. We are better than proceeding with a nominee without engaging in a full and transparent process. This Committee is failing the American people by proceeding in this way, and I fully support the motions made by my colleagues earlier in this hearing and regret that we proceeded without observing the rules of this Committee. That said, Judge Kavanaugh, I have reviewed the parts of your record that I have been able to access and what I have been able to see from available speeches, writings, and decisions, and I have to say it troubles me. While serving on the bench, you have dissented at a higher rate than any circuit judge elevated to the Supreme Court since 1980, and that includes Judge Bork. Your dissents reveal some views and positions that fall well outside the mainstream of legal thought. You have suggested, as has been referenced, that the President has the authority to refuse to enforce a law such as the Affordable Care Act were he to decide it was un- constitutional. You have voted to strike down net neutrality rules, gun safety laws, the organization of the Consumer Financial Protection Bureau, and many of your dissents would undercut environmental protections or workersÕ rights or any antidiscrimination laws, and you have recently praised Justice RehnquistÕs dissent in Roe. You have embraced an approach to substantive due process that would undermine the rights and protections of millions of Americans, from basic protections for LGBT Americans to access to contraception, to health care and the ability for Americans to love and marry whom they wish. I am concerned your writings demonstrate a hostility to affirmative action and civil rights. And, most importantly, I believe you have repeatedly and enthusiastically embraced an interpretation of Presidential power so expansive that it could result in a dangerously unaccountable President at the very time when we are most in need of checks and balances. I want to pause for a moment on this last point, because the context of your nomination troubles me the most. In reviewing your records, Judge, you have questioned the lawfulness of United States v. Nixon, a historic decision in which a unanimous Court said the President had to comply with a grand jury subpoena. You have questioned the correctness of Morrison v. Olson, a 30-year-old precedent, holding that Congress can create an independent counsel with the authority to investigate the President, who the President cannot just fire on a whim. You have questioned whether a President and his aides should be subject to any civil or criminal investigations while in office. And, given these positions about Presidential power, which I view as being at one extreme of the record of circuit judges, we have to confront an uncomfortable but important question about whether President Trump may have selected you, Judge Kavanaugh, with an eye toward protecting himself. So, Judge Kavanaugh, I am going to ask you about these issues, as we did when we met in my office, and I expect you to address them. When we spoke, you agreed that we have a shared concern about the legitimacy of the Supreme Court, that it is critical to our system of rule of law. In my view, it is today in jeopardy. You are participating in a process that has featured unprecedented concealment and partisanship around your record. And a few moments ago, Senator Durbin proposed a bold step, which would be for you to support suspending this hearing until all your records are produced and available to this Committee and the American people, and I encourage you to do this. There are also Members of both parties who have not stated how they will vote on your nomination, and I urge you to answer our questions about your prior work, about your writings, about precedent and the Constitution itself, to trust the American people, and to help build our trust in the Court on which you may well soon serve. I have been to too many hearings in which judicial nominees have told us that they will evenhandedly apply the text of laws or the Constitution only to watch them ascend to the Bench and whittle away the individual rights of Americans or narrow and overturn long-settled precedent. This Supreme Court vacancy comes at a critical time for our country, when our institutions of law and the very foundations of our democracy are being gravely tested. If we are going to safeguard the rule of law in this country, our courtsÑand in particular, our Supreme CourtÑmust be a bulwark against unprecedented violations of law, deprivations of freedom, and abuses of power by anyoneÑincluding our President. No one said it better than our former colleague, Senator McCain, who once asked about America, what makes us exceptional? Is it our wealth, our natural resources, our military power, our big and bountiful country? No, it is our founding ideals and our fidelity to them and our conduct in the world, they are the source of our wealth and power, that we live under the rule of law. That enables us to face threats with confidence that our values make us stronger than our enemies. Judge Kavanaugh, we are here to determine whether you would uphold or undermine those founding ideals and the rule of law. We are here to determine whether you would continue in the traditions of the Court or transform it into a body more conservative than a majority of Americans. We are here to determine whether your confirmation would compromise or undermine the legitimacy of the Court itself. I urge you to answer our questions and to confront these significant challenges. These are weighty questions, and the American people deserve real answers. Thank you, and I look forward to your testimony. [The prepared statement of Senator Coons appears as a submission for the record.]",-0.0585598490686177,-0.610140647596669,1.55897506285618,-0.898176915178068,-1.09600611623198,-0.628303383942916,-0.842948399987498,-0.0905337565357888
311,"Y","high",195,"Z","low",50,"X","high",93,"Y","medium",237,"X","high",66,"Y","",213,"Y","low",98,"","","","","07-07-2024","07:15:00","10:35:00","07-07-2024 10:27","Golf Black Professional","Point Tally Nba","Chairman","R","Senator Chuck Grassley (IA)","Chairman GRASSLEY. Yes. You can easily get the impression, not just from Senator Coons but other Senators, that somehow you, Judge Kavanaugh, are out of the mainstream in some way. So I looked at your record in the D.C. Circuit and have found that judges have agreed with you and your rulings in an overwhelming majority of matters across the board. Ninety-four percent of the matters Judge Kavanaugh heard were decided unanimously. In 97 percent of the matters Judge Kavanaugh heard, he voted with the majority. Judge Kavanaugh issued dissenting opinions in only 2.7 percent of the matters that you heard. I would also like to clarify what the Presidential Records Act requires. Our documents process has fully complied with the Presidential Records Act. Under the Federal statute, President Bush has the right to request his own administration records. He also has the authority to review his records before the Senate receives them. Indeed, the Archives may not produce them to the Committee without giving President Bush and his statutory representatives an opportunity to review first. This is what President Bush has done, and the National Archives does not have the authority to secondguess President BushÕs decision to release records to us. The National Archives was not cut out of the process. As President BushÕs representative informed the Committee, quote, ÔÔBecause we have sought, received, and followed NARAÕsÕÕÑthat means the ArchivistÕsÑÔÔviews on any documents withheld as personal documents, the resulting productions of documents to the Committee is essentially the same as if the ÔArchivistÕ had conducted its review first, and then sought our views and the current administrationÕs views, as required by law,ÕÕ end of quote.",-1.02210676739497,-0.627311921267542,0.589364597307788,0.828969856822458,-0.0404842813321395,-1.3677424280507,0.220236301904938,-1.89605208594501
312,"Z","low",96,"Y","high",169,"Y","medium",2,"Z","medium",227,"Y","medium",0,"Y","high",382,"Z","low",232,"","","","","21-04-2024","11:23:00","14:17:00","21-04-2024 14:08","Golf Black Professional","Point Tally Nba","Senator","R","Senator Jeff Flake (AZ)","Senator Flake. Senator FLAKE. Thank you, Mr. Chairman. Congratulations, Judge Kavanaugh, and congratulations to your family as well. Let me just say a few things about the issue that has been discussed here a lot today, the issue of documents and document production. The standard historically that we use to look at nominees is what is relevant and probative. I would suggest that we certainly get that from the 12 years you have served on the circuit court, on the D.C. Circuit Court, that considers, when you look at the docket, items that, you know, more than any other circuit court, that the Supreme Court would be perhaps called to rule on. In the past, Senators on this panel have argued on both sides of the aisle that confirming a judge, the best we can look at is his or her judicial record. You have that record, and it is a long one, over 300 opinions, and I would suggest that that is where we need to start. A lot of the other records that have been discussed are mainly duplicative, administrative documents. Many do not meet the standard of relevant or probative. They may not demonstrate the type of Justice that you will be. Senator Sasse talked about what we are called to do here is to look at your temperament and your judgment and your character, and I think you can see a lot of that by the type of life you have lived outside of the courtroom. When we met in my office, I was impressed obviously with your respect for the law and quick intellect but also struck by kindness and decency. I found out that we share a deep love of sports. We both played football back in the day. I am sure you are looking forward to this weekend not just when these hearings are concluded but when the Redskins and Cardinals play on Sunday. I have learned that you have run the Boston Marathon twice. I wonder if the ABA took that into account when they gave you a favorable rating. I am not sure what that says about your soundness of mind myself. But, in all seriousness, training for a marathon, completing two marathons like this, is a huge accomplishment. It demonstrates not just your competitive spirit but a strong sense of purpose and commitment and says something about your temperament and character. Of course, you have no greater commitment than to your family, your wife Ashley and your two daughters. I know that you beamed with pride when talking about them and talking about, as has been mentioned earlier, coaching your daughterÕs elementary-school basketball teams. I have a letter for the record written by a group of parents whose girls play for basketball teams that Judge Kavanaugh coaches, and, Mr. Chairman, without objection, I would like to enter that letter into the record.",0.201495858100755,-1.60120069756421,-0.634866762809449,-0.485169402295577,-1.48897566732028,1.05164737384918,-1.33460595079693,0.858888221276989
313,"X","medium",225,"Y","low",294,"X","low",253,"Z","",442,"Y","high",221,"Y","high",226,"Z","high",49,"","","","","21-10-2024","08:59:00","12:13:00","21-10-2024 12:05","Golf Black Professional","Niger State Television","Chairman","R","Senator Chuck Grassley (IA)","Chairman GRASSLEY. So ordered. [The information appears as a submission for the record.]",0.220803922256692,1.20842376293021,-1.20233985595148,1.47494512949437,-0.361804554743691,0.599887474770445,-0.499336014198624,-0.473242030215664
314,"X","high",67,"Y","low",181,"Z","low",229,"Y","low",377,"Y","medium",282,"X","medium",437,"Z","medium",336,"","","","","10-09-2024","20:57:00","21:13:00","10-09-2024 21:08","Golf Black Professional","Point Tally Nba","Senator","R","Senator Jeff Flake (AZ)","Senator FLAKE. The teamÕs parentsÕ note that Judge Kavanaugh has been a devoted coach and a mentor to their daughters. As these parents note, Coach KÑand that is new, you, not the Duke, a famous oneÑstresses the importance of playing as a team and has provided the girls the opportunity to learn about teamwork, honesty, integrity, humility, respect, discipline, hard work, and competitiveness. Again, we are going back to temperament and character. Judge KavanaughÕs dedication and commitment as a volunteer basketball coach I think demonstrates and says a good deal about that character. And congratulations to you and the Blessed Sacrament Bulldogs for winning the city championship this past year. I know you must be proud of your team. Now, aside from running marathons, winning basketball championships, you have spent, as I mentioned, the last 12 years as a Federal Appeals Court Judge on the D.C. Circuit. You have earned a reputation among legal commentators and colleagues on both sides of the aisle of a solid, careful judge; a thorough and clear writer; and someone who promotes collegiality on the court, working with people across ideological lines. I have also a New York Times article for the record written by Professor Akhil Amar, a self-professed liberal who describes Judge Kavanaugh as one who appreciates the craft of judging with seriousness and commands wide and deep respect among scholars, lawyers, and jurists across the political spectrum. Mr. Chairman, I would like to submit that for the record as well.",-1.50160605013486,0.931488948238801,-0.789961946594164,1.71075510126608,-1.39120793380214,-0.0537751062629084,-0.210193357640786,-0.1886201644519
315,"X","low",449,"X","medium",385,"X","high",62,"","high",439,"","medium",384,"X","low",383,"X","high",164,"","","","","20-02-2024","18:21:00","22:01:00","20-02-2024 21:55","Smitten Aussie Tennis","Said Alicia Keys","Chairman","R","Senator Chuck Grassley (IA)","Chairman GRASSLEY. Without objection, so ordered. [The information appears as a submission for the record.]",0.107218065043723,1.34996949390791,-0.979443381936141,-1.03497602212304,1.10107995000285,0.943397277222361,1.9228810955153,1.25011357551652
316,"X","low",181,"Y","high",426,"Z","high",497,"X","high",233,"Z","medium",,"X","medium",169,"Z","medium",169,"","","","","22-06-2024","11:23:00","12:39:00","22-06-2024 12:32","Winter Olympics Don","Qualifying Winter Olympics","Senator","R","Senator Jeff Flake (AZ)","Senator FLAKE. As I mentioned, Judge Kavanaugh has amassed an astonishingly distinguished and extensive record, writing more than 300 opinions, joining his colleagues in issuing thousands of additional cases, and that is where we need to look first when we are looking at how you will judge on the Supreme Court. Now, I knowÑand it has been brought up todayÑthat a lot of the concern on the other side of the aisle stems from the concern of an administration that does not seem to understand and appreciate separation of powers and the rule of law. I have that concern as well. If you just look at what was said just yesterday by the President, I think it is very concerning. He said in a tweet, ÔÔTwo long-running Obama-era investigations of two very popular Republican Congressmen were brought to a well-publicized charge just ahead of the midterms by the Jeff Sessions Justice Department,ÕÕ he calls it. ÔÔTwo easy wins now in doubt because there is not enough time. Good job, Jeff.ÕÕ That is why a lot of people are concerned about this administration and why they want to ensure that our institutions hold. Thus far they have, gratefully. Jeff Sessions has resisted pressure from the President to punish his enemies and relieve pressure on his friends, and many of the questions that you will get on the other side of the aisle and from me will be how you view that relationship, where you believe the Article I powers end and Article II powers of the administration begin. So I expect to have a number of questions on that subject. I again appreciate your willingness to put yourself through this process, and I look forward to the hearing moving ahead in the next week. Thank you, Mr. Chairman.",0.744323471333941,-0.243474297126589,-0.446250867320865,0.832209620741443,-1.30823951611247,1.61511108897844,0.778559179445472,1.6246675270637
317,"Z","medium",408,"Z","low",280,"Z","low",19,"Z","low",77,"X","low",41,"Z","low",160,"Y","low",1,"","","","","18-07-2024","18:07:00","22:03:00","18-07-2024 21:53","Bob Baffert Suspended","Qualifying Winter Olympics","Chairman","R","Senator Chuck Grassley (IA)","Chairman GRASSLEY. Okay. Senator Blumenthal.",0.426215589217322,0.455065572356762,0.69655998623757,-0.918854994020644,0.798266968561714,0.640561829332321,-0.984509758489127,-2.01789321932444
318,"Y","high",200,"Z","low",170,"Z","low",294,"X","high",360,"X","high",298,"","low",440,"X","medium",499,"","","","","15-09-2024","16:19:00","19:20:00","15-09-2024 19:10","Smitten Aussie Tennis","Qualifying Winter Olympics","Senator","D","Senator Richard Blumenthal (D-CT)","Senator BLUMENTHAL. Thank you, Mr. Chairman. Thank you, Mr. Chairman, for your conducting these hearings as fairly and patiently as you have, and I am going to be remarking further on what procedurally I think is appropriate here. But I want to begin by thanking Judge Kavanaugh and your family for your commitment to public service. I want to thank the many, many Americans who are paying attention to this hearing, not only in this room but also across the country. I want to thank them for their interest and indeed their passion. That is what sustains democracy, that commitment to ordinary, everyday Americans participating and engaging in this process. There is a T-shirt worn by a number of folks walking around this building that says, ÔÔI am whatÕs at stake.ÕÕ This vote and this proceeding could not be more consequential in light of what is at stake: whether women can decide when they want to have children and become pregnant; whether the people of America can decide whom they would like to marry; whether we drink clean water and breathe clean air; whether consumers are protected against defective products and financial abuses; and whether we have a real system of checks and balances or, alternatively, an imperial Presidency. I will not cast a vote more important than this one, and I suspect few of my colleagues will, as well. And what is at stake is, indeed, also the rule of law. My colleague, Senator Flake, quoted the PresidentÕs tweet yesterday. I am going to repeat it: ÔÔTwo long-running Obama-era investigations of two very popular Republican Congressmen were brought to a well-publicized charge just ahead of the midterms by the Jeff Sessions Justice Department. Two easy wins now in doubt because there is not enough time. Good job, Jeff.ÕÕ I have had my disagreements with this Department of Justice. I want to note for the record that at least one high-ranking member of the Department of Justice was in this room. I want to urge the Department of Justice to stand strong and hold fast against this onslaught which threatens the basic principles of our democracy. And I want to join my colleague, Senator Sasse, in his hope that you, Judge Kavanaugh, would condemn this attack on the rule of law and our judiciary. Because, at the end of this dark era, when the history of this time is written, I believe that the heroes will be our independent judiciary and our free press. You are nominated by that very President who has launched this attack on our Department of Justice, on the rule of law, on law enforcement like the FBI, law enforcement at every level whose integrity he has questioned, and your responses to our questions will be highly enlightening about whether you join us in defending the judiciary and the rule of law. That very President has nominated you in this unprecedented time, unprecedented because he is an unindicted co-conspirator who has nominated a potential Justice who will cast the swing vote on issues relating to his possible criminal culpability; in fact, whether he is required to obey a subpoena to appear before a grand jury, whether he is required to testify in a prosecution of his friends or associates or other officials in his administration, and whether, in fact, he is required to stand trial if he is indicted while he is President of the United States. There is a basic principle of our Constitution, and it was articulated by the Founders: No one can select a judge in his own case. That is what the President is potentially doing here, selecting a Justice on the Supreme Court who potentially will cast a decisive vote in his own case. That is a reason why this proceeding is so consequential. Senator Sasse urged us to do our job. I agree. Part of our job is to review the record of the nominee as thoroughly and deliberately as possible, looking to all the relevant and probative evidence. We cannot do that on this record. Mr. Chairman, you have said multiple times that your staff has already reviewed the 42,000 pages of documents produced to this Committee at 5:41 p.m. yesterday. Both sides are using the same computer platform to review the documents from Mr. Burck. The documents had to be loaded into this platform overnight and could not be concluded until 6:45 a.m. this morning. How is it possible that your staff concluded its review last night before the documents were even uploaded? That is this platform that both sides are using here. It is simply not possible, Mr. Chairman, that any Senator has seen these new materials, much less all of the other relevant docu- ments that have been screened by Bill Burck, who is not the National Archivist. And this situation, when we say it is unprecedented, is truly without parallel in our history, and I am going to quote from the National Archivist: It is ÔÔsomething that has never happened before.ÕÕ And the Archivist continued, ÔÔThis effort by former President Bush does not represent the National Archives or the George W. Bush Presidential Library,ÕÕ end quote. So, Mr. Chairman, I renew my motion to adjourn so that we have time to conclude our review of these documents and so that also, my request under the Freedom of Information Act, which is now pending to the National Archivist, to the Department of Justice, to other relevant agencies, can be considered and judged. That Freedom of Information Act will require some time, I assume, to conclude. I renew my motion, Mr. Chairman, and ask for a vote on the motion to adjourn. As I said earlier, Rule IV provides, quote, ÔÔThe Committee Chairman shallÕÕÑshall, not mayÑÔÔshall entertain a non-debatable motion to bring a matter before the Committee to a vote.ÕÕ That seems pretty clear to me, Mr. Chairman. I have made a motion to bring before the Committee a motion to adjourn under the rules. With all due respect, you are required to entertain my motion. And I would just add this final point. All of these documents will come out. They will come out eventually, as soon as 2019 and 2020. By law, these documents belong to the American people. They do not belong to President Bush or President Trump. They belong to the American people. It is only a matter of time, my Republican colleagues, before you will have to answer for what is in these documents. We do not know what is in them. But the question is, what are they concealing that you will have to answer to history for? Mr. Chairman, I renew my motion to adjourn.",-0.92426344233054,-0.349790962286149,1.0992895877334,0.911312000219917,-0.0645210154090064,-1.0803073781427,0.327329072454494,-1.55898685867499
319,"Y","low",236,"X","high",151,"Y","high",130,"Z","low",109,"X","medium",451,"X","",,"Z","high",213,"","","","","12-12-2024","17:50:00","19:10:00","12-12-2024 19:00","Winter Olympics Don","Qualifying Winter Olympics","Chairman","R","Senator Chuck Grassley (IA)","Chairman GRASSLEY. You quote the rules very accurately, but those rules apply to executive business sessions. We are not in an executive business session, so I deny your motion.",-0.031875296344022,-2.19205511810468,-0.550315513803359,-0.408629999581505,0.553024809860076,-0.679250128742683,0.815167866135388,1.16658036533859
320,"Z","high",56,"Y","low",273,"Z","low",148,"Y","low",318,"Z","medium",119,"Y","low",347,"Z","low",392,"","","","","12-06-2024","13:05:00","15:58:00","12-06-2024 15:54","Winter Olympics Don","Qualifying Winter Olympics","Senator","D","Senator Richard Blumenthal (D-CT)","Senator BLUMENTHAL. Mr. Chairman, with all due respect, I ask you to point out to me the language in Rule IV or anywhere else in our rules that limits its scope to executive business meetings. There is no such language, Mr. Chairman.",-1.72946436474615,0.386379640235351,0.501176646550087,0.617040256903072,-1.30507523489808,0.425116428191684,-1.93810571847496,-0.0616530050765632
321,"Z","high",338,"X","low",359,"X","low",105,"Y","high",205,"X","medium",42,"X","",338,"Z","medium",259,"","","","","10-04-2024","15:13:00","15:36:00","10-04-2024 15:35","Winter Olympics Don","Qualifying Winter Olympics","Chairman","R","Senator Chuck Grassley (IA)","Chairman GRASSLEY. I would have you quote language to the contrary.",-2.20275210142012,0.578991516837851,1.04523400085177,-0.85063920613328,1.04471851821691,0.321606076162568,-0.60689265574066,0.243400582272513
322,"Y","low",29,"Z","low",63,"X","high",194,"X","low",174,"X","high",201,"Z","medium",82,"Z","high",320,"","","","","25-04-2024","16:28:00","17:01:00","25-04-2024 16:59","Winter Olympics Don","Qualifying Winter Olympics","Senator","D","Senator Richard Blumenthal (D-CT)","Senator BLUMENTHAL. Could you quote me that language?",-0.390057173662984,-1.48040516793978,-0.2744649496744,0.156946373229009,-1.56119324683774,-1.05986350938414,0.643399492452613,-1.59100564422984
323,"Y","low",373,"Y","high",223,"X","high",333,"Y","low",59,"Y","medium",280,"X","low",118,"Y","high",233,"","","","","06-06-2024","14:23:00","18:12:00","06-06-2024 18:02","Smitten Aussie Tennis","Qualifying Winter Olympics","Chairman","R","Senator Chuck Grassley (IA)","Chairman GRASSLEY. No. I am asking you, you quote me language to the contrary of what I ruled.",0.781158407807751,-1.98115927162804,-0.445704142727677,1.05777554222515,0.507536250578853,1.23434251092939,0.136793668298997,0.698051508079014
324,"X","medium",440,"Z","high",220,"X","high",161,"Z","medium",,"Z","low",311,"X","",450,"Y","medium",343,"","","","","28-08-2024","20:09:00","23:56:00","28-08-2024 23:54","Winter Olympics Don","Qualifying Winter Olympics","Senator","D","Senator Richard Blumenthal (D-CT)","Senator BLUMENTHAL. There is no language to the contrary. I am asking for a vote in this session now. There is nothing that precludes a vote in our hearing at this exact time.",1.97668519560169,0.192609670726974,-0.223096153995718,-0.102228864592598,0.936081340733877,0.17347742430651,0.819411894897918,-0.829291319159524
325,"Z","medium",180,"Y","high",143,"Y","low",360,"X","low",344,"Z","low",56,"Z","",139,"X","low",99,"","","","","26-05-2024","16:51:00","19:51:00","26-05-2024 19:42","Smitten Aussie Tennis","Qualifying Winter Olympics","Chairman","R","Senator Chuck Grassley (IA)","Chairman GRASSLEY. I have ruled. Do you want to proceed? Do you?",1.06906445011942,-0.784259306296116,-0.705896885165804,-0.0729783329845136,-0.243263301087972,0.280734188868343,-2.45069778887695,0.260967542873917
326,"Z","low",443,"Y","medium",118,"Y","high",223,"Z","low",170,"Z","high",328,"Z","low",434,"Y","medium",498,"","","","","09-03-2024","12:03:00","13:28:00","09-03-2024 13:22","Winter Olympics Don","Qualifying Winter Olympics","Senator","D","Senator Richard Blumenthal (D-CT)","Senator BLUMENTHAL. Well, if the Chair, with all due respect, is ruling against me, I move to appeal the ruling of the Chair. With all due respect, the Chairman is not above the Rules of the Com- mittee. I ask for a roll call vote to overturn the ruling of the Chair and to allow for a vote on my motion to adjourn these proceedings.",0.282649437460534,0.00845640556128501,-1.40888800253018,-0.927699023998007,0.582116958219034,1.90763657494272,-1.00957942525508,-0.134149291872611
327,"Y","low",349,"Y","low",420,"Z","low",392,"X","low",368,"Z","low",171,"Z","medium",178,"X","medium",213,"","","","","16-06-2024","13:59:00","14:23:00","16-06-2024 14:18","Winter Olympics Don","Qualifying Winter Olympics","Chairman","R","Senator Chuck Grassley (IA)","Chairman GRASSLEY. That would be an appropriate motion if we were in executive business session, but we are not in executive business session, so it is denied.",-0.361149288526178,-0.645150349193292,0.156611560960609,1.49533623995563,0.166682301343777,1.72752125429262,0.249588132233693,0.044182687389577
328,"Y","medium",1,"Y","low",216,"X","high",222,"Y","low",493,"Z","high",15,"Y","low",423,"Z","high",5,"","","","","22-01-2024","17:41:00","18:14:00","22-01-2024 18:05","Winter Olympics Don","Qualifying Winter Olympics","Senator","D","Senator Richard Blumenthal (D-CT)","Senator BLUMENTHAL. Mr. Chairman, I will proceed under protest. We have had a lot of rhetoric so far about rules and norms. I am very regretful that the Chair has adopted this stance, which in my view, contradicts our basic norms and rules. But I will proceed. [Disturbance in the hearing room.] Senator BLUMENTHAL. Mr. Chairman, I have fears about what this nominee will do with respect to our rule of law, but also about basic rights that have been established by past Supreme Court precedent. And the only way to test what his fidelity to the rule of law is, in fact, is to ask, as I have asked every single judicial nominee coming before me when I have served on this Committee in hearings, whether he believes past decisions of the Supreme Court were correctly decided. So I am going to be asking you, Judge Kavanaugh, whether you believe Roe v. Wade was correctly decided.",0.144143815164504,-0.279094310064992,-0.647404155402803,1.89831352643221,-0.956817157965648,-0.943614332812423,-1.55229091605132,-0.428525011134125
329,"Z","high",101,"Z","high",288,"Y","medium",182,"Y","high",360,"Z","medium",461,"Y","medium",288,"Z","low",,"","","","","10-03-2024","07:44:00","08:23:00","10-03-2024 08:17","Winter Olympics Don","Qualifying Winter Olympics","Senator","R","Senator John Cornyn (TX)","Senator CORNYN. Mr. Chairman?",0.0101457922952264,-0.439656142167307,1.86818956411107,-0.85286184934547,-1.00891134979089,-0.391108118115237,-0.755512948098817,0.0880708600689613
330,"Y","medium",320,"Z","high",19,"Z","low",253,"Z","high",474,"X","low",267,"X","high",49,"Z","medium",11,"","","","","30-04-2024","14:11:00","14:35:00","30-04-2024 14:27","Winter Olympics Don","Qualifying Winter Olympics","Senator","D","Senator Richard Blumenthal (D-CT)","Senator BLUMENTHAL. I am going to be asking youÑÑ",1.85554459715403,-1.56928481017457,-0.196848566508708,0.2077146961544,0.983797153186275,-1.28583859524872,-0.207882541924358,-1.29075120635792
331,"Y","high",350,"X","low",141,"X","high",343,"X","high",235,"Y","high",152,"X","high",135,"Y","low",236,"","","","","22-08-2024","18:36:00","22:14:00","22-08-2024 22:05","Smitten Aussie Tennis","Qualifying Winter Olympics","Senator","R","Senator John Cornyn (TX)","Senator CORNYN. Mr. Chairman, may I ask a question? I was under the impression each of us had 10 minutes for an opening statement. We will have 15 minutes for questions, butÑÑ",-1.97459844847044,-0.453452027748697,0.0925488140999831,0.573131648825149,1.65892997851196,-1.02777389413484,0.306948070274359,-0.307929999174368
332,"Z","low",46,"X","high",111,"Z","medium",229,"","medium",188,"Y","high",408,"","low",,"Z","high",392,"","","","","20-12-2024","18:29:00","18:58:00","20-12-2024 18:52","Smitten Aussie Tennis","Qualifying Winter Olympics","Chairman","R","Senator Chuck Grassley (IA)","Chairman GRASSLEY. Let me clarify.",-0.555927414019554,-1.77173465413265,-0.684750193743497,-1.96495273058685,-0.956822037831297,-0.528432129238087,-0.536489421235732,1.23949401246545
333,"Y","medium",342,"Z","high",164,"Y","low",453,"Z","medium",421,"Y","high",398,"Z","medium",104,"X","high",185,"","","","","09-05-2024","21:54:00","01:47:00","10-05-2024 01:40","Winter Olympics Don","Qualifying Winter Olympics","Senator","R","Senator John Cornyn (TX)","Senator CORNYN. And thenÑplus, Mr. ChairmanÑÑ",1.98193338971991,-1.23247251881891,0.418431169512433,0.302966991012111,1.04514175522715,-0.88312491966746,-0.0586735455495857,-0.906962481142304
334,"Z","high",405,"Y","high",420,"Y","high",258,"X","low",331,"Z","medium",103,"Z","medium",113,"Y","high",104,"","","","","25-07-2024","16:28:00","17:30:00","25-07-2024 17:28","Winter Olympics Don","Qualifying Winter Olympics","Senator","D","Senator Richard Blumenthal (D-CT)","Senator BLUMENTHAL. Well, I do notÑÑ",-0.147790727272579,-0.12536523660558,1.34352188939037,0.33289855965416,0.726508664186796,1.83433849760061,-1.35834526845522,1.10101711113142
335,"X","medium",45,"X","high",420,"X","high",148,"Y","high",302,"Z","high",480,"Z","medium",74,"Z","low",120,"","","","","17-11-2024","20:41:00","00:22:00","18-11-2024 00:17","Winter Olympics Don","Qualifying Winter Olympics","Senator","R","Senator John Cornyn (TX)","Senator CORNYN [continuing]. Various Members have been making speeches all day long and have not been confined to their 10minute opening statement.",0.829463105176985,0.567314373718857,-0.226163592578811,-0.135780683812882,-0.527296135065032,-1.15045329071372,0.315180713578383,1.8815532586317
336,"Y","high",439,"Y","medium",451,"X","medium",229,"","high",320,"Y","low",265,"Z","low",,"Z","high",342,"","","","","07-12-2024","07:05:00","10:08:00","07-12-2024 10:03","Winter Olympics Don","Qualifying Winter Olympics","Chairman","R","Senator Chuck Grassley (IA)","Chairman GRASSLEY. Yes. Okay. Well, like I told youÑÑ",0.233519920268365,1.11446749758401,0.9102310251945,1.609760530399,1.44009999757466,0.887968195898686,-0.270603476639037,0.896276151704318
337,"Y","high",266,"X","low",211,"Z","medium",196,"X","medium",496,"","low",131,"Y","high",404,"Z","medium",286,"","","","","11-12-2024","13:39:00","14:45:00","11-12-2024 14:41","Smitten Aussie Tennis","Qualifying Winter Olympics","Senator","D","Senator Richard Blumenthal (D-CT)","Senator BLUMENTHAL. I think I have time left.",-1.96197426391596,-0.299595443735567,0.394795927384,0.644281921434652,1.15260716346187,-1.16181815083186,0.261550148473328,0.0166749690479805
338,"X","high",308,"X","low",385,"Z","high",27,"Y","low",343,"Y","medium",223,"Z","low",468,"Y","medium",,"","","","","10-04-2024","20:57:00","22:32:00","10-04-2024 22:22","Winter Olympics Don","Qualifying Winter Olympics","Chairman","R","Senator Chuck Grassley (IA)","Chairman GRASSLEY [continuing]. You will have time. I am going to let you finish. Just a minute. I was hoping that the 10-minute rule would stand, but we got off to a very bad start. [Disturbance in the hearing room.] Chairman GRASSLEY. And we got off to a bad start, and everybody started exceeding their time limit. So I guess as long as we have to stay here and get this all done today, if we have to stay into the night, we are going to stay, but I am not going to cut anybody off now that I did not do it right away. And like you said, mob rule. I have always said to myself when I am advising other people, either you run the Committee or the Committee runs you, and I let theÑÑ [Disturbance in the hearing room.] Chairman GRASSLEY [continuing]. And I let the Committee run me this time. So letÕs just proceed as we have and let Senator Blumenthal take what time he wants. I hope you will not go too long.",-1.90216397357786,1.39275397642896,0.258052586688545,0.336257936972134,0.674874851691061,-0.034031981105873,1.16934230730697,0.515492550925999
339,"Z","low",25,"X","low",80,"X","medium",17,"Y","high",407,"X","high",93,"Z","low",442,"X","low",257,"","","","","14-04-2024","14:43:00","18:17:00","14-04-2024 18:10","Winter Olympics Don","Qualifying Winter Olympics","Senator","D","Senator Richard Blumenthal (D-CT)","Senator BLUMENTHAL. I will be very judicious, Mr. Chairman. Thank you.",-1.87774465399703,-0.9618606196217,-1.05198097505693,-1.68716674897802,-1.1812054176072,-0.537988604504953,-0.61165798482243,-0.0732048165923752
340,"Y","low",306,"X","low",407,"Y","high",185,"X","low",17,"Y","medium",424,"X","high",441,"Z","medium",159,"","","","","14-06-2024","12:32:00","12:53:00","14-06-2024 12:48","Winter Olympics Don","Qualifying Winter Olympics","Chairman","R","Senator Chuck Grassley (IA)","Chairman GRASSLEY. I do not know what that means. [Laughter.] Chairman GRASSLEY. I am sorry, Senator Cornyn, I cannot agree with you. We will just proceed.",-1.07926027641599,-0.711140423145956,0.29766751012701,0.0450681115351495,0.718850473186313,0.273020359160849,1.09422487772531,0.543641447416603
341,"Z","high",227,"X","high",305,"Y","medium",145,"Z","low",361,"X","medium",134,"Z","medium",452,"Y","high",467,"","","","","20-03-2024","17:09:00","18:19:00","20-03-2024 18:09","Climate Action Opinion","Warming Caused Humans","Senator","D","Senator Richard Blumenthal (D-CT)","Senator Blumenthal. Senator BLUMENTHAL. Thank you, Mr. Chairman.",-1.01593695728617,-0.439328736805675,1.05834857009441,-1.15258461790269,0.558531956495399,-0.318355984953843,-0.767005831958815,1.50649798874784
342,"Y","high",185,"Z","low",19,"Y","high",442,"Z","high",158,"X","high",219,"","low",283,"Y","low",115,"","","","","21-03-2024","14:08:00","17:43:00","21-03-2024 17:37","Smitten Aussie Tennis","Qualifying Winter Olympics","Senator","R","Senator John Cornyn (TX)","Senator CORNYN. Next time, Mr. Chairman.",-1.0518365922419,-0.699809439789192,0.458113980339003,0.810014304865769,-0.0835993314124247,-1.4722258080262,0.181763114735445,-1.97030436965621
343,"Y","medium",390,"Y","high",344,"Z","low",365,"X","high",61,"X","low",34,"X","high",410,"X","medium",418,"","","","","05-12-2024","09:41:00","12:06:00","05-12-2024 12:02","Winter Olympics Don","Qualifying Winter Olympics","Senator","D","Senator Richard Blumenthal (D-CT)","Senator BLUMENTHAL. So I will be asking, Judge Kavanaugh, whether you believe Roe v. Wade was correctly decided, whether you believe Brown v. Board of Education was correctly decided. Judicial nominees have figured out all kinds of ways to avoid answering the question. At first they said they thought it would violate the canons of ethics. There are no canons of ethics that preclude a response. Then they said that they felt a decision might come before them, an issue in a case that might arise, and more recently they have adopted the mantra that they think all Supreme Court decisions are correctly decided. But you are in a different position. You have been nominated to the highest court in the land, and your decisions as a potential swing vote could overturn even well-settled precedent. There are indications in your writings, your opinions, as well as the articles you have written and some of the memos that have come to light, that you believe, for example, Roe v. Wade could be overturned. And that is why I want to know from you whether you think it was correctly decided in the first place, and other decisions that are regarded as well-settled or long-established. In fact, I have these fears because, Judge Kavanaugh, the system and process has changed so radically. In fact, you have spent decades showing us in many ways what you believe. Or to put it more precisely, you have spent decades showing those groups like the Federalist Society and the Heritage Foundation and others what you believe. They are the ones who have really nominated you because the President outsourced this decision to them. In those opinions and writings and statements and interviews, you have done everything in your power to show those far-right groups that you will be a loyal soldier on the Court. I am going to use some of those writings and some of the timing and other indications to show that you are more than a nominee, in fact a candidate in a campaign that you have conducted. That seems to be, unfortunately, the way the system has worked in your case. The norms have been dumbed down, and the system has been degraded, but I think that we have an obligation to do our job and elicit from you where you will go as a Justice on the United States Supreme Court based on what you have written and said, and also what you will tell the American people in these hearings. I join in the request that has been made of you that you show the initiative and ask for a postponement of these hearings. I think that this process has been a grave disservice to you, as well as this Committee and the American people. If you are confirmed after this truncated and concealed process, there will always be an asterisk after your name, ÔÔappointed by a President named as an unindicted co-conspirator after the vast majority of documents relating to the most instructive period of his life were concealed.ÕÕ The question will always be why was all that material concealed? You have coached and you have mentored judges going through this process. You are as sophisticated and knowledgeable as anyone who will ever come before us as a judicial nominee. So you know that we have an obligation to inquire as to everything that can be relevant. And it is not the numbers of documents. It is the percentage. There were no emails when Justice Ginsburg was the nominee. The documents that we have been provided contain duplicates. They are full of junk. We need everything that is relevant, including the 3-years that you served in the Bush White House as staff secretary, the most instructive period of your professional career. So let me just conclude by saying what we share, I think, is a deep respect and reverence for the United States Supreme Court. I was a law clerk, as you were. I have argued cases before the Court. Most of my life has been spent in the courtroom as U.S. Attorney or as Attorney General. The power of the Supreme Court relies not on armies or police forces. It has none. But on its credibility, the trust and confidence of the American people. I ask you to help us uphold that trust by asking this Committee to suspend this hearing and come back when we have a full picture with the full sunlight that our Chairman is so fond of espousing, so that we can fully and fairly evaluate your nomination. Thank you, Mr. Chairman. [The prepared statement of Senator Blumenthal appears as a submission for the record.]",1.73118734525393,-0.831011070331683,0.111954516866743,1.59028490264706,1.30961908549523,0.56169771134445,-0.938861959515974,0.62071128093049
344,"Y","low",96,"Y","high",239,"Y","low",395,"Y","medium",138,"Y","medium",471,"Y","low",317,"Z","low",388,"","","","","07-10-2024","14:28:00","17:08:00","07-10-2024 17:03","Winter Olympics Don","Qualifying Winter Olympics","Chairman","R","Senator Chuck Grassley (IA)","Chairman GRASSLEY. Once again, I would remind everybody we haveÑÑ [Disturbance in the hearing room.] Chairman GRASSLEY [continuing]. We have a half-a-million documents on this gentlemanÕs record. And alsoÑÑ [Disturbance in the hearing room.] Chairman GRASSLEY [continuing]. I would like to respond to the fact that you cannot go 42,000 pages, which I guess is way over the number of documents that we actually received. The Majority and Minority received documents in two ways. One is a format that can be uploaded to reviewing platforms, and the second is in a standard document file format called PDFs. Given the importance of reviewing documents in a timely manner, my staff reviewed the PDF versions. The production was relatively small, and therefore there was no need to upload them to a reviewingÑÑ [Disturbance in the hearing room.] Chairman GRASSLEY. Senator Kennedy, you are next.",0.652199365165628,-1.96981141414584,-0.362409086409091,1.14260591265641,-1.06838985625891,0.308800081036351,-0.193527989586684,1.15185385226442
345,"Y","high",29,"Z","medium",420,"X","low",272,"Z","low",416,"X","medium",,"X","high",68,"","low",3,"","","","","29-06-2024","10:26:00","12:38:00","29-06-2024 12:34","Winter Olympics Don","Qualifying Winter Olympics","Senator","R","Senator John Neely Kennedy (LA)","Senator KENNEDY. Say again?",0.417444947851663,1.0235740631565,1.87016027834223,0.522617033751778,-0.939777764638422,-1.47812121959817,0.285590223587553,0.329306708557095
346,"Y","medium",249,"Z","low",423,"X","low",55,"X","medium",408,"X","medium",326,"","high",12,"Z","medium",85,"","","","","10-04-2024","07:48:00","10:36:00","10-04-2024 10:27","Winter Olympics Don","Qualifying Winter Olympics","Chairman","R","Senator Chuck Grassley (IA)","Chairman GRASSLEY. You are next, Senator Kennedy. [Disturbance in the hearing room.]",0.853568792350259,0.240308309576314,1.28815380987288,0.802110255561382,0.286416390195206,-0.489926014862453,0.0206130486820284,-1.28127546933528
347,"X","low",371,"Z","low",268,"Z","high",425,"X","high",152,"X","low",176,"Y","medium",48,"Z","medium",276,"","","","","28-03-2024","09:41:00","10:11:00","28-03-2024 10:06","Winter Olympics Don","Qualifying Winter Olympics","Senator","R","Senator John Neely Kennedy (LA)","Senator KENNEDY. Thank you, Mr. Chairman. I have listened with interest today. I agree so much with what Senator Sasse said. I listened today, and it is no wonder to me that so many Americans think that the United States Supreme Court is nothing more than a little Congress, a political body like the United States Senate. Let me try to explain what I am looking for in a Supreme Court Justice. I want a judge. I do not want a politician. Now, I am not naive. It is true, Senator Booker and I are new to the Senate. We did not come here when Moses walked the earth. But we are not new to politics. And I understand that human relations are about politics. I get that. But I do not think our Founders ever intended for the United States Supreme Court to become a political body. I do not. I am not looking for an ideologue. I am not looking for a hater. What I am looking for is somebody who is smart, who is intellectually curious, who writes cleanly and crisply, who knows what a semicolon is for, and who is willing to protect the United States Constitution and the Bill of Rights, and understands that the Bill of Rights is not an a la carte menu. Every one of them counts. Let me try to explain further why I agree with so much of what Senator Sasse said. This is not a news flash. Our country is divided. We have been divided before. We will be divided again. We will survive this. But I confess, the division in our country today seems to me to be especially sharp. And what concerns me so much about that division is the basis for it. It is not honest disagreement. So much of it is anger. There have been thousands, millions of pages written about the genesis of that anger. We all have opinions. You know what they say about opinions. Here is mine. I think a big part of the anger in America today is because we have too many Americans who are not sharing in the great wealth of this country, not economically, not socially, not culturally, and not spiritually. And those Americans believe that the American dream has become the American game, and that that game is fixed. Let me give you one example why I say that. I do not hear it so much today. I am biased, but I happen to think the Tax Cuts and Jobs Act bill worked. But when I ran 2 years ago, I would hear it every single day. People would stop me and they would say, ÔÔKennedy, do you know what is wrong with us economically?ÕÕ They would tell me, ÔÔI look around, Kennedy, and I see too many undeserving peopleÕÕÑI emphasize undeserving. I do not want to paint with too broad a brush. They would tell me, ÔÔKennedy, I look around and I see too many undeserving people at the top getting bailouts, and I see too many undeserving people at the bottom getting handouts. And I am here, just a working schmuck in the middle, stuck in the middle, and I cannot pay the freight anymore because my health insurance has gone up and my kidÕs tuition has gone up and my taxes have gone up, but I will tell you what has not gone upÑmy income.ÕÕ Now, I happen to think we are doing better in that regard, but we still have a long way to go. But here is the point: Who is supposed to fix that for the American people? It is us. It is the United States Congress. It is not the United States Supreme Court that is supposed to fix this country culturally, economically, socially, spiritually. And that is why I say I agree with so much of what Senator Sasse said. It has almost become a cliche, but the role of the judge is, or at least should be, to say what the law is, not what the law ought to be. Now, that has become cliche, but cliches become cliches because they are true. Judges are not put there to try to bypass the ballot. Courts should not try to fix problems that are within the province of the United States Congress, even if the United States Congress does not have the courage to address those problems. Our courts were not meant to decide these kinds of issues. Again, I am not naive. I know that judges are not robots. We cannot replace you and should not try to replace you with a software program based on artificial intelligence. You have discretion. We are going to talk about that if we ever get to the questioning part of this exercise. But I want to say it again. I understand why, listening today, so many Americans believe that the law, which I think all of us revere, has become politics just pursued in another way. It is not the way it is supposed to be, judge. That is not what I am looking for. Now, I am going to end. I still have plenty of time left. I think I have 2 hours allotted, Mr. Chairman? [Laughter.] Senator KENNEDY. Somebody talked aboutÑsaid they had seen this movie before. I commented to my friend, Senator Tillis, this thing is as long as a movie. These are the words of Justice Curtis in 1857, when he dissented in the Dred Scott case: ÔÔWhen a strict interpretation of the Constitution according to the fixed rules which govern the interpretation of laws is abandoned, and the theoretical opinions of individuals are allowed to control its meaning, we have no longer a Constitution. We are under the government of individual men who, for the time being, have power to declare what the Constitution is according to their own views of what it ought to mean.ÕÕ That is not the rule of law. Justice Scalia put it another way, and I truly will end with that. He said, ÔÔThe American people love democracy, and the American people are not fools. The people know their value judgments are quite as good as those taught in any law school, maybe better. Value judgments, after all, should be voted on, not dictated.ÕÕ And that is what I am looking for, Judge. Thank you, Mr. Chairman.",-0.152204702168095,0.311236242814025,-0.29594254748006,-0.209253792339362,-0.353232535183807,1.17908596804397,1.94957192578382,-1.44495675472463
348,"Y","medium",66,"X","high",303,"Z","medium",247,"Y","high",96,"Y","high",280,"Z","medium",172,"X","low",79,"","","","","13-01-2024","13:31:00","16:06:00","13-01-2024 15:59","Winter Olympics Don","Qualifying Winter Olympics","Chairman","R","Senator Chuck Grassley (IA)","Chairman GRASSLEY. Senator Hirono.",0.847133348042035,-0.987611160346409,0.14945245308247,0.195231296980959,0.282402485377913,-1.93125963718711,-0.466503182108822,1.45357218841351
349,"Y","low",492,"Z","low",420,"X","low",214,"Z","low",,"Y","high",280,"Y","medium",249,"Y","low",426,"","","","","17-05-2024","08:53:00","12:35:00","17-05-2024 12:28","Winter Olympics Don","Qualifying Winter Olympics","Senator","D","Senator Mazie Hirono (HI)","Senator HIRONO. Thank you, Mr. Chairman. Judge Kavanaugh and your family, welcome. Mr. Chairman, earlier on today, I pointed to an op-ed that had been written by two former White House staff secretaries, John Podesta and Todd Stern, entitled ÔÔStaff Secretaries ArenÕt Traffic Cops: Stop Treating Kavanaugh Like He Was One.ÕÕ And I note in their op-ed what they said. I will quote part of it. They say that, ÔÔWhen we handled the job for Bill Clinton in much the same way that staff secretaries did for President George H.W. Bush, we wrote concise cover memos for every decision memo that went to the President. We summarized the underlying memo, identified the core decision points and options, and conveyed the views of key senior staff members from whom we had sought comments. We wrote hundreds of these memos.ÕÕ It is no wonder that Judge Kavanaugh has deemed his time as White House staff secretary so important to his performance as a judge. But unfortunately, as we have said many times already, we do not have any of these documents during Judge KavanaughÕs time as staff secretary. Dana Sabraw. Michael Baylson. Ketanji Brown Jackson. Colleen Kollar Kotelly. Naomi Reice Buchwald. John Bates. Derek Kahala Watson. These are the names of some of the Federal judges across this country who have vindicated my faith in the rule of law over the last year and a half. These are the women and men, appointed by Republican and Democratic Presidents, who ordered the Government to reunite parents with the children ripped from their arms at the border; who rejected attempts to deny Federal funds to cities refusing to be drawn into the war against immigrants; who stopped Executive orders aimed at kneecapping public-sector unions; who stopped the implementation of an ugly ban on transgender Americans serving in our military; who ruled that public officials cannot block citizens from their Twitter feeds; and who stopped the Government from banning Muslims from entering the United States. These judges stood firm in defense of the Constitution, the American values it expresses, and the system of checks and balances it enshrines. At this moment of peril for our democracy, it is these judges, and others like them, who have pushed back against the efforts of a President eager to wield unlimited and unchecked power. In normal times, we would be here today to determine the fitness of a nominee to the Supreme Court of the United States chosen for his or her legal talent and reputation for fairness. But these are not normal times. Instead, we are here to decide whether or not to rubber stamp Donald TrumpÕs choice of a pre-selected political ideologue, nominated precisely because he believes a sitting President should be shielded from civil lawsuits, criminal investigation, and prosecution, no matter the facts. LetÕs not forget. During his campaign, Donald Trump needed to shore up support from the Republican base who questioned whether he was sufficiently conservative. To help, he turned to the Federalist Society and the Heritage Foundation to build a pre-approved list of names, and promised to pick from among them when selecting nominees for the Supreme Court. These groups are longstanding right-wing organizations that advocate for conservative causes and legal positions. The Heritage Foundation focuses on developing policy to, among other things, oppose climate change, repeal the Affordable Care Act, and reduce regulations for big business. The Federalist Society focuses on changing the American legal system to align with an ultraconservative interpretation of the Constitution, including the overturning of Roe v. Wade. When given the opportunity to nominate a new Supreme Court Justice, Donald Trump did exactly as he promised. He did not select someone who demonstrates independence and fidelity to the rule of law. Instead, Donald Trump selected a pre-approved name in order to guarantee a fifth vote for his dangerous anti-worker, anti-consumer, anti-women, pro-corporate, and anti-environment agenda. And Donald Trump selected Brett Kavanaugh from this list for an even more specific reason. The President is trying as hard as he can to protect himself from the independent, impartial, and dogged investigation of his abuse of power, before the walls close in on him entirely. Because if there is one thing we know about Donald Trump, it is that he is committed to self-preservation every minute, every hour, every day. Judge KavanaughÕs appointment should be considered in a broader context. The President has been packing our courts with ideologically driven judges who come to the bench with firm positions and clear agendas, who then go on to rule in ways consistent with those agendas. For example, Trump nominee James Ho, now a judge on the Fifth Circuit, has written in favor of unlimited campaign contributions and, in another case, publically aired his personal views in opposition to abortion. Trump nominee Don Willet, now a judge on the Fifth Circuit, has already voted to curtail the independence of a Federal agency that helped rescue the economy after the mortgage crisis of 2008. Trump nominee Stephanos Bibas, now a judge on the Third Circuit, wrote a dissent to explain that he does not believe Title IX requires school districts to provide transgender students appropriate changing facilities and bathrooms. Trump nominee Amy Coney Barret, now a judge on the Seventh Circuit, ruled to keep out of court employees trying to challenge an arbitration proceeding, and cast the deciding vote to allow a business to continue to segregate its work force. And Trump nominee John K. Bush, now a judge on the Sixth Circuit, ruled to keep out of court a woman accusing her employer of age discrimination, despite a dissenting judgeÕs view that there was sufficient evidence to go forward. When these Trump-nominated judges came before the Judiciary Committee as nominees, my Democratic colleagues and I tried to find out how they would go about deciding tough cases, what they would base their decisions on when the law did not give a clear enough direction, as is often the case. Time and again, we were told: Do not worry about my personal background or my history as a partisan, political advocate. Do not worry about what I have done, written, or said until now. When I get on the bench, I will just follow the law. But clearly, they have not. Why should we expect this Supreme Court nominee, you, to be any different? President Trump selected Brett Kavanaugh because of his fealty to the partisan political movement he has been a part of his entire professional life. From his clerkship with Judge Alex Kozinski, to his apprenticeship with Ken Starr, to his work on George W. BushÕs legal team during the Florida recount and in the White House, Judge Kavanaugh has been knee-deep in partisan politics. The first reward for that service was his nomination to the D.C. Circuit. It was a tough fight, but Republican-aligned special interests fought for more than 3 years to get him confirmed. And for the last 12 years as a judge, he has ruled, whether in dissent or majority, in ways in line with their political and ideological agenda. Now, President Trump has selected Judge Kavanaugh to provide the decisive fifth vote in cases that will change some of the most basic assumptions Americans have about their lives and their Government. There are more than 730 Federal judges working on thousands of cases across the country every day. Most of these cases end in trial courts. Some of them are appealed and heard in appellate courts. The closely divided Supreme Court hears very few cases, many times fewer than 100, every year. Before Justice Kennedy retired, so many important Constitutional rights were hanging in the balance, decided on narrow grounds by 5ÐtoÐ4 votes. And now that Justice Kennedy has left the Court, the forces opposed to workersÕ rights, womenÕs rights, LGBTQ rights, voting rights, civil rights of all kinds, and environmental protections are eager to secure a solid majority on the Court to support their rightwing views. These ultra-right-wing forces have been working for decades to prepare for this moment because they know that a single vote from one Justice is all it would take to radically change the direction of this country. It could take just one vote on the Supreme Court to overturn Roe v. Wade and deny women control over their reproductive rights. It could take just one vote to declare the ACAÕs pre-existing condition protections unconstitutional. It could take just one vote to dismantle environmental protections that keep our air safe to breathe and our water clean to drink. It could take just one vote to dismantle commonsense gun safety laws that keep our communities safe. And it could take just one vote to further erode protections for working people and unions. Since this nomination was announced, I have been asked many times why the Democrats would even bother to go through the motions when we know that our Republican colleagues will do anything to support this administrationÕs judicial nominees. There are battles worth fighting regardless of the outcome. A lifetime appointment to the Supreme Court, of someone who will provide the fifth vote on issues impacting the lives of every working American, is a battle worth fighting. So, I intend to use this hearing to demonstrate to the American people precisely why who sits on the Supreme Court matters, why a fifth ideologically driven conservative and political vote on the Court is dangerous for our country, why the Senate should reject this PresidentÕs latest attempt to rig the system in his favor. As Senators begin to ask their questions in the coming days, I ask the American people to listen carefully to what the nominee says and compare it with what we heard only a short time ago from Neil Gorsuch at his confirmation hearing. Just 18 months ago, Judge Gorsuch told us that, ÔÔAll precedent of the United States Supreme Court deserves the respect of precedent, which is quite a lot. ItÕs the anchor of the law.ÕÕ Judge Gorsuch said, ÔÔItÕs not whether I agree or disagree with any particular precedent. That would be an act of hubris. Because a precedent, once itÕs decided, it carries far more weight than what I personally think.ÕÕ Judge Gorsuch made these promises when he was asking for our votes. But earlier this year, he joined a majority of the Court to overturn precedent in a 41-year-old case that protected Government workers and their ability to form a union in a 5ÐtoÐ4 decision. I expect Judge Kavanaugh to make similar promises over the next few days, only to do, sadly, the exact opposite if confirmed. Our job here is important, because every American should be concerned about what our Government and country would look like if Judge Kavanaugh is confirmed. We owe it to the American people, and to all of the independentminded judges I mentioned at the beginning of my remarks, to preserve the integrity of our Constitution and the fairness and order of a system that has served us well for so long. Judge Kavanaugh, what may be going through your mind right now is to simply and stoically endure this hearing. But do you not think you owe it to the American people to disclose all of the documents being requested? Because you have nothing to hide. Because you have nothing to hide. I agree with my colleague, Senator Durbin, Judge Kavanaugh. If you stand behind your full record in public life, fundamental fairness will dictate that you join us in our call for this Committee to suspend until we receive all relevant documents and have a chance to review them. Your failure to do so would reflect a fundamental mistrust of the American people. Thank you, Mr. Chairman. [The prepared statement of Senator Hirono appears as a submission for the record.] Senator HIRONO. And I would like to have entered into the record the op-ed piece that I referred to by John Podesta and Todd Stern.",0.130207665546318,-0.613375926020811,1.2178611323706,0.282725774392824,0.905505242749047,1.35083660068696,1.51815001417856,-1.24809443761066
350,"Y","low",336,"Z","high",420,"X","medium",302,"Z","medium",165,"Y","high",145,"X","medium",319,"Z","high",,"","","","","13-09-2024","08:15:00","09:37:00","13-09-2024 09:32","Winter Olympics Don","Qualifying Winter Olympics","Chairman","R","Senator Chuck Grassley (IA)","Chairman GRASSLEY. Without objection, it will be entered. [The information appears as a submission for the record.] Chairman GRASSLEY. LetÕs go to Senator Crapo next.",1.33688762031911,-1.51117739917511,1.46304637937453,0.0304014802115948,0.140875222277341,0.676200910011626,1.34758855065166,0.236257290515385
351,"Y","low",467,"X","low",166,"X","high",81,"Y","low",231,"Y","high",216,"Z","high",260,"Y","low",418,"","","","","09-06-2024","14:55:00","16:15:00","09-06-2024 16:08","Winter Olympics Don","Qualifying Winter Olympics","Senator","R","Senator Mike Crapo (ID)","Senator CRAPO. Thank you, Mr. Chairman. Judge Kavanaugh, welcome. Thank you for your service to this country, and thank you for the willingness you have expressed to take this additional assignment. And thank you to your family. We welcome them as well. The process upon which we are about to embark is one of, if maybe not the most, important duties entrusted to the Senate, advise and consent on judicial nominations. Ultimately, a fair and proper judge, Supreme Court or otherwise, must follow the law and not make laws from the bench. Upon receiving his nomination to serve as an Associate Justice of the Supreme Court, Judge Kavanaugh stated, ÔÔMy judicial philosophy is straightforward. A judge must interpret statutes as written, and a judge must interpret the Constitution as written, informed by history and tradition and precedent.ÕÕ IsnÕt that the ideal of a judge steadfastly committed to the law? No one seriously questions Judge KavanaughÕs qualifications to serve as an Associate Justice on our NationÕs highest court. He is vastly experienced and widely respected for his intellect, his honesty, and his legal acumen. With over 300 offered opinions and 12 years of service on the bench, he is a judge with a clear record demonstrating that he applies the law as written and enforces the Constitution. He values precedent and has written, along with Justice Gorsuch and others, the law of judicial precedent, a scholarly piece on the importance of stare decisis. Sadly, much of the discourse surrounding Judge KavanaughÕs nomination deals not with the content of his legal opinions, his judicial philosophy, or temperament, but rather, as todayÕs discussion has shown, the spurious notion that our distinguished Chairman has not been rigorous or fair or transparent in navigating the requisite document production efforts required by this Committee. Those claims are wholly without foundation. There have been 57 days since the announcement of Judge KavanaughÕs nomination on July 9 and todayÕs confirmation hearing. This is a longer period of time than Senators had for Justices Sotomayor, Kagan, and Gorsuch. Justice Kavanaugh also submitted over 17,000 pages with his bipartisan Judiciary Committee questionnaire, the most extensive questionnaire ever returned by a nominee to the Supreme Court. The Committee also received more than 440,000 pages of documents related to his service in the executive branch. This, too, is more than any Supreme Court nominee to date. As has been said earlier, in fact, it is more than the last five nominees combined. I applaud Chairman Grassley and his dedicated staff for their tireless work in reviewing these documents and making the vast majority publicly available as quickly as possible. And frankly, Mr. Chairman, I believe the American people appreciate your efforts, your transparency, and your commitment to a fair process. Now, I want to make one side note. It was said here today that the number of documents provided by now-Justice Kagan, who was also a nominee who had served in the White House and had many, many documents related to her service, that 99 percent of the documents requested for her were provided. One problem with that fact, and that is that when Justice Kagan was before us, she had been the solicitor General. There were probably more pages relevant to her service there than to your service. We do not know the number because the Republicans agreed after a strong disagreement with the Democrats that we would not request those documents because the White House claimed they were sensitive. The Democrats have not made that agreement with the Repub- licans this time. But I think it is incredibly important to note that this argument that is going on today about the balance of document production is simply a trumped-up argument. These facts aside, many of my colleagues continue to criticize this process. Their motives are clear: use any means available to attempt to delay the confirmation process of a well-qualified jurist fit for the job, indefinitely. I strongly agree with the comments of many of my colleagues here today. Senator Cruz pointed out what was really at stake. Senator Sasse pointed out why it is that Congress needs to be the part of our Federal Government that makes the law, not the judiciary. Senator Kennedy has followed up on that thought, as have many of my colleagues here today. I think that one point that Senator Cruz mentioned deserves repeating. Much of what we are hearing today and will hear for the remainder of this process is ultimately an effort to re-litigate the last Presidential election. In fact, we have just heard Judge Kavanaugh attacked and stated to be unqualified because he is a Trump nominee. Other Trump nominees have also been attacked here today. The attack is on President Trump, not on their nominees, because of an unwillingness to accept the outcome of the last Presidential election. Judge Kavanaugh as the nominee has been widely recognized for his judicial temperament and his detailed legal writings in defense of the Constitution. His opinions are widely cited by his fellow appellate judges, and even the Supreme Court. And although his integrity was just challenged, stating that no matter what he says to this Committee he will vote the other way once put into office, put into the Supreme Court, the fact is that his record, as the Chairman has already outlined, disproves that. He serves on the D.C. Circuit Court of Appeals, a court on which more of the judges who serve have been appointed by Democratic Presidents than Republican Presidents. Yet he has voted 97 percent of the time with his colleagues in the majority on that court, showing that he will follow the law and that he does so with the majority support of broad andÑI was going to say bipartisan, but nonpartisan judges who are appointed by Republican and Democratic Presidents and who consider some of the most important cases in America today. That is the judge we have before us. He is a judgeÕs judge. Many critics argue that Justice Kavanaugh would play an instrumental role in reversing a number of Supreme Court precedents. However, I wonder how one can draw that conclusion given his record of exhaustive and weighty consideration of important legal questions on a court such as the D.C. Circuit. I recognize that it is politics driving these attacks, and so do the American people. They know what is at stake. Moreover, in his legal opinions, Judge Kavanaugh has consistently demonstrated a willingness to rein in both Congress and the executive branch when they overstep their respective constitutional grounds. Judge Kavanaugh understands and is focused on the principle that a judge is a servant of the law, not a maker of it. We should take him at his own words. The judgeÕs job is to interpret the law, not to make the law or policy. So, read the words of the statute as written. Read the text of the Constitution as written, mindful of history and tradition. Do not make up new constitutional rights that are not in the text of the Constitution. Do not shy away from enforcing constitutional rights that are in the text of the Constitution. Those are Judge KavanaughÕs words. That is the man who sits before us nominated to be a Justice on the highest court of our land. Judge Kavanaugh has the backing of his former law clerks and law students, his colleagues on the bench appointed by both Republican and Democratic Presidents, and many members of his local community in which he remains so closely involved. He is a man of honor, integrity, and well-respected in the legal community. There is no dispute he is qualified to serve on our NationÕs highest court. Mr. Chairman, I look forward to the hearing to hear from the nominee himself when we all get done with our statements. [Disturbance in the hearing room.] Senator CRAPO. The next few days will prove insightful as we discuss with Judge Kavanaugh for the public to hear in his own words the proper role of the judge in our constitutional system. I look forward to this hearing, and again, Judge Kavanaugh, thank you for being willing to be here. Thank you, Mr. Chairman.",-1.18828783030946,-1.25269166693968,-0.735859706002797,-0.165794567291203,1.73591484811526,0.289493631532077,1.09141968329141,-0.385154364883001
352,"Z","high",235,"Z","medium",350,"Y","high",240,"Z","high",392,"X","medium",298,"X","medium",183,"Z","medium",,"","","","","19-05-2024","10:58:00","12:21:00","19-05-2024 12:13","Smitten Aussie Tennis","Qualifying Winter Olympics","Chairman","R","Senator Chuck Grassley (IA)","Chairman GRASSLEY. Thank you. Senator Booker.",0.0720943559586278,1.41121809437927,1.58634782932024,-1.15994840882395,-0.193566808427524,-0.0201840470898808,-0.599829599727576,-0.266991064062434
353,"X","low",61,"Z","medium",169,"Y","low",302,"Y","high",165,"Z","low",108,"Y","low",366,"Y","high",12,"","","","","20-12-2024","13:00:00","13:47:00","20-12-2024 13:43","Winter Olympics Don","Qualifying Winter Olympics","Senator","D","Senator Cory Booker (NJ)","Senator BOOKER. Thank you, Mr. Chairman. Welcome, Judge Kavanaugh. And I want to say welcome to your family sincerely as well. We are all Americans taking part in what is truly an historic moment. Mr. Chairman, Chairman Grassley, I hope you do not think earlier this morning that in any way I was questioning your integrity or your decency. I was appealing to it earlier before, and you have been conducting this hearing giving myself and others the opportunity to at least speak and make our case, and even though you have not ruled in our favor, of which I am disappointed, I do hope you understand that I value your friendship, and frankly some of the most valuable moments I have had in the Senate. I still remember shaking your hand and coming to agreement with you on criminal justice reform. I have come to have a deep respect for you, sir. So I hope you do not think I was doing that earlier.",0.841291964702069,0.865978518290102,-1.00124352890015,-0.804324790415769,-1.86352216303333,-0.486718279209943,1.44191147759029,-0.353698054566811
354,"Z","medium",88,"Z","low",444,"X","high",348,"Z","medium",86,"X","low",65,"X","low",430,"X","high",320,"","","","","19-03-2024","08:11:00","11:29:00","19-03-2024 11:19","Winter Olympics Don","Said Alicia Keys","Chairman","R","Senator Chuck Grassley (IA)","Chairman GRASSLEY. If you worry about our friendship being affected, it will not be. And that gives me an opportunity to say something to the public at large, and that is about this Committee. You would think that Republicans and Democrats do not talk to each other, but I would like to remind the public that when they think that happens, they ought to think of the record of this Committee, not just this Chairman but this Committee in the 31Ú2 years and maybe even before I got to be Chairman. But in the 31Ú2 years I have been Chairman, every bill that got out of this Committee has been a bipartisan bill. Proceed, Senator Booker.",0.392785069837761,0.804146538295348,1.41147260997378,-0.719392381644322,-1.08578749084246,-0.101150118708299,-1.24376906301989,-1.07597986038832
355,"Y","low",250,"Y","high",158,"X","medium",250,"Y","low",54,"X","medium",89,"X","medium",111,"","high",401,"","","","","04-12-2024","12:20:00","16:19:00","04-12-2024 16:10","Winter Olympics Don","Actor Bob Odenkirk","Senator","D","Senator Cory Booker (NJ)","Senator BOOKER. Thank you very much, sir. I appreciate that. It does not detract from the fact that I just fundamentally disagree with the way you have been concluding today. When I first got to the Senate I was very fortunate that a lot of senior statesmen, yourself and Senator Hatch included, pulled me aside and gave me hard wisdom at times. You will remember, I came to the Senate in a special election at a time when we were changing some of the Senate rules. Senator Levin brought me aside and gave me a hard talking to. Senator McCain gave me a hard talking to. And all of them made similar points about this idea that sometimes you need to be as objective as possible and see how you would react if the pendulum had swung the other way. In other words, they warned me that what goes around in this place comes around, and to really think as if the shoe was on the other foot. And I have been struggling with that, sir, in all honesty, of what the Republicans would be saying and what we would be saying if we had a Democratic President right now, a Democratic nominee right now, and this process was in the reverse. And I would like to believe how I would behave, and I am pretty confident, would be willing to bet that if the Republicans were being denied effectively about 90 percent of the documents about a personÕs public record, I actually do believe that some of the analogies that are made to Justice Kagan and her Solicitor General time is not a fair analogy. This is a part of the nomineeÕs history that he himself has said was one of his most formative times. I would not hire an intern in my office knowing only 10 percent of their re«sume«. There is not a person here who would buy a home only seeing 10 percent of the rooms. I just believe what we are doing here, just on the objective view of fairness, is sincerely unfair and is insulting to the ideals that we try to achieve with some sense of comity and some sense of rules. But I want to go deeper than that. I am trying to figure out what the jeopardy would be if we just waited for the documents. Last night we had a document dump of tens of thousands of pages, tens of thousands of pages. As has been said already, there is no judge that would allow a court proceeding to go on, no judge that would move forward if one of the parties had just gotten documents as of 5 oÕclock last night, or potentially as of 11 oÕclock. What I do not understand is, what is the jeopardy of just waiting, not just to digest these documents but other documents? The reality is that, Senator Grassley, you have yourself asked for a specific, more finite set, a more limited set of documents that you have not even gotten. So whether it is not seeing 90 percent of the re«sume« of the gen- tleman before us, or 50 percent, or 40 percent, that should come within time, and there is no jeopardy when we have a lifetime appointment. He will be there, should he be confirmed, for decades and decades and decades. Waiting another week or 5 days or 2 weeks for those documents that you yourself have requested, which is a more limited subset, for even those documents to come through, I do not understand what the rush is, especially given all that is at stake. So those are the reasons why I say to you with sincere respect that this is an absurd process. It just seems unfair to me, and it could easily be solved by us putting a pause here in this process, waiting for the documents, evaluating the documents, and it will be a much more robust set of hearings on this nominee. As I said, I would not hire an intern if I had not seenÑif I had only seen 10 percent of their re«sume«. And here, to have a fuller body of the work of this gentleman before us, who one of my colleagues called popping up in some of the most interesting times in the last decade or two on some of the most important issues, already the limited amount, 7 percent of the documents that I have seen, unfortunately those are things that are being held Committee confidential, which I do not even know if I can use in my question here. I think the penalty is being ousted from the Senate. But even the limited documents has made potentially my questioning far more rich, far more substantive, to get to the heart of the issues of the individual nominee. And again, sir, I try to summon the spirit of some of the elder statespeople I had the privilege of serving with, from Rockefeller to Levin to McCain, to summon that spirit to be as objective as possible. I do not think it is unreasonable for us to wait for a week or two to get the full body of those documents. It will cause no harm or damage except to have more of a full telling of what is at stake here. The stakes are too high in what this nominee represents for us to rush through this process without a full sharing of the documents. And with that, I will continue, sir, with my opening statement. I have said before already thatÑÑ",0.666640145141156,-2.14259744062503,-0.715283005147004,1.04516770210203,-0.1607833071188,0.661078848644924,-0.070503961886059,0.69260232002536
356,"Y","low",294,"X","high",420,"X","high",229,"Z","medium",342,"Z","high",208,"X","medium",130,"X","low",495,"","","","","30-05-2024","14:43:00","16:09:00","30-05-2024 16:01","Smitten Aussie Tennis","Said Alicia Keys","Chairman","R","Senator Chuck Grassley (IA)","Chairman GRASSLEY. Since you have not begun your opening statementÑÑ [Laughter.] Chairman GRASSLEY. I will take this opportunity to probably say that you said, I did not get all the documents I requested. You probably heard the first sentence of something I said after our break, and that was, that I first started talking about expecting a million documents, and we end up, I think, with 488,000. But then I went on to explain that the process with all the software and everything else that can speed things up, duplicates were eliminated, and, et cetera, et cetera. And so, we have gotten all the documents I requested, just to correct you.",0.211387107936327,-1.56562233158749,0.5901871711147,-0.236491610923758,0.76417336431389,0.127511826358124,1.11330537550085,1.85326816989671
357,"Z","high",367,"Z","low",222,"Y","medium",495,"Y","low",,"Y","medium",106,"Y","medium",465,"Y","high",393,"","","","","12-05-2024","10:46:00","12:23:00","12-05-2024 12:16","Smitten Aussie Tennis","Said Alicia Keys","Senator","D","Senator Cory Booker (NJ)","Senator BOOKER. Sir, and to my understandingÑÑ",-1.19268516997356,0.315926309497654,1.33633076357165,-0.675814019904574,0.407561862335461,0.516828508390621,-0.503923114938862,-1.74768955358481
358,"X","high",397,"Y","high",9,"X","high",48,"","",,"Y","high",142,"Z","medium",,"Z","high",373,"","","","","13-06-2024","12:20:00","16:00:00","13-06-2024 15:57","Bob Baffert Suspended","Point Tally Nba","Chairman","R","Senator Chuck Grassley (IA)","Chairman GRASSLEY. Go ahead with your opening statement.",-0.182951951907918,-0.318526564485319,-1.30285265851047,1.20923879342662,0.671941262918083,0.571533393678144,0.0777944326559953,0.0864236642235449
359,"X","low",381,"Z","high",405,"Y","high",41,"","high",401,"Y","low",342,"Z","medium",154,"X","low",28,"","","","","19-08-2024","06:27:00","09:26:00","19-08-2024 09:25","Bob Baffert Suspended","Pennsylvania Investigation Abuse","Senator","D","Senator Cory Booker (NJ)","Senator BOOKER. No, sir, but I just want to make a point to that, if you do not mind. You requested a limited set of documents of his time as aÑin the White House CounselÕs Office. We have not received all the documents from his time there. They are still being vetted slowly through our system of aÑnot a representative from the Committee, but the Bill Burck individual stillÑis still reading through those documents as we speak. I imagine some of them will be dumped on us as this process is going on, and I predict, with quite confidence, that some of those documents might still be trickling out in the days before the actual full Senate vote. Please, sir.",1.24815638704235,-0.254918696703735,0.522571745980775,-0.410203820091767,-0.237402559321986,1.38902737342226,2.10020611164456,0.188183852839968
360,"Y","medium",294,"Z","high",67,"X","high",257,"Z","low",46,"Y","low",335,"Z","low",254,"X","high",301,"","","","","08-03-2024","16:31:00","16:51:00","08-03-2024 16:44","Scammers Cnn Epik","Niger State Television","Chairman","R","Senator Chuck Grassley (IA)","Chairman GRASSLEY. You are talking about ÔÔcommittee confidential,ÕÕ and you have access to them right now. They justÑthere has not been a determination that, like, 80 percent of all the documents are on the website so the public can see them, but in regard to some, they were forwarded to us without a second review. That second review gives an opportunity to then get them out to the public if there is no reason that they are excluded under the law, and you can read those committee confidential documents right now.",1.88036211346713,-1.46086347905751,0.008664796813991,0.248098755326318,0.815588724198132,-1.26806125796257,-0.199795083515523,-1.11469550396594
361,"Z","low",9,"X","medium",234,"Z","low",413,"","high",326,"Z","medium",471,"X","low",288,"Y","low",356,"","","","","17-06-2024","06:17:00","07:18:00","17-06-2024 07:14","Reunion Netflix Cnn","Actor Bob Odenkirk","Senator","D","Senator Cory Booker (NJ)","Senator BOOKER. Well, sir, we sent a letter days ago asking for that. I willÑI will re-send it with you in these next 24 hours before our hearing tomorrow.",-0.532994838855096,0.204178400907396,-0.697814397404318,-2.18402489760186,-1.1366469252242,-0.613812180684983,-0.54174268155948,1.31131127503969
362,"X","medium",264,"Z","medium",453,"Z","high",256,"Z","",5,"Z","medium",381,"X","low",317,"X","medium",197,"","","","","16-10-2024","21:13:00","22:53:00","16-10-2024 22:44","Reunion Netflix Cnn","Actor Bob Odenkirk","Chairman","R","Senator Chuck Grassley (IA)","Chairman GRASSLEY. We responded to your letter.",2.01587582163789,2.40965059466878,0.239185233577886,-0.207631659910873,-0.079042118434225,-0.14684277261925,0.734131630719801,-0.237073132222024
363,"Y","low",409,"Y","medium",496,"Y","low",108,"X","high",471,"X","high",212,"Y","high",432,"Y","high",499,"","","","","14-02-2024","16:15:00","18:05:00","14-02-2024 18:02","Bob Baffert Suspended","Point Tally Nba","Senator","D","Senator Cory Booker (NJ)","Senator BOOKER. Again, sir, you did not respond to our letter by allowing committee confidential documents to beÑÑ",0.960532552349933,0.347822330450861,0.174958614592577,0.923877457277904,0.675741582557947,1.7399662207494,0.348247054193743,1.09291185593524
364,"X","medium",423,"Z","low",115,"Z","high",281,"Z","low",356,"Y","medium",464,"Z","medium",52,"Y","medium",493,"","","","","01-08-2024","09:27:00","12:33:00","01-08-2024 12:28","Climate Action Opinion","Actor Bob Odenkirk","Chairman","R","Senator Chuck Grassley (IA)","Chairman GRASSLEY. Please go to your opening statement.",0.598153810422517,0.832000243212541,-0.905171114547684,0.122895497176789,0.76664105264281,0.0112577814402747,0.686993623501893,-2.36027714841522
365,"X","medium",417,"Z","low",188,"Y","medium",471,"X","low",410,"Z","high",460,"X","high",261,"X","low",428,"","","","","15-04-2024","16:43:00","19:38:00","15-04-2024 19:29","Bob Baffert Suspended","Lomachenko","Senator","D","Senator Cory Booker (NJ)","Senator BOOKER. Thank you very much, sir. And, look, I wasÑ you know, former SenatorÑnow former Vice President Biden talked about not questioning your colleaguesÕ motives, and some of the colleagues across the aisle have called the efforts by some of us sincerely to get access to these documents a sham, a charade. I can go through a lot of the words that were used calling into question the motivations that I have or doing what I believe, sir, is perhaps the most grave and important duty that I have as a Senator, to advise and consent. And, yes, as Senator Cornyn pointed out, I have announced my decision already, but my duty to the people of the State of New Jersey, and others, is to fully vet an individual. That is why I think these documents are important, that his full record is made clear, and that we have a chance to ask questions about it. I also have said that I oppose this nomination happening right now because of the moment we are in American history, which is very unprecedented. I remind you that we have had bipartisan statements by Senators working in tangent about the attack on the United States of America, which was an attack going to the core of what our democracy is about: the voting processes. A special counsel was put into place, and that has led to dozens of people being indicted, people all around the President of the United States. It has led to dozens and dozens of charges, and that investigation is ongoing. We have seen the President of the United States credibly accused by his own personal lawyer toÑas being an unindicted co-conspirator. In all of this, we have one judge being chosen who was not on the original list. He was not on the outsourced Federal SocietyÕs original list. He was not on the second version of that list. He got onto that list after this special investigation got going; in other words, after the President was in jeopardy. He was added to the list, and then the President pulled the one person from all of that list lateÑthat was added late that would give him, in a sense, the ability to pick a judge that has already spoken vastly about a PresidentÕs ability to be prosecuted, about a PresidentÕs ability to dismiss or end an investigation. And so, that is the second reason why I have asked for us to put a pause on this process. Fundamental to this NationÕs very beliefsÑJudge Learned Hand said thisÑas powerful and profound as the documents of this country, our founding documents, they are not worth much if the people themselves lose faith in them. And I believe the nomination of a judge through all of this, who so powerfully speaks to a PresidentÕs de facto immunity from ongoing investigation prosecution, will shake the faith that millions and millions of Americans have in the fairness of the process and the system. And I have asked Judge Kavanaugh time and time again to recuse himself, to restore that faith, to alleviate the concerns of Americans, and he has thus far refused to do so. Now, I am upset about the process, and this is not manufactured outrage. This is sincere concern for a process that seems wrong and just not objective and fair. I am concerned about, as many colleagues are on both sides of the aisle, a Russian attack on our Nation. But there is a lot more going on here that makes this nomination of great concern, and it is, frankly, some of the things I have heard from both sides of the aisle tonight, is when we travel this country and what we are hearing from individuals, and how that is related to a position on the Supreme Court. Right now, millions of American families are watching this in sincere concern and fear. I have heard them. I have gotten the calls. I have traveled this country. I have talked to Republicans and Democrats. They are fearful about where the Supreme Court is going and what it will do when it has the power to shape law, shape the lives and liberties for individuals, for decades to come. I have talked to workers all over my State, all over this Nation, workers that now work in a country where wages are at a 60-year low as a portion of our GDP, whose labor protectionsÑworkers whose labor protections are being diluted and whose unions are under attack. So many of those individuals are asking whether the Supreme Court of their lifetimes will be an institution that elevates the dignity of American workers, or one that allows powerful corporate interests to continue to weaken labor protections that did not just happen, labor protections that were fought for, that people struggled for, that some, you know, in the labor movement actually died for. Are these labor rights going to become aggravated, are they going to become limited, further increasing the vast disparities of wealth and power in our country? We know this. We have talked to them on both sides of the aisle. We have talked to cancer survivors, Americans with disabilities, survivors of domestic abuse, parents with beautiful children that happen to have disabilities, who, because of the Affordable Care Act, can no longer be denied coverage because of, quote, ÔÔa pre-existing condition.ÕÕ There is a Texas case where that is being challenged right now. That is moving up. It could likely go before the Supreme Court. Well, knowing your record, it is right that these Americans, so many of them with pre-existing conditions, are asking whether the Supreme Court will be an institution that affirms and protects the rights of people with access to healthcare, someÑmany people who rightfully believe when they read our founding documents that talk about life, liberty, and the pursuit of happiness, that healthcare they believe is fundamental. We all know too many people who have set aside prescription drugs because they are too high because of what corporations are doing there, people who have put off going to see the doctor because a visit is too expensive. That is in the balance with this nomination. I have gone across the State, and, Senator Durbin, I do not know if I have told you this. I was in your State talking to a Republican farmer about how the farm country is changing so dramatically the livelihoods of so many independent family farmers, are being threatened by the consolidation of large multinational corporations. These corporations have acquired so much power. This consolidation nowÑfrom the seeds that they buy, the prices going up, to who they have the ability to side to. This abuse of corporation consolidation is driving so many farmers out of business. You see, one farmer was telling me about the suicide rates. Now, people are saying that this is histrionics, this is not life or death. Well, I know these things actually are often a matter of life or death. When insurance rates go upÑwhen insurance rates go down rather, more people without healthcare often lose their lives. There areÑthere is not one Senator on the Republican side or the Democratic side who has not seenÑI have only been here 5 years, and I have seen the culture of Washington change because of the obscene amount of dark money pouring into our political process, corrupting our political process, rigging the system. This nomination will have an effect on that. I have seen Americans all over this country with the bipartisan work that I have done with Senators on either side who feel entrapped by a broken criminal justice system, one that isÑwe know and unassailably disproportionately targets Black and Brown Americans, where many Americans believe, and one famous American said, we have a system that now treats you better if you are rich and guilty, than poor and innocent. These issues are in the balance now. And everyone who is concerned about these issues and more are wondering what the story of America is. We have this great leader, a man named King, who said, ÔÔThe arc of the moral universe is long, but it bends toward justice.ÕÕ There are so many Americans who fought for these fundamental rights, family members who they remember, union organizers, civil rights activists, womenÕs rights activists who fought for, struggled for, and died for many of these rights, the right for women to make their own medical decisions, including the right to an abortion and not a back alley butcher, the right of all Americans to marry who they love, the right to vote, and to work free of discrimination regardless of race and the rights of all Americans. These are our rights. These are American rights. And so, we know the answer to these questions. I have looked through the record I have had access to to see the pattern of your decisions, and that is the pattern that really troubles me, Judge. And I know we are going to get a chance to go through this, and I know my colleagues will as well. But it seems so clear that in your courts, the sameÑthe same folks seem to win over and over againÑthe powerful, the privileged, big corporations, special interestsÑover and over again. Folks that lose are the folks that why I came to Washington to fight, working folks, consumers, women, immigrants, minorities, the disadvantaged, the poor. This is the challenge before us. This is why so much is at stake. I love that my colleagues keep going back to the Constitution, but understand this. I laud our Founders. I think they were geniuses, but you got to understand that there are millions of Americans who understand that they were also flawed people. We are the oldest constitutional democracy. We are the oldest one. We were founded in a break with human events. You know this, Judge. I have read your writings. We were not founded on some kind of tribalism as much as we think it is breaking out in our country. We were not founded because we all look alike, we all pray alike, because we are all of the same race. We are not a monarchy or theocracy. We broke with the course of human events and formed this Nation. God bless America. God bless our Founders. But we know our Founders and their values and their ideals, we know that theyÑthat they were flawed, and you can see that in the documents. Native Americans were referred to as ÔÔsavages.ÕÕ Women were not referred to at all. African Americans, Black slaves, were referred to as fractions of human beings. As one civil rights activist, I think it was Stokely Carmichael, used to always say, ÔÔconstitute, constitute, I can only say three-fifths of the word.ÕÕ",0.653051059991994,0.999990090897677,-0.59446836639579,0.175391793329004,0.700806145703557,0.15472767468651,0.740920484501407,-2.14191540645093
366,"Z","high",5,"Y","low",282,"X","low",83,"Z","medium",333,"Y","low",111,"Z","low",108,"X","low",439,"","","","","14-07-2024","09:35:00","12:43:00","14-07-2024 12:36","Bob Baffert Suspended","Lomachenko","Chairman","R","Senator Chuck Grassley (IA)","Chairman GRASSLEY. Senator BookerÑÑ",-1.74840041641949,0.402446932840079,0.542252823955484,0.63688020312715,-1.59786917402478,0.26833550077287,-1.9938331627923,0.0392758616111586
367,"X","medium",217,"X","low",349,"X","low",222,"Y","low",201,"Y","low",85,"Z","low",376,"X","high",284,"","","","","13-04-2024","16:04:00","17:19:00","13-04-2024 17:13","Bob Baffert Suspended","Lomachenko","Senator","D","Senator Cory Booker (NJ)","Senator BOOKER. I am almost done, sir.",-0.425411776390972,1.30266759625611,-0.774099447094038,0.0627821326306756,0.358936794717056,-0.580073084004697,0.445907363256315,0.169855388261951
368,"Y","high",96,"Z","high",125,"X","high",319,"Y","high",497,"Y","",442,"X","low",298,"Y","low",410,"","","","","16-07-2024","09:44:00","10:03:00","16-07-2024 09:54","Bob Baffert Suspended","Lomachenko","Chairman","R","Senator Chuck Grassley (IA)","Chairman GRASSLEY. Okay, go ahead. [Laughter.]",0.273278121392038,-1.34668502891142,1.15028335956564,0.613780188062075,-0.514985921588326,-1.6757143811326,0.183469869384618,-0.280364780728743
369,"Y","low",96,"Z","medium",274,"Z","medium",196,"Z","medium",393,"Y","",445,"X","medium",374,"X","medium",35,"","","","","17-06-2024","07:00:00","09:14:00","17-06-2024 09:05","Bob Baffert Suspended","Lomachenko","Senator","D","Senator Cory Booker (NJ)","Senator BOOKER. I have got about three more minutes.",1.04240161304829,-0.175094366686066,0.317471927835145,-0.322243208929895,-1.0713872062416,-0.719281060399388,0.864244237298416,-0.165102763426485
370,"X","high",204,"Y","medium",417,"X","low",22,"Y","",44,"","",422,"X","medium",452,"Z","high",115,"","","","","04-10-2024","07:42:00","09:03:00","04-10-2024 08:58","Bob Baffert Suspended","Lomachenko","Chairman","R","Senator Chuck Grassley (IA)","Chairman GRASSLEY. The only reasonÑthe only reason I stopped you at this point is I thought that I would let people go at least as far as Senator Blumenthal went, and you have reached that point.",-0.0134964342517104,2.30098800262397,-0.0955916970276632,1.23037918142152,-0.515825272304619,0.586065403462381,0.118543735886746,1.20596444970238
371,"Z","high",48,"Z","high",381,"Y","high",334,"X","low",288,"Z","low",230,"X","low",,"X","high",331,"","","","","14-08-2024","11:11:00","14:02:00","14-08-2024 14:00","Bob Baffert Suspended","Lomachenko","Senator","D","Senator Cory Booker (NJ)","Senator BOOKER. I appreciate that. I am a bit of a trailblazer, sir. I am going to push just two or three more minutes.",0.0568872476162845,-0.229832349297576,2.26651639621934,-0.773919559529915,-1.34968334364517,-0.3657767161243,-0.74310127710148,0.43304405953005
372,"Y","high",96,"X","high",411,"X","high",370,"X","low",271,"Y","medium",431,"Z","medium",427,"X","high",61,"","","","","17-02-2024","20:27:00","22:16:00","17-02-2024 22:08","Bob Baffert Suspended","Lomachenko","Chairman","R","Senator Chuck Grassley (IA)","Chairman GRASSLEY. Okay.",-0.603643856878032,-0.736925467585853,1.49108717746889,0.535134562933315,0.221418535374606,-1.43492135046247,0.241759653275022,2.09568759940294
373,"Y","high",2,"Z","high",444,"X","low",327,"Z","high",143,"Y","low",,"Z","low",405,"Y","",406,"","","","","24-04-2024","14:25:00","16:46:00","24-04-2024 16:40","Bob Baffert Suspended","Hold Fastest Marathon","Senator","D","Senator Cory Booker (NJ)","Senator BOOKER. My pointÑmy point, sir, is that I am proud of this history.",0.478506983869651,-0.618854997661481,2.51174790318749,0.861209577397682,-1.1865902226303,-1.28405885246856,0.335002870941811,0.773652438864114
374,"Z","low",489,"X","low",430,"Y","low",229,"Y","medium",,"X","high",370,"Z","medium",312,"Y","low",88,"","","","","10-09-2024","11:10:00","12:24:00","10-09-2024 12:23","Golf Black Professional","Lomachenko","Chairman","R","Senator Chuck Grassley (IA)","Chairman GRASSLEY. Your clock, when it reaches 10, is your 21Ú2 minutesÑÑ",-1.36252675543867,-0.110900757115425,0.410528285549954,-1.56653418602459,1.29421129485442,1.86042823652834,0.258448493062147,0.248142290525334
375,"Y","low",429,"Y","low",255,"X","high",328,"Z","low",,"","low",301,"X","medium",196,"Z","high",174,"","","","","09-05-2024","12:25:00","15:29:00","09-05-2024 15:23","Bob Baffert Suspended","Lomachenko","Senator","D","Senator Cory Booker (NJ)","Senator BOOKER. And I just want to point out right here from the activism in Stonewall, Selma, Seneca Falls. There is an activism that I worry, rights that were gained were rolled back. And the example I have here is, there is an amazing activist here right now, Ms. Carlotta Walls LaNier. And Ms. LaNier, I thank her for coming today. It was 61 years ago on this very day on September 4th, 1957, that Ms. LaNier at the age of 14, faced crowds that were shouting racial slurs. She was jeered. And on that day, Ms. LaNier joined eight other students, a group that would become known as the Little Rock Nine, to try to desegregate an all-White high school in Little Rock, Arkansas. We know what they did that day was much moreÑmuch bigger than a first day of school. It was the first major test of the Supreme CourtÕs landmark decision, the 1954 Brown v. Board of Education decision. I have been shocked sitting here that there are now some judges that Trump has appointed that refuse to even sayÑand I am not saying this is you, sirÑthat that is settled law. There are people, like Ms. LaNier, who were part of gaining rights in this country, advancing the ideals of this Nation toward the purity of the ideals put forth by the Founders despite the imperfections. And now, the fear and the worry is, what the trend of the Court is doing, is rolling back those gains. It is undermining that progress. It is restricting individual rights as the rise of corporations, the rise of dark money, the rise of the interests of the powerful and the privileged and the elite. And so, I just say in conclusion, sir, and I said this to you in a heart-to-heart moment in the last seconds that you wereÑyou came to my office to meet with me one-on-one, which I appreciated. I pointed to the map behind my desk, which is the central ward of Newark, New Jersey, a place with mighty people. It is a low-income community, people still struggling for the fullness and the richness of the promises of America. That is the concern that I have right now. That is what is at stake. And so, I say in conclusion, sir, this to me is a profound and historical moment. I cannot support your nomination not just because of the body of your work, but also the perverse process by which this comes forward. We should not vote now. We should wait, and if we are not waiting, we should object to your nomination. Thank you.",-0.451254081336598,-1.01871487551383,-0.549323873066374,1.35900951930203,0.691798194955675,1.63386812522515,0.21015256656125,-0.547204232166354
376,"Z","low",201,"Y","low",487,"X","medium",165,"X","high",43,"Z","high",133,"Z","low",168,"X","medium",129,"","","","","30-12-2024","09:06:00","10:32:00","30-12-2024 10:25","Voice Cnn Masai","Actor Bob Odenkirk","Chairman","R","Senator Chuck Grassley (IA)","Chairman GRASSLEY. Senator Tillis.",-0.778758143502708,0.0260949554068265,0.474790691226818,0.00245024033466989,-1.15195897417772,2.26495427313783,-0.959986681040711,0.362366578910981
377,"X","high",2,"Y","low",247,"X","low",8,"X","low",464,"Z","",,"Z","low",181,"Z","",270,"","","","","27-08-2024","11:25:00","12:33:00","27-08-2024 12:23","Bob Baffert Suspended","Lomachenko","Senator","R","Senator Thom Tillis (NC)","Senator TILLIS. Thank you, Mr. Chairman. I have a 12-minute preamble and 18 minutes of comments. [Laughter.] Senator TILLIS. In all seriousness, I hope to beat Senator Flake in being brief. First of all, to Ashley, I know that Margaret and Liza are gone, but you have gone through a very difficult day, and you have held up well. To your parents, Judge Kavanaugh, I have got to compliment you on your motherÕs composure. I am pretty sure my mother would have been out of the chair by now. [Laughter.] Senator TILLIS. So, I appreciate all that you haveÑall you have done. You have obviously raised your son right. You know, I think we need to go back and recognize we were going to be here. This was not going to be a ÔÔKumbayaÕÕ moment. We had every Member on this Committee either publicly state or participate in a press conference before the sun had set on the first 24 hours of your nomination that they were going to vote against you. Now, we are asking for all kinds of documents, and you are getting them. As a matter of fact, I think the Chair has done an extraordinary job. He started on this process by offeringÑacquiring as many as a million documents. We determined because of duplication and relevance it was only a half a million, and they have all been provided. And I am not an attorney, but I am a technologist, and I am also a process person, and I know damn well that if you get documentation electronically, you can get through in a matter of hours. And for the documents that got sent yesterday, you could get through it in a matter of hours. They have plenty of time to get documents. They only need to run up the score because they already know they are going to vote against you. I also want to compliment you on your composure. You have taken a lot of notes, and I for one tomorrow am going to spend more of my time listening to your responses rather than talking over you and trying to simplify things into ÔÔyesÕÕ/ÔÔnoÕÕ answers that you know you cannot respond to. So, I look forward to your testimony tomorrow. You know, as the hearing was going on, there were two things that just caught me. I am not going to do my prepared statements. I will submit them for the record, Mr. Chair. But weÕre talking about all this dark money and efforts going on on the other side. Well, I just got an email from Organizing for ActionÑyou all would know that as the legacy campaign of President ObamaÑtelling me to oppose you because you are going to deny reproductive rights, deny healthcare coverage, advance climate change in a bad way, and gun violence prevention. I do not know near as much about the institutions of Government as, let us say, Senator Sasse, but I am pretty sure once you get confirmed on the Bench, you are not going to be able to file a bill to do any of that. What you may end up doing is finding out that we got lazy, we did not work hard enough, we did not understand the Constitution, we did not reach across the aisle to create enduring value, which is largely the reasons why people get frustrated with you. They want you to do our job. Justice Gorsuch said numerous times in his confirmation hearing that I had the privilege of participating in, ÔÔIt is not my job to do your job, Mr. Senator.ÕÕ If you are frustrated and worried about the prospects of somebody being denied coverage for pre-existing conditions, then let us fix it. That is why I filed a bill a couple of weeks ago. Let us fix it. Do not play politics and blame the Supreme Court for your inadequate architecture of a bill. Let us fix it. If you are worried about the balls and strikes that Judge Kavanaugh has called on the bench around regulatory issues, it seems to me you have called balls and strikes on both sides of the Administrative Procedures Act, and there seem to be flaws in there that need to be fixed. For the attorneys in the room who are studied on the law, rather than trying to get Judge Kavanaugh to commit one way or another on these policy initiatives that President Obama and others around this table are interested in, get them to explain to you the legal theory behind his position that may have, in fact, produced an outcome that he did not particularly like, but because he did it based on his interpretation of the Constitution and the laws. Do not expect him to be a politician. And as for motivations, you know, I have to say that it has been said by at least one person on this Committee that on the one hand we should not question other peopleÕs motivations. On the other hand, I find it personally insulting to think that because I think we have before us an imminently qualified judge, someone who is going to call balls and strikes, to suggest that because I am inclined to support him, that I am complicit in evil really makes me wonder the sincerity about questioning other peopleÕs motives. So, Judge Kavanaugh, I am glad that you are before us. I believe that you have 300 opinions that people should look at and read and try and spar with you on the basis of your legal knowledge, your constitutional understanding and the statutory constructs. It would be great, and I hope that people are actually taking time to look at the single most important factor in your re«sume«. It is not maybe where you went to school. I guess that is good. It is not maybe where you practiced law, but it is the 307 different opinions you can read and the dissents you can read. Spar on the basis of your legal knowledge those of you who want to prove to be the smartest lawyer in the room, and see if you can actually prove a better theory that may actually give Judge Kavanaugh pause. But that is not what this hearing has been about, and I am so glad that I am one of the last people to do an opening statement because what I hope I hear tomorrowÑand by the way, just from a process standpoint, theÑwe are going to have 30-minute rounds, which in Senate time is about an hour and a half per MemberÑÑ [Laughter.] Senator TILLIS [continuing]. Tomorrow, and then we are going to have 20-minute rounds the following day. Everybody take time to actually talk about legal theory. Stop the theater, and start talking about what is really meaningful here. And I think if we do that, I have every confidence, Judge Kavanaugh, you are going to be Justice Kavanaugh, and I am proud to actually see you compose yourself the way you have today. I will be asking you several questions on some judgments that, frankly, I did not like, but I know you probably made the right decision. And I believe that when you get confirmed to the Bench, you are actually going to take some other opinions that I do not like because it is what it is, what I wished you could do for me because we failed to get it done here, but it will be done for the right reasons. And I think if people objectively look at your record, they are going to be hard-pressed to take all this theater we have heard today and boil it down into something that makes you look like you are an activist judge just waiting to be one of the members of that nine-member legislative branch down the street. I think you are one of the single greatest opportunityÑgreat opportunities that we have to make the Supreme Court make us do our job and to reign in the dangerously high amount of authority that our administration branch has, and that is all I want you to do. And I look forward to asking you questions tomorrow. I yield back the rest of my time. [The prepared statement of Senator Tillis appears as a submission for the record.]",-1.48244105631491,1.07786573263518,-0.505768804553692,1.77406284880705,-1.78816833648954,-0.13086708779102,-0.235374075791901,0.0965266454765839
378,"X","medium",167,"X","medium",354,"Y","medium",494,"Z","high",350,"Y","medium",438,"Z","high",303,"Z","high",40,"","","","","14-08-2024","21:12:00","22:25:00","14-08-2024 22:18","Bob Baffert Suspended","Said Alicia Keys","Chairman","R","Senator Chuck Grassley (IA)","Chairman GRASSLEY. Senator Harris.",0.783635975982929,2.1215502891435,-1.05155784878732,-0.528925719626519,0.275927176133328,-1.10926867356096,0.348358047217958,1.17677166624179
379,"X","medium",217,"Z","high",471,"X","high",102,"X","medium",56,"Y","medium",442,"Y","high",401,"Y","high",406,"","","","","23-09-2024","21:32:00","22:00:00","23-09-2024 21:50","Bob Baffert Suspended","Hold Fastest Marathon","Senator","D","Senator Kamala Harris (CA)","Senator HARRIS. I see Senator Graham has rejoined us. I think he was here before me. He is more senior.",2.06194510851603,0.751520689959189,0.856365233946902,0.132096713558211,-0.436517963769,-0.0357105323733158,0.753678725840617,0.21950093767894
380,"Y","medium",84,"Y","medium",21,"Z","medium",229,"Z","medium",152,"X","low",299,"X","high",,"","medium",444,"","","","","16-12-2024","11:11:00","13:05:00","16-12-2024 12:57","Reunion Netflix Cnn","Said Alicia Keys","Chairman","R","Senator Chuck Grassley (IA)","Chairman GRASSLEY. We go back and forth.",1.26240032355215,0.0903119065392358,-1.78252787057497,1.13177813079015,-0.199244793664886,-1.46125651203594,-1.65292518872157,-0.191495484190091
381,"Z","medium",330,"Y","high",466,"Y","high",270,"Y","low",419,"X","medium",19,"Z","",289,"Y","low",373,"","","","","19-09-2024","12:11:00","12:46:00","19-09-2024 12:38","Golf Black Professional","Hold Fastest Marathon","Senator","D","Senator Kamala Harris (CA)","Senator HARRIS. Okay, great. Senator HARRIS. So, I thank you, Mr. Chairman. I would like to restate my objection from earlier for the record, which is my motion to postpone this hearing. A number of comments have been made by my honored and respected colleagues. I would like to address a few of them. One, there was some mention of a concern about Elena KaganÕs hearing and that the White House at the time, there was an agreement that thoseÑcertain records and should, therefore, not be disclosed. It is my understanding that as a point of distinction between that time and today that those were active cases in the White House, and for that reason, there was an understanding and agreement that they were of a sensitive nature and should not be disclosed. In terms of the point that has been made about playing politics and blaming the Supreme Court, I think that we have to give pause when those kinds of concerns are expressed to also think about the fact that there have been many a political campaign that has been run indicating an intention to use the United States Supreme Court as a political tool to end things like the Affordable Care Act, the Voting Rights Act, and campaign finance reform, which makes this conversation a legitimate one in terms of a reasoned concern about whether this nominee has been nominated to fulfill a political agenda as it relates to using that Court and the use of that Court. As it relates to the 42,000 documents or 42,000 pages of documents, I find it interesting that we get those documents less than 24 hours before this hearing is scheduled to begin, but it took 57 days for those documents to be vetted before we would even be given those documents. So, there is some suggestion that we should be speed readers and read 42 pagesÑ42,000 pages of documents in about 15 hours when it took the other side 57 days to review those same documents. So, the logic, at least on the math, is not applying. Now, the Chairman has requested 10 percent of the nomineeÕs documents. That is 10 percent of 100 percent of his full record. The nomineeÕs personal lawyer has only given us 7 percent of his documents, 7 out of 100 percent of the full record. Republicans have only given 4 percent of these records or made them public. That is 4 percent of 100 percent of a full record. Ninety-six percent of his record is missing. Ninety-six percent of his record is missing. It is reasonableÑit is reasonableÑthat we should want to review his entire record, and then we can debate among us the relevance of what is in his record to his nomination. But it should not be the ability of thisÑthe leadership of this Committee to unilaterally make decisions about what we will and will not see in terms of its admissibility instead of arguing about the weight of whatever is made admissible. The late Senator Kennedy of Massachusetts called these hearings of Supreme Court nominees, ÔÔa job interview with the American people,ÕÕ and by that standard, the nominee before us is coming into his job interview with more than 90 percent of his background hidden. I would think that anyone who wanted to sit on the NationÕs highest court would be proud of their record and would want the American people to see it. I would think that anyone privileged to be nominated to the Supreme Court of the United States would want to be confirmed in a process that is not under a cloud, that respects due process. I would think that anyone nominated to the Supreme Court of the United States would want to have a hearing that is characterized by transparency, and fairness, and integrity, and not shrouded by uncertainty, and suspicion, and con- cealment, and doubt. We should not be moving forward with this hearing. The American people deserve better than this. So, Judge Kavanaugh, as most of us know, and I will mention to you, and you have young children, and I know they are very proud of you, and I know you are a great parent, and I applaud all that you have done in the community. And so, as you know, as we all know, this is a week when most students in our country go back to school, and it occurs to me that many years ago, right around this time, I was starting kindergarten. And I was in a bus, a school bus, on my way to Thousand Oaks Elementary School as part of the second class of students as busing desegregated Berkley, California, public schools. This was decades after the Supreme Court ruled Brown v. Board of Education that separate was inherently unequal. And as I have said many times, had Chief Justice Earl Warren not been on the Supreme Court of the United States, he could not have led a unanimous decision, and the outcome then of that case may have been very different. Had that decision not come down the way it did, I may not have had the opportunities that allowed me to become a lawyer or a prosecutor. I likely would not have been elected District Attorney of San Francisco or the Attorney General of California. And I most certainly would not be sitting here as a Member of the United States Senate. So, for me, a Supreme Court seat is not only about academic issues of legal precedent or judicial philosophy. It is personal. When we talk about our NationÕs highest court and the men and women who sit on it, we are talking about the impact that one individual on that Court can have, impact on people you will never meet and whose names you will never know: whether a person can exercise their constitutional right to cast a ballot, that may be decided if Judge Kavanaugh sits on that Court; whether a woman with breast cancer can afford healthcare or is forced off lifesaving treatment; whether a gay or transgender worker is treated with dignity or maybe treated as a second class citizen; whether a young woman who got pregnant at 15 is forced to give birth or, in desperation, go to a back alley for an abortion; whether a President of the United States can be held accountable, or whether he will be above the law. All of this may come down to Judge KavanaughÕs vote, and that is what is at stake in this nomination. And the stakes are even higher because of the moment we are in, and many of us have discussed this. These are unprecedented times. As others have already observed, less than 2 weeks ago, the PresidentÕs personal lawyer and campaign chairman were each found guilty or pleaded guilty to eight felonies. The PresidentÕs personal lawyer under oath declared that the President directed him to commit a Federal crime. Yet, that same President is racing to appoint to a lifetime position on the highest court in our land, a court that very well may decide his legal fate. And, yes, that is essentially what confirming Judge Kavanaugh could mean, so it is important, more important, I would say, than ever that the American people have transparency and accountability with this nomination. And that is why it is extremely disturbing that Senate Republicans have prevented this body and, most importantly, the American people, from fully reviewing Judge KavanaughÕs record, and have disregarded just about every tradition and practice that I heard so much about before I arrived in this place. Judge Kavanaugh, when you and I met in my office, you said with respect to judicial decisions that rushed decisions are often bad decisions. I agree with you. I agree with you. And when we are talking about who will sit on the Supreme Court of the United States, I believe your plank could not be more important. Mr. Chairman, when Judge Kavanaugh was nominated in July, he expressed his belief that a judge must be independent, must interpret the law, and not make law. But in reviewing this nomineeÕs background, I am deeply concerned that what guides him is not independence or impartiality. It is not even ideology. I would suggest it is not even ideology. What I believe guides him and what his record that we have been able to see shows is what guides this nominee is partisanship. This nominee has devoted his entire career to a conservative Republican agenda, helping to spearhead a partisan investigation into President Clinton, helping George W. BushÕs legal team ensure that every vote was not counted in Bush v. Gore, helping to confirm partisan judges and enact partisan laws as part of the Bush White House. And in all of these efforts, he has shown that he seeks to win at all components, even if that means pushing the envelope. And if we look at his record on the D.C. Circuit and in his recent writings and statements, it is clear that the nominee has brought his political bias to the bench. He has carried out deeply conservative partisan agenda as partÑas a judge favoring big business over ordinary Americans, polluters over clean air and water, and the powerful over the vulnerable. Just last year, Judge Kavanaugh praised the dissent in Roe v. Wade and ruled against a scared 17-year-old girl seeking to end her pregnancy. He has disregarded the Supreme Court precedent to argue that undocumented workers were not really employees under our labor laws. We have witnessed horrific mass shootings from Parkland to Las Vegas to Jacksonville, Florida, yet Judge Kavanaugh has gone further than the Supreme Court and has written that because assault weapons are ÔÔin common use,ÕÕ assault weapons and high-capacity magazines cannot be banned under the Second Amendment. When he was part of an independent counsel investigation into the Democratic President, the nominee was dogged in demanding answers, and yet he has since changed his tune, arguing that Presidents should not be investigated or held accountable, a position that I am sure that is not lost on this President. These positions are not impartial. They are partisan. Judge Neil Gorsuch, Judge KavanaughÕs classmate, insisted before this Committee that judges are not merely ÔÔpoliticians in robes.ÕÕ I fear that Judge KavanaughÕs record indicates that is exactly what he may very well be. Now, I know Members of this Committee and the nomineeÕs friends and colleagues have assured us that he is devoted to his family, and supportive of his law clerks, and volunteers in his community, and I do not doubt that at all, but that is not why we are here. I would rather that we think about this hearing in the con- text of the Supreme Court of the United States and the impact that it will have on generations of Americans to come. And do we want that Court to continue a legacy of being above politics and unbiased, or are we prepared to participate in a process that is tainted and that leaves the American public questioning the integrity of this process? And I will close by saying this. We have a system of justice that is symbolized by a statue of a woman holding scales, and she wears a blindfold. Justice wears a blindfold because we have said in the United States of America, under our judicial system, justice should be blind to a personÕs status. We have said that in our system of justice, justice should be blind to how much money someone has, to what you look like or who you love, to who your parents are, and the language they speak, and every Supreme Court Justice must understand and uphold that ideal. And, sir, should those cases come before you, Judge Kavanaugh, I am concerned whether you would treat every American equally, or instead show allegiance to the political party and the conservative agenda that has shaped and built your career. I am concerned your loyalty would be to the President who appointed you and not to the Constitution of the United States. These concerns I hope you will answer during the course of this hearing. I believe the American people have a right to have these concerns. I also believe the American public has a right to full and candid answers to the questions that are presented to you during the course of this hearing. I will paying, of course, very close attention to your testimony, and I think you know the American public will be paying very close attention to your testimony. Thank you. [The prepared statement of Senator Harris appears as a submission for the record.]",1.40225646784707,-0.0246496611060266,0.65912500251761,0.1123430786767,0.465418285471476,1.52839199750866,-1.99298349453076,0.967179070036169
382,"Z","medium",498,"Z","medium",420,"X","high",269,"Y","low",351,"Y","",370,"X","medium",206,"Z","low",92,"","","","","08-04-2024","09:21:00","11:52:00","08-04-2024 11:43","Golf Black Professional","Hold Fastest Marathon","Chairman","R","Senator Chuck Grassley (IA)","Chairman GRASSLEY. Senator Graham.",1.8140594025616,1.59857488611231,0.985360414447707,-1.45366785437045,1.44932435230758,0.901187965020021,-0.79481241503954,-0.829643883635791
383,"Y","high",421,"Y","high",498,"X","high",10,"X","",38,"X","high",126,"X","high",303,"X","medium",145,"","","","","19-06-2024","18:59:00","21:18:00","19-06-2024 21:17","Golf Black Professional","Hold Fastest Marathon","Senator","R","Senator Lindsey Graham (SC)","Senator GRAHAM. Am I the last person?",0.317447944850111,-0.474027038465256,1.6491110144838,1.96199646410398,1.23422899728349,1.16503739961286,-0.190684532766471,1.39338480798749
384,"X","low",428,"Z","low",386,"Z","medium",495,"X","medium",73,"X","high",102,"X","high",409,"Z","low",113,"","","","","12-02-2024","11:53:00","12:26:00","12-02-2024 12:19","Golf Black Professional","Hold Fastest Marathon","Chairman","R","Senator Chuck Grassley (IA)","Chairman GRASSLEY. Yes.",-0.0293555409427655,0.588944078065919,0.202612846467376,-0.142136699942231,-0.0818654290547131,1.6425278345998,2.11951830233573,-1.19020126688972
385,"Y","high",415,"X","low",78,"Y","high",264,"Z","medium",464,"","low",39,"X","high",205,"X","low",301,"","","","","22-11-2024","13:39:00","17:17:00","22-11-2024 17:13","Golf Black Professional","Actor Bob Odenkirk","Senator","R","Senator Lindsey Graham (SC)","Senator GRAHAM. All right.",-1.99138128690356,-0.592902337511953,-0.178889313147918,0.511915701305778,2.05458145510031,-0.94392995012098,0.334650975323986,-0.584466117655549
386,"Y","medium",34,"Z","high",150,"Z","medium",415,"Y","medium",78,"Y","medium",78,"Y","medium",198,"Z","high",444,"","","","","02-02-2024","18:31:00","19:05:00","02-02-2024 19:02","Golf Black Professional","Point Tally Nba","Chairman","R","Senator Chuck Grassley (IA)","Chairman GRASSLEY. But do not forget, we are going to hear from the nominee and his introducers before you can go home and go to bed. [Laughter.]",1.81329871374196,-1.29325364433727,0.375884805824099,0.375124477520257,-0.693281011908627,-1.98379758738187,-0.45268989899683,-0.493619981572678
387,"Y","medium",275,"Z","medium",1,"Z","high",388,"Y","medium",312,"Z","low",245,"X","medium",100,"X","low",439,"","","","","02-03-2024","19:19:00","22:44:00","02-03-2024 22:39","Golf Black Professional","Hold Fastest Marathon","Senator","R","Senator Lindsey Graham (SC)","Senator GRAHAM. Okay, thank you. I was going to ask you to take me to dinner, but that is not going to happen.",1.76242449379137,0.08034477925839,-0.808957503376803,-0.107544299929326,0.820179296632463,-1.71633136429069,-0.341607057852704,-1.61185655281154
388,"Z","high",282,"Z","medium",303,"Z","low",68,"","low",497,"Z","medium",138,"Z","low",249,"Y","high",,"","","","","10-08-2024","08:35:00","09:31:00","10-08-2024 09:27","Smitten Aussie Tennis","Lomachenko","Chairman","R","Senator Chuck Grassley (IA)","Chairman GRASSLEY. You know the answer to that. [Laughter.]",0.0588107517256476,1.30704587749654,1.38392861223073,-1.2052206026817,0.0931506133789812,0.0371867817936781,-0.581014091812,-0.471098744584963
389,"Y","low",50,"Z","high",218,"X","low",229,"Y","medium",83,"X","",,"Z","low",228,"Y","medium",344,"","","","","25-05-2024","09:34:00","12:27:00","25-05-2024 12:19","Golf Black Professional","Hold Fastest Marathon","Senator","R","Senator Lindsey Graham (SC)","Senator GRAHAM. You know that. That is right. So, to my colleagues on the other side, I look forward to working with you, but we have a different view here. I think you got to be blind as to what is going on here. Have you heard of Justice Breyer? Do you know him? He cannot say anything, I guess. Where did he come from? He was Ted KennedyÕs Senate Judiciary person. Where do you think Republicans are going to go find a judge? The whole argument is, you can be a conservative Republican President, but you got to nominate a liberal to be fair to the country. That is absurd. Where do you think Ruth Bader Ginsburg came from? She was the general counsel of the ACLU. Wonderful person. What groups do you all use to pick from? This is shaping up to be the hypocrisy hearing, and that is hard to do in the Senate in todayÕs time to be hypocritical, but let me just point to a few of these things. Clinton. It did not bother anybody for Clinton to nominate Breyer while he was under investigation. We actually did it. It did not bother any of you all that a Ted Kennedy staff person was his pick. It did not bother me either because that is who I expected you to pick. This is ridiculous. You are one of the best choices any Republican could make. As I said with Justice Gorsuch, I am glad you are here because there were days I was wondering who he would have picked. [Laughter.] Senator GRAHAM. And this is a homerun from my point of view. Let us talk about Roe v. Wade. Who would ever play politics on the campaign trail with Roe v. Wade ? What a bastard Donald Trump is, until you hear about Hillary Clinton. February the 3rd, 2016, this is what Hillary Clinton said. When asked, does she have a litmus test for SCOTUS nominationsÑSupreme Court nominees, ÔÔI do have a litmus test. I have a bunch of litmus tests, because the next President could get as many as three appointments,ÕÕ and I hope she is right. ÔÔWe have got to make sure to preserve Roe v. Wade, not let it be nibbled away or repealed.ÕÕ She sounds very open-minded. October 2016, ÔÔWe need a Supreme Court that will stand up on behalf of womenÕs rights. It is important that we not reverse Roe v. Wade. I want a Supreme Court that will stick with Roe v. Wade and a womanÕs right to choose.ÕÕ I understand where she is coming from. Anybody running for President over there, I dare you to disagree with her. You will wind up like I did, getting 1 percent. [Laughter.] Senator GRAHAM. If you even suggest that you will pick a nominee that is not going to uphold Roe v. Wade, that is the end of you. But you have figured that out. You do not need me to tell you. So, this is the way we do politics. This is a big decision called Roe v. Wade. There are two sides and a bunch of nuances. Here is what I know about you. You are going to take it as precedent. You wrote a big book, which I will never read, and you are going to tell us what it takes to overturn longstanding precedent. Nobody on this side will care if you overturn Citizens United. As a matter of fact, they will cheer you on. Somebody will challenge Citizens United, and you will probably say, let me hear both sides of the story, then I will tell you whether or not I should uphold it. So, Hillary Clinton, we know where she is at, on Roe v. Wade, and that is just the way it is. Now, what other things? Executive power, this idea that Trump picked you to save him. Amazing concept, since you said what you said back in 1998 and 2008. The bottom line is, when Clinton was being impeached, my good friend, and this is true, he is my good friend, on February the 12th, 1999, introduced into the record dur- ing the deliberations of the Clinton impeachment trial, an article by Brett Kavanaugh suggesting that you should wait, if there is an indictment, until after the President is out of office. The same concept we are talking about here today, when the shoe was on the other foot, here is what Joe said about your thinking. ÔÔThe President is not simply another individual. He is unique. He is the embodiment of the Federal Government and the head of a political party. If he is to be removed, the entire Government likely would suffer, and the military or economic consequences to the Nation could be severe. . . . Those repercussions, if they are to occur, should not result from the judgment of a single prosecutorÑ whether it be the Attorney General or special counselÑand a single jury. Prosecution or nonprosecution of a President is, in short, inevitably and unavoidably a political act. Thus, as the Constitution suggests, the decision about the President while he is in office should be made where all great national political judgments in our country should be madeÑin the Congress of the United States,ÕÕ according to Joe BidenÑthe gift that keeps on giving for us. I think that is pretty hypocritical. During the Clinton days, you were right, but all of a sudden you are a danger to the republic. Let us talk aboutÑoh, there are so manyÑhow many minutes do I have here? The bottom line isÑÑ",1.0302224889698,-2.00398491761484,0.619973109731968,-0.0343785408202982,-1.39091214582269,-0.77122591803965,0.822818447844443,0.0776017646498864
390,"Z","low",73,"Z","high",237,"Z","high",295,"Z","high",22,"Z","medium",255,"X","medium",80,"Y","high",110,"","","","","02-05-2024","19:29:00","23:05:00","02-05-2024 22:58","Golf Black Professional","Hold Fastest Marathon","Chairman","R","Senator Chuck Grassley (IA)","Chairman GRASSLEY. Do not exceed what Whitehouse had.",0.661952295835109,-1.42776370809797,0.724646439635984,-1.60621446614445,-1.72005600568382,0.251769727382733,-0.214890280174756,0.00621946573730066
391,"Y","low",282,"Y","low",366,"Z","low",92,"Z","high",408,"Y","high",263,"Z","high",,"","low",199,"","","","","21-12-2024","06:51:00","08:04:00","21-12-2024 07:55","Bob Baffert Suspended","Actor Bob Odenkirk","Senator","R","Senator Lindsey Graham (SC)","Senator GRAHAM. I will not.",-0.438293354015737,-0.776017339584501,-0.069285648190866,1.47550392961919,-0.189249181335611,1.37340815314333,0.121037820298485,-0.0121531883252434
392,"X","high",357,"Z","medium",410,"X","high",290,"Y","medium",474,"Z","high",208,"X","medium",,"X","medium",,"","","","","06-04-2024","12:10:00","12:52:00","06-04-2024 12:47","Golf Black Professional","Hold Fastest Marathon","Senator","R","Senator John Cornyn (TX)","Senator CORNYN. That would be impossible.",0.477416376434633,2.31752459896517,0.935344970645213,0.0102281342084451,0.282692449768938,0.228339271679406,1.39363110428663,-0.12112914991917
393,"X","medium",104,"Z","medium",36,"X","low",308,"X","medium",257,"X","low",226,"X","medium",145,"Z","high",31,"","","","","10-03-2024","12:17:00","15:10:00","10-03-2024 15:09","Golf Black Professional","Point Tally Nba","Senator","R","Senator Lindsey Graham (SC)","Senator GRAHAM. Guns. Somehow you are going to make sure that CongressÑthe bottom line on gunsÑDianne Feinstein is a wonderful lady and has passion on this issue about assault weapons. She was able to succeed politically. After 10 years, the gun assault weapons ban expired and it has been hard to get it re-established. She introduced legislation in 2013 that got 60 ÔÔnoÕÕ votes, 16 Democrats. So, I do not believe they see you as a threat to the Nation if you come out on the idea that the Second Amendment has some meaning. In other words, the political process, when it comes to guns, is a work in progress, and I would rather us decide that than you. When it comes to the pillar of virtue, Comey. Harry Reid: That he has been a supporter of Comey and led the fight to get him confirmed as he believed Comey was a principled public servant. ÔÔWith the deepest regret, I now see that I was wrong.ÕÕ Mr. Nadler from New York: ÔÔThe President can fire him for cause and ought to. He violated all the guidelines and put his thumb on the scale of an election.ÕÕ Mr. Cohen from Tennessee, a Democrat, called on Comey to resign his position effective immediately. ÔÔI am sure upon reflection of this action, he will submit his letter of resignation for the NationÕs good.ÕÕ To my Democratic friends, you were all for getting rid of this guy. Now all of a sudden, the country is turning upside down because Trump did. There is a process to find out what happened in the 2016 election. It is called Mr. Mueller. And I will do everything I can to make sure he finishes his job without political interference. And I am here to tell anybody in the country who listens that this is so hypocritical of my friends on the other side. When it was their President, Kavanaugh was right. When you are talking about Roe v. Wade, it is okay to promise the Nation it will never be overturned. It is okay to pick a Democratic staff member of this Committee, but it is not okay to pick somebody who has been a lifelong Republican. People see through this. You had a chance and you lost. If you want to pick judges from your way of thinking, then you better win an election. I voted for two of your choices, Sotomayor and Kagan. Got a lot of crap. I would suggest you think long and hard if you got a political ambition of voting for this guy because it will not play well on your side. And why did I do it? I thought they were qualified by any reasonable measure given the history of the Senate. But we have turned the history of the Senate upside down. I found that they were different than I would have picked, Sotomayor and Kagan, but by any reasonable measure they are qualified. You have been on the court for 12 years. You have had 307 decisions. You have been approved before, so I hope people in the country understand this game. It is a game that I am sad to be part of. It has gotten really bad. The antidote to our problems in this country when it comes to judges and politics is not to deny you a place on the Supreme Court. This is exactly where you need to be. This is exactly the time you need to be there, and I am telling President Trump you do some things that drive me crazy, you do some great things. You have never done anything better in my view than to pick Gorsuch and Kavanaugh because you had an opportunity to put well-qualified conservatives on the Court, men steeped in the rule of law, who will apply analysis, not politics, to their decisionmaking, and you knocked it out of the park. And to my friends on the other side, you cannot lose the election and pick judges. If you want to pick judges, you better win.",1.60292871594004,1.43208746366138,-1.5249425817183,-0.455836423982404,-0.803351306993848,-1.64077517343579,0.184978224335381,-1.19836146348886
394,"Z","medium",242,"Y","medium",458,"Y","high",326,"Y","medium",116,"Y","",443,"","high",472,"Y","medium",400,"","","","","04-11-2024","11:52:00","13:18:00","04-11-2024 13:10","Smitten Aussie Tennis","Hold Fastest Marathon","Chairman","R","Senator Chuck Grassley (IA)","Chairman GRASSLEY. Let me tell you whatÑlet me tell everybody what the rest of the day holds for us. Judge Kavanaugh, you can take a break now that we had originally scheduled for 15 minutes, and it may take 15 minutes, but we got to put a different table in here for the people that are going to introduce you. So, if your staff will watch, and if we get done in less than 15 minutes, I would like to start just as soon as the table is set. So, we will take a 15-minute break now, and then we have the introducers, and then we will give the oath to the nominee, and then we will hear the statement from the nominee, and then we will adjourn until 9:30 tomorrow morning. And tomorrow morning, my approach is going to be the same for the 30 minutes as it would be for the 5 minutes that we normally have in just an otherwise normal hearing, and that is that if you got 1 second left, you can ask a question, but do not take all day to ask a question. And I hope you can give a short answer if their time is up. Then we willÑthen we willÑwe will move on to the next person. So, I want tomorrow not to happenÑmaybe I better speak to myself. I am not going to let happen tomorrow what I should not have let happen today because I have been instructing people that run Committees either you run the Committee or it runs you, and you guys have been very successful today in running the Committee. I do not want it to happen tomorrow. Take yourÑtake your time, sir, I mean, until we get the table set. Recess. [Whereupon the Committee was recessed and reconvened.] Chairman GRASSLEY. We are fortunate to have Condoleezza Rice, Senator Rob Portman, and Lisa Blatt to introduce the nominee. We will now start with Condoleezza Rice. INTRODUCTION OF HON. BRETT M. KAVANAUGH, NOMINEE TO BE AN ASSOCIATE JUSTICE OF THE SUPREME COURT OF THE UNITED STATES, BY HON. CONDOLEEZZA RICE, Ph.D., FORMER U.S. SECRETARY OF STATE; SENIOR FELLOW, HOOVER INSTITUTION; AND PROFESSOR, STANFORD UNIVERSITY, STANFORD, CALIFORNIA",1.29508573995316,1.64409520365951,0.0919029526088776,-0.184506476455632,0.0538826769076775,0.97113943597467,-2.1716662544357,0.738092931757282
395,"Y","high",37,"Z","high",186,"Z","medium",160,"Z","high",29,"Y","medium",141,"X","medium",136,"Y","high",289,"","","","","28-06-2024","18:55:00","20:05:00","28-06-2024 19:55","Cnn Montana Nonprofit","Niger State Television","Hon.","R","Hon. Condoleezza Rice, Ph.D.","Dr. RICE. Thank you very much. Chairman Grassley, Senator Feinstein, Members of the Committee, I am really honored to join Lisa Blatt and Rob Portman in introducing Brett Kavanaugh at these hearings to consider his confirmation as a Justice of the Supreme Court of the United States of America. My personal relationship with Judge Kavanaugh goes back 17 years to our time as White House colleagues in the administration of George W. Bush. Those were remarkable times, and I loved serving. They were, however, not easy times, and the guidance and counsel of those with whom I worked was both a joy and a blessing. I am so grateful to have had Brett Kavanaugh as a colleague. He was always supportive and strong and caring and someone whose integrity and good judgment I valued enormously. I knew Brett early in his years as a family member. As a matter of fact, I was there when he married Ashley. I remember well the birth of his children. He is a great father and husband and son. In short, he is just a very good human being. Since the nomination of Brett Kavanaugh, I have been able to reflect back on those times and what my experience tells me about Brett in this crucial role. Many have given testimony to his extraordinary legal mind, the depth of his experience, his intellect, and his good common sense. You have heard and you will hear from his clerks and other jurists and great legal figures, as well as colleagues from throughout his career. I do not need to repeat their praise, only to say that I know firsthand that Brett is really, really smart. Here is the Brett Kavanaugh that I know. He is hard-working. He has a sense of humor. He seeks truth in facts. There is no detail too small to gain his attention. He makes those around him better. Brett is wise. He is an old soul who is made to help steady us in these complicated times. Brett listens, especially to those with whom he disagrees. And in our charged environment, when we have become almost tribal, living in echo chambers and often finding comfort in the company of only those with whom we agree, this is an indispensable quality for the responsibilities of the Supreme Court. The only thing that would be better is if Brett had gone to the same college that his mentor and friend Anthony Kennedy went to. That would be Stanford University. But for that, I will forgive him, and I have to say Yale University seems to have done a pretty good job. In recent weeks, we have also had the chance to reflect on our Constitution, the Supreme Court itself, and the trust that we place in the Justices of it. As a scholar and as a diplomat, I have watched the struggle of people across the world to achieve democracy and to keep it. Every day, I am more amazed by the brilliance of the institutional design that the Framers left to us. They carefully balanced powers and responsibilities between the three branches of Government. Knowing that human beings are fallible, they constructed institutions that both enable and constrain those who would govern us. Scholars often speak of the American spirit of constitutionalism. We Americans believe that the Constitution is our personal protection. We take our rights very seriously, and we will go all the way to the Supreme Court if we think those rights have been violated. A democracy is only stable when there is that kind of trust in the institutions, a belief that those institutions will be fair and just and secure the rights of citizens. The strength of AmericaÕs institutions is a cause for optimism, but they cannot be taken for granted. The Supreme CourtÕs special role in protecting the careful balances that the Constitution seeks to achieve is crucial to our democratic stability. This is true even as times and customs change, and it is more important with every passing year in our increasingly complicated Nation. As a little girl born in segregated Birmingham, Alabama, who grew up to be Secretary of State, I know personally our countryÕs long journey to guarantee equal rights. I know the power of the Constitution, and I know the gift of our democracy. The Supreme Court is a crucial guardianÑboth of our Constitution and of our democracy. That is why I am so honored to introduce Brett Kavanaugh for these hearings. He will be an outstanding Supreme Court Justice. His intellect is unquestioned. His judgment is highly regarded, and I can personally attest to his character and integrity as a colleague. Brett Kavanaugh will thoroughly and faithfully uphold the trust that is our heritage, the Constitution of the United States of America, the most remarkable governing document in human history. Thank you.",0.291541387743803,-1.21129800051598,1.41288742208582,0.672005773273797,-0.87578040891501,-1.74323177289664,0.161531859933577,-0.018404039958997
396,"X","low",55,"X","high",376,"Z","medium",470,"X","medium",455,"Y","high",6,"X","medium",209,"Y","high",485,"","","","","10-02-2024","10:15:00","11:01:00","10-02-2024 10:52","Making Racism","Turned Movie Different","Chairman","R","Senator Chuck Grassley (IA)","Chairman GRASSLEY. Thank you, Secretary Rice. Now, our colleague, Senator Portman.",-0.0456154522130611,-0.402559654249694,-0.45793178606092,-0.62178174066664,-1.21004506647675,-0.210782748079781,1.48908106267764,2.14014410756814
397,"X","low",290,"Z","low",290,"X","medium",118,"Y","high",399,"Y","low",400,"X","high",65,"Y","high",420,"","","","","20-01-2024","14:54:00","17:57:00","20-01-2024 17:47","Reunion Netflix Cnn","Turned Movie Different","Senator","R","Senator Rob Portman (OH)","Senator PORTMAN. Chairman Grassley, Ranking Member Feinstein, and colleagues on this Committee on the Republican and the Democratic side, it is a privilege to join Condi Rice and Lisa Blatt here this afternoon in introducing a friend, Judge Brett Kavanaugh. I have known Brett and his wife, Ashley, since before they were married, and I had the opportunity to work with Brett during his service in the George W. Bush White House. As Secretary Rice has just said very well, those of us who worked with him universally praise his work ethic, his intelligence, and his integrity. I visited with George W. Bush a few days ago, and we talked about Brett. He put it simply: Brett Kavanaugh is a class act. In endorsing Brett, former lawyer to President Bill Clinton, Bob Bennett, called him ÔÔa strong advocate of decency and civility.ÕÕ By the way, of all the attributes you look for in a judge, what could be more important than good judgment? Brett definitely showed good judgment in marrying Ashley. So did she, and they are a great family. It is wonderful to have their daughters, Margaret and Liza, with us here today. BrettÕs parents, Edward and Martha, are also here. That is especially appropriate since BrettÕs first introduction to the law came from listening to his mom practice closing arguments at the dinner table. She was a trailblazer. She went to law school at age 34 and eventually became a trial judge. Brett has said, to him, Martha Kavanaugh will always have been the true Judge Kavanaugh. During the process of this hearing, there will be more spirited discussions about BrettÕs legal philosophy and his experience and background as a lawyer and a judge. I heard quite a bit of it already today, and there should be this discussion. This is about a lifetime appointment to the highest court in the land. In my view, there is not a better qualified person to be on that Court. Just last Friday, the American Bar Association gave Judge Kavanaugh a unanimous ÔÔwell qualifiedÕÕ rating, which is the highest rating they offer, unanimous. I saw how he conducted himself as Associate Counsel to the President in the White House CounselÕs office, the job I once had in the first Bush White House. And I have watched him for the past 12 years on the D.C. Circuit, where he has been praised as fair, smart, and independent. He has authored more than 300 published opinions, an impressive number. And the Supreme Court has adopted his reasoning a remarkable 13 times, a testament to his thoughtful and well-reasoned decisions and a record that few, if any, other appellate judges can match. Again, no one more qualified. For more than a decade, he has also taught classes at Harvard, Yale, and Georgetown Law Schools. He is a well-respected judge and a well-respected professor and a thought leader among his peers. That is why so many of his former students, his law clerks, his judicial colleagues, and legal scholarsÑby the way, from across the political spectrumÑhave come out in support of his nomination. Judge Kavanaugh is guided by the Constitution and by the rule of law. He has said the judgeÕs job is to interpret the law, not to make the law or make policy. I agree, and by the way, as do most of the people we represent. Judges should not be legislating from the bench. Clearly, Brett Kavanaugh has the right qualifications, and he has a judicial philosophy that is very much in the mainstream. Just as important to me is the kind of person you want on the Supreme Court. I have known Brett not so much as a legal scholar or a judge or a professor, but as a friend, a father, and a husband. He is thoughtful and compassionate and someone who has a big heart and the humility to listen. To me, that might be the single most important attribute for a member of the Supreme Court, the humility to listen. Throughout this confirmation hearing, I hope the American people will get to know the Brett Kavanaugh I have had the privilege of knowing. A couple days after he was announced, Brett came to my office one evening to discuss his confirmation, just as he has been to your offices. He then went straight from our meeting to serve dinner to the homeless through his church, a regular occurrence that was long scheduledÑscheduled long before his nomination. I only found out about it because that night someone recognized him and took a photo that got tweeted, and it was a photo of him in a baseball cap in the soup kitchen. It is classic Brett that he did not tell me this was where he was going after meeting with me. To my colleagues, I know the man. He does things because it is the right thing to do. Brett is also involved, as some of you know, in his daughtersÕ sports teams. Last season, MargaretÕs sixth grade girls basketball team he coached had an undefeated season and went on to win a citywide championship. Way to go, Margaret. [Laughter.] Senator PORTMAN. To show you where his priorities are, Judge Kavanaugh, or ÔÔCoach K,ÕÕ as he is known by his players, has the team photograph and trophy prominently displayed in his judicial chambers. Julie OÕBrien, whose daughter goes to school with Margaret, has another telling story about Brett. A few years ago, JulieÕs husband passed away. With no one to accompany her daughter to the annual father-daughter dance, Brett stepped up. That year and every year since, Brett has taken her daughter alongside his own to the dance. That is the kind of person he is. That is the Brett Kavanaugh I know. I am proud to introduce Brett Kavanaugh before this Committee, and I am proud to strongly support his nomination to be the next Associate Justice of the United States Supreme Court. I know these are partisan times here in Washington, but this is an extraordinary nominee in every respect. Based on his record, his qualifications, and his character, I believe he deserves broad support. My hope, Mr. Chairman, is that, as was the case with Justices Sotomayor and Kagan nominated by President Obama, this Committee will report his nomination favorably, and the full Senate will confirm him with a strong bipartisan vote that he deserves. Thank you, Mr. Chairman.",-0.176160738047836,0.354546416890937,-0.197941031643512,-0.172370234555437,-0.821620346717899,0.947424241861793,1.86754219037208,-1.26254030803243
398,"X","medium",278,"Z","medium",221,"X","medium",246,"X","low",448,"","low",40,"Y","low",306,"Y","medium",324,"","","","","19-02-2024","09:30:00","12:54:00","19-02-2024 12:52","Voice Cnn Masai","Said Alicia Keys","Chairman","R","Senator Chuck Grassley (IA)","Chairman GRASSLEY. Thank you, my colleague. Ms. Lisa Blatt. INTRODUCTION OF HON. BRETT M. KAVANAUGH, NOMINEE TO BE AN ASSOCIATE JUSTICE OF THE SUPREME COURT OF THE UNITED STATES, BY LISA S. BLATT, PARTNER, ARNOLD & PORTER, WASHINGTON, DC",1.83881571191332,1.87529674927809,-0.747974260623824,-0.373121129154512,0.101478367571231,-0.620396196845303,0.556457335473757,-0.923581409888854
399,"Z","high",375,"X","medium",106,"X","medium",419,"Y","",394,"","high",387,"X","medium",240,"Y","",21,"","","","","23-07-2024","13:38:00","17:31:00","23-07-2024 17:27","Making Racism","International Women","","","Lisa S. Blatt","Ms. BLATT. Thank you, Mr. Chairman and Committee Members. It is a privilege to appear before you today. My name is Lisa Blatt, and I know Judge Kavanaugh in my capacity as an appellate lawyer here in Washington. I have argued 35 cases before the Supreme Court of the United States, more than any other woman in history. I am also a liberal Democrat and an unapologetic defender of a womanÕs right to choose. My hero is Justice Ruth Bader Ginsburg, for whom I had the great fortune of serving as a law clerk. I proudly voted for Hillary Clinton. I voted for President Obama twice. And with my apologies, Mr. Chairman, for this one, I wish Senator Feinstein were chairing this Committee. And yet, I am here today to introduce Judge Kavanaugh and urge the Senate to confirm him as the next Associate Justice of the Supreme Court. I have received many angry calls from friends and even strangers for supporting Judge Kavanaugh. But I was raised to call it like I see it, and I do not see the choice before you as difficult. By any objective measure, Judge Kavanaugh is clearly qualified to serve on the Supreme Court. After law school, he clerked for Justice Anthony Kennedy, the Justice he would succeed. He spent 12 years on the NationÕs most prestigious court of appeals, the United States Court of Appeals for the District of Columbia Circuit. His opinions are invariably thoughtful and fair, and many are known as instant classics not just because they are important, but because they are written so clearly and well. The Supreme Court has adopted the reasoning in his opinions more than a dozen times. Judge KavanaughÕs judicial temperament and integrity are also flawless. He is meticulously prepared, and he treats litigants with respect, asking probing questions of both sides. He approaches judging by determining what the law requires, no matter his per- sonal preference. Judge Kavanaugh has taught at the NationÕs top law schools, published thoughtful Law Review articles, and co-authored a leading treatise on judicial precedent. And as just mentioned, the ABA strongly endorsed him because, ÔÔHe meets the very highest standards of integrity, professional competence, and judicial temperament.ÕÕ On a personal level, I just cannot say enough nice things about the Judge. I first met him almost 10 years ago when he emailed me completely out of the blue to say that he liked an article I had written about arguing before the Supreme Court. Since then, we have become friends, and he has become a mentor to me in my career. Judge Kavanaugh has spent countless hours listening to me talk about the challenges I have faced as a working mother in a profession dominated by men. He has been a great source of advice on these and many other issues about work/life balance. He understands that life is not always perfect, and he responds to lifeÕs challenges with a self-deprecating sense of humor. More generally, Judge Kavanaugh has been remarkably committed to promoting women in the legal profession. More than half of his law clerks have been women, something that is sadly by no means common. And almost all of his clerks, women and men, have gone on to clerk at the Supreme Court, including for Justices Kagan and Sotomayor. As his former women law clerks told this Committee, the legal profession is ÔÔfairer and more equal because of Judge Kavanaugh.ÕÕ He has mentored countless other women through the classes he teaches at Yale and Harvard Law Schools. Obviously, I know that Judge Kavanaugh has a conservative judicial outlook, and if he is confirmed, he will have one of nine votes to definitively decide the meaning of the Constitution, including just how far to read it to protect the reproductive rights of women. Now if it were up to me, Justice Ginsburg would have all nine votes. But that is not our system, and the reality is that the Presidency and the Senate are in Republican hands. Judge Kavanaugh is the best choice that liberals could reasonably hope for in these circumstances. I am sure that some Members of the Senate knew that they would disagree with Justice GinsburgÕs legal views when she was a nominee, but Justice Ginsburg was confirmed 96Ð3. This body has obviously treated some nominees differently since then, to the detriment of our courts. I strongly disagree with the SenateÕs treatment of Judge Garland. Judge Kavanaugh himself spoke glowingly of Judge Garland during his pending nomination, stating that, quote, ÔÔChief Judge Garland is a brilliant jurist. He is thoughtful. He is considerate. He is collegial. He works well with others. He is a good man, great integrity, and he is supremely qualified by the objective characteristics of experience, temperament, writing ability, scholarly ability for the Supreme Court.ÕÕ All of this is equally true of Judge Kavanaugh. I do not think it is fair to hold Judge Kavanaugh responsible for the fact that Judge Garland is not a Justice today. Instead, I would urge this Committee to treat him as we expect him to treat litigants that appear before him: on his own merits and with an open mind toward someone whose views may differ from our own. Our judicial system is not well served by tit-for-tat politics. At the end of the day, I enthusiastically support Judge Kavanaugh, and I am proud to introduce him because he is unquestionably qualified by his extraordinary intellect, experience, and temperament, and he does easily fit within the mainstream of legal thought. I look forward to the Committee over the next few days getting to know the Judge Kavanaugh that I know. And at the end of that process, I hope you will agree that he should be confirmed to succeed his former boss on the Supreme Court.",-1.15407600541995,0.810235732896657,-0.333951135226308,-1.64538138016695,1.56704993615507,-0.486254308850113,-0.81337791885256,0.381691102959007
400,"X","low",455,"X","medium",94,"Z","medium",38,"Z","medium",216,"Y","low",162,"X","high",133,"","low",221,"","","","","06-01-2024","12:11:00","12:45:00","06-01-2024 12:37","Assassination Question","International Women","Chairman","R","Senator Chuck Grassley (IA)","Chairman GRASSLEY. Thank you, Ms. Blatt. Thanks each of the panel for their introduction, and you are dismissed now. And then, Judge Kavanaugh, can you shake your head? I was told that you might want 5 minutes right now. Do you need that?",-0.120782475968154,0.67865582288226,-2.21701053834819,-1.23947645317829,1.26203015347328,0.309284776678374,1.68567531989064,0.406041588381469
401,"X","high",94,"Z","low",365,"Y","high",201,"Y","medium",241,"Y","medium",420,"X","medium",144,"X","low",237,"","","","","12-12-2024","20:44:00","21:59:00","12-12-2024 21:58","Abortion Travel","International Women","Nominee","R","Brett M. Kavanaugh","Judge KAVANAUGH. No.",-0.923468508194557,1.37736936008265,1.05998914839177,0.657294396919836,-1.38969698247656,-0.41901136516661,1.06909981914821,-0.781966490250549
402,"Y","high",170,"X","medium",160,"Y","high",229,"Z","medium",191,"Y","high",83,"Z","low",467,"Y","low",337,"","","","","04-06-2024","10:46:00","11:52:00","04-06-2024 11:48","Making Racism","Beating Forecasts Covid","Chairman","R","Senator Chuck Grassley (IA)","Chairman GRASSLEY. Okay. Then just stay seated until we change the table a little bit, and then we will get to you. [Pause.] [Witness is sworn in.] Chairman GRASSLEY. Thank you. Proceed with your statement or anything else that you want to tell the Committee right now. STATEMENT OF HON. BRETT M. KAVANAUGH, NOMINEE TO SERVE AS AN ASSOCIATE JUSTICE OF THE SUPREME COURT OF THE UNITED STATES",-0.820918820338322,0.385742898361814,-0.118220552020145,0.0257618241335773,0.83348398111617,-1.97673063785345,0.0598312999256628,0.930592701735154
403,"Y","low",427,"Z","high",114,"X","medium",386,"X","low",365,"Y","",82,"Z","high",343,"X","low",283,"","","","","25-01-2024","13:29:00","15:34:00","25-01-2024 15:31","Cnn Montana Nonprofit","Coronavirus Pandemic Late","Nominee","R","Brett M. Kavanaugh","Judge KAVANAUGH. Thank you, Mr. Chairman, Senator Feinstein, Members of the Committee. I thank Secretary Rice, Senator Portman, and Lisa Blatt for their generous introductions. They are patriots who represent the best of America. I am humbled by their confidence. I am proud to call each of them a friend. Over the past 8 weeks, I have witnessed firsthand the SenateÕs deep appreciation for the vital role of the American judiciary. I have met with 65 Senators, including almost every Member of this Committee. Those meetings are sometimes referred to as ÔÔcourtesy calls,ÕÕ but that term understates how substantive and personal our discussions have been. I have greatly enjoyed all 65 meetings. In listening to all of you, I have learned more about our country and the people you represent. Every Senator is devoted to public service and the public good, and I thank all the Senators for their time and their thoughts. I thank President Trump for the honor of this nomination. As a judge and as a citizen, I was deeply impressed by the PresidentÕs careful attention to the nomination process and by his thorough consideration of potential nominees. I am also very grateful for his courtesy. At the White House on the night of the announcement, the President and Mrs. Trump were very gracious to my daughters, my wife, and my parents. My family will always cherish that night, or, as my daughter Liza calls it, her debut on national television. [Laughter.] Judge KAVANAUGH. As a nominee to the Supreme Court, I understand the responsibility I bear. Some 30 years ago, Judge Anthony Kennedy sat in this seat. He became one of the most consequential Justices in American history. I served as his law clerk in 1993. To me, Justice Kennedy is a mentor, a friend, and a hero. As a member of the Court, he was a model of civility and collegiality. He fiercely defended the independence of the judiciary, and he was a champion of liberty. If you had to sum up Justice KennedyÕs entire career in one word, liberty. Justice Kennedy established a legacy of liberty for ourselves and our posterity. I am here today with another of my judicial heroes, my mom. Fifty years ago this week, in September 1968, my mom was 26, and I was 3. At that time, my mom started as a public school teacher at McKinley Tech High School here in Washington, DC. 1968 was a difficult time for race relations in our city and our country. McKinley Tech had an almost entirely African-American student body. It was east of the park. I vividly remember days as a young boy sitting in the back of my momÕs classroom as she taught American history to a class of African-American teenagers. Her students were born before Brown v. Board of Education or Bolling v. Sharpe. By her example, my mom taught me the importance of equality for all Americans. Equal rights, equal dignity, and equal justice under law. My mom was a trailblazer. When I was 10, she went to law school at American University and became a prosecutor. I am an only child. My introduction to law came at our dinner table when she practiced her closing arguments on my dad and me. Her trademark line was, ÔÔUse your common sense. What rings true? What rings false?ÕÕ One of the few women prosecutors at the time, she overcame barriers and was later appointed by Democratic Governors to serve as a Maryland State trial judge. Our Federal and State trial judges serve on the front lines of American justice. My mom taught me that judges do not deal in abstract principles. They decide for real cases, for real people in the real world, and she taught me that good judges must always stand in the shoes of others. The Chairman referred to me today as Judge Kavanaugh, but to me, that title will always belong to my mom. For 12 years, I have been a judge on the U.S. Court of Appeals for the D.C. Circuit. I have written more than 300 opinions and handled more than 2,000 cases. I have given it my all in every case. I am proud of that body of work, and I stand behind it. I tell people do not read about my judicial opinions, read the opinions. I have served with 17 other judges, each of them a colleague and a friend on a court now led by our superb Chief Judge Merrick Garland. My judicial philosophy is straightforward. A judge must be independent and must interpret the law, not make the law. A judge must interpret statutes as written. A judge must interpret the Constitution as written, informed by history and tradition and precedent. In deciding cases, a judge must always keep in mind what Alexander Hamilton said in Federalist 83, ÔÔThe rules of legal interpretation are rules of common sense.ÕÕ A good judge must be an umpire, a neutral and impartial arbiter who favors no litigant or policy. As Justice Kennedy explained in Texas v. Johnson, one of his greatest opinions, judges do not make decisions to reach a preferred result. Judges make decisions because the law and the Constitution as we see them compel the results. Over the past 12 years, I have ruled sometimes for the prosecution and sometimes for criminal defendants, sometimes for workers and sometimes for businesses, sometimes for environmentalists and sometimes for coal miners. In each case, I have followed the law. I do not decide cases based on personal or policy preferences. I am not a pro-plaintiff or pro-defendant judge. I am not a pro-prosecution or pro-defense judge. I am a pro-law judge. As Justice Kennedy showed us, a judge must be independent, not swayed by public pressure. Our independent judiciary is the crown jewel of our constitutional republic. In our independent judiciary, the Supreme Court is the last line of defense for the separation of powers and for the rights and liberties guaranteed by the Constitution. The Supreme Court must never, never be viewed as a partisan institution. The Justices on the Supreme Court do not sit on opposite sides of an aisle. They do not caucus in separate rooms. If confirmed to the Supreme Court, I would be part of a Team of Nine, committed to deciding cases according to the Constitution and laws of the United States. I would always strive to be a team player on the Team of Nine. Throughout my life, I have tried to serve the common good, in keeping with my Jesuit high schoolÕs motto, ÔÔMen for others.ÕÕ I have spent my career in public service. I have tutored at Washington Jesuit Academy, a rigorous, tuition-free school for boys from low-income families. At Catholic Charities at 10th and G, I serve meals to the homeless with my friend Father John Enzler. In those works, I keep in mind the message of Matthew 25 and try to serve the least fortunate among us. I know I fall short at times, but I always want to do more and do better. For the past 7 years, I have coached my daughtersÕ basketball teams. I love coaching. All the girls I have coached are awesome, and special congratulations to the girls on this yearÕs sixth grade CYO championship teamÑAnna, Quinn, Kelsey, Ceane, Chloe, Alex, Ava, Sophia, and Margaret. I love helping the girls grow into confident players. I know that confidence on the basketball court translates into confidence in other aspects of life. Title IX helped make girlsÕ and womenÕs sports equal. And I see that lawÕs legacy every night when I walk into my house as my daughters are getting back from lacrosse or basketball or hockey practice. I know from my own life that those who teach and coach AmericaÕs youth are among the most influential people in our country. With a kind word here and a hint of encouragement there, a word of discipline delivered in the spirit of love, teachers and coaches change lives. I thank all of my teachers and coaches who have gotten me to this point, and I thank all of the teachers and coaches throughout America. As a judge, I have sought to train the next generation of lawyers and leaders. For 12 years, I have taught constitutional law to hundreds of students, primarily at Harvard Law School. I teach that the ConstitutionÕs separation of powers protects individual liberty. I am grateful to all my students. I have learned so much from them, and I am especially grateful to the dean who first hired me, now Justice Elena Kagan. One of the best parts of my job as a judge is each year hiring four recent law school graduates to serve as my law clerks for the year. I hire the best. My law clerks come from diverse backgrounds and points of view. A majority of my 48 law clerks have been women. More than a quarter of my law clerks have been minorities, and I have had far more African-American law clerks than the percentage of African-American students in U.S. law schools. I am proud of all my law clerks. I am grateful for my friends. This past May, I delivered the commencement address at Catholic University Law School. I gave the graduates this advice: ÔÔCherish your friends. Look out for your friends. Lift up your friends. Love your friends.ÕÕ Over the last 8 weeks, I have been strengthened by the love of my friends, and I thank all my friends. I am grateful to have my family behind me. My mom rightly gets a lot of attention, but a few words about my dad. He has an unparalleled work ethic and the gift for making friends with people, regardless of who they are or where they come from. My dad and I are both passionate sports fans. When I was 7, he took me to the 1972 NFC Championship Game at RFK stadium just 2 miles from hereÑupper deck, Section 503, Row 3, Seats 8 and 9. When I was 17, we sat in the same seats for the 1982 NFC Championship Game. In 1995, when I was 30, we were at Camden Yards together when Cal Ripken played in his 2,131st consecutive game and broke Lou GehrigÕs seemingly unbreakable record. And so many other games with my dad, a lifetime of friendship forged in stadium seats over hot dogs and beer. My daughters, Margaret and Liza, will be in and out of this hearing room over the next few days. They are strong girls, dedicated students, outstanding athletes. In the time since you last saw them at the White House ceremony on July 9th, I am pleased to report that Margaret has gotten her braces off and has turned 13. Margaret is the sweetest girl you will ever know. As for Liza, I tell her every night that no one gives a better hug than Liza Kavanaugh. Finally, I thank my wife, Ashley. She is a strong West Texan, a graduate of Abilene Cooper Public High School and the University of Texas at Austin. She is now the popular Town Manager of our local community. This has not exactly been the summer she had planned for the family, but I am grateful for her love and inspiration. Ashley is a kind soul. She always sees the goodness in others. She has made me a better person and a better judge. I thank God every day for my family. Mr. Chairman, Senator Feinstein, Members of the Committee, I look forward to the rest of the hearing and to answering your questions. I am an optimist. I live on the sunrise side of the mountain, not the sunset side of the mountain. I see the day that is coming, not the day that is gone. I am optimistic about the future of America. I am optimistic about the future of our independent judiciary. I revere the Constitution. If confirmed to the Supreme Court, I will keep an open mind in every case. I will do equal right to the poor and to the rich. I will always strive to preserve the Constitution of the United States and the American rule of law. Thank you, Mr. Chairman.",1.14044716542947,-2.20926989120864,0.157018927286823,-0.207165527883782,0.789815324292274,0.303389955165663,1.20326184888922,-0.776029474432539
404,"X","low",25,"Y","low",2,"X","medium",393,"Z","medium",50,"X","low",203,"","medium",76,"Y","high",390,"","","","","26-04-2024","12:31:00","15:28:00","26-04-2024 15:18","Abortion Travel","International Women","Chairman","R","Senator Chuck Grassley (IA)","Chairman GRASSLEY. Thank you, Judge Kavanaugh. I have something I want to say to the Committee, but before that, we have been here approximately 8 hours. You have had a lot to hear today and listen to. I think it is very noteworthy that no one has seriously questioned your qualifications to receive a promotion to the NationÕs highest court, and they have learned a lot about you being an exceptional teacher, coach, volunteer, and dad, in addition to being an exceptional judge. So I thank you very much for your statement. Questions for the record are due Monday, September the 10th, at noon. We will notice Judge KavanaughÕs markup meeting for Thursday, September 13th. This timeline is consistent with how we have handled past Supreme Court nominations. I want everybody to know that right now, so that Members and their staff can be working on written questions throughout the week. With that, we will recess until tomorrow morning at 9:30, when we will start the first round of questions. Again, each Senator will have 30 minutes for the first round of questions, and I intend to go like we have with Gorsuch, that people will have a chance to ask the questions they want to ask. But we start out with the 30 minutes, then the 20-minute second round. So everybody is going to have a chance for a 50-minute crack at this strong judge. Meeting adjourned. [Whereupon, at 4:55 p.m., the Committee was recessed.] [Additional material submitted for the record for Day 1 follows Day 5 of the hearing.] CONTINUATION OF THE CONFIRMATION HEARING ON THE NOMINATION OF HON. BRETT M. KAVANAUGH TO BE AN ASSOCIATE JUSTICE OF THE SUPREME COURT OF THE UNITED STATES 43348 UNITED STATES SENATE, COMMITTEE ON THE JUDICIARY, Washington, DC. The Committee met, pursuant to notice, at 9:35 a.m., in Room SHÐ216, Hart Senate Office Building, Hon. Charles E. Grassley, Chairman of the Committee, presiding. Present: Senators Grassley, Hatch, Graham, Cornyn, Lee, Cruz, Sasse, Flake, Crapo, Tillis, Kennedy, Feinstein, Leahy, Durbin, Whitehouse, Klobuchar, Coons, Blumenthal, Hirono, Booker, and Harris. Chairman GRASSLEY. Good morning, everybody. And we welcome everybody back again and especially Judge Kavanaugh and his wife, Ashley. Yesterday, each Senator made their opening remarks. We also heard from three people who had the honor of introducing Judge KavanaughÑSecretary Rice, Senator Portman, and attorney Lisa Blatt. And we heard for the first time directly from Judge Kavanaugh. He made a powerful, compelling, and convincing statement demonstrating his exceptional background and qualifications to serve our NationÕs highest court. NBC News reported that Democratic Members of the Committee plotted with the Minority Leader to disrupt the hearing yesterday. Democratic Senators interrupted the hearing 63 times before lunch, and in the audience, 70 people were arrested yesterday who were following their lead. All probably very constitutionally prepared to do that, doing what the Constitution says, the right of freedom of speech. But we also were able to finally conduct our hearing the way it should be conducted. [Disturbance in the hearing room.] Chairman GRASSLEY. Yesterday was just opening statements. It was onlyÑit was only our time as Committee Members that we wasted on disruption and disorder over procedural matters. But today is different. -115 [Disturbance in the hearing room.] [Pause.] Chairman GRASSLEY. It was our time, as Committee Members, yesterday to make our case. Today is different. Today is the day that the American people are supposed to hear from the nominee. This morning, we will begin our questioning of Judge Kavanaugh. We will get through all MembersÕ first rounds of questions today, no matter how long it takes. Members are allotted 30 minutes for the first round. If your time expires, your remaining questions may be continued, of course, in the second round tomorrow. We will take a lunch break as well as probably two other 15minute breaks throughout the day. For now, let us plan our first break after five Senators or so have completed their questions. I assume that this will be around 12:15 p.m., which will hopefully coincide with the floor vote that is already scheduled. This would be a 3-minuteÑor 30-minute break for vote and lunch. But, Judge, if you would like to take a break any other time, let us know. We are happy to accommodate that. And with that, I will start the questioning of my 30 minutes. Judge, for the last 12 years, you have served as a Federal circuit judge on one of the most influential Circuits in America. You have authored 307 judicial opinions and joined hundreds more, totaling more than 10,000 pages of record. You have decided some of the most pressing legal issues facing our country. The Supreme Court of the United States, the one you are nominated to be on, has adopted a legal positionÑyour legal position from at least 12 opinions. The Senate Judiciary Committee has received dozens of strong letters of support from hundreds of people, many of whom you know best, from all across the political and ideological spectrum. And the American Bar Association has given you its highest rating, unanimously ÔÔwell qualified.ÕÕ My Democratic colleagues have said that this is the ÔÔgold standardÕÕ of judicial nomination. There is no dispute that you are one of the most qualified Supreme Court nominees. Some people say the most qualified, and I do not disagree with their judgment, and that could be for anybody coming before the United States Senate. I am not the only one who says that because we have a letter from Robert Bennett, surprisingly, President ClintonÕs attorney and your opposing Counsel during the independent counsel investigation of President Clinton. He wrote a very strong letter in support of your confirmation: ÔÔBrett is the most qualified person any Republican President could possibly have nominated. Were the Senate to fail to confirm Brett, it would not only mean passing up the opportunity to confirm a great jurist, but it would also undermine civility in politics twice over, first in playing politics with such an obviously qualified nominee and then again in losing the opportunity to put such a strong advocate of decency and civility on our NationÕs highest court.ÕÕ Mr. Bennett also speaks highly of your integrity and to your fairness and open-mindedness. And so, without objection, I would enter that letter in the record. [The information appears as a submission for the record.] Chairman GRASSLEY. Now to a question. I imagine that your 12 years of judicial service on the second-highest court in the land has given you plenty of opportunity to think about my first question, which is what makes a judge a good one, and what influences in your life have shaped your vision of how a judge should go about doing his job?",-0.958598083289053,-0.353441728276332,-2.47694735197604,0.871875951118575,-2.12580194381417,0.252420665171249,0.205441177707968,-0.617246254793211
405,"X","high",414,"Y","medium",420,"Z","low",229,"Z","medium",20,"Z","high",209,"X","high",67,"Y","low",11,"","","","","26-11-2024","19:13:00","20:53:00","26-11-2024 20:48","Abortion Travel","International Women","Nominee","R","Brett M. Kavanaugh","Judge KAVANAUGH. Thank you, Mr. Chairman. I think the first quality of a good judge in our constitutional system is independence. Independence comes directly from Article III of the Constitution. The independence of the Federal judges really is guaranteed by the Framers in our life tenure and our protection from pay reduction. So because we have life tenure, we are independent and immune from political or public pressure. So I think the first thing that makes a good judge is independence, not being swayed by political or public pressure. That takes some backbone. That takes some judicial fortitude. The great moments in American judicial history, the judges had backbone and independence. You think about Youngstown Steel. You think about, for example, Brown v. Board of Education, where the Court came together and knew they were going to face political pressure and still enforced the promise of the Constitution. You think about United States v. Nixon, which I have identified as one of the greatest moments in American judicial history, where Chief Justice Burger, who had been appointed by President Nixon, brought the Court together in a unanimous decision to order President Nixon, in response to a criminal trial subpoena, to disclose information. Those great moments of independence and unanimity are important. Respect for precedent is another one. We are a system of constitutional precedent. Precedent is not just a judicial policy. It is sometimes stated that it is just a policy. Precedent comes right from Article III of the Constitution. Article III of the Constitution refers to the judicial power. What does that mean? What does ÔÔjudicial powerÕÕ mean? Judicial power, you look at Federalist 78, and what is described there is a system of precedent. So precedent is rooted right into the Constitution itself, and it is constitutionally dictated to pay attention and pay heed to rules of precedent. Beyond that, being a good judge means paying attention to the words that are written, the words of the Constitution, the words of the statutes that are passed by Congress. Not doing what I want to do, not deferring when the Executive rewrites the laws passed by Congress, but respect for the laws passed by Congress, respect for the rule of law, the words put into the Constitution itself. That is part of being a good judge. That is part of being independent. That is part of precedent. And then I would say being a good judge, there are human qualities in terms of the interaction. Although these confirmation processes focus on one person, as if you are making all of the decisions, as I said yesterday, I am joining a Team of Nine, if I were fortunate enough to be confirmed. And that means something. It means something in sports. It means something in judging. I do not make decisions by myself. For the last 12 years, I have not been making decisions by myself. Every case has been in a panel of at least three judges, and you learn from each other when you are deciding cases. You work with each other when you are deciding cases. And so having collegiality and civility, as Justice Kennedy showed us so powerfully repeatedly with how he conducted himself over the years. That is very important because those great moments that I was talking about at the beginning like United States v. Nixon, like Brown v. Board, the Court came together in unanimous decisions. And the unanimity of the decisions added force. That took personal interaction. That took collegiality. So I think, you know, I have tried to be a very collegial judge. I have tried to be civil. I want, Mr. Chairman, the losing party, the losing party in every case to come out and say, ÔÔKavanaugh gave me a fair shake. He was well prepared. He wrote a clear opinion. He explained everything. I disagree, but at least I get it.ÕÕ So I want the losing party and I want both parties to walk out at oral argument and say, ÔÔHe had an open mind. He gave me a fair shake.ÕÕ And I think I have done that for 12 years. I have tried to do that consistently. Everything you do as a judge matters in terms of being a good judgeÑoral argument, writing opinions, how you decide. So those are the qualities. I guess the last thing I always remember about it is the thing I said my mom told me from the first instance. Judging is not just about theory. It is not theory. It is not just what a Law Review article is. Judging is real people in the real world, and every decision we make, no matter how high-minded it might sound, affects real people in the real world with real interests. And we have to remember that in how we explain the decisions. Thank you, Mr. Chairman.",0.0962843239801894,2.32731737082331,-0.0944119358784986,1.17661696784611,0.672318816776796,1.32179248602603,0.38168829636766,0.905353055019882
406,"Y","low",472,"Z","high",197,"X","high",229,"Z","medium",480,"X","low",358,"X","low",35,"Y","medium",56,"","","","","13-09-2024","06:46:00","07:33:00","13-09-2024 07:28","Assassination Question","International Women","Chairman","R","Senator Chuck Grassley (IA)","Chairman GRASSLEY. Now following up on the wise words of Senator Sasse yesterday on separation of powers, your record before the Senate includes more than 10,000 pages of judicial writings over your dozen years. We have over 440,000 pages of emails and other records from your legal service at the White House and Judge Starr. And you have written extensively on the issue of our Constitution, separation of power among the three branches. And a key component of the separation of powers is the independent judiciary. Obviously, everybody learns in eighth grade civics about judges interpreting law. The judiciary must continue to be the least political and least dangerous branch. A judgeÕs sole job is to find and apply the law evenly and fairly without regard to the President who nominated him, the Senators who voted for him, the parties before him, and the political consequences of his judicial decisions. So, Judge, let us discuss judicial independence from the executive branch. No one, not even the President, is above the law. Some of my colleagues have criticized your views of Presidential authority, suggestingÑwrongly, in my opinionÑthat your views of Presidential authority would not allow any meaningful check on the President, particularly this one. Please tell us what judicial independence means to you, including whether you have any trouble ruling against a President who appointed you and against the executive branch in any case before you. You have partly talked about independence, but apply it spe- cifically to a ruling against a President or the executive branch generally.",1.22936745078882,-2.01347966345176,0.507427258386269,-0.161261111152172,1.00848449118572,0.646403204907122,1.32889000456331,-0.604062219989705
407,"X","high",49,"Y","medium",174,"X","low",245,"Y","medium",159,"Z","high",323,"Z","high",123,"X","medium",476,"","","","","13-09-2024","07:32:00","09:43:00","13-09-2024 09:37","Abortion Travel","Said Alicia Keys","Nominee","R","Brett M. Kavanaugh","Judge KAVANAUGH. Thank you, Mr. Chairman. To begin with, you are correct. No one is above the law in our constitutional system. Federalist 69, Hamilton makes clear all the ways that the executive branch, as designed by the Framers of the Constitution, was different from the monarchy. Under our system of Government, the executive branch is subject to the law, subject to the court system, and that is an important part of Federalist 69. It is an important part of the constitutional structure. In general, so, too, we, as judges, are separate from the Congress. We are not supposed to be influenced by political pressure from the Executive or from the Congress. We are independent. We make decisions based on law, not based on policy, not based on political pressure, not based on the identity of the parties. No matter who you are in our system, no matter where you come from, no matter how rich you are or how poor you are, no matter your race, your gender, no matter your station in life, no matter your position in Government, it is all equal justice under law. And again, look at our examples in history. I always will go back to the great moments in our history where these principles, which sound abstract if you are just describing them, were actually implemented. And I go back to Youngstown Steel, and you think about it, it is a 6ÐtoÐ3 decision where the Supreme Court rules that President Truman has violated the law by seizing the steel mills. Now this is a time of war, a time of war where lots of Americans were killed, and the Supreme Court is under pressure to defer to the PresidentÕs war effort in a 6ÐtoÐ3 decision. But what is interesting to me, Justice ClarkÑwe do not usually talk about Justice Clark in that decision. Why is he important? He is important. He was appointed by President Truman to the Supreme Court. What a moment of judicial independence there to rule in that case. You think about Justice Jackson, who had been working for President Roosevelt, and then he dissents in the Korematsu case. Stands up and says letting racism like this is like letting a loaded weapon lie around. [Disturbance in the hearing room.] Judge KAVANAUGH. Dissents against President RooseveltÕs decision. Justice JacksonÕsÑÑ",-0.285721417922328,1.72562237399425,-1.12020425563196,1.10216896113627,-1.28773186472406,-0.498896622702679,-0.278117535774917,0.736733791757042
408,"Z","high",96,"Z","medium",185,"X","medium",13,"Z","medium",17,"X","medium",496,"Y","high",369,"Y","low",217,"","","","","12-01-2024","09:41:00","12:50:00","12-01-2024 12:42","New Covid Lockdowns","Coronavirus Pandemic Late","Senator","D","Senator Dianne Feinstein (CA)","Senator FEINSTEIN. Ask him to suspend.",-0.130011836961659,1.01741912191112,0.892483731235669,-1.23802737244066,-0.908880487789544,-0.874054087095726,-0.91105706927881,-0.535903522368712
409,"Y","low",342,"Z","low",299,"X","high",411,"Z","medium",,"Z","low",,"X","",30,"Z","high",411,"","","","","10-02-2024","18:09:00","18:40:00","10-02-2024 18:39","New Covid Lockdowns","Coronavirus Pandemic Late","Nominee","R","Brett M. Kavanaugh","Judge KAVANAUGH. Justice JacksonÕs concurrence in Youngstown, which is, of course, what has become the law, that three-part testÑ Category 1, Category 2, Category 3. But again, he writes that concurrence in Youngstown. Why is that a moment of judicial independence? He had taken positions contrary to that when he had worked in the executive branch in the Roosevelt administration. Yet, when he is a judge, he sees it differently as an independent judge. How about Chief Justice Burger? United States v. Nixon. Writes the opinion, unanimous. Moments of judicial independence. So it is resisting public pressure, political pressure. It is treating everyone equally, no matter where you are, what station. When I was aÑbecame a judge on the D.C. Circuit, I had a case called Hamdan v. United States. Who is Hamdan? [Disturbance in the hearing room.] Judge KAVANAUGH. So in the Hamdan case, Hamdan is one of bin LadenÕs associates. You will never have a nomineeÑMr. Chairman, should I proceed?",-0.0425858894686547,-0.906602945913724,0.711676907386958,0.238252230852768,0.108689298853369,0.557810932753737,1.23026297099879,-1.3745194073211
410,"X","low",237,"X","low",240,"Y","high",151,"Z","medium",199,"X","medium",101,"X","low",124,"Y","high",428,"","","","","28-10-2024","12:01:00","15:14:00","28-10-2024 15:09","Assassination Question","International Women","Chairman","R","Senator Chuck Grassley (IA)","Chairman GRASSLEY. This is coming out of my time, but that is okay. Let these people have their free speech and interrupt the other 300 million people listening, that this is your opportunity to speak to the American people and for them to make a judge about it. If they want to affect what the other 300 million people hear from you, then that is just too bad. You proceed now.",-1.3469894813124,0.183643898549166,-1.28277749696963,-0.471200972957636,-0.238811451444683,0.248018039060776,1.57757091877271,0.227156394595868
411,"Y","medium",493,"Y","medium",272,"Z","medium",233,"Z","low",115,"Z","",44,"Z","medium",20,"X","low",60,"","","","","22-07-2024","08:45:00","11:01:00","22-07-2024 10:56","Voice Cnn Masai","International Women","Nominee","R","Brett M. Kavanaugh","Judge KAVANAUGH. Hamdan is one of bin LadenÕs associates involved before September 11th, worst attack ever on American soil. He was prosecuted before a military commission, signature prosecution of the Bush administration. Comes to the D.C. Circuit. I am on the panel. I write the opinion saying that his military commission prosecution is unconstitutional, violates ex post facto principles. You will never have a nominee who has ruled for a more unpopular defendant than ruling for Salim Hamdan. And why did I do that in that case? Why did I rule for someone who had been involved in the September 11th? It is because the law compelled it. As Justice Kennedy showed us in the Texas v. Johnson case, we do not make decisions based on who people are or their policy preferences or the moment. We base decisions on the law. Justice KennedyÕs example of independence is something I have tried to follow. And it means, you know, you are not a proÑas I said yesterday, not a pro-plaintiff or pro-defense judge, not a pro-prosecution or pro-defense judge. I am a pro-law judge, and I have ruled for par- ties based on whether they have the law on their side. That is part of being an independent judge is ruling for the party no matter who they are, so long as the party is right. If you walk into my courtroom and you have the better legal arguments, you will win.",1.67087888883834,0.707616395932619,-0.737902484073458,1.19800972516328,2.00784307132774,0.523423511709142,-0.934309119188019,-0.0733144579898941
412,"Z","medium",272,"Y","low",138,"X","medium",341,"X","high",217,"X","high",132,"Z","",324,"Y","low",,"","","","","30-12-2024","10:20:00","13:29:00","30-12-2024 13:21","Abortion Travel","International Women","Chairman","R","Senator Chuck Grassley (IA)","Chairman GRASSLEY. I think you answered my next question based upon what you said about Hamdan. But there are probably other examples. You do not need to go into detail. But you have PresidentÑÑ [Disturbance in the hearing room.] Chairman GRASSLEY. President Bush appointed you. Are there other cases thatÑthere has been other cases presumably you have ruled against the administration of the person that appointed you?",-0.174316766403247,0.0960847796685061,-0.968812793808889,0.192881803399802,0.161048296350964,0.721952762615122,-2.36376774117745,-1.14349622570093
413,"Y","high",327,"Y","low",148,"Y","low",388,"Y","high",225,"Y","medium",491,"Y","low",407,"Y","low",86,"","","","","18-02-2024","11:58:00","15:47:00","18-02-2024 15:42","Abortion Travel","Niger State Television","Nominee","R","Brett M. Kavanaugh","Judge KAVANAUGH. Absolutely, Mr. Chairman. There were a slew of cases on everything from Freedom of Information Act to some of the administrative law cases. The Hamdan one is certainly the one that comes to mind most because of the importance of that case. Yet I ruled that it was unlawful.",-1.29500561796273,-0.407412955325953,-0.0703792277922037,2.03677029576149,0.735551568382239,0.184116609715231,-0.624642937854463,-0.727426057883778
414,"Z","medium",118,"Z","low",431,"X","medium",43,"Z","medium",,"Y","high",384,"X","medium",264,"","low",76,"","","","","09-08-2024","10:29:00","13:44:00","09-08-2024 13:35","Abortion Travel","International Women","Chairman","R","Senator Chuck Grassley (IA)","Chairman GRASSLEY. Yes. Now did anyone ask you to make any promises or assurances at all about the way that you would rule in certain cases?",0.397805054044163,0.776903656823165,1.35454727154263,-0.736435993204168,-0.910193618435073,-0.0262693199449403,-1.21746677192547,-1.1574674403928
415,"Z","low",96,"Y","high",219,"Y","low",383,"Z","high",,"X","low",370,"X","low",452,"Y","",122,"","","","","28-12-2024","19:13:00","22:59:00","28-12-2024 22:54","Abortion Travel","International Women","Nominee","R","Brett M. Kavanaugh","Judge KAVANAUGH. No.",0.241198447881122,-1.48575945367877,-0.422283182933267,-0.450306068602221,-1.51079110230449,1.16418008194499,-1.29256950248841,1.00239974539872
416,"X","low",88,"X","high",420,"X","high",187,"","medium",440,"Y","high",136,"X","high",344,"","low",,"","","","","28-07-2024","18:58:00","20:51:00","28-07-2024 20:47","Abortion Travel","International Women","Chairman","R","Senator Chuck Grassley (IA)","Chairman GRASSLEY. Were you asked about your views on Roe v. Wade?",0.00619975009788846,-0.297922333498675,-0.272677204199558,-0.599879066296017,-1.04232860402021,0.00279926819963419,1.56702808160923,2.21784220668915
417,"X","low",73,"Y","low",422,"Y","high",229,"Y","low",413,"X","low",234,"Z","high",381,"Y","medium",46,"","","","","05-04-2024","11:51:00","14:43:00","05-04-2024 14:38","Assassination Question","International Women","Nominee","R","Brett M. Kavanaugh","Judge KAVANAUGH. No. [Disturbance in the hearing room.]",-0.600548077055094,0.620699667462207,-0.693891053277467,1.15196132246345,-2.03717662278319,1.36431829776533,0.618118171746951,0.517571213856821
418,"Z","low",56,"Y","medium",355,"X","low",66,"X","high",246,"Y","medium",351,"Z","high",156,"Z","medium",333,"","","","","26-11-2024","17:03:00","17:33:00","26-11-2024 17:23","Abortion Travel","Said Alicia Keys","Chairman","R","Senator Chuck Grassley (IA)","Chairman GRASSLEY. We were talking about separation of powers. Have you ever written any decisions where you use the Tenth Amendment? I am talking about division of powers between Federal and States.",0.272919430633546,0.519891140577679,-0.379910295059947,-0.659515854377005,-1.71328018872444,1.09764460431618,-1.29061646301741,1.1159474626179
419,"X","medium",446,"X","medium",274,"Y","low",358,"","low",278,"Y","high",473,"X","low",432,"X","low",190,"","","","","26-11-2024","06:44:00","09:26:00","26-11-2024 09:16","Abortion Travel","International Women","Nominee","R","Brett M. Kavanaugh","Judge KAVANAUGH. Mr. Chairman, most of the cases that come to the D.C. Circuit are at the national level and, therefore, involving questions of separation of powers between the legislative, executive, and judicial branches. Of course, federalism is a critical part of our constitutional structure as well. The genius of our system, Federalist 39, as described by Madison, is that we have both a national Government and a Federal Government simultaneously. And the House of Representatives really represents in some ways the national part, proportional representation. This body, with two Senators from each State, represents in many ways the Federal part, each State represented equally. And the federalism system by which the States are allowed to regulate local matters, and some of the Commerce Clause cases, such as United States v. Lopez and United States v. Morrison, reinforce the idea that there is a core of authority that is exclusively in the province of the States and beyond the scope of the Federal Government. The Tenth AmendmentÑÑ [Disturbance in the hearing room.] Judge KAVANAUGH. The Tenth Amendment reinforces the structure of federalism that is in our constitutional system. It is important always to remember the role of the States in our constitutional systems, and it is important to recognize as individual citizens something we often forget, particularly in a process like this. Our rights and liberties are protected by the Federal Constitution and by the Federal courts, but they are also protected by State constitutions and State courts. A great judge on the Sixth Circuit, Judge Jeff Sutton, has written a new book about using State constitutions to help protect your individual liberties and rights, too. This whole document, through the separation of powers and the federalism, tilts toward libertyÑÑ [Disturbance in the hearing room.] Judge KAVANAUGH. Tilts toward liberty.",0.862798547542801,1.96262242895048,-1.40707012785831,-0.658913100171921,1.89110516370498,-0.320825489839344,0.627355169112375,0.53632959893171
420,"Z","low",34,"Z","low",418,"X","medium",229,"X","medium",66,"","high",291,"Z","high",315,"X","medium",132,"","","","","25-01-2024","09:57:00","12:41:00","25-01-2024 12:33","Abortion Travel","International Women","Chairman","R","Senator Chuck Grassley (IA)","Chairman GRASSLEY. Now we have talked about your independence from a President. There is also the question of independence from the legislative branch, equally as important. You are going to be asked about your personal views on a variety of topics and whether you believe various Supreme Court cases were correctly decided. Presumably, this is because Senators are going to try to predict how you will rule in cases before you. The idea is that if you agree with your personal viewsÑif they agree with your personal views on particular issues of morality or on Supreme Court precedent, they maybe would vote to confirm you. If not, they might not. Of course, that is improper. Judges should never promise their future votes on the bench in exchange for a SenatorÕs vote for them. If you answer these questions about your views on specific Supreme Court cases or public controversies of the day, you would be showing the opposite of independence from the legislative branch. Politicians can make promises about how they will vote on issues. Judges, by the very nature of the job, should never promise any outcome. If a nominee answers these questions, it threatens to undermine judicial independence. Of course, there may be times where it is appropriate to reconsider certain decisions, especially if more recent opinions have called into question the rationale of the original decisions. So with this in mind, I would like to explore the approach that you would take toward Supreme Court precedent. Could you tell us your views on the value of precedent? I think you have already done that, but if you want to expand on it, go ahead. Have you ever followed precedent of the Supreme Court when doing so conflicted with your personal beliefs?",-0.500731558003186,-0.130081904675576,1.25976220159556,-1.17582046279605,-2.13888994537969,0.656868352721158,-0.134163363526102,-0.671485750804676
421,"X","high",258,"X","low",27,"X","medium",51,"Z","medium",288,"Z","high",10,"Z","medium",43,"Y","medium",119,"","","","","12-12-2024","10:08:00","12:12:00","12-12-2024 12:08","Abortion Travel","Niger State Television","Nominee","R","Brett M. Kavanaugh","Judge KAVANAUGH. My personal beliefs are not relevant to how I decide cases. The role of precedent in our system, which I said is rooted in Article III of the Constitution, it is not just a judicial policy. The role of precedent is to ensure stability in the law, which is critically important. It is also to ensure predictability of the law. People who order their affairs around judicial decisions need to know that the law is predictable. Whether you are an individual or business or worker, you need to have predictability. People rely on the decisions of the courts, and so reliance interests are critically important to consider as a matter of precedent. They are one of the reasons we have the system of precedent, so that people can rely on the decisions. Precedent also reinforces the impartiality and independence of the judiciary. The people need to know in this country that the judges are independent and that we are not making decisions based on policy views. Part of that is to understand we are following a system of precedent, of what has been done before. The Court, every time someone gets on it, is not just bouncing around to, ÔÔWhat do I think is best? ÕÕ It is, ÔÔWhat is the precedent of the Supreme Court? ÕÕ is always part of the analysis, an important part. And for 12 years, I have been applying precedent of the Supreme Court and of my court. Every day for 12 years, I have not been getting up saying how can I rewrite the law? I have been getting up for 12 years every day saying, okay, how can I apply this Fourth Amendment precedent to this fact pattern that comes before me? Or how can I apply this First Amendment precedent to this fact pattern that comes before me? So precedent is the foundation of our system. It is part of the stability. It is ensuring predictability, and it is just foundational to the Constitution, as Article III and Federalist 78 make clear.",-2.21200561232079,0.561574933645834,-1.26128983245268,0.0999350423936604,0.547870267325548,-1.01333167585236,0.806308391326907,-0.43842565556423
422,"Z","high",254,"X","low",249,"X","medium",70,"X","medium",335,"Y","high",427,"Z","low",41,"X","low",172,"","","","","17-09-2024","12:14:00","12:34:00","17-09-2024 12:27","Assassination Question","International Women","Chairman","R","Senator Chuck Grassley (IA)","Chairman GRASSLEY. Now you will be asked by other Members which Supreme Court precedents you like and do not like. But as you know, it is inappropriate for a nominee to answer those questions. And this refers to Justice Ginsburg. She said, ÔÔA judge sworn to decide impartially can offer no forecasts, no hints, for that would show not only disregard for the specifics of a particular case, it would display disdain for the entire judicial process.ÕÕ The underlying reason for this, of course, is that making promises or giving hints undermines the very independence that we have discussed. Would you agree with that?",-2.33305724007495,0.3172596228634,0.582180226581533,-0.904996934819858,0.616931269109995,-0.217555929679383,-0.803621791452367,0.0513640636566207
423,"Z","high",27,"Y","low",356,"Z","low",229,"","low",443,"Z","high",466,"Z","medium",449,"Z","low",,"","","","","03-10-2024","17:31:00","19:18:00","03-10-2024 19:09","Abortion Travel","International Women","Nominee","R","Brett M. Kavanaugh","Judge KAVANAUGH. I do, Senator, Mr. Chairman. And one of the things that I have to remember sitting in this seat is that this moment is a moment of judicial independence with how I interact with this Committee. And what I have done in each of the jobs I have had, and particularly as a judge over the last 12 years, but also in the executive branch, you always askÑI always ask myself and I tell people I am working with to ask how has it been done before? How has it been done before? So, as a judge, how has it been done before as precedent? That is, how has it been done before? When I am sitting here, what did I do? I went and studied all the nominee precedent. I have studied. I have read Thurgood MarshallÕs hearing and Justice BrennanÕs hearing, and I have read the hearings of the eight Justices currently sitting on the Supreme Court. It is what I call nominee precedent. And so all of the nominees currently sitting on the Supreme Court, all the Justices have made clear a couple things. First of all, they cannot discuss cases or issues that might come before them. As Justice Ginsburg said, no hints, no forecasts, no previews. That also means with respect to at least the vast body of Supreme Court precedent going back, you cannot give a thumbs up or thumbs down on the case. That is Justice KaganÕs formulation. She said repeatedly no thumbs up or thumbs down when she was asked, ÔÔWhat do you do think about this case? What do you think about that case? ÕÕ I liked her formulation there. No thumbs up or thumbs down. That nominee precedent, as I call it, is now, in my view, part of the independence of the judiciary, and that nominee precedent is something I need to adhere to when I am here as a nominee now. Because that isÑone of my jobs here is not to advance my own interests, but remember I am a representative of the judiciary as a whole, and I have a responsibility to do judicial independence right here, right now as a nominee. So following that nominee precedent is going to be critical. Now there is an exception that the eight Justices have drawn currently sitting on the Court, if you read all the hearings, for some older cases. And I will be happy to give some older cases where nominee precedent does allow the JusticesÑhas allowed them to talk about a few older cases. And again, why do we do this? Why is this nominee precedence there? When eight Justices of widely ranging views do this, there must be a reason. The reason is judicial independence. What does that mean? It means two things in this context. One, the litigants who come before us have to know we have an open mind, that we do not have a closed mind, that we have not committed something in this process that is going to affect how we decide a case because we feel bound by what we promised to this Committee. And believe me, judges do feel bound by what they said to this Committee. So if I say something and a case comes before me 5 years from now, I am going to feel morally bound by what I said here. And if I have crossed the line of what I should say, then I am not going to have an open mind in that case. That is a violation of judicial independence. Second, as Chief Justice Roberts described perhaps better than anyone, if I get into some kind of process that appears to be a bargaining process where I say, well, I will agree with this decision in exchange for your vote, it is never that explicit. But that isÑ as Chief Justice Roberts described it, that is kind of what seems to be going on sometimes. Well, that is a complete violation of judicial independence because then the judges are not making the decisions based on their reading of the law. It is really, as Chief Justice Roberts described it, it is the Senate or the Senate Judiciary Committee really sending a nominee as a delegate to the judiciary and really doing what the Senate Judiciary Committee thinks is the right thing to do. Chief Justice Roberts explained very forcefully that doing that would be a violation of judicial independence. That nominee precedent weighs heavily on me as a nominee here because it is rooted in judicial independence. And I have said repeatedly already that I am going to be an independent judge. Well, I have to be an independent nominee as well, so I am going to have to adhere to the lines drawn by those prior nominees, Mr. Chairman.",-1.67838930134173,0.575332657878419,0.855663876552447,0.682626564140297,-1.50554665430633,0.511252730858075,-1.90431592301563,0.219278222573916
424,"Y","high",421,"X","low",54,"X","high",54,"X","high",23,"Z","",16,"Y","medium",137,"Z","high",157,"","","","","02-12-2024","20:40:00","00:24:00","03-12-2024 00:20","Abortion Travel","Rwigara Mother Adeline","Chairman","R","Senator Chuck Grassley (IA)","Chairman GRASSLEY. There is only 25 seconds left. I am going to reserve that time and go to Senator Feinstein.",-2.00736999848828,-0.647759766189358,-0.281260153021153,0.493585472173053,2.09903723575503,-0.977117789433316,0.321919833666821,-0.662186565980546
425,"Z","low",250,"Z","medium",91,"Y","low",260,"Z","medium",431,"X","high",196,"Z","medium",233,"Y","",259,"","","","","01-09-2024","14:01:00","14:31:00","01-09-2024 14:28","Assassination Question","Rwigara Mother Adeline","Senator","D","Senator Dianne Feinstein (CA)","Senator FEINSTEIN. Thank you very much, Mr. Chairman. Good morning, Judge.",0.580729228499508,-0.053152072670308,-0.443913158423881,-2.06976926800001,-0.570404589772971,0.303824066840688,-0.18071302312866,-1.00916730209089
426,"Y","high",63,"X","low",32,"Y","medium",348,"Z","medium",259,"X","medium",489,"Z","high",380,"Z","low",496,"","","","","16-02-2024","12:22:00","12:45:00","16-02-2024 12:37","Assassination Question","Rwigara Mother Adeline","Nominee","R","Brett M. Kavanaugh","Judge KAVANAUGH. Thank you.",-2.20792818474658,-0.731631227292777,-0.355063876717437,0.573463399956217,0.0809018393642405,-2.26936119522351,-0.140875297600834,-0.198181604049014
427,"Z","medium",64,"Y","low",243,"Y","high",456,"Y","medium",,"Z","medium",476,"Z","low",384,"Z","high",225,"","","","","22-04-2024","12:22:00","15:54:00","22-04-2024 15:47","Abortion Travel","International Women","Senator","D","Senator Dianne Feinstein (CA)","Senator FEINSTEIN. I am sorry about the circumstances, but we will get through it. I wanted to talk to you this morning about guns, and go back to Roe v. Wade, if I might. My office wrote the assault weapons legislation in 1993. It was law from 1994 to 2004, and it essentially prohibited the transfer, sale, and manufacture of assault weapons. It did not at the time affect possession. I happen to believe that it did work and that it was important. And I have watched case after case, and I think I mentioned earlier, school shootings, which are justÑI never thought this would happen in our country, that someone would bring a semi-automatic assault weapon into a school and just mow down children and staff. And so I have been very interested in your thinking on assault weapons. You specifically argued that the DC assault weapons ban was unconstitutional, and I think because you said these weapons were in common use. What did you base your conclusion that assault weapons are in common use, and what evidence or study did you use to do that?",-0.197317086872933,0.319293287724253,-0.51092226293639,0.321416874766224,-1.06288900834226,0.236238949729653,-2.53363145546832,-0.535844911164339
428,"Z","high",350,"X","low",270,"X","high",229,"Z","high",,"X","low",482,"Y","medium",13,"X","medium",91,"","","","","13-10-2024","19:15:00","22:54:00","13-10-2024 22:52","Assassination Question","Rwigara Mother Adeline","Nominee","R","Brett M. Kavanaugh","Judge KAVANAUGH. Thank you, Senator Feinstein, for the question. I understand, of course, your role on that issue and your long leadership on that issue and appreciate that. I faced a decision where, as in every other decision just about on the D.C. Circuit, I had to follow precedent, precedent of the Supreme Court. I do not get to pick and choose which Supreme Court precedents I get to follow. I follow them all. And so, in the Second Amendment context, the Supreme Court in the Heller decision, written by Justice Scalia, had held that there was an individual right to keep and bear arms. And then in explaining what that meant and what exceptions would be allowed to that right, Justice ScaliaÕs opinion for the Court in Part 3 of the opinion went through this does not mean that there is no gun regulation permissible. So that was an important part of the opinion, Part 3 of the Supreme CourtÕs opinion, where it pre-identified a number of exceptions that would be allowed. Felon in possession laws, concealed carry laws, possession of mentally ill, possession of guns in schools, possession in certain kinds of buildings, he pre-identified that. As to the weapons, the way I understood what he said there, and what was said in the McDonald case later, was that dangerous and unusual weapons could be prohibited. And what he referred to specifically is machine guns could be prohibited. So it is very important to recognize, under the Heller decision, machine guns can be prohibited. And machineÑÑ",-2.26728564820945,0.374614839496981,0.666173785606829,-0.915887598027283,1.15151873621341,0.162953576899327,-0.666824826667975,-0.0297197641573042
429,"Y","high",309,"Y","medium",234,"Y","medium",147,"","medium",232,"X","medium",487,"X","low",307,"Y","high",305,"","","","","13-04-2024","21:12:00","21:44:00","13-04-2024 21:42","Assassination Question","Rwigara Mother Adeline","Senator","D","Senator Dianne Feinstein (CA)","Senator FEINSTEIN. They were in the Firearms Act a long time ago.",-0.00527416875871415,0.601441184056409,-0.00521607826030531,1.49302995630132,0.798450928389677,-0.0516940696663245,-0.614379322134744,0.464859333191589
430,"Y","medium",206,"Z","low",27,"Z","low",77,"Z","medium",205,"Y","low",11,"Y","high",456,"Y","low",414,"","","","","07-05-2024","18:07:00","18:46:00","07-05-2024 18:36","Abortion Travel","International Women","Nominee","R","Brett M. Kavanaugh","Judge KAVANAUGH. Yes, and that isÑÑ",0.517133138802426,-0.677959315440876,-0.393137971762358,0.537429426922724,0.215639970257046,-1.53045139709249,-0.36568115555976,-2.35456983702902
431,"Y","low",96,"Y","low",243,"Z","high",229,"Y","high",95,"Z","high",,"","medium",174,"Z","low",299,"","","","","17-10-2024","16:34:00","20:21:00","17-10-2024 20:15","Assassination Question","Said Alicia Keys","Senator","D","Senator Dianne Feinstein (CA)","Senator FEINSTEIN. Machine guns have been prohibited.",-0.63108620168108,-1.07718821955847,-0.581988887173542,1.43921082649089,-1.18909873900571,0.450914013444345,-0.213208801999177,-0.0913091185211664
432,"X","high",17,"Y","low",444,"X","low",296,"Y","medium",36,"X","low",249,"Y","high",271,"X","medium",265,"","","","","01-03-2024","10:27:00","13:28:00","01-03-2024 13:24","Abortion Travel","International Women","Nominee","R","Brett M. Kavanaugh","Judge KAVANAUGH. Yes, Senator. And Justice ScaliaÕs opinion did not disturb that longstanding regulation. In fact, it specifically reaffirmed that machine guns could be prohibited. The Court in Heller, the Supreme Court upheldÑor struck down a DC ban on handguns, most of which are semi-automaticÑÑ",-1.31834152380562,1.53409015451283,0.330983696326792,1.90743481115909,-1.7891602206716,0.364581433540624,-0.0511345856290137,0.639874758649799
433,"Y","medium",15,"X","high",15,"Y","low",491,"X","low",41,"Y","low",301,"Z","low",132,"X","low",334,"","","","","29-03-2024","11:01:00","12:42:00","29-03-2024 12:41","Voice Cnn Masai","Said Alicia Keys","Senator","D","Senator Dianne Feinstein (CA)","Senator FEINSTEIN. I do not meanÑlet me interrupt you because I think we are on totally different wavelengths. I am talking about your statement on ÔÔcommon useÕÕÑÔÔcommon useÕÕ being a justification. And assault weapons are not in common use.",0.592363913073315,-1.65726485642119,-1.07221783397665,0.00798304106650329,0.119192230057449,-2.75648485069507,-0.771927129378772,0.702042601818137
434,"Y","medium",267,"X","medium",387,"X","low",21,"Z","low",133,"Y","low",200,"Y","low",360,"Z","medium",440,"","","","","25-01-2024","16:38:00","20:03:00","25-01-2024 19:56","Abortion Travel","International Women","Nominee","R","Brett M. Kavanaugh","Judge KAVANAUGH. And Justice ScaliaÕs opinion used that phrase, and I think the next sentence of the opinion talked about dangerous and unusual weapons. And the Court in Heller itself, the Supreme Court, struck down a DC ban on handguns. Now most handguns are semi-automatic. That is something that not everyone appreciates. Most handguns are semi-automatic. And the question came before us of semi-automatic rifles, and the question was, can you distinguish as a matter of precedentÑagain, this is all about precedent for me, trying to read exactly what the Supreme Court said if you read the McDonald case. And I concluded that it could not be distinguished as a matter of law semi-automatic rifles from semi-automatic handguns. And semi-automatic rifles are widely possessed in the United States. There are millions and millions and millions of semi-automatic rifles that are possessed. So that seemed to fit common use and not being a dangerous and unusual weapon. That was the basis of my dissent. But in a nutshell, the basis of my dissent was I was trying to follow strictly and carefully the Supreme Court precedent. And I know you have read the opinionÑÑ",0.960816319735561,0.920247670504697,-0.0425455636776343,-0.11433548572482,1.46764038781057,-1.27824339819379,-0.209172848719826,1.06299876455903
435,"Y","medium",181,"Y","high",136,"Z","high",352,"X","low",146,"Y","low",134,"X","high",59,"Z","low",38,"","","","","02-11-2024","18:42:00","20:24:00","02-11-2024 20:18","Abortion Travel","Said Alicia Keys","Senator","D","Senator Dianne Feinstein (CA)","Senator FEINSTEIN. You are saying the numbers determine common use? Common use is an activity. It is not common storage or possession. It is use. So what you said was that these weapons are commonly used. They are not.",1.45913739084083,-1.33055714373006,-0.760873042030211,1.50084147658639,0.216582341826141,-0.631942164316428,-1.37311489914,0.331452940589456
436,"Y","high",126,"Y","low",37,"Y","medium",16,"Z","low",231,"Y","high",127,"X","low",259,"X","high",490,"","","","","23-12-2024","10:44:00","12:23:00","23-12-2024 12:21","Assassination Question","International Women","Nominee","R","Brett M. Kavanaugh","Judge KAVANAUGH. They are widely possessed in the United States, Senator, and they areÑthey are used and possessed. But the question is, are they dangerous and unusual? They are certainly dangerous. All weapons are dangerous. Are they unusual? And given how prevalent they are in the United States, it seemed under Justice ScaliaÕs test, and if you look at the majority opinion in McDonald, the same thing. I want to reiterate the Supreme Court made clear that machine guns can be banned. Machine guns can be banned.",-1.48594117285543,-0.68226385773643,-0.531235603772924,2.01283396511938,-0.354494623339824,-0.763439331474894,-0.967416696385395,-0.75005193042407
437,"Y","medium",189,"X","low",25,"Z","medium",54,"Z","low",305,"X","low",301,"Y","medium",206,"Y","high",446,"","","","","06-10-2024","18:41:00","20:11:00","06-10-2024 20:02","Abortion Travel","International Women","Senator","D","Senator Dianne Feinstein (CA)","Senator FEINSTEIN. Let me speak to you. I am talking about the Heller case. Let me be specific. And you specifically argued that it was unconstitutional to defend assault weapons because they areÑ to ban assault weapons because they are in common use. And that, I believe, was your dissent in the case.",-0.597169929213827,-0.734712029326988,-1.27587852960336,0.262492515106659,0.98141227911921,-1.9968590366796,-0.570619315597394,-0.780111571723255
438,"X","low",302,"Z","low",6,"Z","high",215,"Z","",495,"Y","medium",488,"X","",320,"Z","high",480,"","","","","30-10-2024","16:30:00","17:42:00","30-10-2024 17:38","Abortion Travel","International Women","Nominee","R","Brett M. Kavanaugh","Judge KAVANAUGH. Yes, and I was referring to some semi-autoÑ some kinds of semi-automatic rifles that are banned by DC are widely owned in the United States. And that seemed to be the test that the Supreme Court had set forth in the Heller and McDonald cases. In other words, if a type of firearm is widely owned in the United States. Now whether I agree with that test or not was not the issue before me. I have to follow the precedent of the Supreme Court as it is written, and that is what I tried to do in that case. It is a very long opinion. I also made clear, Senator Feinstein, at the end of the opinion, I am a native of this area. I am a native of an urban/suburban area. I grew up in a city plagued by gun violence and gang violence and drug violence. So I fully understand, as I explained in the opinion, the importance of this issue. I specifically referenced that Police Chief Cathy LanierÕs goals of reducing gang and gun violence was something I certainly applauded, but that I had to follow the precedent of the Supreme Court in that case. And as I read it, that is what it saidÑI am sorry?",-0.395534384980602,-0.300051111603147,-1.40607720840556,-0.373585627853528,-0.629739932282959,0.349894181024874,1.64366787104153,-2.09535559853701
439,"Z","high",146,"Y","low",207,"X","high",183,"X","",397,"X","high",413,"X","medium",247,"X","medium",,"","","","","12-05-2024","10:46:00","12:10:00","12-05-2024 12:05","Assassination Question","International Women","Senator","D","Senator Dianne Feinstein (CA)","Senator FEINSTEIN. How do you reconcile what you have just said with the hundreds of school shootings using assault weapons that have taken place in recent history? How do you reconcile that?",-1.73584381060834,0.242312724120662,0.215605498123495,0.547083222029122,-0.766513282784432,0.588991162110023,-1.88189852727832,-0.383611968115738
440,"X","medium",174,"X","low",248,"Y","high",182,"Z","low",242,"Z","medium",87,"X","high",490,"Y","medium",427,"","","","","28-09-2024","06:09:00","08:10:00","28-09-2024 08:05","Abortion Travel","International Women","Nominee","R","Brett M. Kavanaugh","Judge KAVANAUGH. Senator, of course, the violence in the schools is something we all detest and want to do something about, and there are lots of efforts, I know, underway to make schools safer. I know at my girlsÕ school, they do a lot of things now that are different than they did just a few years ago in terms of trying to harden the school and make it safer for everyone. Guns, handguns, and semi-automatic rifles are weapons used for hunting and self-defense. But as you say, Senator, you rightly say, they are used in a lot of violent crime and cause a lot of deaths. Handguns are used in lots of crimes that result in death, and so are semi-automatic rifles. That is one of theÑthat is what makes this issue difficult. As I said in the last two pages of my dissent in Heller, I fully understand the gang violence, gun violence, drug violence that has plagued various cities, including Washington, DC. This was known as the murder capital of the world for a while, this city. And that was a lot of handgun violence at the time. And so I understand the issue. But as a judge, my job, as I saw it, was to follow the Second Amendment opinion of the Supreme Court, whether I agreed with it or disagreed with it. At the end of the opinion, I cited Justice KennedyÕs Texas v. Johnson quote, which I read yesterday, as the guiding light for the lower court judges and all judges.",-0.527602150234639,1.06550331016302,-1.2011481074598,0.00379497278281839,0.159449308372027,-0.956655488469431,0.3076282040348,-0.0567209871135618
441,"Y","low",141,"X","low",310,"Y","low",33,"Z","medium",456,"X","medium",74,"Y","high",491,"Z","medium",40,"","","","","16-05-2024","15:57:00","17:59:00","16-05-2024 17:51","Abortion Travel","International Women","Senator","D","Senator Dianne Feinstein (CA)","Senator FEINSTEIN. Let me give you a couple of other quotes because I am going to change the subject. Do you agree with Justice OÕConnor that a womanÕs right to control her reproductive life impacts her ability to, quote, ÔÔparticipate equally in the economic and social life of the NationÕÕ?",-1.24066791711103,-0.950341566942874,-0.105649792684391,0.0213185405676915,-0.173397809157536,-0.518059260320523,0.807899445906318,0.508189301151001
442,"Z","medium",333,"Y","low",40,"X","high",272,"Y","medium",278,"Z","medium",131,"Y","medium",142,"Z","low",206,"","","","","08-08-2024","07:59:00","09:13:00","08-08-2024 09:10","Assassination Question","International Women","Nominee","R","Brett M. Kavanaugh","Judge KAVANAUGH. Well, as a general proposition, I understand the importance of the precedent set forth in Roe v. Wade. So Roe v. Wade held, of course, and it reaffirmed in Planned Parenthood v. Casey, that a woman has a constitutional right to obtain an abortion before viability, subject to reasonable regulation by the State up to the point where that regulation constitutes an undue burden on the womanÕs right to obtain an abortion. And one of the reasons for that holding, as explained by the Court in Roe, and also in Planned Parenthood v. Casey more fully, is along the lines of what you said, Senator Feinstein, about the quote from Justice OÕConnor. So that is one of the rationales that undergirds Roe v. Wade. It is one of the rationales that undergirds Planned Parenthood v. Casey.",-0.220937105355863,-0.124543979739627,-1.38883894594834,0.108325408268359,0.549314329520067,0.713138570579476,-2.37045458563107,-1.51460046656961
443,"Y","high",27,"Y","low",327,"Z","medium",170,"Y","low",211,"X","medium",366,"Y","medium",18,"X","medium",439,"","","","","08-04-2024","19:17:00","20:16:00","08-04-2024 20:14","Abortion Travel","Said Alicia Keys","Senator","D","Senator Dianne Feinstein (CA)","Senator FEINSTEIN. Well, let me give you another oneÑrationale. In the 1950s and 1960s, the two decades before Roe, deaths from illegal abortions in this country ran between 200,000 and 1.2 million. That is according to the Guttmacher Institute. So a lot of women died in that period. So the question comes, and you have said todayÑnot today, but it has been reported that you have said that Roe is now settled law. The first question I have of you is what do you mean by ÔÔsettled lawÕÕ? I tried to ask earlier do you believe it is correct law? Have your views on whether Roe is settled precedent or could be overturned, and has your views changed since you were in the Bush White House?",-1.30629692204198,-0.0218517215963815,0.707206064797965,2.24137247837944,-1.04176628197621,-0.454409323984464,-0.846470129456248,0.228091035800319
444,"Z","low",459,"Z","low",369,"Y","high",496,"X","low",108,"Y","high",4,"X","low",246,"Z","low",135,"","","","","13-04-2024","12:32:00","15:02:00","13-04-2024 14:53","Abortion Travel","Niger State Television","Nominee","R","Brett M. Kavanaugh","Judge KAVANAUGH. Senator, I said that it is settled as a precedent of the Supreme Court, entitled the respect under principles of stare decisis. And one of the important things to keep in mind about Roe v. Wade is that it has been reaffirmed many times over the past 45 years, as you know, and most prominently, most importantly, reaffirmed in Planned Parenthood v. Casey in 1992. And as you well recall, Senator, I know when that case came up, the Supreme Court did not just reaffirm it in passing. The Court specifically went through all the factors of stare decisis in considering whether to overrule it, and the joint opinion of Justice Ken- nedy, Justice OÕConnor, and Justice Souter, at great length went through those factors. That was the question presented in the case.",-0.322285780706241,-0.203946562894547,1.02800418475287,-1.32302441447616,0.289715521151027,2.0218930894211,0.352090958905459,-1.43793364732572
445,"Y","low",277,"Y","high",32,"X","medium",394,"Y","high",211,"X","medium",352,"X","low",295,"Y","high",381,"","","","","07-02-2024","14:46:00","17:16:00","07-02-2024 17:07","Abortion Travel","Niger State Television","Senator","D","Senator Dianne Feinstein (CA)","Senator FEINSTEIN. Could I interrupt you to say, since you mentioned stare decisis, and I have sat on nine of these hearings. And when the subject comes up, the person says, ÔÔI will follow stare decisis,ÕÕ and they get confirmed, and then, of course, they do not. So I think knowing going into it how you make a judgment on these issues is really important to our vote as whether to support you or not. Because I do not want to go back to those death tolls in this country, and I truly believe that women should be able to control their own reproductive systems within obviously some concern for a viable fetus.",0.580398010688999,-2.43101471747211,-1.25248187333199,0.950130870875159,0.0471212624217683,0.471221796824915,-0.142927220734366,0.291196153879046
446,"X","medium",122,"Y","low",420,"Y","low",217,"Z","low",20,"Y","high",290,"Z","high",375,"Y","low",159,"","","","","20-06-2024","11:45:00","15:45:00","20-06-2024 15:40","Abortion Travel","Ravaged Nicaragua Category","Nominee","R","Brett M. Kavanaugh","Judge KAVANAUGH. And I understand your point of view on that, Senator, and I understand how passionate and how deeply people feel about this issue. I understand the importance of the issue. I understand the importance that people attach to the Roe v. Wade decision, to the Planned Parenthood v. Casey decision. I do not live in a bubble. I understand. I live in the real world. I understand the importance of the issue. AndÑÑ",0.268177990917298,1.48981904020095,-0.660951848352687,1.59019579421349,-1.00017783454005,0.525924959324167,-0.521233233408711,0.0400730813871496
447,"Z","high",379,"Z","low",59,"Z","high",382,"","low",76,"Z","high",329,"Z","",262,"X","low",294,"","","","","10-09-2024","14:26:00","16:23:00","10-09-2024 16:19","Cnn Montana Nonprofit","Actor Bob Odenkirk","Senator","D","Senator Dianne Feinstein (CA)","Senator FEINSTEIN. Well, my staff just passed me a note. Let me read it to you because I think it is good. Have your views about whether Roe is settled precedent changed since you were in the Bush White House?",-1.31597854963784,-0.0593034087936668,0.642646850109955,-0.792660145664743,0.546648924108601,0.191627601145574,-0.626069229362789,-2.23320695571479
448,"X","medium",469,"Y","medium",219,"Y","medium",288,"Z","medium",472,"Z","low",,"X","",293,"Z","high",326,"","","","","22-02-2024","11:10:00","15:01:00","22-02-2024 14:57","Abortion Travel","International Women","Nominee","R","Brett M. Kavanaugh","Judge KAVANAUGH. MyÑÑ",1.51668557496511,1.86976451659359,-1.83613734054742,0.749260324291984,1.25532474389998,0.911204720369934,-0.29927232451525,-0.128855111412321
449,"Z","medium",29,"Z","medium",330,"Z","high",247,"X","low",97,"Z","low",295,"Z","high",11,"X","low",438,"","","","","08-11-2024","19:37:00","20:05:00","08-11-2024 20:04","Abortion Travel","International Women","Senator","D","Senator Dianne Feinstein (CA)","Senator FEINSTEIN. ÔÔYesÕÕ or ÔÔnoÕÕ?",1.5027378612696,1.34744751815398,0.628561370474189,-1.39168122465183,-1.16785293195721,-0.929415344393084,-1.45253465632891,-0.397368634698349
450,"X","low",102,"Y","low",435,"Z","medium",459,"Z","medium",283,"","medium",310,"Y","medium",381,"Z","medium",170,"","","","","17-01-2024","09:33:00","11:26:00","17-01-2024 11:19","Voice Cnn Masai","International Women","Nominee","R","Brett M. Kavanaugh","Judge KAVANAUGH. Well, I will tell you what my viewsÑI am not sure what it is referring to about ÔÔBush White House,ÕÕ but I will tell you what my view right now is. Which is, it is important precedent of the Supreme Court that has been reaffirmed many times. But then PlannedÑand this is the point that I want to make that I think is important. Planned Parenthood v. Casey reaffirmed Roe and did so by considering the stare decisis factors. So Casey now becomes a precedent on precedent. It is not as if it is just a run of the mill case that was decided and never been reconsidered, but Casey specifically reconsidered it, applied the stare decisis factors, and decided to reaffirm it. That makes Casey a precedent on precedent. Another example of that, because you might say, are there other cases like that, Miranda. So Miranda is reaffirmed a lot, but then in the Dickerson case in 2000, Chief Justice Rehnquist writes the opinion, considering the stare decisis factors and reaffirming Miranda. Even though Chief Justice Rehnquist, by the way, had been a fervent critic of Miranda throughout his career, he decided that it had been settled too long, had been precedent too long, and he reaffirmed it. So precedent onÑÑ",-0.575394168081212,0.653393838079184,-0.640217809917558,1.15331261591747,-1.87859083854464,1.4942447946429,0.665038357039974,0.512182112520071
451,"Z","low",71,"Z","medium",265,"Y","medium",293,"Y","high",51,"Y","medium",240,"X","low",164,"X","",393,"","","","","07-04-2024","15:31:00","15:55:00","07-04-2024 15:45","Assassination Question","Rwigara Mother Adeline","Senator","D","Senator Dianne Feinstein (CA)","Senator FEINSTEIN. WhatÑÑ",0.627349717557715,0.332044799154108,0.305744225269849,-1.90083596944301,-1.66018939740996,0.0740733839001059,-0.25657573002096,-0.246172181874715
452,"X","high",35,"Y","low",217,"Z","low",241,"X","medium",300,"Z","low",,"Y","medium",,"Z","low",217,"","","","","22-09-2024","06:59:00","09:42:00","22-09-2024 09:38","Abortion Travel","International Women","Nominee","R","Brett M. Kavanaugh","Judge KAVANAUGH. I am sorry to interrupt.",-1.48938568687891,1.01165001243575,-0.635137920909079,1.74436778931151,-1.58816503025637,-0.083833479493411,-0.219641000356922,-0.038172311102568
453,"Y","high",96,"Z","low",420,"Y","low",283,"Y","low",487,"Z","high",190,"X","medium",211,"X","medium",196,"","","","","19-02-2024","19:50:00","22:23:00","19-02-2024 22:14","Voice Cnn Masai","International Women","Senator","D","Senator Dianne Feinstein (CA)","Senator FEINSTEIN. I am sorry to interrupt, but I want to switch subjects, and one last question. What would you say your position today is on a womanÕs right to choose?",-0.778938372932933,0.217806205089209,2.16793999368057,1.11328970399188,-0.762660635943266,-0.878660087606969,0.408441186127718,-0.688290681125845
454,"Y","medium",96,"Z","low",108,"Y","low",390,"X","high",228,"Z","",33,"Y","medium",35,"Y","high",39,"","","","","23-06-2024","14:24:00","16:50:00","23-06-2024 16:46","Voice Cnn Masai","International Women","Nominee","R","Brett M. Kavanaugh","Judge KAVANAUGH. Well, as a judgeÑÑ",0.525194923232532,-0.501107920785908,-0.0426893442640162,0.623164891771063,-0.442747851892867,-1.72999252049427,-0.434098590700262,-1.96010769426478
455,"X","high",191,"Y","high",102,"Z","low",370,"Y","",63,"X","medium",12,"Z","low",247,"X","low",38,"","","","","08-01-2024","18:52:00","21:22:00","08-01-2024 21:21","Abortion Travel","International Women","Senator","D","Senator Dianne Feinstein (CA)","Senator FEINSTEIN. As a judge.",-0.214458050088272,-0.122839165499542,-0.89609242731914,1.32887472172,-0.535432213424826,0.0657543510408966,-0.0996759113852748,0.656687240722062
456,"X","high",407,"X","medium",233,"X","high",274,"Y","low",11,"X","",357,"Z","low",190,"X","medium",385,"","","","","01-12-2024","07:15:00","09:55:00","01-12-2024 09:48","Voice Cnn Masai","International Women","Nominee","R","Brett M. Kavanaugh","Judge KAVANAUGH. As a judge, it is an important precedent of the Supreme Court. By ÔÔit,ÕÕ I mean Roe v. Wade, and Planned Parenthood v. Casey, they have been reaffirmed many times. Casey is precedent on precedent, which itself is an important factor to remember. And I understand the significance of the issue, the jurisprudential issue, and I understand the significance as best I canÑ I always try and I do hearÑof the real world effects of that decision, as I try to do, of all the decisions of my court and of the Supreme Court.",-0.741580487286142,1.86291797847495,-0.695131173877222,-0.404550535586747,1.5043109335382,-0.399355069837249,1.12471632293118,0.852382210623881
457,"Y","medium",96,"X","low",60,"Z","low",88,"Y","low",378,"X","medium",318,"X","high",116,"X","high",52,"","","","","20-01-2024","17:30:00","19:15:00","20-01-2024 19:13","Abortion Travel","International Women","Senator","D","Senator Dianne Feinstein (CA)","Senator FEINSTEIN. Well, I thank you for that. Let us go to Presidential power for a moment. You were part of Ken StarrÕs independent counsel team, which conducted a sweeping investigation into possible wrongdoing by President Clinton and the first lady. At the time, you argued for aggressive questioning of the President. You did not take the position that President Clinton was immune from investigation. Since then, you have taken the opposite position. In fact, you have said that, and I quote, ÔÔIf the President were the sole subject of a criminal investigation, I would say no one should be investigating that at all.ÕÕ What did you mean by that, and what are the circumstances where a sitting President could be subject to criminal investigation?",-0.616940354770391,-0.662495868615074,-1.12194383993366,0.311632197570685,0.439383710764623,-2.24091797990417,-0.656612281510779,-0.542712295266271
458,"Z","medium",338,"X","low",11,"Y","low",318,"","low",51,"","",204,"Z","high",122,"Z","",55,"","","","","10-03-2024","06:54:00","08:21:00","10-03-2024 08:18","Abortion Travel","Said Alicia Keys","Nominee","R","Brett M. Kavanaugh","Judge KAVANAUGH. And I appreciate the sign there. Senator, the last sign, I should have mentioned while it was up, the Second Amendment sign actually had brackets around part of my quote. And I am not sure if it was the exact quote. But this oneÑI just wanted to point that out.",-0.927204669896515,-0.223040304634783,-1.31845551460366,-1.36586561861332,1.38033841545594,-0.610749906553718,-1.47969867535078,-1.13174472823407
459,"Y","low",48,"X","medium",181,"Y","high",215,"X","high",158,"Z","low",373,"Y","medium",17,"X","high",92,"","","","","28-08-2024","17:25:00","21:09:00","28-08-2024 21:00","Abortion Travel","Said Alicia Keys","Senator","D","Senator Dianne Feinstein (CA)","Senator FEINSTEIN. Is this accurate?",-0.16001424783584,-0.444814381112975,-0.950462017461715,-0.652386271774976,-0.441496726996712,-1.49810884168476,0.544326914762824,1.19381159783499
460,"X","low",485,"Y","low",76,"Z","high",466,"Z","high",421,"X","high",236,"X","high",443,"X","high",168,"","","","","10-07-2024","10:28:00","11:27:00","10-07-2024 11:19","Amid Inflation","Niger State Television","Nominee","R","Brett M. Kavanaugh","Judge KAVANAUGH. Here is what I was saying, Senator. Let me explain it, this one.",-0.664584167991559,-0.140087110942753,-2.1876789712639,0.801126798057952,0.447379721852122,2.01577171713321,0.838542225242225,-1.08219281632976
461,"X","low",41,"X","low",318,"Y","low",454,"Y","medium",268,"Z","high",127,"Z","high",146,"Y","high",81,"","","","","06-11-2024","11:15:00","12:25:00","06-11-2024 12:22","Companies Pulling Russia","Help Russia","Senator","D","Senator Dianne Feinstein (CA)","Senator FEINSTEIN. Oh.",-1.38529213724376,0.345622871681988,-0.940343542295608,-0.364683759705456,-1.38299967752183,-0.256807715049124,1.39990022945709,0.739641652613589
462,"X","low",354,"X","high",274,"Z","high",0,"","high",436,"Z","high",292,"","high",437,"Z","medium",295,"","","","","04-09-2024","18:29:00","20:55:00","04-09-2024 20:53","Abortion Travel","Niger State Television","Nominee","R","Brett M. Kavanaugh","Judge KAVANAUGH. The last one may or may not have been accurate. I just wanted to point that out for the record. It had brackets for my quote. This one, so what happens after the Starr investigation? Then I work 51Ú2 years in the White House. So let me just give you, if I can, some context here, and I am going to get specifically to your question. So I work on the independent counsel investigation, and that is obviously difficult, controversial, a moment for our country that I wish had not happened. We all wish it had not happened. And I reflect on that. I wrote a Georgetown University Law Journal article in 1999 reflecting on some of my thoughts about that. This seems to be a tendency of mine to go through an experience, write an article reflecting on it. And then I work in the Bush White House for 51Ú2 years, and I write an article in the Minnesota Law Review, Senator Klobuchar, in 2009, when President Obama is in office, I should point out, and I reflected on a number of things I had learned working in the independent counsel office and then working in the White House. And I thought there were a number of things Congress could take a look at that I had experienced. One of them was I proposed timelines for consideration of judicial nominees. I proposed a 180-day, up-or-down vote for every judicial nominee. That was something that from my experience I thought would avoid controversy and have rules of the road set in advance, and I proposed that specifically for Congress to consider. Other aspects, I saidÑÑ",0.0263064182096476,-0.610433767126957,-0.908083245386324,-0.772428417903499,0.528012952028954,0.597572245991859,1.77440332575273,1.40710724715594
463,"X","high",319,"X","medium",242,"Y","low",499,"X","high",436,"Y","medium",188,"X","high",418,"X","high",411,"","","","","12-12-2024","17:56:00","21:10:00","12-12-2024 21:07","Voice Cnn Masai","International Women","Senator","D","Senator Dianne Feinstein (CA)","Senator FEINSTEIN. WellÑÑ",-0.779439149936946,1.87556666602278,-0.652015547020367,-0.374869644109861,1.00194670126065,-0.684574470793597,1.02306969850647,1.00779306391543
464,"Z","low",206,"X","high",248,"X","low",450,"Z","medium",330,"X","low",487,"X","high",228,"X","high",265,"","","","","14-05-2024","06:50:00","09:42:00","14-05-2024 09:37","Assassination Question","Actor Bob Odenkirk","Nominee","R","Brett M. Kavanaugh","Judge KAVANAUGH. Another thing I proposed was, for Congress to consider whether it should look at Clinton v. Jones or the principle of Clinton v. Jones. So, you recall, Clinton v. Jones had said a President is subject to civil suit while in office, the Paula Jones suit. That was a controversial decision, but the Supreme Court made clear at the end of the decision, Congress could provide extra deferral of suits, not immunity, but deferral of suits for Presidents, if Congress so wanted. And so in the Minnesota Law Review article, I put out some ideas about whether Congress may want to think about that. And why did I do that? I think Senator Durbin asked yesterday, what changed that made me think about that from the time? What changed was September 11th. That is what changed. So after September 11th, I thought very deeply about the Presidency, and I thought very deeply about the independent counsel experience, and I thought very deeply about how those things interacted. And I thought very deeply about seeing President Bush, when he came into the Oval Office on September 12, 2001, in the morning, President Bush said this will not happen again. This will not happen again. And he was of single-minded focus. Every morning for the next 7 years for President Bush was still September 12, 2001. Singleminded focus. And then thinking back to the independent counsel experience and August 1998. So I proposed some ideas for Congress to consider. Here is the bottom-line point. They were ideas for Congress to consider. They were not my constitutional views. If a case came up where someone was trying to say this is a constitutional principle, I would have a completely open mind on that because I have never taken a position on the Constitution on that question. I have only put out proposals for you all to study to think about the balance of a President fighting a war, leading a war, and a President subject to, say, ordinary civil lawsuits as in the Clinton v. Jones case.",-0.365314811091765,-1.44064248888371,-0.111090425753926,-1.91198263519811,-0.11034641336007,0.335317106241891,-0.22274012537903,1.39711780865058
465,"Y","low",419,"Y","low",49,"Y","medium",453,"X","high",468,"X","high",360,"X","high",403,"","medium",332,"","","","","01-09-2024","12:23:00","16:23:00","01-09-2024 16:16","Assassination Question","Actor Bob Odenkirk","Senator","D","Senator Dianne Feinstein (CA)","Senator FEINSTEIN. Let me ask you. You have become very good. You are learning to filibuster. [Laughter.] Senator FEINSTEIN. But let me ask this question precisely. The Supreme Court has unanimously ruled that a President can be required to turn over information. It upheld the subpoena for the tapes of Oval Office conversations that revealed President NixonÕs efforts to cover up the Watergate break-in. This, as you know, was U.S. v. Nixon. You have said that the Nixon case might have been wrongly decided. Was U.S. v. Nixon wrongly decided in your view?",-0.61994297041481,-1.49525674763452,-1.4246170196018,1.2180322994186,0.725037167320143,1.1355202669143,0.024551810311934,-1.12374685030362
466,"Y","low",446,"Z","high",201,"X","low",248,"","medium",18,"Z","medium",374,"Z","low",105,"","low",446,"","","","","29-05-2024","09:02:00","12:23:00","29-05-2024 12:22","Apology Cnn Vatican","Turned Movie Different","Nominee","R","Brett M. Kavanaugh","Judge KAVANAUGH. So that quote is not in context and is a misunderstanding of my position that is up there. I have repeatedly called U.S. v. Nixon one of the four greatest moments in Supreme Court history. So I have called thatÑthe four I have always identified are Marbury v. Madison, Youngstown Steel, Brown v. Board of Education, and United States v. Richard Nixon. And why have IÑBrown v. Board, by the way, the single greatestÑÑ",1.21924668809519,-2.00664662695389,0.525867071417928,-0.151556785630406,0.859473644983687,0.565151759068952,1.29998538846065,-0.554296658824848
467,"X","high",35,"Z","medium",35,"Z","low",135,"Z","high",120,"Z","high",343,"","high",90,"X","high",447,"","","","","12-06-2024","14:57:00","15:51:00","12-06-2024 15:41","Cnn Montana Nonprofit","Said Alicia Keys","Senator","D","Senator Dianne Feinstein (CA)","Senator FEINSTEIN. Was it rightly decided?",0.0149690953860943,1.42196416635618,-0.641283156172926,-0.165604047642972,-1.3775197444595,-1.73341788982531,0.678736769146372,-0.723325048766471
468,"Y","high",479,"Z","high",177,"X","high",303,"X","high",138,"","low",341,"","",449,"Z","low",329,"","","","","31-12-2024","14:36:00","16:27:00","31-12-2024 16:20","Basketball Legend Says","Point Tally Nba","Nominee","R","Brett M. Kavanaugh","Judge KAVANAUGH. So I have said thatÑI have said, yes, that the CourtÕs holding that a criminal trial subpoena to a President in the context of the special counsel regulations in that case for information, a criminal trial subpoena for information under the specific regulations in that case, I have said that holding is one of the four greatest moments in Supreme Court history. So, not only what I wasÑI can explain how that misunderstanding came up because that isÑI know there was a news story about that, and that is just not correct impression of my views. My views have been consistently why was it one of the greatest moments? It was one of the greatest moments because of the political pressures of the time. The Court stood up for judicial independence in a moment of national crisis. The Supreme Court, we need the Supreme Court to decide the things we can foresee. But one of the things that is really important for the Supreme Court, we are going to have crisis moments at the Supreme Court on things we cannot even predict, and we need people on the Supreme Court who are prepared for that. And U.S. v. NixonÑÑ",0.510443409476309,-1.19123895319505,1.35025922480151,0.548170973161947,1.63166176323818,-0.229168598094694,0.702513342682911,-0.695074981297925
469,"Y","low",120,"Z","high",338,"Y","high",441,"X","high",,"","high",386,"X","",323,"Y","high",34,"","","","","11-01-2024","09:34:00","11:49:00","11-01-2024 11:43","Making Racism","Coronavirus Pandemic Late","Senator","D","Senator Dianne Feinstein (CA)","Senator FEINSTEIN. My time is going to run out very quickly. Let me just ask you this. Can a sitting President be required to respond to a subpoena?",1.16130823872437,-1.72045830110104,1.12631528355367,0.0306754555114189,-1.04678485139131,-0.258155711917063,1.01058004831236,0.318955393832111
470,"X","high",395,"Z","medium",493,"Z","low",225,"X","medium",310,"Z","high",215,"X","",344,"Z","medium",394,"","","","","06-03-2024","07:28:00","10:23:00","06-03-2024 10:22","Making Racism","Turned Movie Different","Nominee","R","Brett M. Kavanaugh","Judge KAVANAUGH. So that is a hypothetical question about what would be an elaboration or a difference from U.S. v. NixonÕs precise holding. And I think going with the Justice Ginsburg principle, which is really not the Justice Ginsburg alone principle, it is everyoneÕs principle on the current Supreme Court. And as a matter of the canons of judicial independence, I cannot give you an answer on that hypothetical question.",0.562756708365819,2.51266806360317,1.28613914353277,0.0579943513932897,0.461713182823036,0.547053350751601,1.51057184750797,0.0611455073946571
471,"Y","high",410,"X","low",148,"X","low",492,"X","",126,"Z","low",410,"Y","low",461,"","medium",378,"","","","","07-11-2024","11:39:00","13:22:00","07-11-2024 13:17","Amid Inflation","Turned Movie Different","Senator","D","Senator Dianne Feinstein (CA)","Senator FEINSTEIN. So you cannot give me an answer on whether a President has to respond to a subpoena from a court of law?",-1.93835477080259,-0.431746569728676,0.119003299955961,0.562054225943072,1.99571953623716,-0.803740709264885,0.38729670834681,-0.376187553262983
472,"Y","medium",278,"X","high",132,"Y","high",130,"Z","low",104,"","medium",17,"Z","high",6,"Y","high",151,"","","","","07-04-2024","12:51:00","14:30:00","07-04-2024 14:23","Amid Inflation","Beating Forecasts Covid","Nominee","R","Brett M. Kavanaugh","Judge KAVANAUGH. My understanding is that you are asking me to give my view on a potential hypothetical, and that is something that everyÑeach of the eight Justices currently sitting on the Supreme Court when they were sitting in my seat declined to decide potential hypothetical cases. I can tell you about the U.S. v. Nixon precedent, and I did about Chief Justice BurgerÕs role in forging a unanimous opinion, and really all the Justices worked together on that. But Chief Justice Burger, who had been appointed by President NixonÑbeen appointed by President Nixon, writes the opinion in U.S. v. Nixon, 8Ð toÐ0. Rehnquist was recusedÑ8ÐtoÐ0, ordering President Nixon to disclose the tapes in response to a criminal trial subpoena. A moment of crisis argument, I think July 8, 1974. They decided 2 weeks later. A really important opinion. A moment of judicial independence. Important precedent of the Supreme Court. But how that would apply to other hypotheticals, I best, as a sitting judge and as a nominee, follow the precedent of the nominees who have been here before and as a matter of judicial independence not give you a precise answer on a hypothetical that could come before me.",0.819771937674876,-1.36283253140587,-0.589268884248368,0.0196127391660307,1.5577924121585,-1.58020375860568,-0.347163343897918,0.650595717538525
473,"Z","low",431,"Y","medium",334,"Y","high",426,"Y","medium",,"X","medium",333,"X","",,"Z","medium",81,"","","","","04-10-2024","17:51:00","20:23:00","04-10-2024 20:19","Amid Inflation","Turned Movie Different","Senator","D","Senator Dianne Feinstein (CA)","Senator FEINSTEIN. I understand. Thank you very much for being forthcoming. I appreciate it.",0.448027562292002,0.506053842371171,-0.489865494399741,-0.77389776452288,0.419905535362627,2.35212215276933,-0.842874675624123,0.503490325826409
474,"Y","low",412,"X","medium",458,"Y","low",229,"Y","low",429,"X","medium",269,"Z","low",480,"X","high",66,"","","","","24-08-2024","14:30:00","18:10:00","24-08-2024 18:04","Voice Cnn Masai","Said Alicia Keys","Nominee","R","Brett M. Kavanaugh","Judge KAVANAUGH. Thank you, Senator.",0.246095677812195,0.228361792193791,0.207187242070427,-0.55605702668194,1.49936432283688,0.388879235967744,1.22895428593486,1.45288049217773
475,"X","low",96,"X","high",147,"Z","high",419,"Y","medium",7,"Y","low",4,"Z","high",64,"Z","high",138,"","","","","17-10-2024","18:41:00","21:03:00","17-10-2024 21:02","Basketball Legend Says","Point Tally Nba","Senator","D","Senator Dianne Feinstein (CA)","Senator FEINSTEIN. Thank you, Mr. Chairman.",-0.206485014756437,-0.927492367263032,-1.43382451236707,-0.792360640208293,-0.877903833190001,-0.583858837238641,1.34743754521928,1.42248939598907
476,"Y","low",89,"Z","high",419,"X","low",472,"Z","low",182,"Y","low",330,"Z","high",224,"X","low",371,"","","","","01-10-2024","17:46:00","21:19:00","01-10-2024 21:13","Making Racism","Actor Bob Odenkirk","Chairman","R","Senator Chuck Grassley (IA)","Chairman GRASSLEY. I assume you want to reserve your 3 minutes?",1.20977235470096,-1.53630772267593,1.47240941087187,0.0953991723875477,-1.25771177735429,-0.183463337765723,1.04020626799572,0.597091132766577
477,"Y","low",217,"Y","low",157,"Y","medium",351,"Z","medium",267,"Y","",1,"Z","low",11,"X","high",472,"","","","","25-10-2024","16:27:00","17:26:00","25-10-2024 17:16","New Covid Lockdowns","Coronavirus Pandemic Late","Senator","D","Senator Dianne Feinstein (CA)","Senator FEINSTEIN. Can I do that?",-0.637492603987815,-1.26456739655804,-0.954302195469394,1.3470633418467,-0.466224691609832,0.677386277088237,-0.135343363549496,-0.516319761066292
478,"Y","low",450,"Z","medium",319,"X","high",311,"X","high",117,"Y","medium",352,"","medium",162,"X","low",76,"","","","","30-08-2024","12:41:00","15:25:00","30-08-2024 15:21","Voice Cnn Masai","Turned Movie Different","Chairman","R","Senator Chuck Grassley (IA)","Chairman GRASSLEY. Yes.",1.25917730293232,-0.0384895123204152,0.489284579296252,-0.385020117240839,0.914056842148253,0.610842150732445,1.34141189910071,-0.557202479764309
479,"Z","low",101,"Y","high",104,"Y","medium",205,"Z","low",362,"Z","low",262,"X","low",86,"Y","",207,"","","","","17-11-2024","20:31:00","22:52:00","17-11-2024 22:43","Abortion Travel","Said Alicia Keys","Senator","D","Senator Dianne Feinstein (CA)","Senator FEINSTEIN. I will.",0.152439600977828,-1.75081234095895,-0.911501017925709,-0.531821593563535,-1.43229529195555,0.922711403802663,-1.38304803898891,0.664960809296597
480,"Z","high",499,"Y","low",131,"Z","medium",436,"Y","medium",378,"Z","medium",303,"Z","high",127,"","low",417,"","","","","21-06-2024","13:13:00","14:36:00","21-06-2024 14:34","Abortion Travel","Niger State Television","Chairman","R","Senator Chuck Grassley (IA)","Chairman GRASSLEY. Senator Hatch.",-1.61565980991111,0.0994573735522819,-0.126978993460313,0.400203017673576,1.26606005629017,1.64331390955437,-1.50770012930447,-1.12153708670373
481,"X","high",96,"X","medium",491,"X","high",63,"Z","low",419,"Z","medium",304,"Y","high",406,"Y","low",42,"","","","","19-05-2024","14:52:00","15:36:00","19-05-2024 15:32","Abortion Travel","Said Alicia Keys","Senator","R","Senator Orrin Hatch (UT)","Senator HATCH. Well, thank you, Mr. Chairman. Before I begin, I would like to enter into the record three letters and an op-ed supporting Judge KavanaughÕs confirmation. The first letter, which I mentioned yesterday in my opening statement, is a letter from 41 attorneys who are members of the Supreme Court Bar. The signers include people like Lisa Blatt, Deanne Maynard, and Kathleen Sullivan. As the letter notes, the signers ÔÔhold a broad range of political, policy, and jurisprudential views,ÕÕ but they ÔÔspeak as one in supporting Judge KavanaughÕs nomination.ÕÕ The letterÕs authors write, ÔÔBased on our experience with Judge Kavanaugh and his work over 12 years of distinguished judicial service, we are confident that he possesses the character, temperament, and intellect that will make him an asset to our NationÕs highest court.ÕÕ Senator HATCH. Well, thank you, Mr. Chairman. Before I begin, I would like to enter into the record three letters and an op-ed supporting Judge KavanaughÕs confirmation. The first letter, which I mentioned yesterday in my opening statement, is a letter from 41 attorneys who are members of the Supreme Court Bar. The signers include people like Lisa Blatt, Deanne Maynard, and Kathleen Sullivan. As the letter notes, the signers ÔÔhold a broad range of political, policy, and jurisprudential views,ÕÕ but they ÔÔspeak as one in supporting Judge KavanaughÕs nomination.ÕÕ The letterÕs authors write, ÔÔBased on our experience with Judge Kavanaugh and his work over 12 years of distinguished judicial service, we are confident that he possesses the character, temperament, and intellect that will make him an asset to our NationÕs highest court.ÕÕ Now, the second letter is from Carolyn Williams, a partner at the venerable DC law firm, Williams & Connolly, who served on the ABA Standing Committee on the Federal judiciary. She writes that she has followed Judge KavanaughÕs legal career since 1990 when she was the hiring partner at the firm and he was a law student. Ms. Williams says, that Judge Kavanaugh ÔÔhas all the qualities litigants and lawyers hope to find in a Supreme Court Justice: superb intellect and legal acumen, fundamental fairness and decency, abiding respect for precedent and the rule of law.ÕÕ And I also want to enter into the record a letterÑa letter and op-ed by Jay Lefkowitz. The op-ed appeared in National Review and is entitled, ÔÔBrett Kavanaugh is a Mensch.ÕÕ In it, Mr. Lefkowitz writes that Judge Kavanaugh ÔÔhas a strong commitment to protecting AmericansÕ freedom of religion, no matter what their faith.ÕÕ And Mr. Lefkowitz should know. He and Judge Kavanaugh worked together in private practice on a pro bono religious freedom case representing a Jewish synagogue in Maryland, and they won the case, vindicating the right of the congregation to build a place of worship in their neighborhood. [The information appears as a submission for the record.] Senator HATCH. Now, let me just begin with this. Before I begin, Judge, I would like to ask you to keep your answers to my questions as concise as you can so I can get through as many of them as time allows. Some of my colleagues have suggested that President Trump nominated you because he thought you would rule in his favor should certain issues come before the Court. Suppose you had a case involving President Trump or an issue near and dear to the President, what assurances can you provide that you will not allow the PresidentÕs personal views on a case or personal interest to impact your decision?",-0.695767340613824,2.42986003549957,0.418942497727206,-0.141938599306787,-0.369779985842858,-0.898263735797256,0.955655071516825,2.05084485978902
482,"Y","high",332,"X","low",194,"Y","medium",145,"Z","",393,"Z","high",150,"Y","medium",137,"Y","",471,"","","","","19-02-2024","09:44:00","13:35:00","19-02-2024 13:29","Voice Cnn Masai","Actor Bob Odenkirk","Nominee","R","Brett M. Kavanaugh","Judge KAVANAUGH. Senator, I am independent judge. For 12 years I have been deciding cases based on the law and the precedent in each case. If confirmed to the Supreme Court, that is how I will do it as well, be part of a Team of Nine. I will decide cases based on the Constitution, the law, the precedents of the Supreme Court working with that, the other eight Justices, without fear or favor, independently, without pressure from any quarter. And the person who has the best arguments on the law and the precedent is the person who will win inÑwith me.",-1.94171929783283,-0.33274741439295,0.318879573366742,0.61487426941985,1.53385250184179,-0.97097280527424,0.329167644888614,-0.129303033365633
483,"X","low",320,"X","low",8,"X","high",65,"Y","low",420,"Y","medium",311,"Y","",406,"Y","high",9,"","","","","29-10-2024","07:42:00","10:13:00","29-10-2024 10:05","Cnn Montana Nonprofit","Niger State Television","Senator","R","Senator Orrin Hatch (UT)","Senator HATCH. Well, thank you. If at the end of the processÑ of this process you are confirmed to the Supreme Court, which I expect you will be, what sort of loyalty will you owe to theÑto the President? How will that loyalty differ from the loyalty you owe to, say, the American people?",-1.48876147867358,-0.344334710384056,-2.27374028879703,-0.655042475240294,0.332529310977212,0.0139850114317471,1.48552968913231,-0.560953425656468
484,"Z","high",97,"Z","medium",386,"X","high",138,"Y","low",182,"Y","low",110,"X","high",447,"X","medium",141,"","","","","03-01-2024","19:45:00","22:27:00","03-01-2024 22:21","Cnn Montana Nonprofit","Turned Movie Different","Nominee","R","Brett M. Kavanaugh","Judge KAVANAUGH. Senator, if confirmed to the Supreme Court and as a sitting judge, I owe my loyalty to the Constitution. That is what I owe loyalty to, and the Constitution establishes me as an independent judge, bound to follow the law as written, the precedents of the Supreme Court as articulated, subject to the rules of stare decisis. And I would do so.",0.0301039958737269,1.48158531706185,1.74701460208247,-1.09814274248669,-0.990914474449039,-0.418201290454942,-0.740829488156735,0.0395403184762282
485,"X","low",236,"Z","high",63,"Z","low",261,"Y","medium",149,"Y","medium",379,"Y","low",270,"Z","medium",16,"","","","","16-02-2024","21:11:00","22:17:00","16-02-2024 22:09","Cnn Montana Nonprofit","Ravaged Nicaragua Category","Senator","R","Senator Orrin Hatch (UT)","Senator HATCH. Okay. You were appointed to the D.C. Circuit by George W. Bush. I think it is fair to say you were close to President Bush. You worked for him for a number of years. Can you give us some examples of cases in which you ruled against the Bush administration, notwithstanding that President Bush was the one who put you on the bench?",0.902434494789701,-1.05793404091395,-0.923507503332813,-0.610103156023051,-0.909473970702183,0.115963686183578,1.63272326155023,-0.579924484110681
486,"Z","low",72,"X","medium",55,"Z","high",167,"X","low",158,"Z","low",45,"Z","medium",269,"Y","medium",380,"","","","","21-01-2024","21:31:00","22:28:00","21-01-2024 22:27","Apology Cnn Vatican","Coronavirus Pandemic Late","Nominee","R","Brett M. Kavanaugh","Judge KAVANAUGH. Senator, the prominent example is the Hamdan case.",-0.642910529415287,-0.203280384132614,-1.46233618945407,-2.32559183630318,-0.701711763426567,-0.797986739644629,-0.614046454429265,0.704773392844947
487,"X","high",182,"Y","low",418,"Z","high",210,"X","high",426,"Z","low",70,"Y","high",166,"X","medium",213,"","","","","12-08-2024","12:21:00","13:46:00","12-08-2024 13:40","Cnn Montana Nonprofit","Coronavirus Pandemic Late","Senator","R","Senator Orrin Hatch (UT)","Senator HATCH. Yes.",-1.25460225397028,1.48930583835157,0.211345392642786,1.84542058124089,-0.843245968266586,0.878830591106292,0.131781183351015,0.322288555575937
488,"Y","low",479,"Y","high",174,"Y","high",115,"Y","high",324,"Y","high",351,"Y","medium",333,"Z","high",218,"","","","","16-12-2024","11:55:00","13:20:00","16-12-2024 13:13","Making Racism","Said Alicia Keys","Nominee","R","Brett M. Kavanaugh","Judge KAVANAUGH. That was the military commissions case. That was a signature prosecution of the Bush administration. They had established, with congressional authorization eventually after a unilateral effort did not succeed in the courts, established military commissions. The military commissions were to try al-Qaeda terrorists who had committed war crimes. And one case came to us, Salim Hamdan, and the question was, was the prosecution unlawful because the crime of which he convicted was not an identified crime as of 2001 when he was alleged to have committed it, ex post facto principles. And I wrote the opinion reversing his conviction, even though it was a signature prosecution of the United States, even though it was a national security case, because that was the right answer under the law. And it does not matter who you are, where you come from, if you are right under the law, you prevail.",0.79646059316384,-2.0844978491214,-0.659878798083483,0.99541649691383,1.12930594643067,1.49201932713005,0.22715019466967,0.401326685250385
489,"X","medium",27,"Y","low",69,"Y","medium",176,"Z","low",161,"Z","low",28,"X","low",,"Y","high",273,"","","","","06-02-2024","17:24:00","19:37:00","06-02-2024 19:34","Amid Inflation","Ravaged Nicaragua Category","Senator","R","Senator Orrin Hatch (UT)","Senator HATCH. I would like to turn now to your work in the Bush administration. As you know, my Democratic colleagues are demanding to see every piece of paper or every single scrap of paper you ever touched during your 6 years in the Bush administration, in part because they want to know what role, if any, you played in developing the Bush administrationÕs interrogation policies. Well, 6 years ago, Ranking Member Feinstein, who was then the Chairman of the Senate Intelligence Committee, and a good one at that, issued a lengthy report on the CIAÕs detention and interrogation program under President Bush. The report detailed the origins, development, and implementation of the program. In 2014, a declassified version of that report was released to the public. The declassified version or report runs well over 500 pages, and your name appears nowhere in it. Now, I myself spent over 20 years on the Intelligence Committee. I know the quality of its staff and the work that they do, and I know the Ranking Member and how diligent she is. If you had played a role in the Bush administrationÕs interrogation policies, I think the Ranking Member would have discovered it. Numerous administration lawyers appear in the report, but not you, and that should tell us something. With that said, Judge Kavanaugh, I want youÑI want to ask you for the record, what role, if any, did you play in developing or implementing the Bush administrationÕs detention and interrogation policies?",-0.0591192715803186,0.670644008654734,-2.14805215481623,1.37072248355145,-1.38511936877059,-0.59382911059131,-0.934229698107521,-0.827491636126793
490,"Z","low",435,"X","low",420,"Z","medium",248,"Y","high",360,"X","low",485,"Y","high",431,"Z","low",149,"","","","","16-01-2024","19:09:00","22:16:00","16-01-2024 22:06","Abortion Travel","Niger State Television","Nominee","R","Brett M. Kavanaugh","Judge KAVANAUGH. Well, the policies that are reflected and described in Senator FeinsteinÕs extensive, thorough report were very controversial, as you know, Senator, the enhanced interrogation techniques.",-1.39808405698347,-0.138978321380967,0.370988063368736,-1.55914439212403,0.992715035090574,1.65047094974629,0.18302402162211,0.29895423642008
491,"Y","low",338,"X","medium",140,"Y","medium",106,"Y","medium",116,"Y","medium",15,"X","medium",97,"Y","medium",378,"","","","","10-04-2024","07:54:00","10:13:00","10-04-2024 10:03","Voice Cnn Masai","Turned Movie Different","Senator","R","Senator Orrin Hatch (UT)","Senator HATCH. Right. Right.",-0.0442580151458724,-0.512681729031411,-1.14076542703917,-0.758105938466069,1.2189699030348,-0.583705734596706,0.869764114477917,0.64911117197115
492,"Y","high",374,"X","high",316,"Z","high",229,"Y","medium",133,"Z","medium",262,"Y","low",343,"Y","low",215,"","","","","20-03-2024","08:28:00","10:04:00","20-03-2024 09:54","Voice Cnn Masai","International Women","Nominee","R","Brett M. Kavanaugh","Judge KAVANAUGH. And the legal memos that were involved in justifying some of those techniques also were very controversial when they were disclosed in 2004. And I was not involvedÑI was not read into that program, not involved in crafting that program nor crafting the legal justifications for that program. In addition to Senator FeinsteinÕs report, the Justice Department did a lengthy Office of Professional Responsibility report about the legal memos that had been involved to justify some of those programs. My name is not in that report, Senator, because I was not read into that program and not involved. There were a number of lawyers, and this came up at my last hearing, a number of lawyers who were involved, including a couple who were then judicial nominees. At my last hearing, I recall Senator Durbin asking about whether I also was likewise involved as these other judicial nominees had been, and the answer was no, and that answer was accurate, and that answer has been shown to be accurate by the Office of Professional Responsibility report, by Senator FeinsteinÕs thorough report. And I do want to say on Senator FeinsteinÕs report, that is aÑ that is an important piece of work that collected facts about a program, that it is important for us to know those facts for the future. And I know it was an enormous effort and a lot of tough work to get all that information for Senator Feinstein and the Intelligence Committee. But I have looked through that report and looked through the Office of Professional Responsibility report. I was not read into that program, Senator. Thank you forÑthank you for asking.",-0.536903484170579,-0.930578095675776,1.07185494469049,0.394954153773227,1.83747709146447,-0.683709289265201,0.506904781755061,1.41366456098076
493,"Y","low",141,"X","low",131,"X","medium",448,"X","high",0,"Z","high",492,"X","high",69,"Z","low",397,"","","","","27-02-2024","16:14:00","20:07:00","27-02-2024 20:00","Amid Inflation","Niger State Television","Senator","R","Senator Orrin Hatch (UT)","Senator HATCH. Okay. Judge, you have been accused of misleading this Committee during your 2006 confirmation hearing regarding your role in developing the Bush administrationÕs detention policy. Now, you have a strong reputation in the legal community for honesty and integrity. Read any one of the dozens we received supporting your nomination, and you will see that right away. Now, some of my colleagues may not give you the opportunity to answer this question fully, so I would like to give you the opportunity now. Did you mislead this Committee in 2006? If not, what is the source of the confusion about your prior testimony?",-1.38280318852475,-1.36362122005275,-0.866699008641122,-0.103492194054523,-0.0952985519140458,-0.920926355303539,0.657408960961813,-0.00558195520480448
494,"X","high",474,"X","low",290,"X","low",438,"Y","",483,"Y","high",336,"Z","high",245,"Z","low",323,"","","","","12-05-2024","18:51:00","20:08:00","12-05-2024 20:02","Cnn Montana Nonprofit","Niger State Television","Nominee","R","Brett M. Kavanaugh","Judge KAVANAUGH. I told the truth and the whole truth in my prior testimony. I was not read into that program. The subsequent reports of Senator Feinstein and the Office of Professional Respon- sibility show that. And that is what I did then, and that is the answer now. I was not readÑI was not read into that program.",-1.89270285572112,1.18875313843706,-0.155006177480036,0.225866335063785,1.65655846635135,0.32839334938318,1.29548883654306,-0.00161204156028229
495,"Y","low",126,"Y","high",348,"Y","high",0,"Y","low",117,"X","low",316,"X","medium",44,"Z","high",337,"","","","","22-04-2024","13:23:00","15:33:00","22-04-2024 15:29","Climate Action Opinion","Warming Caused Humans","Senator","R","Senator Orrin Hatch (UT)","Senator HATCH. Okay. As I mentioned in my opening statement, 18 of your former women law clerks have written to the Committee in support of your nomination. That is all of your former women law clerks who were not precluded by their current or pending employment from signing the letter. Now, these women described the mentoring and encouragement that you have given them in their careers, and they say that you are ÔÔone of the strongest advocates in the Federal judiciary for women lawyers.ÕÕ Quite a compliment. A majority of your clerks, in fact, have been women. Now, I understand that you were the first judge in the history of the D.C. Circuit to have an all-female class of clerks. Why do you believe it important to encourage young women lawyers and to ensure that both men and women are well represented in the legal profession?",0.754093668436125,-1.71537766053756,0.0993695100576411,1.21062883530835,-0.946025645212999,0.658260687553499,-0.0646567646194793,1.42053439111697
496,"Z","high",251,"Z","medium",378,"X","low",247,"Z","low",376,"Z","high",346,"X","high",275,"Y","high",494,"","","","","18-04-2024","16:49:00","19:12:00","18-04-2024 19:02","Climate Action Opinion","Warming Caused Humans","Nominee","R","Brett M. Kavanaugh","Judge KAVANAUGH. Senator, I believe in equality, equality for all Americans, men and women, also regardless of race, ethnicity. My mom was an example, as I described yesterday, of breaking barriers, showing me first on racial equality by her example of teaching at McKinley Tech. Then when she became a lawyer in the late Õ70s, there were not many women prosecutors at the time, definitely male dominated, and how she overcame barriers, was a great prosecutor, became a State trial judge in Maryland appointed by Democratic Governors. She showed me by her example the importance of womenÕs equality. During collegeÑyou have received a letter from 10 college friends of mine who are women, women athletes at Yale, talked about how I treated them and womenÕs sports with respect and as equal even when I was in college. You have a letter from 84 women I worked with in the Bush administration who talked about my efforts to work with them in the tense environment of the West Wing, especially after September 11th.",0.102510556928592,1.4773435066554,1.70451270996379,-1.14468048584877,-0.115158460385887,0.0983752309735199,-0.556432245925669,-0.210184388545106
497,"Y","high",18,"Z","low",420,"X","medium",397,"Z","medium",59,"Z","high",353,"Y","",425,"Y","low",253,"","","","","06-12-2024","07:11:00","09:32:00","06-12-2024 09:30","Climate Action Opinion","Warming Caused Humans","Senator","R","Senator Orrin Hatch (UT)","Senator HATCH. Did you say 84?",-0.818829282561105,0.210599416050331,2.17223937360526,1.13403548047077,-1.20445747015316,-1.14942227506447,0.311638590225682,-0.573436763420489
498,"X","high",443,"Y","medium",307,"X","low",174,"Z","medium",18,"Y","low",80,"Y","high",408,"Y","high",150,"","","","","24-01-2024","07:40:00","10:16:00","24-01-2024 10:08","Climate Action Opinion","Warming Caused Humans","Nominee","R","Brett M. Kavanaugh","Judge KAVANAUGH. Eighty-four women signed a letter who had worked in the Bush White HouseÑin the Bush White House and worked in that tense environment. But I came to be a judge in 2006. May 2006. And August 2006, Linda Greenhouse of The New York Times runs a story in The New York Times about the scarcity of women law clerks at the Supreme Court that year. There were seven, I believe, that year out of 37, and she wrote a story about that. And that seemed to me very odd and unacceptable, and I started thinking about what I could do. First of all, why is that happening, and what can I do about it. WhatÕs the problem, and what can I do. So, the problem seemed to me these networks that peopleÑ judges rely on for clerk hirings. Some professor networks were gettingÑwere excluding women, or at least women werenÕt fully represented in those. That is true with minorities as well, by the way. And so, I made sure when I was talking to professors at law schools, I made sureÑI wanted to see a broad pool of qualifiedÑ well-qualified applicants, including women. And in that year, for example, fall of 2006, which was my first year on the benchÑwe hire a year ahead, so I am hiring for 2007ÑI hired three women for that clerk class of 2007, three out of the four: Zina Bash, Brit Grant, and Porter Wilkinson. Zina is right here. And that was the start of my efforts to make sure that women were not being excluded, and I really worked on why is this happening. So, Yale Law women did a study about 5 years ago about participation in class, the differences on who gets on in class, and there are slight differences there, men and women, who then get selected as research assistants, slight differences there. And it just keeps building until you get a disparity in the clerk network, and there is a pipeline problem. And I said I am breaking through that problem. I am notÑI am not listening to that. And so, I have been very aggressive about hiring the best and understanding the best include women. And as you say, Senator, a majority of my clerks have been women, 25. I believe 21 of them have gone on to clerk at the Supreme Court, and they are an awesome group. And if confirmed to the Supreme Court, I will continue to do this. What it takes, and I thinkÑmy mom showed me this, President Bush showed me this a little. What it takes is just not accepting the same old answer, ÔÔOh, there is a disparity.ÕÕ Well, why? And then, do something about it. And I tried to figure out why, and we can talk about minority clerks, too. But on women, why were those disparities existedÑexisting as described by Linda Greenhouse, and I tried to figure out why, and then I did something about it. I am very proud of that because I do believe that all people should be treated equally. And the law clerk position, which may sound ministerial, and, to some extent, the job is helping the judge, and shortly out of law school. But those positions are very important launching pads for the next generation of leaders, the people who will be sitting in these seats, the people who will be sitting in my seat. Lots of them are going to come from law clerks. So, if we are not being inclusive now, that will show up later, and so, it has just been a critical part. It is something I am very focused on at all times is equality in the clerkship hiring process and making sure women are getting the same opportunities that men are. I appreciate the question, Senator.",0.0213877067075466,2.06909960684898,-0.576449313806568,1.09011266039287,0.885879497175568,1.16813655850215,0.322676631923211,0.538314912896363
499,"Z","low",352,"X","low",420,"X","medium",115,"Y","high",,"Z","medium",154,"Z","high",357,"Y","low",363,"","","","","27-05-2024","10:42:00","13:29:00","27-05-2024 13:21","Climate Action Opinion","Warming Caused Humans","Senator","R","Senator Orrin Hatch (UT)","Senator HATCH. Well, thank you, and I appreciate the answer, and I think everybody in this country should appreciate the answer, and I think it distinguishes you. Late last year, allegations against the former Ninth Circuit Judge Alex Kozinski surfaced when The Washington Post published an article detailing disturbing allegations of misconduct by the Judge. You clerked for Judge Kozinski for 1 year in 1991Ð1992. Some of your opponents have suggested that you must have known about these allegations. This seems to me to be an effort at guilty by association, which is not the way this Committee should operate in any way. With that in mind, I want to give you a chance to answer a few questions about Judge Kozinski so that we are all operating on the same foundation of facts. First, how long have you known Judge Kozinksi?",-1.4405320762032,-0.146647084076184,0.375563044570654,-1.53706875817855,0.522597890995436,1.36235221181074,0.0800161311109699,0.421170584747574
500,"Y","low",81,"Y","low",420,"Z","medium",305,"Z","medium",49,"Y","high",95,"Y","low",288,"Y","low",352,"","","","","21-11-2024","13:52:00","17:12:00","21-11-2024 17:06","Climate Action Opinion","Warming Caused Humans","Nominee","R","Brett M. Kavanaugh","Judge KAVANAUGH. I clerked for him in 1991Ð1992, so I started the clerkship 27 years ago.",-0.498210362633229,-0.669912137173028,0.171383789419813,1.56661660016516,-1.35128630850558,0.797210148669393,-0.0830156588143271,0.438808968736184
501,"X","medium",331,"X","medium",373,"Y","high",1,"X","medium",72,"Y","medium",105,"Y","high",312,"X","low",241,"","","","","26-06-2024","13:55:00","16:31:00","26-06-2024 16:27","Amid Inflation","Warming Caused Humans","Senator","R","Senator Orrin Hatch (UT)","Senator HATCH. Second, I understand from media reports that Judge Kozinski operated an email list where he would send inappropriate material. Were you on this email list?",0.88259615470229,2.18057069774786,-0.979815810327317,-0.559296977727378,1.1965434750755,-0.49721138880467,0.567865560753835,0.98981832100192
502,"X","low",91,"X","medium",199,"Z","high",229,"X","low",165,"X","medium",104,"Z","low",49,"Z","low",167,"","","","","28-06-2024","13:41:00","15:52:00","28-06-2024 15:47","Climate Action Opinion","Warming Caused Humans","Nominee","R","Brett M. Kavanaugh","Judge KAVANAUGH. I do not remember anything like that, Senator.",-0.223564615694183,0.887450752860251,-1.7505212476263,-1.06944982885408,-0.84550081963972,-0.717953411122105,1.3222064137957,1.24340073832877
503,"X","low",222,"Z","high",265,"X","medium",225,"Z","medium",292,"Y","high",318,"","medium",363,"X","medium",465,"","","","","22-05-2024","15:18:00","19:15:00","22-05-2024 19:09","Climate Action Opinion","Warming Caused Humans","Senator","R","Senator Orrin Hatch (UT)","Senator HATCH. How often did you talk with Judge Kozinski on the phone?",1.05567305064605,-0.592844941854525,-0.0638981570568116,-0.465531686995425,-1.07690519571711,0.521997485552142,1.78517568781116,0.0204768790831093
504,"X","high",256,"Z","low",483,"X","high",341,"Y","medium",9,"Y","medium",466,"Z","low",340,"X","medium",,"","","","","09-12-2024","19:17:00","20:28:00","09-12-2024 20:25","Climate Action Opinion","Warming Caused Humans","Nominee","R","Brett M. Kavanaugh","Judge KAVANAUGH. Not often. Not often, Senator.",-0.746920045546688,1.66477864211765,1.5527569155175,0.696484482518461,-0.523603368757236,0.408918061428176,1.36935738249131,-0.681822045480536
505,"Y","high",465,"Y","low",124,"Y","low",341,"X","medium",63,"Y","medium",279,"Y","medium",71,"X","low",39,"","","","","15-03-2024","11:38:00","13:44:00","15-03-2024 13:41","Climate Action Opinion","Warming Caused Humans","Senator","R","Senator Orrin Hatch (UT)","Senator HATCH. How often did you see him in person?",-1.24348663633054,-0.450074279476025,-0.180025941384153,1.98333182951065,1.52766353000754,0.609141703023288,-0.47355430183126,-0.999514674633224
506,"X","high",166,"Y","low",346,"Z","high",267,"Y","high",168,"X","low",7,"Z","medium",316,"X","medium",315,"","","","","18-06-2024","06:12:00","08:30:00","18-06-2024 08:21","Climate Action Opinion","Warming Caused Humans","Nominee","R","Brett M. Kavanaugh","Judge KAVANAUGH. Again, not often. Maybe there was a legal convention orÑÑ",-1.31995673394697,1.32159213145625,-0.0938930382917986,1.79947292461556,-0.902456733522114,0.661242529918575,0.051391755037609,0.139191738831483
507,"X","high",6,"X","medium",396,"Z","high",291,"Z","medium",352,"Y","medium",346,"X","high",192,"Y","medium",40,"","","","","13-10-2024","06:37:00","08:52:00","13-10-2024 08:46","Cnn Montana Nonprofit","Warming Caused Humans","Senator","R","Senator Orrin Hatch (UT)","Senator HATCH. That is what a lot of people do not seem to understand, you know.",-0.817230233844412,2.20220614630315,0.0199945189524928,-0.184241498925444,-0.838096237307337,-1.42449378978412,0.764090516766748,1.91069671515621
508,"X","low",216,"Y","high",240,"Z","medium",13,"X","low",48,"Z","low",270,"Z","low",254,"Z","medium",380,"","","","","21-06-2024","13:47:00","15:08:00","21-06-2024 15:04","Climate Action Opinion","Warming Caused Humans","Nominee","R","Brett M. Kavanaugh","Judge KAVANAUGH. I was not working in the courtÑhe was in the Pasadena courthouse in California withÑa small courthouse with 10 other court of appeals judges in that courthouse. I, of course, was working in Washington, DC.",0.614529604491822,-0.669681908786055,-1.23899099340083,0.693209017135991,-1.02884392877444,1.31798526820832,0.665620654001507,1.03926764297589
509,"X","high",463,"Y","high",432,"Y","high",490,"Y","high",142,"Z","high",388,"Z","high",,"X","high",421,"","","","","12-11-2024","16:22:00","19:56:00","12-11-2024 19:46","Climate Action Opinion","Warming Caused Humans","Senator","R","Senator Orrin Hatch (UT)","Senator HATCH. When you did see and talk with Judge Kozinski, what type of things did you talk about?",0.186685804242441,0.664204411049165,0.491966490382676,1.48662847791335,0.861210773436914,1.75266657047893,0.515332674186267,1.20334707408119
510,"X","low",399,"Z","low",214,"Z","medium",38,"Z","medium",,"X","low",188,"Y","high",161,"Z","medium",,"","","","","11-10-2024","10:21:00","12:39:00","11-10-2024 12:34","Climate Action Opinion","Warming Caused Humans","Nominee","R","Brett M. Kavanaugh","Judge KAVANAUGH. We were among the 12 co-authors of the Bryan Garner-led book on judicial precedent, so for several years that was a project all of us wereÑthe 12 of us, I guess it was, in total were working on that: Diane Wood, Chief Judge of the Seventh Circuit.",-0.180763685418216,0.189146751893244,-0.52707618089879,-0.254353394541121,-0.171078130043458,1.15474732597754,1.93892221142161,-1.64117881226008
511,"Y","medium",29,"Y","medium",418,"X","high",488,"Z","medium",154,"Y","low",214,"X","low",458,"","medium",118,"","","","","27-03-2024","17:56:00","19:29:00","27-03-2024 19:23","Climate Action Opinion","Warming Caused Humans","Senator","R","Senator Orrin Hatch (UT)","Senator HATCH. Right.",1.54951068090122,1.0018336727699,-0.0915826323086241,1.42322143244794,-0.683982756177295,-0.758668865013673,-1.38741402985207,1.02897275417999
512,"X","low",26,"X","high",322,"Y","low",486,"Y","high",,"X","",329,"","high",208,"Z","high",471,"","","","","07-02-2024","15:38:00","16:00:00","07-02-2024 15:53","Climate Action Opinion","Warming Caused Humans","Nominee","R","Brett M. Kavanaugh","Judge KAVANAUGH. Justice Gorsuch was also a co-author, so we worked on that as a group. And then Justice Kennedy for the last 30 years had had Judge Kozinski hisÑrun Justice KennedyÕs law clerk hiring process, and in thatÑin the course of that process, I would have communications with the Judge.",-0.103325484806845,-0.529915644852732,-0.685923564919297,-0.65172096774921,-1.35074219402824,-0.432986065595923,1.40769098977163,2.02785375912507
513,"Z","low",378,"Z","low",25,"X","high",358,"","medium",320,"","medium",353,"X","high",256,"Y","high",44,"","","","","17-05-2024","07:30:00","10:34:00","17-05-2024 10:27","Climate Action Opinion","Warming Caused Humans","Senator","R","Senator Orrin Hatch (UT)","Senator HATCH. Okay. Did you know anything about these allegations?",-0.636864773778269,-1.00566629405905,-0.430106104104234,-1.5413404593276,-0.0189833062986111,0.966491939977564,-0.0376455781246642,-2.30602155720461
514,"Y","high",360,"X","high",411,"X","high",373,"Z","high",33,"Y","medium",110,"X","low",14,"Z","",53,"","","","","11-09-2024","10:34:00","12:57:00","11-09-2024 12:54","Climate Action Opinion","Warming Caused Humans","Nominee","R","Brett M. Kavanaugh","Judge KAVANAUGH. Nothing.",-0.46862847044422,-0.712533258531189,1.47653543003146,0.464918088697071,1.71673089731577,-0.51849548522168,0.569399208635757,1.70695126255405
515,"X","low",278,"X","low",348,"Y","high",14,"Y","high",469,"Z","high",293,"Z","low",61,"Z","medium",152,"","","","","04-04-2024","08:37:00","09:13:00","04-04-2024 09:04","Climate Action Opinion","Warming Caused Humans","Senator","R","Senator Orrin Hatch (UT)","Senator HATCH. Okay. Before they became public last year?",-1.2402635887361,0.43678516932369,-0.825856894910316,-0.406801003406071,-0.0537062499515442,0.633412402467707,1.71925306291377,0.476769355597279
516,"Y","high",44,"Y","low",111,"Z","high",474,"Z","medium",122,"Y","low",480,"Y","high",140,"Z","low",270,"","","","","07-06-2024","19:13:00","21:36:00","07-06-2024 21:29","Climate Action Opinion","Warming Caused Humans","Nominee","R","Brett M. Kavanaugh","Judge KAVANAUGH. No. When theyÑwhen it became public, you know, the first thought I had was no woman should be subjected to sexual harassment in the workplace ever, including in the judiciary, especially in the judiciary. And when I heard, when it became public, I think it was in December, it was a gut punch. It was a gut punch for me.",-1.4691179372819,-0.518987184749929,-0.212092044609702,2.08624136143772,-0.85123454923455,-0.881538351333029,-1.0069695844781,-0.416911012520839
517,"X","high",140,"Z","low",351,"X","high",229,"Z","high",495,"X","high",32,"Y","medium",489,"Y","low",355,"","","","","28-05-2024","14:04:00","17:39:00","28-05-2024 17:31","Climate Action Opinion","Warming Caused Humans","Senator","R","Senator Orrin Hatch (UT)","Senator HATCH. It was for me, too.",-0.911059825090805,1.34929596943304,0.997930214275979,0.635297974793017,-1.12304180973669,-0.290840259035423,1.11441832402559,-0.889884078728306
518,"Z","medium",423,"X","high",255,"Z","high",169,"X","low",364,"Y","low",165,"Z","low",129,"X","low",145,"","","","","20-03-2024","06:06:00","08:12:00","20-03-2024 08:11","Climate Action Opinion","Warming Caused Humans","Nominee","R","Brett M. Kavanaugh","Judge KAVANAUGH. It was a gut punch for the judiciary, and I was shocked and disappointed, angry, swirl of emotions. No woman should be subjected to sexual harassment in the workplace, and I applaudÑChief Justice Roberts appointed a committee of judges to establish better procedures. Chief Justice Garland did the same thing for our court, and those are first steps. I do not think they are a final steps by any stretch. And whatÑthis is part of a much, much larger national problem of abuse and harassment, and one of the things we have learned is we need better reporting mechanisms. Women, particularly in the workplace, need to know if they are the victim of harassment where to report it immediately, who to report it to. They need to know that they will be safe if they report it. They need to have a safe working environment and be safe if they report it. They will not be retaliated against, and they will be protected if they report it, and that is part of the steps, or one of the steps, that is, I think, being improved as a result of the working groupÑor, the committee that the Chief Justice has appointed. And I am interested in doing everything I can to assist those efforts to make those workplaces safe. Again, it is part of a broader national problem whether it is priests, or teachers, or coaches, or doctors, or business people, or news people. There is a lotÑthere is a lotÑit is a broad national problem that needs to be addressed, including in the judiciary. And I applaud Chief Justice Roberts for doing so.",0.596476605317155,-0.535221377392627,-0.0491463793661596,-1.51215597426087,1.87428800873028,0.100359751320298,-1.14602707097324,0.698074081618972
519,"Y","low",69,"X","high",471,"Y","low",334,"X","high",178,"Y","medium",266,"Z","medium",197,"Y","high",457,"","","","","16-03-2024","12:20:00","16:18:00","16-03-2024 16:12","Abortion Travel","International Women","Senator","R","Senator Orrin Hatch (UT)","Senator HATCH. Okay. I would like to talk to you now about theÑÑ [Disturbance in the hearing room.] Senator HATCH. I would like to talk to you now about the Chevron doctrine. Now, this is an important judicial doctrine that takes its name from the Supreme Court case that created it back in the 1980s. In that case, the Supreme Court instructed Federal courts to defer an agencyÕs interpretation of the law if the law is ÔÔambiguous.ÕÕ Some of your academic writings express skepticism about the Chevron doctrine, and concern that it allows an administration to impose its policy preference by avoiding the political process. I can understand why this would be appealing to an administration, but I also think it is a threat to the separation of powers because it transfers power from Congress and the judiciary to the executive branch. That is why I have introduced the Separation of Powers Restoration Act to reverse the Chevron doctrine. Many Members of this Committee have cosponsored this legislation. And as someone who has written extensively about the separation of powers, can you tell us why the separation of powers is so important, and how it helps to protect individual freedom?",0.136813817892576,-1.46866107735957,0.819424480063485,-0.141087424559735,-0.532492324206226,-0.53874958289618,0.876944295365821,2.3309593024971
520,"Z","medium",100,"X","high",152,"Z","low",267,"Z","high",151,"Z","low",462,"Z","medium",427,"Z","high",408,"","","","","14-08-2024","19:20:00","19:44:00","14-08-2024 19:40","Climate Action Opinion","Warming Caused Humans","Nominee","R","Brett M. Kavanaugh","Judge KAVANAUGH. The separation of powers protects individual liberty because it responds to the concern the Framers had thatÑ something Senator Klobuchar said yesterday from Federal 47, that the accumulation of all power in one body would be the very definition of tyranny. So, Federalist 47 talks about that, Federalist 69. So, the separation of powers, to begin with, protects individual liberty. It does so because Congress can pass the laws, but you cannot enforce the laws. A separate body has to decide to enforce the laws. And then even if the law is enforced, a citizen may say, well, I want someone who did not pass the law or enforce it to decide whether I violated the law or whether the law is constitutional, and that is why we have an independent judiciary to guarantee, as an independent matter, our rights and liberties. And the three branches, therefore, do separate things because it all tilts toward liberty. It is hard to pass a law, as you know, in the Congress, and then even if it does get passed and affects your liberty, a separate body has to decide, usually a U.S. AttorneyÕs office, to enforce the law, and that is a separate decision. That helps protect your lib- erty. And then even if that happens, you go to a court and you say either I did not violate that law as I am accused of doing, or that law is illÑunconstitutional, or they are interpreting that law in a way that is not consistent with what the law said. The court independently decides that. It is not the Members of Congress or the Executive deciding that. That is how the ConstitutionÕs separation of powers tilts towardÑtoward liberty in all its respects. Now, as to your specific question, Senator, one of the things I have seen in my experience in the executive branch and in the judicial branch is a natural tendency, but it is a natural tendency that judges need to be aware and then respond to. So, here is the natural tendency. Congress passes laws, but then does not haveÑcannot update the law. So, maybe it is an environmental law, or maybe it is some kind of law dealing with national security. Let us take those two examples to illustrate. And then an executive branch agency wants to do some new policy and proposes a new policy to Congress, but Congress does not pass the new policy. What often happens, or too often I have seen, is that the executive branch then relies on the old law as a source of authority to do this new thing, and they try to say, well, the old law is ambiguous, so we can fit this new policy into the old law as justification for doing this new thing. And I have seen this in national security cases. I have seen it in environmental cases. You see it all over the place. It is a natural phenomenon because the executive branch wants toÑwants to implement what it thinks is good policy. Now, when those cases come to court, it is our job to figure out whether the executive branch has acted within the authority given to it by Congress. Have you given them the authority? And my administrative law jurisprudence is rooted in respect for Congress. Have you passed the law to give the authority? I have heard it said that I am a skeptic of regulation. I am not a skeptic of regulation at all. I am a skeptic of unauthorized regulation, of illegal regulation, of regulation that is outside the bounds of what the laws passed by Congress have said. And that is what is at the root of our administrative law jurisprudence.",0.349499990755504,-0.802873837996089,-0.469264711402426,-1.49806564932712,0.0897357862106641,-1.2526907882388,-1.63348418623696,0.878053360118328
521,"Y","medium",226,"Z","high",131,"X","medium",180,"X","low",473,"Z","low",484,"X","high",159,"Y","medium",115,"","","","","13-08-2024","20:51:00","21:24:00","13-08-2024 21:23","Climate Action Opinion","Warming Caused Humans","Senator","R","Senator Orrin Hatch (UT)","Senator HATCH. Okay. One of theÑone of the most important qualities I look for in a judicial nominee is the ability to impartially interpret the law and apply it to the case before the court. Now, this can often be the most difficult part of a judgeÕs job because it may require the judge to rule against a litigant that may be sympathetic or against a policy that the judge may personally agree with. At Justice SotomayorÕs confirmation hearings, Senator Schumer commended her for ÔÔhewing carefully to the text of statutes, even when doing so results in rulings that go against so-called sympathetic litigants.ÕÕ Do you believe that it is important for a judge to interpret and apply the laws that Congress has actually passed rather than seeking to make up or change the law if the judge does not like what the Congress has done? And if so, why or why not?",1.89640473794092,-1.31938152861035,0.28451995642575,0.310809883999513,0.402508752978946,-1.36006847810135,-0.230380436364442,-0.830871696629042
522,"X","medium",367,"Z","high",29,"Z","high",160,"Z","low",498,"Z","low",294,"X","low",406,"X","high",31,"","","","","25-06-2024","07:55:00","10:20:00","25-06-2024 10:18","Climate Action Opinion","Warming Caused Humans","Nominee","R","Brett M. Kavanaugh","Judge KAVANAUGH. I agree completely, Senator. That is at the foundation of what I view as the proper judicial philosophy.",1.78768750260407,-0.255120696297945,-1.03114165047526,-0.215990880288923,0.60593977804894,-0.509803157598961,0.568235361066437,-1.27001385422133
523,"X","low",414,"Z","medium",393,"X","low",59,"","low",306,"Z","low",273,"Z","",59,"Y","high",350,"","","","","11-03-2024","14:25:00","16:19:00","11-03-2024 16:16","Climate Action Opinion","Warming Caused Humans","Senator","R","Senator Orrin Hatch (UT)","Senator HATCH. Okay.",1.19969150408151,1.41577063103436,-0.068326541226872,-0.742024992611179,0.0381585661359845,1.2428007168093,2.06832856541527,-0.230554028424402
524,"Y","medium",295,"X","high",492,"Y","medium",454,"Z","low",23,"Y","medium",,"X","",66,"X","medium",87,"","","","","08-05-2024","08:52:00","09:53:00","08-05-2024 09:50","Climate Action Opinion","Warming Caused Humans","Nominee","R","Brett M. Kavanaugh","Judge KAVANAUGH. The separation of powers system you described, we have to stick to the laws passed by Congress. You make the policy. We will follow the policy direction that you put into the laws that are enacted, passed by the House and Senate, signed by the President. We do not rewrite those laws. The executive branch also should not be rewriting those laws beyond the scope of the authority granted.",1.11432475670479,-0.530084864999151,0.940395846517579,0.266107226371769,1.497010333882,-0.710955988690464,-0.0234029144056105,1.65884642709973
525,"Z","high",246,"Z","low",344,"Z","low",332,"Y","high",,"Y","high",222,"X","high",6,"Z","low",140,"","","","","23-07-2024","16:40:00","19:47:00","23-07-2024 19:38","Companies Pulling Russia","Niger State Television","Senator","R","Senator Orrin Hatch (UT)","Senator HATCH. Okay. Some of my colleagues have criticized you for purportedly ruling too often against environmental interests. It seems to me that many of these circumstances boil down to the fact that some of my colleagues do not like the environmental laws Congress has actually passed, and are frustrated that they have not been able to get their own preferred environmental policies signed into law. Now, I have looked through your record, and I found that you have not hesitated at all to uphold environmental regulations when they were actually authorized by statute. Could you give us a few examples of cases where you have upheld environmental regulations because you concluded that Congress had authorized them?",-1.15769290302497,0.586423182094738,1.86170424937835,-0.558564935001173,-0.331019298249055,0.371379794575715,-0.551522310606408,-1.21935061367203
526,"Y","low",192,"X","medium",184,"Z","medium",143,"X","low",238,"Y","high",,"Y","high",62,"Z","medium",386,"","","","","25-11-2024","15:08:00","16:35:00","25-11-2024 16:27","Assassination Question","Help Russia","Chairman","R","Senator Chuck Grassley (IA)","Chairman GRASSLEY. Limit it to as manyÑfew as you can. His time has run out. [Laughter.]",-0.0839873362123941,-0.424583065177305,-0.945644319453194,-0.688594366791326,0.372819271599414,-0.991488225431309,0.725561586403555,0.990384287364711
527,"Z","medium",21,"Z","high",439,"X","high",361,"X","low",,"Y","high",272,"Y","high",,"Y","high",94,"","","","","30-11-2024","09:40:00","13:36:00","30-11-2024 13:26","Voice Cnn Masai","Actor Bob Odenkirk","Nominee","R","Brett M. Kavanaugh","Judge KAVANAUGH. Senator, as I said yesterday, I am a pro-law judge, and in environmental cases, on some cases I have ruled against environmentalistsÕ interests, and in many cases I have ruled for environmentalistsÕ interest. And they are big cases, cases like the American Trucking Associations case where I upheld the California renegotiating for majority over a dissent; stricter air quality standards in the National Association of Manufacturers case; EPA rules for particulate matter in the UARG case; permanent process applicable to surface coal mining in the National Mining Association case; the Murray Energy case rejecting a premature challenge to a Clean Power Plant regulation; the National Resources Defense Council case versus EPA, ruling for environmentalist groups in a caseÑthat was a big money case where the industry wanted an affirmative defense to be created for accidental emissions. The affirmative defense was not in the statutes passed by Congress. The industry came in with their lawyers and said, well just write the affirmative defense into the law, and I wrote the opinion saying, no, it is not in the law, and, yes, that might be a problem for industry, but we follow the law regardless. And so, there are a large number of cases where I have ruled in favor of environmentalistsÕ interests because that is what the law required in that case.",1.6410113163621,-0.0969759281646694,1.63049379625551,-0.998874472100287,-1.34413445185831,-0.478092481684015,-1.30807992733557,0.262969450251492
528,"Y","low",133,"Z","high",126,"X","high",346,"Y","medium",400,"","medium",276,"X","",45,"X","medium",177,"","","","","26-08-2024","14:58:00","16:13:00","26-08-2024 16:12","Climate Action Opinion","Warming Caused Humans","Senator","R","Senator Orrin Hatch (UT)","Senator HATCH. Thank you, Judge. I appreciate it.",0.999617742993645,-2.20872804366883,0.224244341557876,-0.120602708761559,-0.880654601356594,-0.690167363000399,0.848479273467905,-0.308675788061597
529,"X","medium",107,"Z","medium",346,"Y","high",69,"Y","medium",16,"Z","low",421,"Z","high",306,"X","medium",463,"","","","","07-11-2024","06:06:00","09:24:00","07-11-2024 09:20","Cnn Montana Nonprofit","Ravaged Nicaragua Category","Nominee","R","Brett M. Kavanaugh","Judge KAVANAUGH. Thank you, Senator.",1.85061903833325,2.14810035994491,-0.20708974725231,-0.240481669563554,-0.921614817964831,-0.932658452954913,0.449327380613674,-0.313007472307394
530,"Y","low",28,"Z","low",298,"Y","medium",87,"X","medium",185,"Y","low",,"Y","low",299,"X","medium",,"","","","","06-07-2024","07:19:00","07:45:00","06-07-2024 07:40","Climate Action Opinion","Warming Caused Humans","Chairman","R","Senator Chuck Grassley (IA)","Chairman GRASSLEY. Senator Leahy.",-0.203966423613568,-0.937923716409482,0.724732995999099,0.321070013081101,-1.6693898532406,-0.534431091429417,0.839729740580841,-0.915028994733261
531,"X","high",372,"X","high",426,"X","high",115,"Z","medium",37,"Y","low",478,"Y","medium",117,"Y","",310,"","","","","13-03-2024","16:21:00","17:06:00","13-03-2024 17:04","Climate Action Opinion","Warming Caused Humans","Senator","D","Senator Patrick Leahy (VT)","Senator LEAHY. Thank you, Mr. Chairman, and good morning, Judge.",-0.550415073156992,0.609941164139615,0.665429912993093,0.0540078478892533,1.13844980948327,0.147297369891345,1.30628369419367,1.79357678145778
532,"Z","medium",176,"Y","low",485,"X","low",52,"","high",218,"Z","medium",352,"Y","medium",18,"X","medium",499,"","","","","14-12-2024","08:16:00","11:06:00","14-12-2024 10:56","Cnn Montana Nonprofit","Warming Caused Humans","Nominee","R","Brett M. Kavanaugh","Judge KAVANAUGH. Thank you, Senator.",0.052122702514752,0.888377118031759,0.511808795054512,0.460366602590328,-0.534100772236274,1.16968398762161,-2.19117644641112,-0.00616758035104496
533,"X","low",254,"X","high",179,"X","low",411,"Z","",402,"","high",293,"Z","high",80,"Z","low",385,"","","","","22-01-2024","11:19:00","13:31:00","22-01-2024 13:21","Climate Action Opinion","Warming Caused Humans","Senator","D","Senator Patrick Leahy (VT)","Senator LEAHY. You and your family. We have a lot of questions, and I know you have done a lot of preparation with someÑa couple of our distinguished Republican colleagues about the questions you might be asked. But let me ask you something that normally is not an issue during Supreme Court hearings. You testified before this Committee in both 2004 and 2006 as part of your nomination to the D.C. Circuit Court. Then, you were nice enough to come by my office and chat with me last month. And I asked you if you would change anything in your prior testimony, and you said, no. Is that still your position?",-0.100270694204039,-0.83901160363606,-1.30648002160659,-0.812071602588964,0.00305608079397788,0.0366290910489081,1.57042818178444,1.28168396376741
534,"Y","low",100,"Y","high",47,"X","high",229,"X","medium",64,"Y","medium",289,"Y","medium",71,"Z","",229,"","","","","31-08-2024","16:09:00","18:10:00","31-08-2024 18:07","Climate Action Opinion","Warming Caused Humans","Nominee","R","Brett M. Kavanaugh","Judge KAVANAUGH. It is, Senator. I told the truth. I was not read into the programsÑÑ",0.501787108082258,-2.41273621174086,-1.17895051415541,1.00766682530065,-0.96196233801132,-0.10944027766914,-0.349983715404121,0.594879655139257
535,"Y","medium",295,"Y","high",78,"Y","high",405,"X","low",68,"Y","medium",288,"Z","low",264,"Y","medium",332,"","","","","22-07-2024","10:55:00","14:08:00","22-07-2024 14:07","Climate Action Opinion","Warming Caused Humans","Senator","D","Senator Patrick Leahy (VT)","Senator LEAHY. No, no, I am not asking about whether you did or not. I just asked if you would change anything in yourÑÑ",1.47138448538294,-1.45393598727265,-1.01375370380729,1.43007925926372,0.887591311791514,-0.366750754808142,-1.2803964620903,-0.00288384557650612
536,"Y","high",67,"Z","low",369,"X","high",264,"Y","high",478,"Z","medium",,"X","low",465,"Z","high",266,"","","","","06-01-2024","18:23:00","18:51:00","06-01-2024 18:43","Amid Inflation","Warming Caused Humans","Nominee","R","Brett M. Kavanaugh","Judge KAVANAUGH. Well, I would like to explain if I can.",-0.834266250139895,0.0973766891192992,1.95270322961476,1.08544227693092,-0.904666689593813,-1.09411144263736,0.329573300120218,-0.791970338121611
537,"Y","high",338,"Y","low",181,"Z","low",58,"Y","low",88,"X","high",,"Z","medium",217,"Y","low",181,"","","","","14-11-2024","14:21:00","15:55:00","14-11-2024 15:48","Climate Action Opinion","Ravaged Nicaragua Category","Senator","D","Senator Patrick Leahy (VT)","Senator LEAHY. I am going to give you a chance, but I am going to ask you a couple of questions. Go ahead.",-1.26317626760628,-0.330205392317619,0.0693196121161832,2.0568544095726,0.783458063040205,0.296572608110169,-0.583247233830809,-0.648905799332138
538,"Z","low",369,"Z","medium",69,"Z","low",422,"Y","medium",,"X","high",369,"Z","high",316,"X","high",487,"","","","","20-10-2024","11:42:00","13:52:00","20-10-2024 13:47","Cnn Montana Nonprofit","Turned Movie Different","Nominee","R","Brett M. Kavanaugh","Judge KAVANAUGH. Well, I just wanted to explain that at the last hearing in 2006 in particular, you were concerned, understandably, because there had been two judicial nominees who had been involved in the legal memos and the legal discussions around crafting the enhanced interrogation techniques and detention policies. You were concerned whether I also was involved in those, and I made clear in response to those questions that I was not read into that program. That was a hundred percent accurate. It is still accurate today. I think Senator FeinsteinÕs report and the Office of Professional Responsibility report established that I was not involved in those programs. Now, there were two judicial nomineesÑÑ",0.624119297275024,-0.092951246959048,-0.544009243967331,-2.11675974253006,0.113217576889016,0.667395576656005,-0.0515230486877143,-1.24753822151135
539,"Z","medium",155,"X","medium",407,"X","low",86,"X","high",292,"X","medium",126,"X","high",151,"Z","high",296,"","","","","19-10-2024","14:15:00","14:42:00","19-10-2024 14:40","Amid Inflation","Warming Caused Humans","Senator","D","Senator Patrick Leahy (VT)","Senator LEAHY. Okay. I am going to go into that in a little bit. I do not want to go over my time as the preceding Senator did. I want to beÑstay withÑÑ",0.524298219424641,1.48630441617814,0.0738206723089519,-1.64956799277703,0.373411852348023,-0.721623961516713,-1.41358380221869,1.19327232292661
540,"X","low",106,"X","medium",324,"Z","medium",499,"X","medium",138,"Z","high",326,"Z","high",45,"Y","high",373,"","","","","28-09-2024","16:19:00","18:00:00","28-09-2024 17:58","Cnn Montana Nonprofit","Coronavirus Pandemic Late","Nominee","R","Brett M. Kavanaugh","Judge KAVANAUGH. I just want toÑSenator, I just want to be clearÑI want to reassure youÑÑ",-0.116636812468617,1.17743978354286,-1.21988910176752,-0.986281067020481,-0.81507847744451,-0.384551989448433,1.44591341839432,1.58009225676669
541,"Z","medium",390,"Z","low",65,"Y","low",7,"X","medium",478,"X","medium",263,"X","low",109,"Z","low",204,"","","","","04-02-2024","18:36:00","21:23:00","04-02-2024 21:16","Cnn Montana Nonprofit","Turned Movie Different","Senator","D","Senator Patrick Leahy (VT)","Senator LEAHY. I am going to goÑI am going to go into it. I am going to give you a chance to speak a lot more.",0.246288858632166,-0.0429948815134456,-0.216557242632005,-1.06397984202233,0.790120223406941,0.0941876027993552,-1.18760554680854,-2.6084880228082
542,"Z","low",111,"Z","medium",356,"X","high",311,"","low",81,"Z","low",183,"Y","medium",239,"Z","low",98,"","","","","20-08-2024","20:23:00","22:51:00","20-08-2024 22:50","Amid Inflation","Warming Caused Humans","Chairman","R","Senator Chuck Grassley (IA)","Chairman GRASSLEY. Without takingÑÑ",0.720065307690379,0.545843652276315,0.690441530426708,-1.84802356185387,-1.47333100999924,0.41773531645885,-0.130427037226613,-0.0438806529502652
543,"Y","low",89,"Z","high",318,"X","medium",156,"Z","high",283,"Z","",401,"Z","medium",429,"Z","medium",61,"","","","","12-10-2024","12:50:00","13:37:00","12-10-2024 13:33","Climate Action Opinion","Warming Caused Humans","Senator","D","Senator Patrick Leahy (VT)","Senator LEAHY. Well, let meÑlet me askÑÑ",1.12957312334462,-1.76949903532452,1.04299057952198,0.0249752383269682,-1.21364459868617,-0.410779408119269,0.955292642412503,0.307197854040675
544,"Y","high",170,"Y","high",492,"Y","high",229,"Y","low",460,"Z","high",159,"X","high",124,"","low",402,"","","","","19-07-2024","21:58:00","01:26:00","20-07-2024 01:16","Climate Action Opinion","Warming Caused Humans","Chairman","R","Senator Chuck Grassley (IA)","Chairman GRASSLEY. I am not going to take time away from you, but I want to explain something. I said yesterday that if a question is asked within the 30 minutes, that he can finish the question and it can be answered. So, IÑhe did not go over his time.",0.184316732580684,-0.511071065279694,1.6374361690153,2.02457170888387,-0.184832706757916,0.280234640643489,-0.507234695940556,1.74575744232422
545,"Z","low",483,"Z","medium",493,"Z","medium",419,"Z","high",366,"X","",,"Y","low",491,"","medium",260,"","","","","14-02-2024","11:26:00","13:49:00","14-02-2024 13:44","Climate Action Opinion","Said Alicia Keys","Senator","D","Senator Patrick Leahy (VT)","Senator LEAHY. Sorry, I did not mean to hit a sensitive area. [Laughter.] Senator LEAHY. Let me ask you this. Between 2001ÑI am new here. [Laughter.] Senator LEAHY. Between 2001 and 2003, two Republican staffers on this Committee regularly hacked into the private computer files of six Democratic Senators, including mine. These Republican staffers stole 4,670 files, and they used them to assist in getting President BushÕs most controversial judicial nominees confirmed. Now, the theft by these Republican staffers became public in late 2003 when the Wall Street Journal happened to print some of the stolen materials. The ringleader behind this massive theft was a Republican staffer named Manny Miranda, who had worked for one of the Members of this Committee. In a way, it was considered by many, both Republicans and Democrats, as a digital Watergate, a theft not unlike what the Russians did in hacking the DNC. Now, during all this, you worked hand-in-hand in the White House with Manny Miranda to advance these same nominees where he was stealing material. Not surprisingly, you were asked extensively about your knowledge of this theft during both your 2004, 2006 hearings, and I do not use the word ÔÔextensivelyÕÕ lightly. You were asked over 100 questions from six Senators, both Republicans and Democrats. And you testified, and you testified repeatedly, that you never received any stolen materials, you knew nothing about it until it was public. You testified that if you had suspected anything untoward, you would have reported it to the White House Counsel, who would have raised it with Senator Hatch, especially as Mr. Miranda had worked for him. Now, at the time we left it there. We did not know any better. Today, with the very limited amount of your White House record that has been provided to this Committee, and it is limited, for the first time we have been able to learn about your relationship with Mr. Miranda and your knowledge of these events. So, my question is this: Did Mr. Miranda ever provide you with highly specific information regarding what I, or other Democratic Senators, were planning on asking certain judicial nominees?",1.01909935729986,0.896523500553992,1.25241580426198,-1.85143942304878,0.573925753606556,2.01740229220794,0.446426750056134,-0.198423915143798
546,"X","high",231,"Y","low",487,"X","high",393,"X","medium",14,"Y","high",125,"Z","high",319,"X","high",257,"","","","","25-06-2024","08:06:00","08:35:00","25-06-2024 08:30","Climate Action Opinion","Beating Forecasts Covid","Nominee","R","Brett M. Kavanaugh","Judge KAVANAUGH. Senator, well, let me contextualize because I am looking at what you are putting up here first.",-1.17475300607619,1.65314209674559,0.502009840355122,1.88049937856509,-0.59581223166936,1.20421992296336,0.250603369186001,0.448182638766975
547,"Z","high",131,"Y","low",447,"X","low",140,"X","medium",93,"","low",,"Y","low",177,"X","medium",60,"","","","","02-02-2024","17:11:00","19:30:00","02-02-2024 19:20","Climate Action Opinion","Warming Caused Humans","Senator","D","Senator Patrick Leahy (VT)","Senator LEAHY. The questionÑÑ",-1.55294270843723,0.795044773801756,1.23683348536084,0.718416796157017,-0.956188300364412,1.0770785095358,-1.69873945922474,0.327330639534996
548,"Z","medium",256,"Z","low",420,"X","medium",31,"X","high",62,"X","medium",287,"X","medium",311,"X","high",,"","","","","06-07-2024","06:34:00","09:47:00","06-07-2024 09:40","Climate Action Opinion","Warming Caused Humans","Nominee","R","Brett M. Kavanaugh","Judge KAVANAUGH. ThatÑwhat is up there is a hundred percent accurate. As my memory.",0.459646709019247,0.764257056083306,1.30017228871849,-0.780809992694743,-0.123753669905666,0.428014277468028,-1.05544865934205,-1.39224306087059
549,"X","low",174,"Z","low",335,"Z","low",141,"X","high",457,"X","low",487,"X","high",349,"X","high",131,"","","","","26-06-2024","14:15:00","15:35:00","26-06-2024 15:25","Climate Action Opinion","Warming Caused Humans","Senator","D","Senator Patrick Leahy (VT)","Senator LEAHY. Okay. So, let me ask you this. That isÑÑ",-0.199753349769453,0.447725747560782,-0.000221860123352115,-0.1101405410064,-1.49828542754148,0.646031708057378,1.76141215891851,-0.962571545889267
550,"Z","high",332,"X","high",420,"X","high",404,"X","low",100,"Z","high",149,"Y","high",342,"Y","high",299,"","","","","06-12-2024","21:05:00","00:39:00","07-12-2024 00:34","Cnn Montana Nonprofit","Said Alicia Keys","Nominee","R","Brett M. Kavanaugh","Judge KAVANAUGH. ÔÔNever knew or suspected,ÕÕ true. ÔÔNever suspected anything untoward,ÕÕ true. ÔÔHad I suspected something untoward, I would have talked to Judge GonzalesÕÕÑÑ",-0.870921699368789,-0.164112429086058,1.54150317698793,-1.10032595720648,1.10308296362194,0.30495680370548,-0.540010814058015,1.68196345116292
551,"Z","low",219,"Z","medium",396,"Z","medium",257,"Y","medium",27,"Y","low",57,"X","medium",432,"Z","high",175,"","","","","07-03-2024","11:00:00","13:36:00","07-03-2024 13:33","Cnn Montana Nonprofit","Warming Caused Humans","Senator","D","Senator Patrick Leahy (VT)","Senator LEAHY. And I have alreadyÑÑ",0.807060946692141,0.648175278361575,0.854555406739616,-1.84885781617765,-0.879064664465228,0.882662973261278,0.0372364849768679,-0.0880999350910637
552,"Y","low",294,"Y","high",482,"Y","high",379,"Z","medium",191,"Y","low",60,"X","medium",330,"X","low",113,"","","","","22-04-2024","16:52:00","20:36:00","22-04-2024 20:30","Climate Action Opinion","Warming Caused Humans","Nominee","R","Brett M. Kavanaugh","Judge KAVANAUGH. ÔÔI would have talked to Senator Hatch.ÕÕ That is all a hundred percent true.",0.946415491323571,-1.39047281207161,0.659833301211083,1.25937935872894,-0.0529285988263199,1.5430284413126,0.25649881571328,1.55776760685938
553,"Z","high",218,"Z","low",58,"X","high",247,"Y","low",141,"Z","",245,"Z","high",13,"Y","low",81,"","","","","19-01-2024","13:40:00","14:26:00","19-01-2024 14:23","Climate Action Opinion","Warming Caused Humans","Senator","D","Senator Patrick Leahy (VT)","Senator LEAHY. And that is what I had already said. But, did Mr. Miranda ever provide you with highly specific information regarding what I, or other Democratic Senators, were planning in the future to ask certain judicial nominees?",-1.39911153028134,-0.0764877854054704,0.647269539639044,-0.750536001914234,-0.364828745496741,-0.369503978409398,-0.826720444742135,-1.99900692016437
554,"X","medium",96,"Y","high",68,"Z","high",264,"Z","medium",,"Y","medium",391,"Y","medium",188,"Z","high",407,"","","","","30-07-2024","16:48:00","19:32:00","30-07-2024 19:26","Climate Action Opinion","Warming Caused Humans","Nominee","R","Brett M. Kavanaugh","Judge KAVANAUGH. Well, one of the things we would do as a White House is, on judicial nominationsÑand I am coming to your answer, but I want to explainÑis to meet up here, and this happens on both sides all the time, with teams up here about, okay, their judicial nominations: our judicial nominees are coming up, how are we going to get them through, hereÕs a hearing coming up. And during those meetings, of course, it would be discussed, well, I think here is what Senator Leahy is going to be interested in. That is very common. I am sure in President ObamaÕs administration when they had similar meetings, they would probably have meetings and say, well, I think this is what Senator Graham will be interested in. That is what you do in meetings withÑso, ÔÔhighly specificÕÕ would, I thinkÑI am not sure what you are getting at by ÔÔhighly specific.ÕÕ",1.26183656301659,-0.208677474842045,-1.9195206368849,1.05785733669955,-0.874899135706398,-0.489670683916532,-0.82639363319087,0.322680483520595
555,"Z","low",223,"Z","low",249,"X","low",32,"X","low",226,"Z","high",356,"Y","medium",454,"Y","high",,"","","","","08-08-2024","19:08:00","22:54:00","08-08-2024 22:47","Climate Action Opinion","Warming Caused Humans","Senator","D","Senator Patrick Leahy (VT)","Senator LEAHY. Judge, I have been here over 40 years. I knowÑ I know what both Republicans and Democratic administrations do in preparing. I am not asking about that. I am asking you why, before this, did Mr. Miranda send you an email asking you, on July 19th, 2002, asking you and another Bush official why the Leahy people were looking into financial ties between two special interest groups and Priscilla Owen, a particular, controversial nominee to the Fifth Circuit. You had handled the Owen nomination. As you know, as a judge she had received a lot of contributions. Did Mr. Miranda send you an email asking you why the Leahy people were looking into her financial ties?",-0.538267568900257,-0.502810704798772,0.530811973335003,-1.3439271429169,-0.994646061470622,0.932585407427413,-0.0416864225847402,-1.43485457985296
556,"Z","medium",196,"Y","low",146,"Y","high",11,"Z","medium",450,"X","",104,"X","low",103,"X","high",1,"","","","","16-01-2024","19:40:00","22:01:00","16-01-2024 21:56","Climate Action Opinion","Warming Caused Humans","Nominee","R","Brett M. Kavanaugh","Judge KAVANAUGH. Is that what this email is?",-0.206832417829939,0.107533379113834,-0.930610281614896,0.218673770282992,-0.272910883502299,0.476138428644165,-2.45136238750648,-1.00862543638495
557,"X","high",481,"X","high",265,"Y","high",229,"X","low",,"X","low",417,"Z","high",249,"Y","",153,"","","","","26-07-2024","07:57:00","10:07:00","26-07-2024 10:06","Voice Cnn Masai","Said Alicia Keys","Senator","D","Senator Patrick Leahy (VT)","Senator LEAHY. I am just asking you.",-0.622512423153995,0.248291384536676,-0.0250973220516948,-0.0872429793751358,1.82607826563087,0.163314850244207,1.30620175311872,1.17096868622319
558,"Y","medium",132,"Z","high",155,"Z","medium",101,"X","low",490,"X","medium",82,"Y","high",250,"Z","low",444,"","","","","23-07-2024","12:21:00","15:29:00","23-07-2024 15:22","Scammers Cnn Epik","Ravaged Nicaragua Category","Nominee","R","Brett M. Kavanaugh","Judge KAVANAUGH. Could I take a minute to read it?",1.86738832071437,-1.2726548362845,0.391741378778128,0.35254560454432,-0.140384481656163,-1.6323559272026,-0.326862479827523,-0.623572469354412
559,"Y","low",402,"X","medium",391,"Z","medium",180,"Y","high",331,"Y","medium",279,"","medium",278,"Z","medium",,"","","","","17-01-2024","06:33:00","08:01:00","17-01-2024 07:56","Climate Action Opinion","Warming Caused Humans","Senator","D","Senator Patrick Leahy (VT)","Senator LEAHY. Of course.",0.187779988323403,0.0727465780746249,-0.077123552409208,-0.600114178897845,1.47195638594523,0.203372306163262,1.16021485598324,1.27529991109888
560,"X","medium",354,"Y","medium",449,"Z","high",184,"Y","",191,"Z","high",424,"","low",434,"Z","medium",409,"","","","","21-02-2024","18:20:00","18:39:00","21-02-2024 18:36","Climate Action Opinion","Warming Caused Humans","Nominee","R","Brett M. Kavanaugh","Judge KAVANAUGH. Okay.",1.64050396734916,2.39016884437083,-0.851914043740835,0.940218381013118,0.503606615611858,1.02965451661564,-0.248626438305464,0.700633803856831
561,"Z","medium",263,"Z","high",141,"X","medium",316,"X","low",339,"Y","high",403,"","",269,"Y","",102,"","","","","13-04-2024","15:11:00","16:19:00","13-04-2024 16:13","Cnn Montana Nonprofit","Niger State Television","Senator","D","Senator Patrick Leahy (VT)","Senator LEAHY. And this says it was 4 days before her hearing on July 23rd. [Brief pause.]",1.5281479855021,-0.762646216755111,0.350156558375825,-1.27102504229591,0.156588539093674,-0.308730378797683,-1.25828090017368,-0.948700875625526
562,"Y","low",158,"Z","high",386,"X","medium",470,"X","",174,"X","low",351,"","low",0,"Y","medium",485,"","","","","12-02-2024","09:23:00","10:15:00","12-02-2024 10:14","Abortion Travel","Niger State Television","Nominee","R","Brett M. Kavanaugh","Judge KAVANAUGH. Did I send any of the emails on this chain? I do not think so. I think I am ccÕd. In any event, if he said why are the Leahy people looking into thisÑfrom Manny MirandaÑI do not really have a specific recollection of any this, Senator, but it would have beenÑit would not have been at all unusual forÑand this happens all the time I think, which is, the Leahy people are looking into this, and the Hatch people are looking into that, I think.",1.2188567578093,-1.60612370718285,1.3283009505279,0.0540373391109145,-0.852493313848266,-0.0182145285119369,1.09809527771774,0.400771984260726
563,"X","low",241,"Z","low",53,"X","low",378,"Z","low",105,"","low",165,"Y","low",121,"Z","medium",58,"","","","","22-03-2024","19:01:00","19:48:00","22-03-2024 19:39","Scammers Cnn Epik","Niger State Television","Senator","D","Senator Patrick Leahy (VT)","Senator LEAHY. You say, ÔÔall the time.ÕÕ Two days before the hearing, he told you that the Democrats were passing around a related ÔÔ60 MinutesÕÕ story, and he said his ÔÔintelÑintelligence suggests that Leahy will focus on all things money.ÕÕ Well, that appears to come from a stolen email to meÑstolen by the Republican staff member, sent to me the night before, and then given to you the next morning. Were you aware that you were getting, from Mr. Miranda, stolen emails?",-0.389410687603961,-0.197172420958162,-1.20288630773982,-0.324589833089308,-0.995754221768163,0.243925010802789,1.60747753822046,-1.87063311227249
564,"Y","high",96,"Z","low",398,"Y","high",319,"Z","high",117,"Y","medium",383,"","medium",315,"Z","low",17,"","","","","16-03-2024","16:34:00","19:24:00","16-03-2024 19:17","Cnn Montana Nonprofit","Niger State Television","Nominee","R","Brett M. Kavanaugh","Judge KAVANAUGH. Not at all, Senator. It was part of what appeared to be standard discussion aboutÑit is common, Senator, forÑat the White House, it would be common to hear from our Leg Affairs team. This is, in fact, in this process, that is common to hear, ÔÔThis is what Senator X is interested in.ÕÕ ÔÔThis is what Senator Y is going to focusÕÕÑÑ",-0.796407512436295,0.167012057779617,2.07440321853505,1.09794983716681,-0.753061844550212,-0.928174479169127,0.389945148871969,-0.751435751739408
565,"X","medium",90,"Z","low",420,"Y","high",417,"Z","high",,"","medium",193,"Z","medium",391,"X","high",238,"","","","","24-02-2024","12:52:00","14:34:00","24-02-2024 14:32","Cnn Montana Nonprofit","Niger State Television","Senator","D","Senator Patrick Leahy (VT)","Senator LEAHY. Was it common to have copies of a private email sent to a particular Senator?",0.670036109285563,1.50542438540159,0.409943767760141,0.424130339981524,-1.2525657391185,-0.458238961013066,0.530143337217489,-0.994518971838247
566,"X","high",293,"X","medium",355,"X","low",255,"X","high",324,"X","high",175,"Z","medium",323,"X","medium",218,"","","","","15-06-2024","20:49:00","23:09:00","15-06-2024 23:03","Abortion Travel","Said Alicia Keys","Nominee","R","Brett M. Kavanaugh","Judge KAVANAUGH. Copies of a private email sent to a particular Senator?",-0.703008266909373,2.13406161419091,-0.170143529858632,-0.289163251136579,0.805378206793028,-0.520504612982891,1.08580453971638,1.37041374766566
567,"Y","medium",96,"Z","low",420,"X","medium",72,"Y","",,"X","high",266,"X","high",366,"Y","high",145,"","","","","05-07-2024","06:06:00","09:25:00","05-07-2024 09:23","Voice Cnn Masai","Niger State Television","Senator","D","Senator Patrick Leahy (VT)","Senator LEAHY. Yes. Would that not jump out at you? For exampleÑÑ",0.772939083462023,0.219245441059234,1.28383219416336,0.840712094017604,-0.578876166194369,-1.02778842197638,-0.171791153255091,-1.06459578374516
568,"Z","low",316,"X","medium",53,"Y","low",229,"Z","low",99,"Y","low",308,"X","low",120,"X","low",84,"","","","","31-10-2024","20:04:00","20:42:00","31-10-2024 20:39","Cnn Montana Nonprofit","Said Alicia Keys","Nominee","R","Brett M. Kavanaugh","Judge KAVANAUGH. What are you referring to?",-0.519711684938888,-0.185353719458719,-1.48428887497765,-2.39188341402078,0.681191976372966,0.0445116153601432,-0.31290953543729,0.339746317519734
569,"X","medium",72,"Z","low",421,"Z","medium",488,"Y","medium",0,"Z","medium",,"X","high",47,"Y","high",160,"","","","","16-01-2024","14:59:00","18:01:00","16-01-2024 17:51","Abortion Travel","Niger State Television","Senator","D","Senator Patrick Leahy (VT)","Senator LEAHY. Well, Mr. Miranda is telling you about emails sent to me the night before. There would be no way that he would even have that unless he stole it. Did that raise any question in your mind?",0.661624566551593,1.50607010511648,0.415187603955671,0.429615093535135,-1.35495516340508,-0.518471888572113,0.508645005590881,-0.965143991116114
570,"X","medium",254,"Y","medium",54,"Z","low",389,"X","low",32,"Z","medium",,"Y","low",474,"Y","medium",186,"","","","","29-01-2024","17:41:00","19:30:00","29-01-2024 19:21","Voice Cnn Masai","Actor Bob Odenkirk","Nominee","R","Brett M. Kavanaugh","Judge KAVANAUGH. Did he refer to that email in this?",1.27571131625327,1.46894354454909,-2.52581229921819,0.691395194167517,0.109542354282172,-0.206484886902197,-0.704820272124877,-0.285858624262099
571,"Z","high",91,"Z","high",240,"Z","high",174,"Z","low",452,"","medium",433,"Y","medium",281,"Z","high",300,"","","","","21-05-2024","07:01:00","07:40:00","21-05-2024 07:31","Abortion Travel","Niger State Television","Senator","D","Senator Patrick Leahy (VT)","Senator LEAHY. Yes.",-0.0330829130770257,-0.551403683610005,1.66466052998438,-0.883670934757901,-1.04460915197654,-0.533852618843309,-0.808278527693207,-0.0349753418436263
572,"Y","high",464,"Y","low",87,"Y","high",161,"Z","medium",11,"Z","low",141,"Y","high",369,"Z","low",179,"","","","","16-01-2024","18:16:00","21:02:00","16-01-2024 20:54","Abortion Travel","International Women","Nominee","R","Brett M. Kavanaugh","Judge KAVANAUGH. Where is that, Senator?",-1.27337797468632,-0.535593194682519,-0.337282670237083,1.95779893407088,1.53814288991881,0.522396188936776,-0.505902332501386,-1.10424071635888
573,"X","high",175,"Z","low",423,"Z","high",459,"X","",310,"Y","high",120,"X","high",478,"X","low",122,"","","","","20-07-2024","07:36:00","10:24:00","20-07-2024 10:18","Cnn Montana Nonprofit","Ravaged Nicaragua Category","Senator","D","Senator Patrick Leahy (VT)","Senator LEAHY. I will let you read it.",-0.835988328666231,1.51876517622244,1.30212136035711,0.676192173045281,-0.956213866917216,-0.00729730603113351,1.21838787185359,-0.734764498347977
574,"Z","high",210,"Z","low",287,"Y","high",47,"Z","low",163,"Y","low",34,"Z","medium",91,"Z","low",298,"","","","","03-01-2024","10:42:00","14:07:00","03-01-2024 13:59","Assassination Question","International Women","Nominee","R","Brett M. Kavanaugh","Judge KAVANAUGH. Well, I am not seeing where you areÑI am not seeing what you are referring to.",-1.22136504443374,0.451493953739701,1.62134329751551,-0.588734161652111,-0.510055933540845,0.118125343904561,-0.644121982863677,-1.32994425069141
575,"X","low",428,"Z","low",253,"Y","high",229,"Z","low",69,"Z","high",203,"Y","low",435,"Z","medium",291,"","","","","30-12-2024","07:46:00","08:28:00","30-12-2024 08:19","Assassination Question","Ravaged Nicaragua Category","Senator","D","Senator Patrick Leahy (VT)","Senator LEAHY. Okay. Well, let me take you to one that you do have because you have this information from Mr. Miranda. And the very limited amount of material that the Republicans are allowing us to see of your information about you, that at least did come through. But in January 2003, let me go to something very specific. Mr. Miranda forwarded you a letter from me and other Judiciary Democrats to then-Majority Leader Tom Daschle. The letter was clearly a draft. It had typos and it was not signed. Somebody eventuallyÑwe never put it out, but somebody eventually leaked the existence of it to Fox News. I am not sure who. I could guess. It was a private letter. At the time, I was shocked to learn of its existence had been leaked. But here is the thing. You had the full text of my letter in your inbox before anything had been said about it publicly. Did you find it at all unusual to receive a draft letter from Democratic Senators to each other before any mention of it was made public?",-0.134964429758543,0.28187036933065,-0.362859476003268,-0.234873167566558,-0.0238363719967008,1.34319083106494,2.00770134983506,-1.57194192105353
576,"X","high",213,"X","low",158,"X","low",338,"Y","high",149,"X","high",85,"Y","medium",183,"Y","medium",218,"","","","","24-02-2024","18:36:00","21:43:00","24-02-2024 21:33","Voice Cnn Masai","International Women","Nominee","R","Brett M. Kavanaugh","Judge KAVANAUGH. Well, the only thing I said on the email exchange, if I am looking at it correctly, Senator, was ÔÔWho signed this,ÕÕ which would imply that I thought it was a signed letter.",-2.13099881342017,0.85987322971864,-0.701840441682064,0.203245693869613,0.235831038699661,-0.87470493494373,0.860596234413289,0.00383641323395526
577,"Y","high",96,"Y","high",391,"Y","high",403,"X","low",46,"Y","high",465,"Y","medium",312,"X","low",55,"","","","","03-05-2024","06:47:00","10:06:00","03-05-2024 09:56","Cnn Montana Nonprofit","Ravaged Nicaragua Category","Senator","D","Senator Patrick Leahy (VT)","Senator LEAHY. It was sent to you. Were you surprised to get it? I mean, it is obviously a draft. It has got typos and everything in it. Were you surprised the draft letter circulated among Democrats ended up in your inbox from Mr. Miranda?",0.0662722792694106,-0.75109958804209,1.21209623656833,1.97382966532891,-0.559906114391491,-0.203958376785125,-0.68398668173852,1.56482813680596
578,"Y","medium",446,"Y","medium",105,"X","high",164,"Z","medium",156,"X","low",448,"Z","high",193,"Z","low",482,"","","","","24-06-2024","17:43:00","18:35:00","24-06-2024 18:34","Cnn Montana Nonprofit","Niger State Television","Nominee","R","Brett M. Kavanaugh","Judge KAVANAUGH. But I think the premise of your question is not accurately describing my apparent recollection or understanding of it at the time because I would not have said, ÔÔWho signed thisÕÕ if it was aÑif I thought it was a draft, and my email says, ÔÔWho signed this.ÕÕ",1.51423540881135,0.317700088985671,-1.445340988854,1.09406685081347,1.81449571125368,-0.0155873078245033,-1.13304062586406,-0.483436100708384
579,"Y","low",323,"X","low",360,"Y","low",324,"Z","low",408,"Y","medium",414,"X","medium",99,"X","high",259,"","","","","12-08-2024","06:08:00","07:42:00","12-08-2024 07:35","Cnn Montana Nonprofit","Niger State Television","Senator","D","Senator Patrick Leahy (VT)","Senator LEAHY. So, you did not realize what you had was a stolen letter signed byÑsigned by me, that you had a letter that had not been sent to anybody, had not been made public?",-1.10788653819826,-0.818084481966718,0.0969019007008382,0.00777506247696995,0.835646035681322,0.226251885176137,1.07580861798626,0.383708350626904
580,"Y","low",302,"X","medium",484,"Z","low",162,"","high",310,"X","low",140,"Z","",439,"X","high",138,"","","","","20-10-2024","20:21:00","21:42:00","20-10-2024 21:36","Cnn Montana Nonprofit","Niger State Television","Nominee","R","Brett M. Kavanaugh","Judge KAVANAUGH. Well, all I see that I said was, ÔÔWho signed this.ÕÕ That is all I see.",0.210484613483897,0.278227818574775,0.323793931704969,-0.508671228896292,0.864973479169608,0.065552133660573,1.11429675765499,1.68947995840807
581,"X","high",37,"X","high",133,"Y","high",8,"X","medium",405,"X","medium",345,"","",173,"Y","low",362,"","","","","07-04-2024","17:19:00","20:14:00","07-04-2024 20:13","Cnnpolitics Polls Underestimating","Actor Bob Odenkirk","Senator","D","Senator Patrick Leahy (VT)","Senator LEAHY. Well, let me ask you some more because so much of this came from Mr. Miranda, who was a Republican staffer who was, as we now know, stealing things. Did he ever ask to meet privately with you in an offsite location somewhere other than the White House or Capitol Hill?",-0.954398591903757,-0.0974967600037295,-0.561844579507326,-0.0611908372919113,-0.631172503820934,-1.67503318157916,0.644195368295713,1.44588210178768
582,"Y","high",224,"Z","low",343,"X","medium",227,"X","low",,"Y","high",245,"Y","low",12,"X","high",209,"","","","","29-12-2024","16:05:00","18:26:00","29-12-2024 18:16","Making Racism","Actor Bob Odenkirk","Nominee","R","Brett M. Kavanaugh","Judge KAVANAUGH. I think sometimes, Senator, that the meetings with Senate staffers and White House and Justice DepartmentÑÑ",-0.774618355651032,0.0518532151078951,1.83350588797431,1.02555581895927,-0.00406493300519413,-0.607632765836566,0.50256059772568,-1.09777665220005
583,"Z","low",229,"Y","high",154,"Z","low",489,"Z","low",463,"X","medium",136,"X","high",75,"Y","high",82,"","","","","30-03-2024","08:49:00","09:26:00","30-03-2024 09:18","Making Racism","Ravaged Nicaragua Category","Senator","D","Senator Patrick Leahy (VT)","Senator LEAHY. I am just asking you about one particular one, Mr. Miranda.",0.257604196301861,-1.62354457147124,-0.705972830746461,-0.531002611015025,-0.729110793877383,1.47957180413643,-1.1821560486873,0.619994109491593
584,"Y","medium",131,"Z","high",464,"Z","medium",121,"Y","high",54,"Z","low",267,"Z","medium",480,"X","high",350,"","","","","28-07-2024","08:46:00","11:11:00","28-07-2024 11:07","Making Racism","International Women","Nominee","R","Brett M. Kavanaugh","Judge KAVANAUGH. Yes, sometimesÑusually it would be either at the White House or the Senate, but I think sometimes we would meetÑor DOJ, but sometimes it could be somewhere else.",2.11223890363873,-0.559320343803751,1.70556302266837,0.568266978262579,-0.280867931835662,-0.94037510126608,-0.0683182882026838,0.264801235842328
585,"X","medium",282,"Z","low",449,"Y","high",81,"X","high",79,"X","low",82,"Z","medium",410,"X","low",,"","","","","18-04-2024","17:48:00","20:54:00","18-04-2024 20:45","Making Racism","Ravaged Nicaragua Category","Senator","D","Senator Patrick Leahy (VT)","Senator LEAHY. Well, did he ask to meet with you privately so he could give you information about Senator Biden and Senator Feinstein?",0.791256619673675,1.59012009525853,0.522659155042925,0.393284546806401,-0.177718791815776,0.273521548039441,0.792807790226057,-1.19399962373775
586,"Z","low",122,"Z","medium",156,"X","medium",460,"Y","high",,"X","low",480,"Y","low",332,"Z","medium",138,"","","","","09-09-2024","07:37:00","10:11:00","09-09-2024 10:09","Making Racism","International Women","Nominee","R","Brett M. Kavanaugh","Judge KAVANAUGH. I am not remembering anything specific, that is certainly possible. And, again, Senator, I just want to be clear here because it is very common when you are in the judicial selection process to determine what are all the Senators interested in for an upcoming nominee or an upcoming hearing. That is the coin of the realm. Senator X is interested in focusing on administrative law. Senator Y is going to ask about environmental law. Senator is concerned about your past work for this client. And that is a very common kind of discussion.",0.566880589670319,0.0850950187785011,-0.160499111887911,-1.9904025830538,-1.32376458831483,0.0057888951272906,-0.284921182320667,-0.634124096805903
587,"X","medium",235,"Z","low",420,"X","medium",229,"Z","low",261,"Y","medium",81,"Z","medium",389,"X","low",331,"","","","","27-08-2024","09:09:00","11:25:00","27-08-2024 11:19","Making Racism","Actor Bob Odenkirk","Senator","D","Senator Patrick Leahy (VT)","Senator LEAHY. Did he ever ask to have you meet him not at the White House, not in theÑat the Capitol, but at his home?",0.744192287440497,1.5188216214354,0.401951330720646,0.385564473450253,-0.431276752446274,0.0451010028502443,0.710096880881529,-1.20802945988025
588,"Z","high",400,"X","medium",41,"X","medium",423,"","high",391,"Y","medium",150,"Z","medium",324,"Y","low",361,"","","","","07-04-2024","11:55:00","13:26:00","07-04-2024 13:18","Making Racism","Said Alicia Keys","Nominee","R","Brett M. Kavanaugh","Judge KAVANAUGH. I do not remember that.",-1.19290382417668,0.662471984127277,-0.611687795451464,-1.6973530013013,1.73701155106079,-0.545764076984447,-0.836998828608113,0.158313968490063
589,"Z","low",367,"Y","high",348,"Z","low",488,"Y","medium",60,"Y","high",110,"Z","low",455,"Z","high",495,"","","","","01-06-2024","12:56:00","15:29:00","01-06-2024 15:19","Making Racism","Actor Bob Odenkirk","Senator","D","Senator Patrick Leahy (VT)","Senator LEAHY. Okay. Did he ever ask you to meet you outside of the White House or the Capitol?",0.482226469376451,-1.1628820722808,0.111244863921743,-0.432436942362841,-0.032114128783258,2.39523950474224,-0.847788498038945,0.973615737912904
590,"Y","high",139,"Z","high",459,"X","low",495,"X","high",55,"Z","low",260,"X","high",,"Y","high",354,"","","","","26-05-2024","21:00:00","00:32:00","27-05-2024 00:28","Assassination Question","Actor Bob Odenkirk","Nominee","R","Brett M. Kavanaugh","Judge KAVANAUGH. I cannot rule that out, but, again, that would not have been typical.",0.560482563612216,-0.571564546312177,2.56797150215441,0.835230482920971,-0.417158362269739,-0.774729556941373,0.51763887772384,0.614975297054048
591,"X","high",96,"Z","low",72,"Y","medium",229,"X","medium",397,"Y","",336,"Z","high",31,"X","",115,"","","","","26-05-2024","15:03:00","18:49:00","26-05-2024 18:40","Basketball Legend Says","Point Tally Nba","Senator","D","Senator Patrick Leahy (VT)","Senator LEAHY. Did heÑdid he ever hand you material separately from what would be emailed back and forth?",-1.15510284047089,0.701068460376511,-0.185860870193544,0.452463318490132,-1.25053040951496,-1.07151041441687,0.825248349903916,-1.62588899385276
592,"Y","medium",2,"Z","medium",408,"Z","low",482,"Y","medium",274,"Y","",479,"X","low",347,"Z","medium",356,"","","","","04-04-2024","06:54:00","07:29:00","04-04-2024 07:24","Making Racism","Lomachenko","Nominee","R","Brett M. Kavanaugh","Judge KAVANAUGH. Not rememberingÑif you are referring to something in particular, I can answer that.",1.94598539090496,0.994812742849792,0.936520666551745,0.248853454010709,-0.903687263873658,-1.74798277649202,-0.338239454278467,-0.0416840344918904
593,"Z","low",172,"Y","low",377,"Z","high",229,"Z","medium",,"Z","high",194,"Y","low",482,"Z","low",,"","","","","30-05-2024","08:09:00","09:40:00","30-05-2024 09:32","Cnnpolitics Polls Underestimating","2020 Presidential Election","Senator","D","Senator Patrick Leahy (VT)","Senator LEAHY. Well, let me ask you this. Did you ever receive information via Mr. Miranda of information marked, ÔÔConfidentialÕÕ that informed you, or my staff was sharing with, other Democrats?",-0.880935076650504,-0.230555228347903,0.00870530290711773,-0.0665359204844589,-1.2682228145469,1.91671432255438,-1.08845757605227,0.0893433234515696
594,"Y","low",9,"Z","low",235,"X","medium",157,"Z","low",111,"Y","low",100,"X","medium",290,"X","high",337,"","","","","20-07-2024","15:16:00","18:05:00","20-07-2024 18:01","Making Racism","International Women","Nominee","R","Brett M. Kavanaugh","Judge KAVANAUGH. I do not know the answer to that, Senator, but, again, people on theÑit is not always the case, at least my understanding, that theÑthat the peopleÑfor example, your staff and Senator HatchÕs staff were necessarily working at odds. It seemed like a lot of times the staff was cooperating at times, not at other times, obviously, but at times about judicial nominations. And so, it would not have raised anything in particular in my mind if we learned, oh, Senator Leahy is concerned about this.",-0.263708703184719,-1.08513518359922,0.457924970208561,0.282195671000536,-1.74951958272444,-0.742177195446716,0.763183696197505,-1.06787627876252
595,"X","low",64,"Z","high",111,"Z","medium",229,"X","high",347,"X","",10,"X","high",483,"Z","medium",373,"","","","","08-08-2024","14:45:00","15:15:00","08-08-2024 15:10","Making Racism","Actor Bob Odenkirk","Senator","D","Senator Patrick Leahy (VT)","Senator LEAHY. Did my staff ever send you confidential material from Senator Hatch that was stolen from his emails?",0.852584411029552,-0.96300234056197,-0.709946582715174,-0.530887258826542,-1.90463544833961,-0.373070250489194,1.45961611737321,-0.188885807552263
596,"Z","medium",489,"Z","low",326,"Z","medium",190,"X","medium",401,"Y","medium",298,"Z","low",200,"X","low",408,"","","","","30-09-2024","06:53:00","08:59:00","30-09-2024 08:57","Cnn Montana Nonprofit","Actor Bob Odenkirk","Nominee","R","Brett M. Kavanaugh","Judge KAVANAUGH. Not the last part, but theÑI certainly did talk to your when we working on the airline billÑon the September 20th, 2001 airline bill. I do remember being here all night one night with your staff, and I am sure we did talk that night about what other Senators thought. And that was the airline bill where, as I think you recall, Speaker Hastert was involved, and we were up there with the OMB team. So, and thatÑI worked hard with your staff on that. It just struck me as veryÑas not uncommon at all to be talking with our leg team about what Senators on both sides thing. I did not strike me that it was always armed camps.",0.504167147198361,0.568755489964047,0.887672139032629,-0.908324417981605,1.23698578851727,1.0252680385248,-0.845310453377789,-2.00513399321109
597,"X","medium",427,"Y","medium",297,"Y","high",254,"Y","low",15,"Z","",489,"Y","high",337,"Z","high",284,"","","","","18-07-2024","20:14:00","22:36:00","18-07-2024 22:29","Abortion Travel","Niger State Television","Senator","D","Senator Patrick Leahy (VT)","Senator LEAHY. But, no, and oftentimes it was not. But here you are getting obviously very private Democratic emails. You were not concerned how Mr. Miranda got them?",1.55714189445347,2.04597227834163,-1.5021919052119,0.814817927573022,0.983402062288512,0.940960720983825,-0.285819939870437,0.156867283443544
598,"Z","low",279,"Y","high",405,"X","medium",229,"X","",26,"X","medium",31,"Z","medium",254,"X","low",497,"","","","","12-02-2024","15:45:00","18:43:00","12-02-2024 18:36","Amid Inflation","Ravaged Nicaragua Category","Nominee","R","Brett M. Kavanaugh","Judge KAVANAUGH. Well, I guess I am not sure about your premise.",0.482482292914799,-1.03940979060296,0.358440727459732,-0.369287250540333,-0.55542117864565,2.21805150355788,-0.909080132087476,1.26679765436131
599,"Z","medium",387,"X","high",282,"Z","low",120,"X","low",388,"Z","low",498,"X","medium",440,"X","low",322,"","","","","26-07-2024","21:28:00","21:53:00","26-07-2024 21:52","Assassination Question","Ravaged Nicaragua Category","Senator","D","Senator Patrick Leahy (VT)","Senator LEAHY. Were you at all concerned aboutÑÑ",0.599504814739397,-0.476209316020125,0.0676330829629911,-1.48375480030697,1.65860144266501,0.0361602502501127,-1.16800551007219,0.828579805124103
600,"Y","high",244,"Y","low",24,"Y","medium",7,"Y","high",441,"Y","",131,"Z","low",323,"X","high",27,"","","","","15-07-2024","17:51:00","19:34:00","15-07-2024 19:33","Cnn Montana Nonprofit","Niger State Television","Nominee","R","Brett M. Kavanaugh","Judge KAVANAUGH. The draftÑÑ",-1.43591605983776,-0.70137600285706,-0.593011524683217,1.97238486214746,0.319536703047955,-0.383083244297939,-0.831901220170736,-0.961118289378182
601,"X","low",300,"Y","low",101,"Y","low",301,"Z","low",114,"X","high",454,"Z","medium",219,"Z","medium",86,"","","","","26-06-2024","20:46:00","23:03:00","26-06-2024 23:01","Abortion Travel","Niger State Television","Senator","D","Senator Patrick Leahy (VT)","Senator LEAHY [continuing]. Where Mr. Miranda got some of the material he was showing you?",-0.739345927988705,-0.0994595142845525,-2.07118993406852,0.867763191168665,-0.611379461394208,1.42984570349345,0.629964548859606,-0.73802712124978
602,"Z","high",458,"X","medium",190,"Y","medium",229,"Y","",352,"","low",34,"","high",122,"Y","high",248,"","","","","09-03-2024","13:14:00","14:43:00","09-03-2024 14:33","Abortion Travel","Actor Bob Odenkirk","Nominee","R","Brett M. Kavanaugh","Judge KAVANAUGH. I do not recall that, but on the premise of your last question, I want toÑI want to step back to that. I am not sure I agree with the premise.",-1.04492763536921,1.01184578531941,0.0186142977637598,-1.6088866135076,2.00051714947672,-0.00908062131359448,-0.639748795183104,0.500574115156025
603,"Z","low",39,"Y","high",245,"X","medium",430,"Z","medium",421,"Y","low",445,"","low",156,"Y","low",217,"","","","","26-11-2024","09:07:00","11:46:00","26-11-2024 11:45","Apology Cnn Vatican","2020 Presidential Election","Senator","D","Senator Patrick Leahy (VT)","Senator LEAHY. I was just saying, if you are getting something that is marked ÔÔConfidential,ÕÕ would you not assume that is not something being shared back and forth?",0.23269274522325,-1.4309965065406,-0.308597866837299,-0.417016759962486,-1.84498666118813,1.0248324147051,-1.34145090791178,1.1609574470344
604,"Y","medium",96,"X","low",174,"Y","medium",5,"X","high",56,"Z","medium",165,"X","medium",37,"X","",406,"","","","","17-09-2024","10:10:00","11:01:00","17-09-2024 10:59","Apology Cnn Vatican","Actor Bob Odenkirk","Nominee","R","Brett M. Kavanaugh","Judge KAVANAUGH. Unless it was shared. I mean, this is the thing, if a staffer said here is what we are sending toÑyou all should be aware of this because we are going to make aÑwe are going to be really opposed to this judicial nominee. It seemedÑso, just to be clear, it seemed to me sometimes there were judicial nominees you were very opposed to, sometimes you were supportive of, sometimes in between, and there would be messages passed back and forth and sharing of information. Very cooperative, as I recall.",-0.526418450071153,-0.399289832556272,-0.637253277815968,0.391120598391537,0.389644519000612,-1.98434340544571,-0.560769179367351,-0.215506020268718
605,"X","low",59,"Y","medium",439,"X","medium",299,"Y","low",92,"X","high",137,"Y","low",77,"X","medium",336,"","","","","02-06-2024","09:36:00","10:49:00","02-06-2024 10:47","Apology Cnn Vatican","Pennsylvania Investigation Abuse","Senator","D","Senator Patrick Leahy (VT)","Senator LEAHY. Well, IÑÑ",0.636439485925251,1.47061446920773,-0.922313724996478,0.559045696533171,-1.92151571458933,0.987097721593982,0.575335724488195,1.50592075714649
606,"X","low",397,"X","high",140,"X","medium",265,"Y","low",65,"X","medium",103,"Y","low",254,"Z","low",0,"","","","","23-05-2024","15:52:00","16:08:00","23-05-2024 16:04","Apology Cnn Vatican","Actor Bob Odenkirk","Nominee","R","Brett M. Kavanaugh","Judge KAVANAUGH. You were transparent, in other words. When you areÑwhen you had problems with a nomineeÕs, I recall, transparency, and when you were supportive. You were at the May 9th, 2001 event at the White House, I recall, where the President announced his first 11 court of appeals nominees, and you were supportive of many of them.",-0.0581053799144108,-0.915843327295425,-1.48017741043862,-0.877298926414415,0.830032982799795,0.445250922406265,1.71511117792419,0.959179459159308
607,"X","high",411,"Z","high",340,"Y","high",212,"Z","low",395,"X","low",66,"Y","low",15,"Z","low",227,"","","","","30-12-2024","19:33:00","20:48:00","30-12-2024 20:46","Apology Cnn Vatican","Actor Bob Odenkirk","Senator","D","Senator Patrick Leahy (VT)","Senator LEAHY. Well, as you knowÑyou know, it is a fact I voted for a lot of Republican nominees.",0.505262719048632,0.465549972875243,1.17281072463223,0.261733919551992,0.535682029688418,0.492016265333219,1.46454100148837,-0.0658564610396476
608,"Y","medium",360,"Z","medium",180,"X","high",334,"","low",385,"Y","low",399,"X","high",235,"Z","low",272,"","","","","12-05-2024","14:47:00","15:22:00","12-05-2024 15:21","Apology Cnn Vatican","Actor Bob Odenkirk","Nominee","R","Brett M. Kavanaugh","Judge KAVANAUGH. Yes.",1.94803062826143,0.501477984526015,-0.0525935091328802,-0.00534114223923513,1.22352530743821,-1.0184029111809,-0.0856265645534163,-1.22324661703209
609,"Y","medium",304,"Z","high",496,"Z","high",213,"Z","medium",67,"Z","low",34,"Y","high",20,"","",,"","","","","29-02-2024","09:03:00","12:17:00","29-02-2024 12:07","Apology Cnn Vatican","Actor Bob Odenkirk","Senator","D","Senator Patrick Leahy (VT)","Senator LEAHY. Both to the Supreme Court, the courts of appealsÑand the district court.",2.22612455296578,-0.469453659207763,1.83208070959718,0.544566443482121,0.685052911804065,-0.267817521544395,0.173288232189797,0.101908511754255
610,"Y","medium",238,"Z","high",458,"Z","low",457,"Z","",87,"Z","high",231,"Y","low",80,"Z","medium",,"","","","","14-06-2024","09:19:00","09:37:00","14-06-2024 09:33","Apology Cnn Vatican","Ravaged Nicaragua Category","Nominee","R","Brett M. Kavanaugh","Judge KAVANAUGH. Yes.",2.16219673812424,-0.563287056824363,1.67415512575064,0.535624428434232,0.327804551906778,-0.58244884600741,0.0594306426351372,0.0900238376339619
611,"Y","low",11,"X","high",392,"Y","medium",453,"Z","high",331,"Y","low",474,"Y","high",345,"Y","",90,"","","","","21-05-2024","16:15:00","17:47:00","21-05-2024 17:40","Voice Cnn Masai","Actor Bob Odenkirk","Senator","D","Senator Patrick Leahy (VT)","Senator LEAHY. But when I have opposed one, like with Judge Owen, when I was raising some varied questions about funding that she was getting from people that were before her court, that might have raised a red flag that I had some concerns about her. Now, when you worked at the White House, did anyone ever tell you they had a mole that provided them with secret information related to nominations?",0.0444212547776219,-1.65641713711209,0.486739398674915,-0.18074514518273,-0.826539531600058,-0.91788724723289,0.738545289572742,2.18961528960157
612,"Y","high",387,"Y","high",382,"Y","low",229,"Y","medium",448,"","high",202,"X","medium",14,"X","",95,"","","","","02-06-2024","12:47:00","15:05:00","02-06-2024 15:04","Apology Cnn Vatican","Ravaged Nicaragua Category","Nominee","R","Brett M. Kavanaugh","Judge KAVANAUGH. I do not recall the reference to a mole, which sounds highly specific, but certainly it is commonÑagain, the people behind you can probably refer to this. But it is common, I think, for everyone to talk each other at times and share information. At least this was my experienceÑthis is 20 years ago almostÑwhere you would talk to people on the Committee.",0.207949591337123,-0.744992145142577,1.15779119785618,1.89015656070824,1.09226269922717,0.785936973579858,-0.330405096184152,1.11050260025561
613,"X","medium",446,"X","high",321,"X","medium",229,"","",389,"Y","low",413,"Y","high",168,"X","high",157,"","","","","22-11-2024","19:08:00","21:09:00","22-11-2024 21:06","Apology Cnn Vatican","Beating Forecasts Covid","Senator","D","Senator Patrick Leahy (VT)","Senator LEAHY. So, you never received an email from a Republican staff member with information claiming to come from spying, a Democratic mole?",0.955932166654125,0.375790998064024,-0.669182303167012,-0.311464653346689,1.78718727900071,0.0187272955957874,0.729613173577719,1.00693350497518
614,"Y","low",482,"X","low",293,"X","high",298,"Y","low",83,"X","",346,"Z","medium",95,"Y","high",200,"","","","","26-05-2024","08:03:00","09:27:00","26-05-2024 09:20","Apology Cnn Vatican","Actor Bob Odenkirk","Nominee","R","Brett M. Kavanaugh","Judge KAVANAUGH. I do notÑI am not going to rule anything out, Senator, but if I did, I would not have thought thatÑI would not have thought the literal meaning of that.",-1.07977192349268,-0.958084986501648,-0.196724216948968,-0.0812312721098653,1.7654645729111,0.627396361529582,1.21680814582237,-0.0427223854802132
615,"Z","high",170,"Y","low",281,"Z","medium",450,"Y","low",193,"Y","high",397,"Y","high",27,"Y","",54,"","","","","02-04-2024","09:40:00","13:37:00","02-04-2024 13:35","Apology Cnn Vatican","Actor Bob Odenkirk","Senator","D","Senator Patrick Leahy (VT)","Senator LEAHY. Would it have surprised you thatÑif you got an email saying you got that from somebody spying on the DemocraticÑÑ",-1.66480985169396,0.415383238621536,0.528906310209569,0.59229764005563,-0.662862639111874,0.838851012386445,-1.78989916965801,-0.206554579401836
616,"Z","low",100,"Y","medium",13,"Y","high",150,"X","high",33,"Z","high",473,"X","low",104,"X","low",394,"","","","","28-10-2024","15:23:00","17:29:00","28-10-2024 17:27","Apology Cnn Vatican","Actor Bob Odenkirk","Nominee","R","Brett M. Kavanaugh","Judge KAVANAUGH. Well, is there such an email, Senator?",0.0238562809414704,-0.265661599422949,-1.8364072726526,-0.9096838025456,-1.31484388644221,0.480658525147606,-1.52353917688757,0.0695392481504289
617,"Z","high",326,"X","high",420,"Z","high",229,"X","medium",122,"Y","low",48,"Z","low",56,"Y","high",33,"","","","","22-05-2024","09:01:00","12:35:00","22-05-2024 12:25","Apology Cnn Vatican","Turned Movie Different","Senator","D","Senator Patrick Leahy (VT)","Senator LEAHY. Well, we would have to ask the Chairman what he has in his confidential material.",-0.873990230878649,-0.164666797473665,1.54183389852059,-1.09873012824657,1.06909859175964,0.284128943131825,-0.547457167588941,1.69079836790949
618,"Z","low",8,"X","high",420,"X","high",295,"Z","medium",,"X","low",,"X","",40,"X","low",33,"","","","","05-06-2024","11:29:00","12:36:00","05-06-2024 12:35","Apology Cnn Vatican","Actor Bob Odenkirk","Nominee","R","Brett M. Kavanaugh","Judge KAVANAUGH. But here is theÑif you are referring to something particular. Here is what I know.",-0.329999442072661,-1.0618187667088,0.631110899598208,-1.73939041161578,-1.30687578116164,0.0351102231609046,-0.323864409718269,2.18234970426601
619,"X","low",30,"Y","high",263,"X","high",31,"Y","medium",172,"X","low",160,"Z","high",332,"Z","medium",63,"","","","","02-07-2024","14:27:00","18:24:00","02-07-2024 18:14","Assassination Question","Ravaged Nicaragua Category","Chairman","R","Senator Chuck Grassley (IA)","Chairman GRASSLEY. Just stop a minute here. Reference twice in your 30 minutes, and do not take this off of his time, you made referenceÑyou made reference. You are talking about the period of time that he was White House Counsel.",0.53766831898515,-0.63376435661454,-1.13095017914505,0.758716848392288,-2.09239455659845,0.724086636149118,0.454120460764728,1.37916536321543
620,"X","low",410,"X","low",435,"Y","high",374,"Z","medium",303,"Z","medium",33,"X","low",62,"Y","low",67,"","","","","06-09-2024","11:13:00","14:59:00","06-09-2024 14:53","Apology Cnn Vatican","Ravaged Nicaragua Category","Senator","D","Senator Patrick Leahy (VT)","Senator LEAHY. Yes.",-1.10367338930135,0.649849038211687,-0.463237339644473,-0.381247039897754,0.655991074146502,1.28743224717482,1.95621626065097,0.532111239144647
621,"Y","medium",478,"X","high",201,"Z","high",101,"X","high",148,"","high",53,"X","low",469,"Y","low",282,"","","","","20-09-2024","20:42:00","21:06:00","20-09-2024 20:57","Bob Baffert Suspended","Said Alicia Keys","Chairman","R","Senator Chuck Grassley (IA)","Chairman GRASSLEY. That material is available to everybody.",0.976845895233762,-1.18504466859042,-0.306927595108196,0.0145298409990407,2.66049950729025,-0.730646602311651,-0.0409412608679661,0.554144395940989
622,"Y","medium",201,"Y","low",56,"Y","low",257,"Z","low",281,"X","high",54,"Y","high",243,"Y","medium",409,"","","","","05-03-2024","13:07:00","16:28:00","05-03-2024 16:22","Abortion Travel","Niger State Television","Senator","D","Senator Patrick Leahy (VT)","Senator LEAHY. So, that bit of material about him that is marked ÔÔcommittee confidentialÕÕ is now public and available? Is that what you are saying? If that is what the Chairman is saying, we got a whole new series of questions.",0.119379911529308,-0.630027344244864,-1.33869566209554,1.73355655994965,0.245804629393811,-0.609456979597222,-1.43859576627439,-1.1822591132092
623,"Z","low",253,"X","low",417,"Z","low",475,"Z","medium",316,"Y","high",474,"Z","medium",203,"","low",471,"","","","","22-05-2024","21:03:00","00:53:00","23-05-2024 00:45","Scammers Cnn Epik","Coronavirus Pandemic Late","Chairman","R","Senator Chuck Grassley (IA)","Chairman GRASSLEY. No, not if itÑÑ [Laughter.] Chairman GRASSLEY. Not if it is ÔÔcommittee confidential.ÕÕ But you have access to it.",-1.4935450015027,-0.162720637104809,0.368264935067117,-1.51282938036156,-0.0368353186334461,1.0119405498597,-0.0453708890478177,0.558336019618606
624,"Z","low",96,"Z","high",254,"X","medium",389,"Y","low",97,"Z","low",428,"Y","high",437,"","high",,"","","","","10-11-2024","07:09:00","07:45:00","10-11-2024 07:37","Voice Cnn Masai","Said Alicia Keys","Senator","D","Senator Patrick Leahy (VT)","Senator LEAHY. Not, so IÑÑ",0.687213880481561,-1.38638860635776,0.795657090918655,-1.60047827703505,-1.5971998281063,0.369870980334318,-0.172053532547976,0.0211462030768544
625,"Z","low",69,"Z","high",470,"Z","high",349,"Y","low",22,"X","medium",294,"X","medium",388,"Y","medium",342,"","","","","02-01-2024","06:26:00","08:26:00","02-01-2024 08:16","Abortion Travel","Ravaged Nicaragua Category","Chairman","R","Senator Chuck Grassley (IA)","Chairman GRASSLEY. But do not forget, 80 percent of the material we have gotten from the library is on the website of the Judiciary Committee, so the public has access to it. Proceed.",0.844920676538379,-0.890177090516891,1.71550640288077,-1.44268744516014,-1.84437218061846,0.762286906726793,-0.0239646667443319,0.680873112642288
626,"X","medium",111,"Z","medium",106,"Y","medium",34,"Z","high",169,"X","high",422,"Z","low",,"Z","high",295,"","","","","25-10-2024","19:23:00","20:31:00","25-10-2024 20:27","Abortion Travel","Niger State Television","Senator","D","Senator Patrick Leahy (VT)","Senator LEAHY. I wantÑI want Judge Kavanaugh to have access so that we can ask him these questions under oath and he can see them. So, I would ask theÑand we will have another round, but I would ask the Chairman if he might look at some of these that are marked ÔÔcommittee confidential,ÕÕ which limits the ability of us to ask you specifically and hand you the specific emails. But I would state on what has been publicÑÑ",1.66209229506072,1.59435196821987,-1.22771141167976,-0.408889557264939,-0.7942444821324,-1.45893021143239,0.252516664420057,-1.00775273258942
627,"Z","high",149,"X","low",239,"X","low",429,"Y","high",20,"Y","high",171,"X","medium",486,"Y","low",154,"","","","","18-02-2024","08:48:00","09:37:00","18-02-2024 09:33","Abortion Travel","Said Alicia Keys","Chairman","R","Senator Chuck Grassley (IA)","Chairman GRASSLEY. Let me answer that for you. There is only one Democratic Senator asked for access to that. Senator Klobuchar got it. If you are interested in it, you could have been asking ever since August the 25th, I believe.",-2.39469705945357,0.284469927303207,0.545451137428,-0.884042594760022,0.0265678485166036,-0.604550031337495,-0.942340267905273,0.177272801897176
628,"Z","low",96,"Y","low",333,"Y","high",167,"Z","",79,"Y","low",237,"","low",265,"X","high",208,"","","","","02-02-2024","07:32:00","09:28:00","02-02-2024 09:26","Abortion Travel","Said Alicia Keys","Senator","D","Senator Patrick Leahy (VT)","Senator LEAHY. We have been asking to have thatÑthose made public. I do notÑI am not interestedÑif I see this in a closed room where I cannot talk about it. I want Judge Kavanaugh to see the emails which came from Mr. Miranda andÑÑ",-0.954741421448778,-0.339165522543433,-0.174179107970118,-0.0770018206423599,-1.67949394201658,1.55386597216378,-1.21977012862216,0.0749621276809452
629,"Z","high",96,"Z","high",68,"Z","high",25,"X","low",143,"Y","low",,"X","medium",354,"Y","low",436,"","","","","21-08-2024","07:39:00","08:39:00","21-08-2024 08:34","Abortion Travel","International Women","Chairman","R","Senator Chuck Grassley (IA)","Chairman GRASSLEY. Give us a citation of the documents, and we will get them for you.",-0.167102712329939,-0.948059588919578,0.933097413933089,-1.00493066012964,-0.941243745745594,-0.903608584214866,-0.946678615265415,-0.536017415444526
630,"Y","medium",360,"Y","low",498,"Z","medium",479,"X","low",169,"Z","low",73,"Z","high",484,"Z","medium",52,"","","","","01-12-2024","14:44:00","16:13:00","01-12-2024 16:05","Amid Inflation","2020 Presidential Election","Nominee","R","Brett M. Kavanaugh","Judge KAVANAUGH. That testimony up there is true, a hundred percent.",0.551666890199026,0.40516401397398,0.531779063394181,1.99945896236117,0.953542038484276,0.937270465171616,-0.869665194657533,-0.147742533757071
631,"X","low",97,"X","medium",304,"X","high",95,"X","medium",138,"Z","high",73,"Y","low",361,"Z","medium",412,"","","","","21-06-2024","20:44:00","00:16:00","22-06-2024 00:07","Bob Baffert Suspended","Ravaged Nicaragua Category","Senator","D","Senator Dianne Feinstein (CA)","Senator FEINSTEIN. Can somebody read it? I cannot see it.",-0.137120645645553,1.13043173340728,-1.30442645141899,-0.997832657057952,-0.857328861244273,-0.460806863547241,1.41792930877452,1.53594002223784
632,"X","low",476,"Z","low",85,"Z","high",161,"","",26,"Y","medium",263,"","low",295,"X","high",,"","","","","12-04-2024","20:37:00","22:46:00","12-04-2024 22:42","Abortion Travel","International Women","Senator","D","Senator Patrick Leahy (VT)","Senator LEAHY. Well, of course, it would be helpful if we allowed the National Archives time to complete their review.",-0.243816879341701,-0.101577263023578,-1.07978607664859,-0.364780600455551,0.321338464448655,1.13170381645223,1.92602971176584,-2.12481997607508
633,"Z","high",441,"X","low",370,"X","high",71,"Z","high",88,"","high",126,"Y","high",307,"Z","",28,"","","","","21-12-2024","16:29:00","18:23:00","21-12-2024 18:15","Voice Cnn Masai","Said Alicia Keys","Nominee","R","Brett M. Kavanaugh","Judge KAVANAUGH. But I just want to reassure you, Senator, because you are asking important questions. I want to reassure that what you have got up on the board is a hundred percent accurate.",-2.14134107408252,0.613905247813218,1.08632500211372,-0.87036433653261,1.62331750615652,0.703908211791378,-0.469815568165225,0.123307046763247
634,"Z","high",237,"Z","high",439,"Y","low",310,"Z","high",441,"X","high",334,"X","low",327,"Z","low",120,"","","","","26-02-2024","16:09:00","19:01:00","26-02-2024 18:51","Abortion Travel","Niger State Television","Senator","D","Senator Dianne Feinstein (CA)","Senator FEINSTEIN. Can somebody move it so we can see it here?",0.19960099432208,-0.0784579021808764,2.50269562059664,-0.783746704682934,-0.304481534564441,0.420838833336953,-0.459778860839432,0.321217549994437
635,"Y","high",112,"X","high",186,"X","low",433,"Y","high",358,"","high",317,"Y","medium",488,"X","low",155,"","","","","11-01-2024","08:33:00","11:30:00","11-01-2024 11:25","Scammers Cnn Epik","Said Alicia Keys","Senator","D","Senator Patrick Leahy (VT)","Senator LEAHY. Well, I am concerned because there is evidence that Mr. Miranda provided you with materials that were stolen from me, and that would contradict your prior testimony. It is also clear from public emails, and I am restraining from not going into the non-public ones, that you have reason to believe materials were obtained inappropriately at the time. Now, Mr. Chairman, there are least six documents that you consider committee confidential that are directly related to this. Just like the three documents I shared that are already public, these other six contain no personal information, no Presidential records, restrictive material. There is simply no reason they cannot be made public. I hope they will be before this next round. You know, it is difficult when to ask a question, I have to ask Republicans, will you allow me to ask a question. I certainly never did that when I was Chairman. Now, I asked you in 2006 whether you had seen any documents related to President BushÕs NSA warrantless wiretapping program, or whether you had heard anything about it. You answered you learned about it with the rest of us in December 2005 when The New York Times reported it. Now, I know it has been 12 years, so here is the video of your sworn testimony. It should be on the TV screens. [Video is shown.]",-0.774122760196726,-1.25493274937005,0.533579143938953,0.373994017420108,0.410212984436372,-1.88577757536389,0.0724525786358123,1.4263259628643
636,"Y","medium",488,"Z","medium",420,"Z","medium",259,"Y","high",,"X","medium",166,"Y","",350,"Y","high",456,"","","","","31-03-2024","15:39:00","19:34:00","31-03-2024 19:28","Assassination Question","Ravaged Nicaragua Category","Senator","R","Senator John Cornyn (TX)","Senator CORNYN. Mr. Chairman, can IÑÑ",2.20406506475086,1.06742248077839,0.960752281575858,0.127958508344027,1.84381115257636,-0.0339182200830354,0.275003929320569,-0.722869525174506
637,"Y","high",404,"X","medium",373,"Y","high",434,"Z","low",11,"Y","medium",57,"Z","low",149,"Z","medium",,"","","","","17-09-2024","21:29:00","22:33:00","17-09-2024 22:29","Assassination Question","Actor Bob Odenkirk","Chairman","R","Senator Chuck Grassley (IA)","Chairman GRASSLEY. Can IÑagain, do not take this time away from him. Now, as far as I know in 15 hearings, so I am going to read something in just a minute, but preface it with this. As far as I know, in 15 hearings that I have been involved in of Supreme Court Justices, there has never been such a video shown. So, this is precedential, I want to read this: ÔÔThe use of a video at a confirmation is highly irregular, but I see no reason my colleagues cannot use a video that was provided by the nominee himself in response to the Senate questionnaire.ÕÕ I have been assured that the video is from Judge KavanaughÕs submission to the Committee. Based on this assurance, we have allowed this video to be shown. But I want to emphasize that I expect that video to be used fairly. The video clip should not be presented in a way that deprives it of relevant context. This is consistent with requirements in Federal court. That is why I will insist that Judge Kavanaugh have the opportunity before he answers this question to request if any additional video be played, if it provided appropriate context. So, Judge Kavanaugh, I would ask you, do you believe that more con- text is needed to be able to address the question?",-0.532113058989443,0.89914296443042,0.774487358478307,0.112042296230603,2.06594073071308,-0.685054738992767,0.529314357426069,1.19739004137767
638,"X","high",96,"Z","medium",72,"X","high",468,"Y","medium",179,"X","low",41,"Z","low",10,"X","low",387,"","","","","31-10-2024","19:53:00","22:22:00","31-10-2024 22:21","Cnn Montana Nonprofit","Coronavirus Pandemic Late","Nominee","R","Brett M. Kavanaugh","Judge KAVANAUGH. Well, I do not think I have heard the question yet, but I will let you know when I hear the question.",0.0755457488404693,1.51302676543874,-0.487333642646684,-0.156029441802354,-1.04815538574778,-1.43839377000226,0.785548335125756,-0.706948174506474
639,"Y","high",133,"Y","medium",265,"Y","low",436,"Y","medium",462,"Y","high",221,"Y","high",391,"Z","",300,"","","","","03-07-2024","21:11:00","23:49:00","03-07-2024 23:42","Abortion Travel","Said Alicia Keys","Senator","D","Senator Patrick Leahy (VT)","Senator LEAHY. Let meÑlet me ask you this. I will repeat the question asked before. You said that you heard about this with the rest of us in December 2005. You said, on there, that you had no knowledge of anything related to this until The New York Times article. Now we have a declassified Inspector General report that, on September 17th, which was before theÑseveral months before The New York Times article, John Yoo issued a memo on surveillance of the White House that helped form the legal underpinnings of the NSA warrantless wiretapping program. When you were in the White House in 2001, did you ever work with John Yoo on the constitutional implications of a warrantless surveillance program?",-0.0706688207174272,0.656753282562272,0.136286906221211,1.56145620601537,-0.21194954926131,-0.59287436747411,-0.806743094423952,0.812994036046328
640,"X","medium",96,"Z","high",420,"Z","high",81,"X","medium",404,"X","high",160,"X","high",244,"Y","low",40,"","","","","20-09-2024","17:09:00","17:35:00","20-09-2024 17:31","Voice Cnn Masai","Actor Bob Odenkirk","Nominee","R","Brett M. Kavanaugh","Judge KAVANAUGH. We are talking about a lot of different things, Senator, here.",1.95956641482456,0.622590858712653,0.646199533382017,0.1287186638826,-1.09961771930813,-0.570522416199741,0.560633419025589,0.251290004130516
641,"Z","medium",185,"Z","high",150,"Z","medium",103,"X","high",378,"Z","medium",16,"X","high",207,"X","low",333,"","","","","19-06-2024","19:22:00","21:27:00","19-06-2024 21:20","Assassination Question","Actor Bob Odenkirk","Senator","D","Senator Patrick Leahy (VT)","Senator LEAHY. Warrantless surveillance program.",1.4954035420344,-0.749073581894611,0.392720982678232,-1.24400386575222,-0.289135073413373,-0.559236678797941,-1.34751693538018,-0.808014883578259
642,"Z","high",337,"Z","low",149,"X","high",149,"Z","high",124,"Y","medium",345,"Y","low",467,"X","medium",317,"","","","","21-10-2024","12:13:00","13:53:00","21-10-2024 13:44","Making Racism","2020 Presidential Election","Nominee","R","Brett M. Kavanaugh","Judge KAVANAUGH. That is talking about a lot of different things. So, what you were asking about right there was the specificÑwhat President Bush called the terrorist surveillance program. That was his name for it.",-1.2659936086022,0.144610251486882,1.02761234461576,-0.718735342297299,0.26949053810092,0.24839145170246,-0.602528097123932,-1.91304179506971
643,"X","high",416,"Z","low",314,"Y","high",319,"Z","medium",201,"Z","high",478,"Y","",,"","high",435,"","","","","24-04-2024","19:06:00","22:10:00","24-04-2024 22:06","Making Racism","Ravaged Nicaragua Category","Senator","D","Senator Patrick Leahy (VT)","Senator LEAHY. Which is a warrantless surveillance program.",-0.799287292074747,1.28937039478769,0.825405174664842,0.53609097570386,0.456382717817387,0.583967123361769,1.42584361469987,-1.40248877692042
644,"Z","medium",244,"Y","high",375,"X","low",431,"","medium",14,"Y","medium",489,"Y","high",18,"Z","high",460,"","","","","29-08-2024","16:14:00","17:47:00","29-08-2024 17:46","Making Racism","Actor Bob Odenkirk","Nominee","R","Brett M. Kavanaugh","Judge KAVANAUGH. Along with many others, and that isÑyou were asking me about the terrorist surveillance program, TSP, I think he called it. That story was broken. That testimony is a hundred percent accurate. That story was broken in The New York Times. I had not been read into that program, and when it came in The New York Times, I actually still remember my exact reaction when I read that story. And then the President, that Saturday, I believe, did a live radio address to explain to the country what that program was about. There was a huge controversy, and so, everyone was then working on getting the speech together. And you asked me if I learned about it before then. I said ÔÔno,ÕÕ and that is accurate.",1.28601546947215,-0.242698671866546,0.276963229111212,0.0717653597802356,0.01801304711646,1.0250498005519,-2.17622089772887,0.832621902835391
645,"Z","low",24,"Z","medium",194,"Y","medium",156,"Z","high",429,"X","high",58,"","high",369,"Z","low",293,"","","","","29-06-2024","06:15:00","07:34:00","29-06-2024 07:30","Cnnpolitics Polls Underestimating","2020 Presidential Election","Senator","D","Senator Patrick Leahy (VT)","Senator LEAHY. Okay. When you were in the White House, did you ever work with John Yoo on the constitutional implications of any warrantless surveillance program?",0.546935209909029,0.163775680467204,0.00646619385157653,-1.93784124310158,-1.89542239265372,-0.248874636089576,-0.374597255944646,-0.380751698279476
646,"Y","medium",281,"Z","medium",73,"Y","low",333,"Z","low",56,"Z","low",95,"Z","medium",462,"X","high",,"","","","","23-08-2024","11:29:00","14:14:00","23-08-2024 14:05","Abortion Travel","Said Alicia Keys","Nominee","R","Brett M. Kavanaugh","Judge KAVANAUGH. Well, I cannot rule thatÑright in the wake of September 11th, it was all hands on deck on all fronts, and then we wereÑwe were farming out assignments, but we were all involved. On September 12th when we came inÑlet us just back up. On September 12th when we came into the White House, it wasÑ you know, we have to work on everything. And so, then over time people figured out what issues they were going to work on. You know, the airline bill that I was up here on September 20th when President Bush spoke to Congress that night, as you recall. And then after that, we were in the meeting room together, you and I and others, working on the airline bill, but there were all sorts of other things going on. The Patriot Act was going on.",1.82266475458496,0.247134538841029,-0.503167869887771,-0.0589369283708075,0.822749442117492,-1.53345640405906,-0.273628218757508,-1.41403487482281
647,"Y","medium",429,"X","high",393,"Z","medium",93,"X","low",309,"","low",215,"Y","medium",414,"Z","high",69,"","","","","10-02-2024","11:18:00","13:39:00","10-02-2024 13:31","Abortion Travel","Said Alicia Keys","Senator","D","Senator Patrick Leahy (VT)","Senator LEAHY. I was involved with all of thoseÑÑ",1.10424416599319,-0.746277633902453,0.512094244133136,0.161437645554163,2.29918920007542,-0.468615197908565,0.0596668134675275,1.1773804686654
648,"X","high",111,"X","medium",86,"X","high",271,"Z","medium",141,"Z","high",457,"X","low",435,"Z","low",306,"","","","","10-09-2024","12:37:00","13:24:00","10-09-2024 13:18","Voice Cnn Masai","Actor Bob Odenkirk","Nominee","R","Brett M. Kavanaugh","Judge KAVANAUGH. Yes, I knowÑÑ",-1.00968698906015,1.49617188099653,-1.30381130310154,-0.428321174622757,-0.108114032814968,-1.75770901993922,0.63377572404512,0.866314222536566
649,"Z","low",479,"X","medium",420,"Z","high",389,"Z","",285,"Z","high",287,"Y","low",431,"X","medium",288,"","","","","06-01-2024","17:37:00","21:02:00","06-01-2024 20:54","Making Racism","Ravaged Nicaragua Category","Senator","D","Senator Patrick Leahy (VT)","Senator LEAHY [continuing]. And I remember the discussions. But what I want to know, did you ever raise questions about warrantless surveillance?",-0.144932903266481,0.677045351857036,0.0670899996760246,-2.17933989812256,1.44430878584795,1.4363252383677,0.197930599404073,1.15310566629155
650,"X","low",181,"Y","medium",161,"Z","high",197,"X","medium",413,"Z","low",228,"X","medium",342,"X","medium",,"","","","","02-10-2024","14:34:00","14:58:00","02-10-2024 14:57","Voice Cnn Masai","Turned Movie Different","Nominee","R","Brett M. Kavanaugh","Judge KAVANAUGH. I cannot rule anything out like that. There was so much going on in the wake of September 11th, Senator, as you recall, up here, too, but in the White House, in particular, and in the CounselÕs Office, in particular. We had eight lawyers in there. Eight or nine as I recall. And there were so many issues to consider for the President and for the legal team, and those issuesÑlike I said, for President Bush, every day for the next 7 years was September 12th, 2001. You know, for the legal team there was a lotÑÑ",0.478086560780216,0.840033310419347,-2.11100310027231,0.33275703901318,-1.10920633487701,0.784915696245556,0.493022260354976,0.528353375849477
651,"Z","high",342,"Z","low",409,"Y","medium",81,"X","medium",156,"Y","high",462,"Y","low",460,"X","medium",269,"","","","","15-12-2024","21:34:00","23:52:00","15-12-2024 23:46","Abortion Travel","Ravaged Nicaragua Category","Senator","D","Senator Patrick Leahy (VT)","Senator LEAHY. For a lot of us it was.",-1.05698303215274,0.745366693347505,2.13277135869469,-0.538775864558444,0.184370586068251,0.850918084278742,-0.377733271310518,-1.17414430025883
652,"Y","high",350,"Y","high",378,"Y","low",205,"Z","medium",8,"Y","low",331,"Y","high",170,"Z","medium",340,"","","","","02-01-2024","20:20:00","22:48:00","02-01-2024 22:45","Abortion Travel","Niger State Television","Nominee","R","Brett M. Kavanaugh","Judge KAVANAUGH. Yes.",0.185850773177228,-0.757646049710316,1.14282396091755,1.89720843926558,0.884437640875068,0.648495883394658,-0.37968719215621,1.15350366492969
653,"Z","low",91,"X","high",153,"X","medium",381,"X","medium",331,"Y","high",492,"Y","low",372,"Y","medium",207,"","","","","07-06-2024","16:09:00","18:45:00","07-06-2024 18:39","Voice Cnn Masai","Ravaged Nicaragua Category","Senator","D","Senator Patrick Leahy (VT)","Senator LEAHY. Mr. Chairman, I sent a letter, along with Senators Feinstein and Durbin, August 16th of this year, asking we make documents related to this issue public. Without them being public, it is not fair to me and it is not fair to Judge Kavanaugh that I cannot hand him the actual documents, which I think would refresh his memory. And I would ask again, you might look at that before my next turn, can we make those public?",-0.4995632522801,-1.67060624636183,-0.50866039814252,-1.94763624748379,-0.720264214250795,-0.277695700135195,-0.445331153174631,1.29378181712846
654,"Y","low",96,"Y","high",259,"X","medium",467,"X","high",266,"Y","low",431,"","medium",46,"X","medium",333,"","","","","10-12-2024","10:43:00","12:20:00","10-12-2024 12:13","Assassination Question","Actor Bob Odenkirk","Chairman","R","Senator Chuck Grassley (IA)","Chairman GRASSLEY. You tell us what documents you want, and I will make them available to you, but I cannot say that they can be made public. Just as I said last year during Justice GorsuchÕs confirmation, I put a process in place that will allow my colleagues to obtain the public release of confidential documents for use dur- ing the hearing. All I ask was my colleagues to identify the documents they intended to use, and I would work to get the Depart- ment of Justice and former President Bush to agree to waive restrictions on the documents. Senator Feinstein secured the public release of 19 documents last year under this process, and Senator Klobuchar secured the release of four documents this year. If my colleagues truly believe that other committee confidential documents should have been made public, they never told me about that.",0.668080401077775,-1.92363491659167,-0.277375654458618,1.15655124613375,-1.07711603025259,0.353813164274677,-0.176713410263276,1.20925846191312
655,"Z","medium",474,"X","medium",479,"Z","medium",308,"X","low",69,"Z","medium",499,"X","medium",263,"Z","medium",372,"","","","","09-08-2024","16:41:00","19:02:00","09-08-2024 19:00","Assassination Question","2020 Presidential Election","Senator","D","Senator Patrick Leahy (VT)","Senator LEAHY. WellÑÑ",0.744613540649225,1.68201372664756,0.362357665843765,-1.68420969862739,2.14883339664966,0.547771058640543,-0.957153520593526,0.930205843969487
656,"Y","high",350,"Y","low",359,"Y","low",335,"X","medium",24,"Y","high",278,"X","",145,"Z","medium",294,"","","","","08-03-2024","16:51:00","19:33:00","08-03-2024 19:28","Voice Cnn Masai","Actor Bob Odenkirk","Chairman","R","Senator Chuck Grassley (IA)","Chairman GRASSLEY. So, let us know what you want, and then you canÑyou can go ahead and we will get them for you.",-1.11569798496845,0.0818741726897575,0.825455713410053,2.17777621960112,0.773763858220998,0.738844770078578,-0.418704770790622,-0.155674606951899
657,"Y","high",315,"Z","medium",379,"X","high",209,"Y","high",262,"X","high",187,"Z","medium",469,"Z","medium",199,"","","","","20-02-2024","15:42:00","19:28:00","20-02-2024 19:27","Apology Cnn Vatican","Turned Movie Different","Senator","D","Senator Patrick Leahy (VT)","Senator LEAHY. I want the same thing that I requested in AugustÑon August 16th because it is directly relevant to Judge KavanaughÕs testimony, directly relevant to hisÑto the questions I have been asking here, and directly relevant to his own emails with John Yoo. So, I wouldÑbefore my next turn, if we could take a look at that.",0.531155492868391,0.955337136312994,1.68007734978655,0.417961253033962,0.698032617484893,-0.577603352892551,0.606063187615363,-0.209503772809031
658,"Y","medium",151,"X","low",43,"Y","high",464,"Y","low",306,"Y","",30,"Y","high",218,"Z","",132,"","","","","19-11-2024","09:17:00","12:29:00","19-11-2024 12:22","Apology Cnn Vatican","Actor Bob Odenkirk","Chairman","R","Senator Chuck Grassley (IA)","Chairman GRASSLEY. Okay. Well, we will get them for you for your next turn tomorrow.",-0.602311029788671,-0.696664181316401,-1.19725387114103,0.285150231982393,0.758324367396998,-2.08825704539825,-0.602646433235523,-0.67249295031118
659,"Y","low",54,"Z","high",120,"Z","medium",229,"Z","medium",58,"Z","low",364,"X","low",,"Z","medium",330,"","","","","09-03-2024","21:21:00","00:45:00","10-03-2024 00:36","Voice Cnn Masai","Coronavirus Pandemic Late","Senator","D","Senator Patrick Leahy (VT)","Senator LEAHY. Now, mayÑyou said everyone agrees the pardon prerogatives of a President, absolute, unfettered, unchecked power to pardon every violator of every Federal law. If the President issued a pardon in exchange for a bribe, ÔÔyesÕÕ or ÔÔnoÕÕ?",0.95445110067352,-2.22988017670523,0.203088812152873,-0.103774560832552,-1.32549764534543,-0.977904785525011,0.745391244847025,-0.209570767126421
660,"Y","medium",135,"X","medium",52,"Z","low",486,"X","high",299,"X","high",132,"Z","low",284,"X","high",,"","","","","15-04-2024","16:45:00","18:31:00","15-04-2024 18:21","Apology Cnn Vatican","Ravaged Nicaragua Category","Nominee","R","Brett M. Kavanaugh","Judge KAVANAUGH. Senator, I think that question has been litigated before, and I do not want to comment aboutÑÑ",0.627301274990195,0.13459523194492,-1.45957967512934,-0.312811584352183,0.866147621234227,-2.49042547505614,-0.654636830067285,0.295839721367862
661,"Y","low",273,"Z","low",489,"X","high",229,"X","medium",222,"Y","high",5,"X","low",38,"X","",,"","","","","07-07-2024","21:49:00","01:48:00","08-07-2024 01:42","Amid Inflation","2020 Presidential Election","Senator","D","Senator Patrick Leahy (VT)","Senator LEAHY. Well, let me ask you this.",0.0729958393333584,-0.474301455606524,1.52329780854214,0.389084931926539,-0.365029630503088,0.745914826920809,1.30436840896553,-0.727574073073011
662,"Y","medium",346,"X","medium",171,"Z","medium",273,"Y","",68,"Z","",401,"Y","low",63,"X","high",251,"","","","","03-07-2024","16:46:00","20:18:00","03-07-2024 20:13","Reunion Netflix Cnn","Niger State Television","Nominee","R","Brett M. Kavanaugh","Judge KAVANAUGH. Scope of the pardon, the scope aboutÑthere are a coupleÑthere are a couple of things involved in that question. One is what is the scopeÑwhat is the effect of the pardon, and the other question is, can you be separately charged with the bribery crime, both the briber and the bribee, and those are two distinct questions. You would want toÑyou would want to keep those two questions separate in thinking about how the hypotheticalÑÑ",0.829703463430856,0.428840680689744,-0.965261128922878,-0.285956835252328,2.00934396312931,-1.4901511996146,-0.292726650588781,0.326702576523356
663,"Y","low",159,"X","high",249,"X","medium",480,"Z","low",308,"X","low",212,"Z","high",215,"Y","high",456,"","","","","04-07-2024","13:25:00","15:34:00","04-07-2024 15:29","Apology Cnn Vatican","Actor Bob Odenkirk","Senator","D","Senator Patrick Leahy (VT)","Senator LEAHY. Well, then in that, theÑÑ [Gavel is tapped.] Senator LEAHY. Mr. Chairman, you know, I got interrupted an awful lot during myÑÑ",0.00656229191563588,-1.97290467439683,-0.129407437576794,-0.319818060556956,0.0741337850581754,-0.725976898236782,0.801997767839874,1.56124438419812
664,"Y","low",107,"Y","low",275,"X","high",229,"Y","low",322,"Z","",276,"Y","low",315,"Y","high",148,"","","","","14-04-2024","17:09:00","20:58:00","14-04-2024 20:50","Amid Inflation","Beating Forecasts Covid","Chairman","R","Senator Chuck Grassley (IA)","Chairman GRASSLEY. Yes, okay.",-0.600050903120236,-1.00228948142784,-0.446541718862678,1.45859767362813,-1.14075593564806,0.561119357677366,-0.172653826941693,-0.015659090451961
665,"Y","high",124,"Y","medium",261,"Y","high",300,"Z","low",77,"Z","medium",391,"Z","low",291,"Y","medium",403,"","","","","08-07-2024","12:21:00","14:17:00","08-07-2024 14:15","Assassination Question","Ravaged Nicaragua Category","Senator","D","Senator Patrick Leahy (VT)","Senator LEAHY. I just want to finish this question.",-0.0784478251646459,0.646686430470028,0.11977630213012,1.56106088275977,-0.261180872256022,-0.633118774982256,-0.821275540585022,0.814765489236438
666,"X","high",480,"Y","high",26,"Z","medium",328,"X","high",336,"X","medium",164,"Y","high",27,"Z","high",127,"","","","","09-02-2024","20:48:00","23:13:00","09-02-2024 23:11","Cnn Montana Nonprofit","Warming Caused Humans","Chairman","R","Senator Chuck Grassley (IA)","Chairman GRASSLEY. But IÑbut I made sure that if the timer did not treatÑwell, give him another minute. [Laughter.]",-0.127005052162872,-0.271607778869052,-1.23514922255448,1.19901669293688,1.13464115911859,0.897913252366271,0.195094715592033,0.0130012340974405
667,"Z","low",96,"X","high",454,"X","low",92,"Y","low",111,"Z","low",408,"Y","high",339,"Z","high",128,"","","","","10-08-2024","15:18:00","15:49:00","10-08-2024 15:46","Scammers Cnn Epik","Niger State Television","Senator","D","Senator Patrick Leahy (VT)","Senator LEAHY. Thank you. God bless you. I will be forever thankful. [Laughter.] Senator LEAHY. President Trump claims he has an absolute right to pardon himself. Does he?",-0.257996552210741,-0.975187984515148,0.77081715143487,-1.73908883611638,-0.823272822970521,0.417107753079654,-0.18606643974823,2.15035876171916
668,"Y","medium",495,"Z","high",190,"Y","low",419,"Y","high",298,"Y","high",291,"Y","low",,"Z","low",140,"","","","","28-12-2024","13:53:00","16:32:00","28-12-2024 16:26","Voice Cnn Masai","Ravaged Nicaragua Category","Nominee","R","Brett M. Kavanaugh","Judge KAVANAUGH. The question of self-pardons is something I have never analyzed. It is a question that I have not written about. It is a question, therefore, that is a hypothetical question that I cannot begin to answer in this context as a sitting judge and as a nominee to the Supreme Court.",2.08082628990712,-1.15830667811453,0.520541231964995,0.280402286054833,1.90039921152398,-0.293497466829453,0.153067422609453,-1.05762686563643
669,"Z","medium",3,"Z","medium",459,"Y","low",181,"X","high",406,"X","high",283,"Y","medium",407,"Y","low",26,"","","","","05-11-2024","11:26:00","13:03:00","05-11-2024 12:56","Voice Cnn Masai","International Women","Senator","D","Senator Patrick Leahy (VT)","Senator LEAHY. And the other half of that is the obvious one. Does the President have the ability to pardon somebody in ex- change for a promise from that person they would not testify against him?",1.59187357302689,1.64288366436545,1.1784601331963,-1.29481856489668,-1.37140236561978,-0.729335019991718,-1.37634815166027,0.0111757367708419
670,"Y","low",229,"Z","medium",382,"X","low",329,"X","high",468,"X","low",134,"Y","low",19,"X","",230,"","","","","13-03-2024","06:29:00","08:46:00","13-03-2024 08:45","Cnn Montana Nonprofit","Niger State Television","Nominee","R","Brett M. Kavanaugh","Judge KAVANAUGH. Senator, I am not going to answer hypothetical questions of that sort, and there is a good reason for it. When we getÑjudges do notÑwhen we decide, we get briefs and arguments of the parties. We have a record. We have an appendix with all the information. We have amicus briefs and thenÑI neverÑI never decide anything alone. I am on a panel of three, and if I am confirmed to the Supreme Court I would be on a Team of Nine.",1.1961783221091,0.0865472193650832,0.769321466393541,-0.282312616763688,-0.365188302859876,-0.0145261681964262,1.12010380224701,-0.0509585258724166
671,"Y","medium",228,"Z","medium",420,"X","high",422,"X","high",127,"X","medium",394,"Z","low",13,"Y","medium",176,"","","","","14-06-2024","13:05:00","14:20:00","14-06-2024 14:12","Making Racism","Turned Movie Different","Senator","D","Senator Patrick Leahy (VT)","Senator LEAHY. Thank you, Mr. Chairman. I hope for the sake of the country that remains a hypothetical question. Thank you very much.",2.07109536599029,1.04339985064879,0.975083547991505,0.197111096606995,0.371155038543397,-0.936458844941385,-0.047671390352883,-0.34002313282332
672,"Y","medium",200,"Z","medium",351,"Y","low",57,"Y","medium",,"Y","medium",120,"Z","high",258,"","high",115,"","","","","05-03-2024","19:30:00","20:01:00","05-03-2024 19:51","Making Racism","Lomachenko","Chairman","R","Senator Chuck Grassley (IA)","Chairman GRASSLEY. And since I gave you an extra minute, I am not going to let you reserve the 25 seconds. [Laughter.]",2.0019859783807,0.88150388161139,0.683261574914828,0.156446897923099,0.242666603464218,-1.18895066479066,-0.140431338829629,-0.496839424627338
673,"Z","high",195,"X","low",489,"X","high",150,"X","",47,"X","high",309,"Y","medium",401,"Z","medium",378,"","","","","03-03-2024","08:01:00","09:40:00","03-03-2024 09:31","Cnn Montana Nonprofit","Niger State Television","Senator","D","Senator Patrick Leahy (VT)","Senator LEAHY. I am done.",-2.17265870230948,0.865926304368716,1.60583350505845,-0.721960614985921,0.178037524539821,0.117793773539594,-0.675069315958903,0.827096060782171
674,"X","medium",39,"Y","low",151,"X","medium",471,"X","medium",484,"Y","medium",414,"Y","",382,"Z","high",258,"","","","","04-08-2024","09:03:00","12:36:00","04-08-2024 12:30","Voice Cnn Masai","Turned Movie Different","Chairman","R","Senator Chuck Grassley (IA)","Chairman GRASSLEY. Senator Graham.",0.0121300386792016,0.861076385402067,-1.80007652688463,1.42470669288872,-1.35292793842011,-0.367619748166866,-0.850397215819695,-0.609802570060282
675,"Y","high",16,"Z","high",164,"X","medium",180,"Z","low",165,"Z","high",58,"Y","low",300,"Y","low",97,"","","","","08-03-2024","20:45:00","00:36:00","09-03-2024 00:27","Voice Cnn Masai","Turned Movie Different","Senator","R","Senator Lindsey Graham (SC)","Senator GRAHAM. Thank you very much. July 21, 1993: ÔÔI certainly do not want you to have to lay out a test here in the abstract which might determine what your vote or your test would be in a case you have yet to see that may well come before the Supreme Court.ÕÕ That was wise counsel by Senator Leahy in the Ginsburg confirmation. Very directly, did you ever knowingly participate in stealing anything from Senator Leahy or any other Senator?",0.263332387955934,-1.26403243718219,1.32050817230465,0.662251307808421,-0.985126919040002,-1.86564367646659,0.116973585319588,-0.0506269019595793
676,"X","medium",389,"X","medium",335,"X","high",330,"X","high",401,"Z","high",200,"Z","low",89,"Z","medium",96,"","","","","02-04-2024","21:21:00","23:42:00","02-04-2024 23:37","Apology Cnn Vatican","Actor Bob Odenkirk","Nominee","R","Brett M. Kavanaugh","Judge KAVANAUGH. No.",0.882084657731185,2.09819424680845,-1.14457630584901,-0.601219457946837,1.5416388003324,-0.381400261412165,0.607899277504976,0.7953453674526
677,"Z","low",220,"Y","medium",116,"X","high",280,"Z","high",467,"Z","medium",338,"Y","medium",476,"Y","high",404,"","","","","27-10-2024","21:35:00","23:11:00","27-10-2024 23:03","Voice Cnn Masai","Ravaged Nicaragua Category","Senator","R","Senator Lindsey Graham (SC)","Senator GRAHAM. Did you ever know that you were dealing with anything that was stolen property?",0.167014246086214,-0.0167652692668229,-1.40509952876104,-0.86978191433558,-0.680096245263714,1.12903311529807,-1.2880170227535,0.188474652909883
678,"Y","medium",81,"X","medium",401,"X","low",434,"Y","high",237,"Y","medium",136,"Y","medium",10,"X","low",135,"","","","","07-04-2024","14:32:00","15:44:00","07-04-2024 15:42","Abortion Travel","Niger State Television","Nominee","R","Brett M. Kavanaugh","Judge KAVANAUGH. No.",0.876808568068424,0.935385798776833,0.0272302062004278,-0.0551030545333263,0.408016538283713,-1.89239791771025,-0.42823960265214,1.37706441045665
679,"Z","high",96,"Z","medium",14,"X","high",255,"X","",346,"Z","high",13,"Y","high",173,"Z","high",197,"","","","","02-02-2024","19:20:00","22:04:00","02-02-2024 22:01","Voice Cnn Masai","Niger State Television","Senator","R","Senator Lindsey Graham (SC)","Senator GRAHAM. As to the terrorist surveillance program, did you help create this program?",-0.265794694010515,0.622610067822913,0.165447888059127,-1.35725997367194,-0.834271700143528,-1.25891594878341,-1.05482172249395,-1.02671293486504
680,"Y","low",466,"Z","high",448,"Z","low",212,"Y","low",236,"Y","medium",204,"Y","low",377,"X","low",59,"","","","","27-03-2024","09:56:00","12:08:00","27-03-2024 12:05","Assassination Question","Ravaged Nicaragua Category","Nominee","R","Brett M. Kavanaugh","Judge KAVANAUGH. No.",1.4256059199764,-1.43451898753446,1.57492755089737,0.0153486529483899,0.864986635702661,1.19048953897446,1.53246662154116,0.125200547847962
681,"X","high",233,"X","medium",173,"Y","medium",8,"Y","medium",287,"X","high",248,"Y","medium",308,"Y","high",402,"","","","","12-06-2024","21:33:00","00:37:00","13-06-2024 00:34","Assassination Question","Ravaged Nicaragua Category","Senator","R","Senator Lindsey Graham (SC)","Senator GRAHAM. Did you give legal advice about it?",-0.878211008808503,1.70831180257185,-0.940640545281246,-0.400107496181249,0.544942671512579,-1.1384022761882,0.858328332564104,0.93638096732821
682,"Y","medium",495,"Z","medium",420,"Z","medium",237,"X","high",124,"Z","low",460,"Z","medium",395,"Z","",178,"","","","","07-06-2024","20:50:00","00:36:00","08-06-2024 00:35","Assassination Question","Actor Bob Odenkirk","Nominee","R","Brett M. Kavanaugh","Judge KAVANAUGH. No. We are referring to the same program I was talking about?",2.20764501817903,1.06806924389726,0.960366439787745,0.126096707890794,1.88345958641571,-0.0096190494137719,0.283691341773315,-0.7331769280455
683,"X","high",80,"Y","medium",301,"X","low",292,"X","high",420,"X","medium",403,"Z","high",383,"X","medium",352,"","","","","07-03-2024","19:17:00","19:37:00","07-03-2024 19:29","Assassination Question","Ravaged Nicaragua Category","Senator","R","Senator Lindsey Graham (SC)","Senator GRAHAM. Yes, yes. The one that the article was about. So a bit of a kind of run-through here. You are probably going to get 55 votes, I do not know, 54 to 56 or 57. I do not know what the number will be. There were 11 undecided Senators before the hearing, 3 of them RepublicansÑI like your chancesÑ8 of them are Democrat. You are in play with about five or six of them. And I just want you and your family to know that in other times someone like you would probably get 90 votes. I want your daughters to know that what happened yesterday is unique to the times that we live in. And I want to give you a chance to say some things to the people who have attended this hearing. I think there is a father of a Parkland student who was killed. I think there is a mother of a child who has got terrible health care problems. And there are many other people here with personal situations. What would you like to say to them, if anything, about your job as a Supreme Court Justice?",-0.169022760412588,2.02170737013256,-0.58195069066525,1.1824767124245,-1.16755714829542,-0.10545293117543,-0.132872130494823,1.05560599316899
684,"Y","high",61,"Z","low",137,"Z","medium",229,"Z","medium",61,"Z","",90,"X","medium",469,"","high",202,"","","","","20-02-2024","21:48:00","23:58:00","20-02-2024 23:56","Assassination Question","Ravaged Nicaragua Category","Nominee","R","Brett M. Kavanaugh","Judge KAVANAUGH. Senator, I understand the real-world effects of our decisions. In my job as a judge for the last 12 years, I have gone out of my way in my opinions and in oral arguments, if you listen to oral arguments, to make clear to everyone before me that I understand the situation, the circumstances, the facts, for example, as I was saying to Senator Feinstein earlier, in the Heller II case about the facts in DC. And I want to reassure everyone that I base my decisions on the law, but I do so with an awareness of the facts and an awareness of the real-world consequences, and I have not lived in a bubble, and I understand how passionately people feel about particular issues, and I understand how personally people are affected by issues. And I understand the difficulties that people have in America. I understand, for exampleÑwell, to start, I understand the situation of homeless people because I see them on a regular basis when I am serving meals andÑÑ",-1.02155479823066,-0.438825050896746,0.966646140521947,0.925272237553659,-0.837427443129354,-1.6370910687756,0.127077826437755,-1.44902889329989
685,"X","medium",281,"X","low",152,"X","medium",390,"X","high",,"","medium",138,"X","medium",258,"Z","medium",400,"","","","","15-03-2024","13:58:00","14:22:00","15-03-2024 14:12","Cnn Montana Nonprofit","Ravaged Nicaragua Category","Senator","R","Senator Lindsey Graham (SC)","Senator GRAHAM. So tell me about that. What interaction do you have with homeless people?",-0.549108977353786,0.853742358148613,-1.61520644815466,-0.0916015776935701,0.807389575086055,-0.801288107783229,0.359711527917284,-0.489819128741047
686,"X","low",341,"X","low",240,"X","high",388,"Z","low",459,"Z","high",92,"Z","medium",410,"Y","",201,"","","","","15-05-2024","11:00:00","13:23:00","15-05-2024 13:16","Cnnpolitics Polls Underestimating","Ravaged Nicaragua Category","Nominee","R","Brett M. Kavanaugh","Judge KAVANAUGH. Senator, I regularly serve meals at Catholic Charities at 10th and G with Father John Enzler, who is the head of Catholic Charities DC, and I have known since I was 9 years old when I was an altar boy. He was at Little Flower Parish. And what you learn when you areÑI said, I am a Matthew 25, try to follow the lesson of serving the least fortunate among us. You know, when I was hungry, you gave me food; thirsty, you gave me drink; stranger and you welcomed me; naked and you clothed me; sick and you cared for me; imprisoned and you visited me. Six groups thatÑthat is not exclusive, but that is a good place to start with your charitable works in your private time.",-1.29380160180817,0.193252950601004,-1.28851000353589,-0.498862008262824,0.350250994168501,0.609034289004116,1.70664104664209,0.0740178376553937
687,"X","low",490,"Z","low",289,"Z","high",229,"X","medium",405,"X","low",455,"X","medium",77,"","high",447,"","","","","25-07-2024","11:54:00","15:30:00","25-07-2024 15:25","Cnn Montana Nonprofit","Niger State Television","Senator","R","Senator Lindsey Graham (SC)","Senator GRAHAM. So describe the difference between Brett Kavanaugh, the man, and Brett Kavanaugh, the Judge.",-0.0746704061814648,0.370716538266761,-0.213216754329994,-0.226261799893126,0.311628357391755,1.63943560682168,2.1149132457701,-1.5599077634004
688,"Y","high",232,"Z","low",68,"Y","medium",39,"Y","low",379,"Y","high",176,"Y","high",87,"Z","high",362,"","","","","25-11-2024","07:39:00","10:45:00","25-11-2024 10:44","Voice Cnn Masai","Ravaged Nicaragua Category","Nominee","R","Brett M. Kavanaugh","Judge KAVANAUGH. Well, as a man, I am trying to do what I can in community service, as a dad, as a coach, as a volunteer, as a teacher, as a husband, and serving meals to the homeless. The one thing, Senator, you know, we are all GodÕs children. We are all equal. People have gotten there because maybe they have a mental illness; maybe they had a terrible family situation; maybe they did not have anyone to care for them; maybe they lost a job and had no family. But every person you serve a meal to is just as good as me, or better, frankly, because they haveÑwhat they have had to go through on a daily basis just to get a meal. And you talk to them. That is the other thing. When you are walking by the street, you see peopleÑand I understandÑI am sure I have done this. I am notÑI do not want to sound better than someone in describing this, but you do not necessarily look and you do not say, ÔÔHow is it going? ÕÕ But when you serve meals to them, you talk to people who are homeless, and they are just as human and just as good a people as all of us. You know, we are all part of one community, and so I think about that. You know, I do not want to sound like I amÑI can always do more and more, and do better. I know I fall short. But Father John has been a big influence on that, and thinking about others. So that is as a person. I try to doÑWashington Jesuit Academy, so I tutor up there. I am now on the board of Washington Jesuit Academy. That is a little different situation. Those are low-incomeÑboys from low-income families, a tuition-free school, one of these 7:30 a.m. to 7 schools. And I started tutoring up there because I wanted to do some more tutoring and just be involved more. Judging is important, but I wanted to be more directly involved in the community. They have tutoring. You do all your homework there because it was a situation, you do not want to go home and have anything else to do. You get three meals there, and you do your homework there. And I help them do their homework, and you see these great kids, and they are in a structured environment, and you make an effect on their lives. And like I said yesterday, the teachers and coaches throughout America, they change lives. And for me to be able to participateÑ you know, you cannot change everything at once, but just changing one life, one meal 1 day at the shelter or one kid that remembers something you said in a tutoring program, you know, if we all did that moreÑand I fall short, too, I know, and I want to do more on that front. But you can make a big difference in peopleÕs lives. I would just bring that into the judging. I thinkÑI judge based on the law, but how does that affect me as a judge? I think, first of all, just standing in the shoes of others. We could all be that homeless person. We could all be that kid who needs a more structured educational environment. And one of the things I was taught by my mom, but also I remember Chris Abell, my sixth-grade English teacher and religion teacher and football coach and baseball coach, one of hisÑand he drove me to school. One of hisÑand he is now on the board of Washington Jesuit Academy with me. But one of his lessons in ÔÔTo Kill a MockingbirdÕÕ was to stand in the shoes of others. And I still have the ÔÔTo Kill a MockingbirdÕÕ that we used in sixth grade. It is in my chambers still, the same copy.",-0.988891224096573,-0.58233446841188,0.663855236611755,0.83167971169926,0.161232455224388,-1.19879217959867,0.281288603403381,-1.89886992386501
689,"Z","high",100,"X","low",24,"Z","high",127,"X","high",328,"Y","low",,"Y","low",24,"Z","low",240,"","","","","18-02-2024","12:57:00","14:40:00","18-02-2024 14:36","Voice Cnn Masai","Turned Movie Different","Senator","R","Senator Lindsey Graham (SC)","Senator GRAHAM. Is it fair to say that your job as a judge is to not so much stand in the shoes of somebody you are sympathetic to, but stand in the shoes of the law?",-2.59047786950633,-0.216454763236298,-0.365957363522787,-1.02092232646882,-0.157164817926714,-1.25853487083434,-1.18390888280114,-0.367674931729323
690,"Y","low",270,"X","high",420,"Z","high",203,"Z","",472,"Y","medium",,"X","medium",102,"X","medium",241,"","","","","28-07-2024","15:05:00","15:43:00","28-07-2024 15:37","Cnn Montana Nonprofit","Niger State Television","Nominee","R","Brett M. Kavanaugh","Judge KAVANAUGH. You are in the shoes of the law, but with awareness of the impacts of your decisions.",0.19911298189689,-1.56783980513792,0.591510057245375,-0.230108295084099,0.628235876864693,0.0442003840635069,1.08351996137714,1.88860783688298
691,"X","low",153,"Y","medium",177,"Y","high",229,"","medium",432,"Y","medium",279,"Y","low",55,"Z","high",310,"","","","","07-03-2024","10:38:00","14:01:00","07-03-2024 13:55","New Covid Lockdowns","Coronavirus Pandemic Late","Senator","R","Senator Lindsey Graham (SC)","Senator GRAHAM. Right.",0.476471575797257,0.874387455987193,-2.04143298755948,0.351360507607989,-1.27478100942936,0.723729480159163,0.471724274002715,0.615506675052405
692,"X","medium",89,"X","high",291,"X","high",384,"Z","high",,"Y","low",37,"Y","low",412,"Z","medium",,"","","","","23-06-2024","15:32:00","19:31:00","23-06-2024 19:22","Bob Baffert Suspended","Point Tally Nba","Nominee","R","Brett M. Kavanaugh","Judge KAVANAUGH. And that is the critical distinction. You cannot be unaware. When you write an opinion, how is it going to affect people?",0.749532987949273,0.273541332670201,-0.77705451989893,-0.237430830447781,-0.221793585815564,-1.28805003339413,0.261333269502521,1.44650413692281
693,"Z","low",44,"Z","medium",374,"Y","high",447,"X","low",312,"Z","medium",277,"Z","",247,"X","low",353,"","","","","12-04-2024","06:43:00","08:03:00","12-04-2024 07:55","Assassination Question","Ravaged Nicaragua Category","Senator","R","Senator Lindsey Graham (SC)","Senator GRAHAM. Right.",0.700092971484548,0.581212053080139,0.770664676296935,-1.81765267167188,-1.8606767190559,0.225669314967537,-0.198444863597551,0.10644006607021
694,"Y","low",361,"Z","high",307,"Y","low",496,"X","medium",214,"","high",5,"Z","medium",222,"Y","",16,"","","","","27-05-2024","12:21:00","15:18:00","27-05-2024 15:11","Voice Cnn Masai","Niger State Television","Nominee","R","Brett M. Kavanaugh","Judge KAVANAUGH. And understand, try to explain. I think, you know, it isÑexplaining is such an important feature, and then when people come into the courtroom, and how you treat litigants. So we are all familiarÑwe have all been in courtrooms where the judge is acting a little too full of being a judge and tooÑwell, we have all been there. I try not to do that. I cannot say I am perfect, but I try to make sure the litigants understand that I get it, whether it is a criminal defendant caseÑwe had a pro se case, a pro se case where a litigant comes in and argues pro se in our court, which rarely happens in our court where the pro se actually argues. And it was a guy who said he had been called the ÔÔNÕÕ word by his supervisor. And he is arguing pro se, and the question is whether a single instance of the ÔÔNÕÕ word constitutes racial harass- ment under the civil rights laws. And I wrote a separate opinion explaining, yes, a single instance of the ÔÔNÕÕ word does constitute a racially hostile work environment. And I explainedÑin doing that, I explained the history of racism in this country and how that wordÑno other word in the English language so powerfully or instantly calls to mind our countryÕs long and brutal struggle against racism, I wrote in that opinion. And I cited ÔÔTo Kill a MockingbirdÕÕ in that opinion, among other things. But what I wanted to make clear by bringing this example up is I understood his situation. I tried to understand what that would be like, and I decided the case based on the law, but I understood with the pro se litigant, the point being I always try to be aware of the facts and circumstances.",1.25994531537323,-1.76976474207451,0.981229482468241,-0.0550389412683672,0.331779654767913,0.508659742105311,1.28361265051993,-0.124890907110424
695,"Y","low",321,"Z","low",52,"Y","high",229,"Y","low",132,"X","medium",78,"Z","low",319,"","high",132,"","","","","08-10-2024","11:49:00","12:47:00","08-10-2024 12:38","Abortion Travel","Said Alicia Keys","Senator","R","Senator Lindsey Graham (SC)","Senator GRAHAM. Have you ever made a legal decision that personally was upsetting to you?",-0.249456543268176,-1.47882298006442,-0.33732845183704,0.071612763767291,0.0975122461573449,-0.070998157247377,0.996540678996461,-2.05254412786949
696,"Y","low",83,"Z","high",498,"X","low",5,"Y","high",409,"","medium",73,"Y","high",179,"Z","medium",218,"","","","","15-12-2024","06:57:00","10:40:00","15-12-2024 10:35","Cnnpolitics Polls Underestimating","International Women","Nominee","R","Brett M. Kavanaugh","Judge KAVANAUGH. Well, I am sure I have, and that is what Justice Kennedy talked about in Texas v. Johnson. That case, in case people did not know what I was referring to in Texas v. Johnson, that is the flag-burning case. Justice Kennedy was in the majority with Justice Scalia and Justice Brennan and Justice Marshall and says that a law against flag burning is unconstitutional under the First Amendment. And that obviously tore Justice KennedyÑyou know, it really bothered him because he is such a patriot. But he still ruled the way he did because he read the First Amendment to compel that result, and that is why he wrote that great concurrence in that case. And that concurrence is such a great model for judging, a great model of independence and a great model, to your point, Senator Graham, of we follow the law but we are awareÑ we are aware, and you are a better judge if you are aware.",1.26943391504408,-1.35446492572454,1.80862218860891,0.152079068582965,-1.32616453649165,-0.02648951954799,1.09917750279225,0.832674257625481
697,"Y","low",279,"Y","low",357,"Z","medium",286,"Y","high",20,"Y","high",354,"Z","medium",,"Z","high",268,"","","","","25-01-2024","15:49:00","16:36:00","25-01-2024 16:28","Abortion Travel","International Women","Senator","R","Senator Lindsey Graham (SC)","Senator GRAHAM. Well, I just want to say this to my colleagues. Everything he said I think has been verified by the people who know him the best. I cannot say I have read 307 of your opinions. I can tell you without hesitation I have not. I did not read SotomayorÕs opinions or KaganÕs writings. But what I chose to do was look at the people who knew them the best, and I think Bob Bennett, who defended President Clinton during impeachmentÑI know him very wellÑsaid that Brett is ÔÔa judgeÕs judge, someone doing his absolute best to follow the law rather than his policy preferences. Brett is an all-star in both his professional and his personal life.ÕÕ I have yet to find anybody that I find credible, really anybody at all, that would suggest that you were unfair to litigants. I have yet to find a colleague that thought you were a politician in a robe. But you are a Republican. Is that true?",-0.446974085931133,-0.797073947677683,-0.107385331802245,1.47002644403434,-0.202314588969601,1.34273833539926,0.109748082837488,-0.0335678042938724
698,"Z","low",442,"Y","low",24,"Y","high",132,"Z","low",64,"Y","high",320,"Z","high",1,"Z","high",44,"","","","","16-09-2024","09:33:00","12:05:00","16-09-2024 12:00","Abortion Travel","Actor Bob Odenkirk","Nominee","R","Brett M. Kavanaugh","Judge KAVANAUGH. I registeredÑÑ",-1.02315144255622,-1.02062383273683,-1.50701723998882,-0.384483359555712,0.415090890245123,2.05948712921237,-1.05014899221876,-1.32141929044333
699,"Z","medium",409,"Z","low",381,"Z","high",434,"Y","medium",52,"X","low",279,"Z","",356,"X","low",99,"","","","","30-05-2024","10:46:00","13:06:00","30-05-2024 13:00","Voice Cnn Masai","Actor Bob Odenkirk","Senator","R","Senator Lindsey Graham (SC)","Senator GRAHAM. Was. Okay.",0.506926242491974,0.688349279736617,1.12592369733201,-0.848697031453384,0.759863851870649,0.871349209781475,-0.898355073984093,-1.72947242672297
700,"Y","medium",226,"Y","low",440,"Y","high",232,"Z","high",101,"Z","high",98,"Y","high",435,"Y","medium",231,"","","","","02-08-2024","17:44:00","20:58:00","02-08-2024 20:48","Bob Baffert Suspended","Ravaged Nicaragua Category","Nominee","R","Brett M. Kavanaugh","Judge KAVANAUGH. Yes.",0.437081349000275,0.258871277077002,0.292568224967412,1.99465767538164,0.219863638141285,0.34157697096886,-1.08472937021943,-0.116902761064978
701,"Y","low",28,"Y","medium",284,"X","high",4,"Y","low",256,"Z","high",132,"X","medium",19,"X","low",223,"","","","","05-02-2024","06:14:00","09:33:00","05-02-2024 09:29","Making Racism","Ravaged Nicaragua Category","Senator","R","Senator Lindsey Graham (SC)","Senator GRAHAM. The only reasonÑI am glad to hear you say that. It makes a lot of sense given who you worked for.",0.597341820805107,-0.176850936236384,-0.705394946757967,0.877392061372654,-1.38976858636497,-0.0597416080038959,-0.302830935848175,1.04544020706602
702,"Z","low",317,"Y","high",416,"X","low",111,"X","",471,"X","high",188,"Y","high",40,"X","high",,"","","","","05-09-2024","15:35:00","18:13:00","05-09-2024 18:03","Scammers Cnn Epik","Said Alicia Keys","Nominee","R","Brett M. Kavanaugh","Judge KAVANAUGH. I have notÑwell, I will let you finish your question.",0.510650895562255,-1.01050171715999,0.40311454532559,-0.371724233873921,-0.344986219214283,2.3747184829721,-0.852671874430405,1.24241571693984
703,"Y","medium",258,"Y","high",443,"X","high",170,"Y","low",485,"Z","high",489,"X","medium",68,"X","medium",34,"","","","","21-06-2024","18:49:00","21:07:00","21-06-2024 20:57","Apology Cnn Vatican","Actor Bob Odenkirk","Senator","R","Senator Lindsey Graham (SC)","Senator GRAHAM. You worked for a lot of Republicans.",1.74229077980215,-0.614633511965846,0.540145878740295,1.69442254047802,0.518768343255899,0.32629954075377,-1.01944956954547,1.09923226711597
704,"Y","high",460,"Z","low",482,"X","medium",13,"Y","high",450,"X","low",352,"X","high",304,"Z","high",398,"","","","","31-10-2024","19:43:00","23:34:00","31-10-2024 23:26","Making Racism","Turned Movie Different","Nominee","R","Brett M. Kavanaugh","Judge KAVANAUGH. Yes.",-0.543549583340477,0.394585029688587,2.41147985974513,1.05970661420349,1.27200678432245,0.524437345233532,0.912311829573116,-1.04632134050656
705,"Z","high",276,"Y","medium",477,"X","high",158,"Y","",379,"Z","high",,"X","low",380,"Y","low",150,"","","","","14-11-2024","16:19:00","17:26:00","14-11-2024 17:20","Reunion Netflix Cnn","Actor Bob Odenkirk","Senator","R","Senator Lindsey Graham (SC)","Senator GRAHAM. Like the President, who was a Republican.",-0.224316387102716,1.68966506122906,1.05491842379391,0.092276169549274,0.0543864490844731,1.2810547426712,-1.53326406135374,1.11886788531232
706,"X","high",368,"Z","medium",96,"Z","medium",269,"Z","medium",229,"X","high",15,"Y","high",411,"Z","low",275,"","","","","12-10-2024","16:56:00","19:19:00","12-10-2024 19:17","Assassination Question","Ravaged Nicaragua Category","Nominee","R","Brett M. Kavanaugh","Judge KAVANAUGH. President Bush I worked for, yes.",0.233709753715337,1.59356992940855,-0.4002862337871,-0.211639287812341,0.481998063217358,-0.440181724110611,1.14329385704915,-1.03857886877236
707,"Y","low",264,"X","low",17,"Y","low",446,"Z","high",387,"Y","medium",173,"","low",390,"","high",473,"","","","","11-01-2024","08:56:00","10:41:00","11-01-2024 10:35","Voice Cnn Masai","Ravaged Nicaragua Category","Senator","R","Senator Lindsey Graham (SC)","Senator GRAHAM. So thatÑÑ [Disturbance in the hearing room.] Senator GRAHAM. So I rememberÑI rememberÑÑ [Disturbance in the hearing room.] Senator GRAHAM. I will tell you what I remember when she leaves. So, I asked Elena Kagan about a statement that Greg Craig made. Do you know Greg Craig, by any chance?",-1.41042019727187,-1.61546270416563,-1.35816936217853,-0.215695088553625,0.651120263027097,-0.750529788002085,0.714216106202364,-0.513904023506956
708,"Y","high",270,"Y","medium",325,"Y","medium",324,"X","",134,"X","low",104,"X","medium",288,"Y","medium",189,"","","","","19-12-2024","16:41:00","18:11:00","19-12-2024 18:02","Bob Baffert Suspended","Actor Bob Odenkirk","Nominee","R","Brett M. Kavanaugh","Judge KAVANAUGH. I have met him. I have not seen him in many years, but yes. [Disturbance in the hearing room.]",0.0470390898274679,0.80794085340847,0.383835727076692,1.56685411186268,0.537848419613461,0.017734365339306,-0.586274284164254,0.783477265945821
709,"Y","low",158,"Y","low",339,"X","high",229,"X","low",331,"Z","low",203,"X","medium",351,"Y","low",156,"","","","","27-10-2024","20:21:00","23:43:00","27-10-2024 23:38","Voice Cnn Masai","Said Alicia Keys","Senator","R","Senator Lindsey Graham (SC)","Senator GRAHAM. He was one of the defenders of President Clinton during the impeachment hearing, and somewhere in here I have got Greg CraigÕs statement about Kagan. I am looking for Greg CraigÕs statement. Here we go. Here is whatÑÔÔKagan was a progressive in the mold of Obama himself.ÕÕ ÔÔElena Kagan is clearly a legal progressive and comes from the progressive side of the spectrum,ÕÕ according to Ronald Klein. The first was Greg Craig. And I had an exchange with Justice Kagan when she was the nominee: ÔÔI am not trying to trick you. I do not have anything on Greg. He said, on May 16th, that you are largely progressive in the mold of Obama himself. Do you agree with that?ÕÕ Ms. Kagan, ÔÔSenator Graham, you know, in terms of my political views, I have been a Democrat all my life. I worked for two Democrat Presidents, and that is what my political views are.ÕÕ And I asked, ÔÔWould you consider your political views progressive?ÕÕ Ms. Kagan, ÔÔMy political views are generally progressive.ÕÕ Which is true. I really appreciate what she said, because I expect President Obama to go to someone like Elena Kagan who is progressive, shares his general view of judging, and who happened to be highly qualified. Sotomayor. President Obama nominated Sotomayor because he wanted someone whose philosophy of judging was hisÑwhich, as applied to the law and constitutional principles was, be ready to adopt them to a modern context. So President Obama nominated Sotomayor because he wanted someone whose philosophy of judging was his. I expect that to happen. If Donald Trump is President in 2020, he will be our next President. If it is somebody else, I expect that to happen. To my colleagues on the other side, what do you really expect? You should celebrate, even though you do not vote for himÑand I do not know why you would notÑthe quality of the man chosen by President Obama. Elena Kagan and Sotomayor came from the progressive wing of the judging world and of legal thought. They are absolutely highly qualified, good, decent people, and they gotÑlet me see if I can find the vote totals. Ms. Kagan got 63 votes and Sonia Sotomayor got 68. It is going to bother me that you do not get those numbers. But what bothers me is, they should have gotten 90. They should have gotten 95. Anthony Kennedy got 97. Antonin Scalia got 98. Ruth Bader Ginsburg got 96. So what is happening? Between then and now, advise and consent has taken on a different meaning. It used to be the understanding of this body that elections have consequences, and you would expect the President who won the election to pick somebody of their philosophy. I promise you that when Strom Thurmond voted for Ruth Bader Ginsburg, he did not agree with her legal philosophy. And I doubt if Senator Leahy agreed with Justice Scalia. Senator Leahy has voted for a lot of Republicans. I have voted for everyone presented since I have been here because I find them to be highly qualified, coming from backgrounds I would expect the President in question to choose from. So, as to your qualifications, how long have you been a judge?",-0.523149070367562,-0.849812557959829,-0.17724586964885,1.48965819459635,-0.879812531598316,0.88219803891607,-0.0555531680939167,0.0929388680780479
710,"Y","low",201,"Z","high",420,"X","high",208,"X","medium",4,"Y","low",497,"X","",139,"Z","high",132,"","","","","20-08-2024","21:48:00","00:52:00","21-08-2024 00:51","Apology Cnn Vatican","Actor Bob Odenkirk","Nominee","R","Brett M. Kavanaugh","Judge KAVANAUGH. I have been a judge for 12 years.",1.26784566134728,-1.52365068789624,1.47048761385958,0.0663076318096745,-0.623773144624389,0.207574047104406,1.18004559620583,0.435042917313116
711,"X","low",147,"X","low",118,"Y","medium",384,"Y","low",451,"Z","high",97,"X","low",372,"X","medium",326,"","","","","18-12-2024","18:56:00","22:56:00","18-12-2024 22:48","Scammers Cnn Epik","Niger State Television","Senator","R","Senator Lindsey Graham (SC)","Senator GRAHAM. How many opinions have you written?",-1.48989177302438,-0.106348262345396,-1.79652060887748,-0.532330072770705,-0.695347368017686,-0.338979677297824,1.36330668193603,0.00951202693732592
712,"Y","low",231,"X","low",474,"X","low",184,"X","medium",485,"Y","low",298,"Y","medium",91,"X","low",,"","","","","27-10-2024","14:57:00","18:22:00","27-10-2024 18:17","Cnn Montana Nonprofit","Niger State Television","Nominee","R","Brett M. Kavanaugh","Judge KAVANAUGH. I have written over 300 opinions.",-1.06441544998354,-0.563378761184542,0.586663526319453,0.111732840683179,0.264813142028726,0.163465930838562,1.05747429932215,0.846383349071799
713,"Y","medium",475,"Y","low",204,"Y","high",281,"X","high",367,"X","",241,"Y","low",481,"Z","low",279,"","","","","01-10-2024","08:38:00","10:12:00","01-10-2024 10:08","Voice Cnn Masai","2020 Presidential Election","Senator","R","Senator Lindsey Graham (SC)","Senator GRAHAM. Okay. Do you think there is a lot we can learn from those opinions if we spent time looking at them?",0.377029182896105,-0.263005105976622,-0.724551215653919,1.76387583851254,1.73318392355219,0.674778802563266,-0.974117734702225,-1.16092619990204
714,"Y","low",170,"Z","low",370,"Z","high",492,"Y","high",87,"Z","low",329,"Y","low",20,"Y","high",99,"","","","","30-03-2024","11:56:00","14:01:00","30-03-2024 13:58","Voice Cnn Masai","International Women","Nominee","R","Brett M. Kavanaugh","Judge KAVANAUGH. Yes. I am very proud of my opinions, as I mentioned, and I tell people do not just read about the opinions. Read the opinions. I am very proud of them.",-0.0741727819298345,-0.75856827337444,1.02302627474764,0.33350526154822,-0.896507278876791,0.120542041805039,1.07649259304369,-0.91746542966669
715,"Y","high",231,"Y","high",311,"Y","high",68,"Y","high",129,"X","high",,"X","high",472,"Z","low",473,"","","","","28-11-2024","06:15:00","09:18:00","28-11-2024 09:15","Abortion Travel","International Women","Senator","R","Senator Lindsey Graham (SC)","Senator GRAHAM. You were nominated by President Trump on July the 9th, my birthday, which I thought was a pretty good birthday present for somebody who thinks like I doÑand I think that may have something to do with thatÑat 9 oÕclock. By 9:23, Chuck Schumer says, ÔÔI will oppose Judge Kavanaugh.ÕÕ By 9:25, Senator Harris, ÔÔTrump Supreme Court Justice nominee Judge Kavanaugh represents a direct and fundamental threat to the rights and health care of hundreds of millions of Americans. I will oppose his nomination.ÕÕ Elizabeth Warren at 9:55, ÔÔBrett KavanaughÕs record as a judge and a lawyer is clear, hostile to health care for millions, opposed the CFPB, corporate accountability, thinks President Trump is above the law,ÕÕ on and on and on. Nancy Pelosi at 10:11, Bernie Sanders at 10:18, ÔÔIf Brett Kavanaugh is confirmed to the Supreme Court, it will have a profoundly negative effect on workersÕ rights, womenÕs rights, and voting rights for the decades to come.ÕÕ All I can say, within an hour and 18 minutes of your nomination, you became the biggest threat to democracy in the eyes of some of the most partisan people in the country who would hold Kagan and Sotomayor up as highly qualified and would challenge any Republican dare vote against them. You live in unusual times, as I do. You should get more than 90 votes, but you will not. And I am sorry it has gotten to where it has. It is got nothing to do about you. If you do not mindÑand you do not have toÑwhat did you tell your children yesterday about the hearing?",0.0717900945926584,-0.923332289537657,0.864521274281393,1.88214217982146,0.239646948484983,0.0846161531687911,-0.583702044586323,1.13642407141346
716,"Z","high",473,"Y","high",447,"Y","high",238,"Z","medium",369,"Y","low",258,"Y","low",230,"Z","",21,"","","","","23-05-2024","13:58:00","17:12:00","23-05-2024 17:06","Cnn Montana Nonprofit","Point Tally Nba","Nominee","R","Brett M. Kavanaugh","Judge KAVANAUGH. They did as theyÑI will tell what they told me. I do not thinkÑthey gave me a big hug and said, ÔÔGood job, Daddy.ÕÕ And Margaret, before she went to bed, made a special trip down and said, ÔÔGive me a special hug.ÕÕ",-0.0915746383461074,-0.0567441231812407,1.45456884515327,0.333638698302873,1.09988454373471,2.13115524647376,-1.25125357968479,1.07838427769607
717,"Z","medium",75,"X","high",356,"X","high",304,"","high",249,"","low",138,"Y","high",,"X","low",205,"","","","","04-05-2024","08:55:00","12:11:00","04-05-2024 12:01","Scammers Cnn Epik","Turned Movie Different","Senator","R","Senator Lindsey Graham (SC)","Senator GRAHAM. I just wish we could have a hearing where the nomineeÕs kids could show up. Is that asking too much? [Disturbance in the hearing room.] Senator GRAHAM. So what kind of country have we become? None of this happened just a couple years ago. It is getting worse and worse and worse, and all of us have an obligation to try to correct it where we can. Roe v. Wade, are you familiar with the case?",0.498701009101654,-0.334183431225188,0.399454300878515,-1.34917396052525,-0.14087273795118,-0.880340091598102,-1.49300195018372,1.50039253164569
718,"Z","low",126,"Z","high",420,"Y","medium",399,"Z","high",273,"X","low",482,"X","low",79,"Z","high",62,"","","","","04-11-2024","15:27:00","18:29:00","04-11-2024 18:23","Scammers Cnn Epik","Rwigara Mother Adeline","Nominee","R","Brett M. Kavanaugh","Judge KAVANAUGH. I am, Senator. [Laughter.]",0.834369136101676,-1.00035183472007,1.49978096844423,-1.49271115397268,-1.4997052129424,0.847618874080693,0.00473924349094257,0.45342987942818
719,"X","high",246,"Z","medium",420,"Z","high",418,"Z","medium",202,"Y","medium",133,"Z","low",159,"X","high",16,"","","","","21-11-2024","19:00:00","21:52:00","21-11-2024 21:45","Cnnpolitics Polls Underestimating","2020 Presidential Election","Senator","R","Senator Lindsey Graham (SC)","Senator GRAHAM. Can you, in 30 seconds, give me the general holding of Roe v. Wade?",0.428589061458308,2.33035703257154,0.983980034974822,0.046723636705537,-0.350381516680438,-0.134469607314035,1.26428085362621,0.0710191147166444
720,"Z","low",204,"X","low",27,"Y","medium",143,"","low",417,"Z","high",72,"X","medium",431,"Z","",498,"","","","","27-03-2024","12:19:00","15:38:00","27-03-2024 15:30","Assassination Question","Rwigara Mother Adeline","Nominee","R","Brett M. Kavanaugh","Judge KAVANAUGH. As elaborated upon in Planned Parenthood v. Casey, a woman has a constitutional right, as interpreted by the Supreme Court under the Constitution, to obtain an abortion up to the point of viability, subject to reasonable regulations by the State, so long as those reasonable regulations do not constitute an undue burden on the womanÕs right.",-1.82828487578674,-1.06768968124335,-1.2871860954503,-1.7717307799971,-0.144213962632011,-0.0359087679724984,-0.434067073023509,-0.48890204843396
721,"Z","high",170,"Z","medium",352,"Z","high",233,"","low",82,"X","medium",47,"X","medium",7,"X","high",42,"","","","","22-09-2024","06:17:00","08:53:00","22-09-2024 08:48","Abortion Travel","Said Alicia Keys","Senator","R","Senator Lindsey Graham (SC)","Senator GRAHAM. Okay. As to how the system works, can you sit down with fiveÑyou and four other judges and overrule Roe v. Wade just because you want to?",0.0404400348596992,1.40983008660229,1.5984339891192,-1.14126572841047,-0.562603454335133,-0.241317894980636,-0.678816971713598,-0.165539005009768
722,"Z","high",389,"X","low",293,"Z","low",415,"Z","medium",220,"X","medium",33,"X","high",95,"Z","low",453,"","","","","19-05-2024","21:37:00","00:09:00","20-05-2024 00:07","Abortion Travel","Rwigara Mother Adeline","Nominee","R","Brett M. Kavanaugh","Judge KAVANAUGH. Senator, Roe v. Wade is an important precedent of the Supreme Court. It has been reaffirmedÑÑ",-2.2290770020964,0.431321206203722,0.761812542387525,-0.910223352767784,1.36238205322562,0.350099716352154,-0.599086762495038,-0.0211314219139849
723,"Z","low",249,"Y","low",388,"Z","low",419,"Y","high",111,"Z","medium",176,"Y","high",315,"Z","high",272,"","","","","31-01-2024","13:11:00","14:38:00","31-01-2024 14:34","Abortion Travel","Rwigara Mother Adeline","Senator","R","Senator Lindsey Graham (SC)","Senator GRAHAM. But do you not have to have a case as aÑI mean, you just cannotÑÔÔWhat are you doing for lunch? ÕÕ ÔÔLet us overrule Roe v. Wade.ÕÕ It does not work that way, right?",-0.832821019188961,-0.198043760385495,0.0512294308106287,-0.0793457920574918,-0.836889438010584,2.20876239569736,-0.983648020444177,0.00753442717742289
724,"Z","low",182,"Z","high",112,"Y","low",411,"Z","high",345,"X","medium",408,"Y","medium",402,"Y","low",160,"","","","","26-02-2024","06:26:00","08:15:00","26-02-2024 08:05","Scammers Cnn Epik","Ravaged Nicaragua Category","Nominee","R","Brett M. Kavanaugh","Judge KAVANAUGH. I see what you are asking, Senator. Right. The way cases come up to us in that context or in other contexts would be a law is passedÑÑ",0.618440810479969,-1.70629579210339,0.187179382102047,-1.72236369314963,-1.04813466272485,0.348810757564582,-0.184705978467573,-0.513060332129646
725,"Z","high",96,"Z","low",299,"X","medium",229,"X","low",,"X","high",77,"X","low",215,"X","medium",431,"","","","","04-09-2024","09:13:00","12:41:00","04-09-2024 12:38","Abortion Travel","Actor Bob Odenkirk","Senator","R","Senator Lindsey Graham (SC)","Senator GRAHAM. Can I give you an example? Because I can do this quicker.",-1.27013852157378,0.468666852907692,1.6786470658065,-0.550046211327327,-1.16099470332074,-0.250596157051874,-0.775513952357222,-1.12763806671745
726,"Z","high",443,"X","low",142,"X","high",133,"X","",149,"Z","low",2,"Y","low",43,"X","high",,"","","","","14-03-2024","15:42:00","19:19:00","14-03-2024 19:16","Cnnpolitics Polls Underestimating","2020 Presidential Election","Nominee","R","Brett M. Kavanaugh","Judge KAVANAUGH. Yes.",-2.32136203964437,0.0876779651581498,0.116833637367438,-1.02987308116095,1.73412401363864,0.197701683065682,-0.659019654608439,-0.534050475480712
727,"Y","medium",491,"X","medium",58,"Z","high",184,"Z","high",,"Y","low",,"X","high",73,"Y","",345,"","","","","09-11-2024","07:23:00","11:20:00","09-11-2024 11:10","Cnnpolitics Polls Underestimating","Said Alicia Keys","Senator","R","Senator Lindsey Graham (SC)","Senator GRAHAM. So some State somewhere or some town somewhere passes a law that runs into the face of Roe. Somebody will object. They will go to lower courts, and eventually it might come up to the Supreme Court challenging the foundations of Roe v. Wade. It would take some legislative enactment for that to happen. Is that correct?",0.814131788682161,0.181340705542464,-1.45369245648254,-0.403313835930583,2.87993583286587,-1.24113515604783,-0.207775480101998,-0.211143956033769
728,"Y","low",121,"Z","low",287,"Y","high",327,"Z","medium",431,"X","low",280,"","high",445,"Z","low",383,"","","","","04-02-2024","09:02:00","12:13:00","04-02-2024 12:11","Cnnpolitics Polls Underestimating","Actor Bob Odenkirk","Nominee","R","Brett M. Kavanaugh","Judge KAVANAUGH. That is correct.",-0.165138754962429,-0.954728080056385,0.672838424669973,0.288664730789886,-1.13783269367844,-0.236356448318856,0.945900201682317,-1.08354273961181
729,"Y","medium",20,"X","high",10,"Z","high",127,"X","medium",108,"Z","low",281,"X","low",107,"Z","low",181,"","","","","27-04-2024","10:11:00","13:43:00","27-04-2024 13:42","Assassination Question","Rwigara Mother Adeline","Senator","R","Senator Lindsey Graham (SC)","Senator GRAHAM. If there was such an action by a State or a local government challenging Roe and it came before the Supreme Court, would you listen to both sides?",0.590950763686828,-1.6683470071534,-1.09375179324149,0.00316685023057227,0.14969408344112,-2.7503815710266,-0.769925479600519,0.680329018783825
730,"Z","medium",15,"Z","high",46,"Z","high",341,"Z","medium",434,"Y","low",0,"Z","medium",289,"Y","medium",150,"","","","","30-12-2024","09:47:00","13:35:00","30-12-2024 13:27","Cnnpolitics Polls Underestimating","2020 Presidential Election","Nominee","R","Brett M. Kavanaugh","Judge KAVANAUGH. I listen to both sides in every case, Senator. I have for 12 years, yes.",1.32588042917855,-1.00489847349183,-0.0400824200386107,-1.27130444597015,-1.20664950474468,-1.38342742789077,-1.64593276457147,-0.856196212598766
731,"Y","low",222,"X","medium",264,"Y","medium",257,"Y","high",,"Z","low",101,"Y","low",468,"X","medium",4,"","","","","09-01-2024","08:02:00","09:24:00","09-01-2024 09:15","Scammers Cnn Epik","Pennsylvania Investigation Abuse","Senator","R","Senator Lindsey Graham (SC)","Senator GRAHAM. When it comes to overruling a longstanding precedent of the Court, is there a formula that you use, an analysis?",-0.00512053501450974,-0.237105233022571,-0.607164199314647,-0.64079217768153,0.507836434936166,-0.707296589609735,0.830051671351817,1.17582814222665
732,"Y","high",314,"X","low",449,"X","low",221,"Y","high",482,"Y","low",,"Z","low",187,"Y","medium",,"","","","","31-08-2024","11:53:00","14:08:00","31-08-2024 14:07","Scammers Cnn Epik","Pennsylvania Investigation Abuse","Nominee","R","Brett M. Kavanaugh","Judge KAVANAUGH. So, first of all, you start with the notion of precedent. And as I have said to Senator Feinstein, in this context this is a precedent that has been reaffirmed many times over 45 years, including in Planned Parenthood v. Casey, where they specifically considered whether to overrule, and reaffirmed and applied all the stare decisis factors. So that importantly became precedent on precedent in this context. But you look atÑthere are factors you look at whenever you are considering any precedent.",-1.74844168448253,0.254339824259973,1.40404799533327,0.79746475813571,1.3206406678354,-0.459539575706548,0.521214470669294,0.629110489894904
733,"Z","medium",25,"Y","high",357,"Z","medium",177,"Z","low",171,"Y","",369,"Y","high",33,"Z","low",21,"","","","","07-02-2024","14:15:00","16:01:00","07-02-2024 15:51","Scammers Cnn Epik","Said Alicia Keys","Senator","R","Senator Lindsey Graham (SC)","Senator GRAHAM. So there is a process in place that the Court has followed for a very long time. Is that correct?",1.15972113704136,-0.304491965812924,0.212504476298197,0.117462316687512,-1.21456296926314,0.224321114699029,-2.46314592299873,1.10343221540122
734,"X","low",254,"Z","medium",7,"X","low",229,"X","medium",327,"Y","medium",325,"X","low",,"Y","low",228,"","","","","24-12-2024","06:25:00","07:42:00","24-12-2024 07:40","Scammers Cnn Epik","Pennsylvania Investigation Abuse","Nominee","R","Brett M. Kavanaugh","Judge KAVANAUGH. That is correct, Senator.",0.811360004047488,0.509781071235938,-1.70065253699983,-0.968614489792831,-0.699676192113851,-0.181361404987838,1.54523775698213,-1.10286521473576
735,"Z","low",199,"X","low",54,"Y","low",232,"","",,"Y","low",407,"Y","low",,"Z","low",265,"","","","","05-11-2024","12:19:00","14:51:00","05-11-2024 14:43","Scammers Cnn Epik","Pennsylvania Investigation Abuse","Senator","R","Senator Lindsey Graham (SC)","Senator GRAHAM. Citizens United, if somebody said Citizens United has been harmful to the country and made a record that the effects of Citizens United has empowered about 20 or 30 people in the country to run all the elections, and some State or locality somewhere passed a ban on soft money, and it got to the Court, would you at least listen to the argument that Citizens United needs to be revisited?",-1.8094025868969,-1.00581338320155,-1.17211536103994,-1.75157472233609,-0.184314607408737,0.00750234392119652,-0.417572685546012,-0.404043394786086
736,"Y","medium",466,"Z","high",215,"X","high",153,"X","high",39,"Y","medium",273,"Y","low",325,"X","low",212,"","","","","19-04-2024","17:18:00","19:39:00","19-04-2024 19:38","Scammers Cnn Epik","Pennsylvania Investigation Abuse","Nominee","R","Brett M. Kavanaugh","Judge KAVANAUGH. Of course. I listen to all arguments. You have an open mind. You get the briefs and arguments. And some arguments are better than others. Precedent is critically important. It is the foundation of our system. But you listen to all arguments.",2.08584634916632,-1.10326550337857,0.628431509310984,0.305547126207765,1.72523369669743,-0.337899105554208,0.138094938030906,-0.943169005967163
737,"Z","medium",301,"Z","high",214,"X","high",191,"Y","medium",,"X","low",201,"Z","high",451,"Y","medium",351,"","","","","09-02-2024","09:28:00","09:59:00","09-02-2024 09:57","Scammers Cnn Epik","Pennsylvania Investigation Abuse","Senator","R","Senator Lindsey Graham (SC)","Senator GRAHAM. Okay. Where were you on September 11, 2001?",1.60554779947722,-0.590591000894199,0.658434015288149,-1.23023149184974,0.339972359144615,-0.0125228413446501,-1.14974744661404,-0.795128523136046
738,"X","low",211,"X","medium",19,"Y","high",242,"X","low",103,"Z","high",279,"Y","high",387,"X","low",180,"","","","","13-07-2024","12:16:00","14:57:00","13-07-2024 14:54","Scammers Cnn Epik","Pennsylvania Investigation Abuse","Nominee","R","Brett M. Kavanaugh","Judge KAVANAUGH. Initially, I was in my then office in the EOB, and then after the first, as I recall, as the first building was hit, I was in the CounselÕs office on the second floor of the West Wing for the next few minutes. Then we were all told to go down to the bottom of the West Wing. And then we were all evacuated, and I think the thought was Flight 93 might have been heading for the White House. It might have been heading here. And Secret ServiceÑwe were being hustled out, and then kind of panic, started screaming at us, ÔÔSprint,ÕÕ ÔÔRun,ÕÕ and we sprinted out. My wife was a few steps ahead of me. She was President BushÕs personal aide at the time, and we sprinted out. She was wearing a black and white checked shirt, I remember, and we sprinted out the front gate kind of into Lafayette Park, and no iPhones or anything like that, BlackBerrys, at that point in time, we did not have that, and our cell phones did not work, so we were all just kind of out there. And then I remember somehow ending up seeing on TVÑdown more on Connecticut Avenue there were TVs out, Mayflower Hotel. I remember I was with Sara Taylor who worked at the White House, and we watchedÑwe were watching as theÑI was standing with her when the twoÑwhen the two buildingsÑwhen the buildings fell.",-0.305123308706318,0.48294964262479,-2.52243656583393,-1.22687440934846,-0.0872778164505635,-0.706513948793953,1.31980227050354,0.550060916559213
739,"X","low",293,"X","medium",128,"Y","medium",308,"X","low",490,"Z","",192,"X","high",344,"Y","",395,"","","","","13-08-2024","13:56:00","15:56:00","13-08-2024 15:53","Scammers Cnn Epik","Pennsylvania Investigation Abuse","Senator","R","Senator Lindsey Graham (SC)","Senator GRAHAM. So when somebody says post-9/11, that we have been at war and it is called the ÔÔWar on Terrorism,ÕÕ do you generally agree with that concept?",-0.176635065683707,0.742187922258997,-2.06352422265033,-1.17268200434911,0.329617617401936,-0.176545217305136,1.51320855940543,0.742172176941525
740,"Z","low",67,"Y","high",63,"Y","medium",495,"","low",44,"Y","medium",78,"X","low",166,"Y","medium",326,"","","","","24-10-2024","06:52:00","07:49:00","24-10-2024 07:45","Scammers Cnn Epik","Pennsylvania Investigation Abuse","Nominee","R","Brett M. Kavanaugh","Judge KAVANAUGH. I do, Senator, because Congress passed the Authorization for Use of Military Force, which is still in effect, and that was passed, of course, on September 14, 2001, 3 days later.",0.10249513213539,-1.84861558180811,-1.08394546473906,-0.551366496419238,-1.60698474248819,0.712410039913388,-1.45971392994381,0.597345887747315
741,"Z","low",237,"Y","low",420,"Y","high",170,"X","medium",382,"Z","high",287,"Z","low",,"X","medium",468,"","","","","08-03-2024","08:26:00","09:11:00","08-03-2024 09:08","Assassination Question","Actor Bob Odenkirk","Senator","R","Senator Lindsey Graham (SC)","Senator GRAHAM. Let us talk about the law and war. Is there a body of law called ÔÔthe law of armed conflictÕÕ?",-0.813548424749244,-0.125270101074027,0.187944364996723,-0.0538416005739146,-0.91882006012508,2.23912760773137,-0.971637400588575,0.117051636108464
742,"Y","low",164,"X","medium",329,"Y","medium",89,"Y","high",419,"Y","high",147,"X","high",362,"Z","high",363,"","","","","24-03-2024","07:02:00","08:52:00","24-03-2024 08:43","Cnnpolitics Polls Underestimating","Actor Bob Odenkirk","Nominee","R","Brett M. Kavanaugh","Judge KAVANAUGH. There is such a body, Senator.",0.0168303604379937,-0.0923905103850258,-0.327608570659813,-0.580043497267659,0.150960774787795,-0.7623400546305,0.812717636687278,1.44779731880171
743,"Y","medium",90,"Y","medium",195,"X","high",488,"Z","low",453,"Z","high",132,"Z","medium",422,"Z","medium",63,"","","","","19-03-2024","13:37:00","14:29:00","19-03-2024 14:25","Scammers Cnn Epik","Beating Forecasts Covid","Senator","R","Senator Lindsey Graham (SC)","Senator GRAHAM. Is there a body of law that is called ÔÔbasic criminal lawÕÕ?",1.40363386749769,0.492601803648171,-1.04306773413853,1.25150670308311,-0.241178135547655,-1.04881482728885,-1.49919199507699,0.299089703006975
744,"Y","medium",196,"Z","medium",285,"X","low",73,"Z","medium",264,"Z","medium",355,"X","low",347,"Y","high",279,"","","","","16-10-2024","20:43:00","21:23:00","16-10-2024 21:13","New Covid Lockdowns","Pennsylvania Investigation Abuse","Nominee","R","Brett M. Kavanaugh","Judge KAVANAUGH. Yes, Senator.",1.94753287219738,0.72875186075754,0.402871730500047,0.111491183421146,0.248806729735183,-1.35137907985957,-0.200883686284161,-0.680384691970316
745,"Y","high",319,"X","low",100,"Z","medium",451,"X","medium",262,"Z","medium",33,"X","low",326,"Y","high",328,"","","","","17-08-2024","15:34:00","18:45:00","17-08-2024 18:37","Cnnpolitics Polls Underestimating","2020 Presidential Election","Senator","R","Senator Lindsey Graham (SC)","Senator GRAHAM. Are there differences between those two bodies of law?",-2.02300865155795,-0.550978084404056,-0.0800609934796973,0.552788831489489,1.50123271391047,-1.22766132773729,0.234005356084922,-0.379962379096932
746,"Y","low",291,"X","low",425,"Z","high",71,"Z","medium",371,"X","medium",11,"Z","high",359,"X","medium",6,"","","","","18-08-2024","20:54:00","00:26:00","19-08-2024 00:20","Cnnpolitics Polls Underestimating","Niger State Television","Nominee","R","Brett M. Kavanaugh","Judge KAVANAUGH. Yes, Senator.",-1.0726386728697,-0.670967496316213,0.375024402714107,0.061608484064544,0.626035986936247,0.261462482641206,1.09074211528906,0.617392887966842
747,"Y","medium",481,"Z","low",2,"X","high",181,"Y","high",317,"X","low",178,"","",138,"X","medium",22,"","","","","21-01-2024","19:37:00","23:10:00","21-01-2024 23:01","Scammers Cnn Epik","Said Alicia Keys","Senator","R","Senator Lindsey Graham (SC)","Senator GRAHAM. From an American citizenÕs point of view, do your constitutional rights follow you? If you are in Paris, does the Fourth Amendment protect you as an American from your own Government?",0.637922871447462,-0.710271386284986,-0.514587831947767,0.446855599413291,1.78416473143786,-0.632107474847915,-0.0454081762132537,-2.83125928330749
748,"Y","low",137,"Y","medium",252,"X","high",499,"","low",393,"Y","medium",297,"Y","low",58,"Y","low",11,"","","","","27-06-2024","18:11:00","21:48:00","27-06-2024 21:42","Assassination Question","Ravaged Nicaragua Category","Nominee","R","Brett M. Kavanaugh","Judge KAVANAUGH. From your own Government, yes.",0.62767715244145,-0.24066230661489,-0.847456545722206,0.826088635037124,-0.758423952476644,0.246610259236168,-0.194458840287144,0.7930918440655
749,"X","low",349,"Z","high",160,"Z","low",82,"Y","medium",180,"Z","high",419,"X","medium",314,"Y","high",85,"","","","","16-09-2024","07:28:00","08:25:00","16-09-2024 08:18","Scammers Cnn Epik","Actor Bob Odenkirk","Senator","R","Senator Lindsey Graham (SC)","Senator GRAHAM. Okay. So, if you are in Afghanistan, do your constitutional rights protect you against your own Government?",1.03724819573263,-0.823537423142954,-0.517323947238282,-0.572523067403,-0.311756911164927,0.726535180693279,1.85451362943453,-0.467903059374841
750,"Y","low",275,"Y","medium",225,"Z","medium",79,"Y","high",466,"X","low",258,"X","medium",471,"Z","high",440,"","","","","14-03-2024","12:24:00","14:32:00","14-03-2024 14:27","Cnnpolitics Polls Underestimating","2020 Presidential Election","Nominee","R","Brett M. Kavanaugh","Judge KAVANAUGH. If you are an American in Afghanistan, you have constitutional rights as against the U.S. Government. That is long-settled law.",0.676813978686817,-0.290250105398089,-0.969858274106726,0.770558368764675,0.0349969352477126,0.664883390058475,-0.045892391162451,0.51239253586875
751,"Z","low",436,"Z","low",258,"X","low",304,"Y","",216,"X","medium",129,"X","medium",68,"Z","",120,"","","","","31-01-2024","15:18:00","16:28:00","31-01-2024 16:20","Assassination Question","Ravaged Nicaragua Category","Senator","R","Senator Lindsey Graham (SC)","Senator GRAHAM. Is there not also a long-settled law that goes back to the Eisentrager case? I cannot remember the name of it.",-0.422188234139784,-0.462351203139379,0.557336403302975,-1.39430367092907,0.207872361343838,1.69223034524938,0.23022568845866,-1.72266205001413
752,"Z","low",454,"Z","high",323,"X","high",95,"Y","medium",124,"X","low",171,"X","medium",35,"X","medium",93,"","","","","30-05-2024","20:26:00","23:37:00","30-05-2024 23:32","Cnnpolitics Polls Underestimating","2020 Presidential Election","Nominee","R","Brett M. Kavanaugh","Judge KAVANAUGH. Johnson v. Eisentrager.",0.925092501133409,-1.19400237600203,1.06928937969855,-1.64758467114646,0.400429059399327,1.76789513173458,0.330255860129689,-0.307957926180248
753,"Y","high",353,"Y","medium",464,"X","medium",12,"X","medium",375,"Y","low",189,"X","low",353,"X","low",223,"","","","","28-07-2024","20:04:00","21:11:00","28-07-2024 21:07","Scammers Cnn Epik","Actor Bob Odenkirk","Senator","R","Senator Lindsey Graham (SC)","Senator GRAHAM. Right, that American citizens who collaborate with the enemy are considered enemy combatants?",0.19986030863661,1.13653627410521,0.97024309793056,1.64169854558472,0.947318654452482,0.618694031781221,-0.366405067355425,1.06022295467675
754,"Y","medium",211,"Y","high",280,"Z","low",347,"X","high",310,"Z","low",167,"Y","medium",211,"Y","",199,"","","","","11-10-2024","20:35:00","00:09:00","12-10-2024 00:01","Making Racism","Ravaged Nicaragua Category","Nominee","R","Brett M. Kavanaugh","Judge KAVANAUGH. They can be.",1.58882350695759,-0.995314519401959,-0.150285939650152,1.59326873282368,0.323675748383097,-0.20370866213221,-1.21481816035683,0.700591546327219
755,"X","high",266,"Y","low",113,"Z","high",479,"X","medium",24,"Y","",334,"X","high",451,"Y","low",496,"","","","","29-08-2024","14:35:00","18:22:00","29-08-2024 18:20","New Covid Lockdowns","Coronavirus Pandemic Late","Senator","R","Senator Lindsey Graham (SC)","Senator GRAHAM. Can be.",-1.45382861049249,0.79287540807687,-1.09004454605928,1.61041264027261,-0.234390608790686,0.483971119752982,-0.0203922018980022,-0.676820576018557
756,"Y","low",325,"X","low",420,"Y","high",379,"Z","medium",83,"Z","low",399,"Y","high",235,"Z","low",51,"","","","","02-12-2024","08:02:00","08:35:00","02-12-2024 08:30","Assassination Question","Actor Bob Odenkirk","Nominee","R","Brett M. Kavanaugh","Judge KAVANAUGH. They can be. They are oftenÑthey are sometimes criminally prosecuted, sometimes treated in the militaryÑÑ",-1.0592205866252,-0.679370199841656,0.351891956041366,0.0490791199223587,0.820795637654364,0.368233755082332,1.12873447380012,0.552977207324128
757,"Y","low",402,"Y","high",256,"X","low",482,"Y","medium",18,"X","high",354,"Z","low",260,"X","low",420,"","","","","30-05-2024","13:08:00","16:51:00","30-05-2024 16:46","Assassination Question","Coronavirus Pandemic Late","Senator","R","Senator Lindsey Graham (SC)","Senator GRAHAM. Well, let us talk about ÔÔcan be.ÕÕ I think theÑÑ",0.82219335269378,-1.90228860345689,-0.306997467417296,1.07307216915651,0.657395860823716,1.40928209104529,0.200528432915429,0.750067016390956
758,"X","low",114,"Y","low",432,"Y","low",263,"Y","medium",287,"X","medium",,"X","high",30,"Y","medium",114,"","","","","28-02-2024","11:33:00","12:41:00","28-02-2024 12:34","Assassination Question","Ravaged Nicaragua Category","Nominee","R","Brett M. Kavanaugh","Judge KAVANAUGH. Under Supreme Court precedent.",-0.571639260448315,0.647576100221269,-0.653634267775467,1.14802915797604,-1.80931316872098,1.52914855330446,0.677408877203315,0.485901587579635
759,"X","medium",436,"Z","low",283,"X","low",307,"Y","high",,"Z","medium",143,"","medium",476,"Y","medium",154,"","","","","05-12-2024","09:06:00","11:17:00","05-12-2024 11:07","New Covid Lockdowns","Said Alicia Keys","Senator","R","Senator Lindsey Graham (SC)","Senator GRAHAM. Right. There is a Supreme Court decision that said that American citizens who collaborated with Nazi saboteurs were tried by the military. Is that correct?",0.738202997022579,1.2210839541741,-0.191606849484496,0.236578668973317,0.766973996797495,0.434494711885129,0.844369855802195,-1.89722074698376
760,"Y","medium",400,"Z","low",434,"X","low",491,"Z","low",161,"Y","medium",39,"Y","",165,"Y","",242,"","","","","01-04-2024","14:34:00","16:25:00","01-04-2024 16:19","Apology Cnn Vatican","Actor Bob Odenkirk","Nominee","R","Brett M. Kavanaugh","Judge KAVANAUGH. That is correct.",0.939528071766733,0.279656987652529,1.32659903887347,0.769618493482735,1.13689035303321,0.0589990053555914,0.217260964504869,-1.47204833881708
761,"Z","medium",44,"Y","low",324,"X","medium",251,"Z","low",55,"X","high",398,"Y","low",219,"X","high",487,"","","","","03-03-2024","18:10:00","21:38:00","03-03-2024 21:30","Assassination Question","Actor Bob Odenkirk","Senator","R","Senator Lindsey Graham (SC)","Senator GRAHAM. I think a couple of them were executed.",-0.143227329794936,0.504460208193312,-0.16543445842808,0.383214905215843,-1.21151125255768,0.349115734932691,-2.49035358764493,-0.273906519598578
762,"Y","high",134,"Z","medium",285,"X","high",19,"Z","medium",425,"X","low",481,"Z","high",314,"Z","medium",117,"","","","","25-11-2024","12:52:00","14:01:00","25-11-2024 13:59","Assassination Question","Actor Bob Odenkirk","Nominee","R","Brett M. Kavanaugh","Judge KAVANAUGH. Yes.",0.36394725686721,0.72158415144892,1.29039698585483,0.400559025981211,-0.286149582590806,-1.41747197141792,0.302402999945748,-0.212785449636487
763,"Z","medium",117,"Y","medium",164,"X","low",119,"X","",360,"Z","low",27,"Z","medium",428,"Y","high",171,"","","","","26-02-2024","17:51:00","18:21:00","26-02-2024 18:15","Cnnpolitics Polls Underestimating","Actor Bob Odenkirk","Senator","R","Senator Lindsey Graham (SC)","Senator GRAHAM. So if anybody doubts there is a longstanding history in this country that your constitutional rights follow you wherever you go, but you do not have a constitutional right to turn on your own Government and collaborate with the enemy of the Nation. You will be treated differently. What is the name of the case, if you can recall, that reaffirmed the concept that you could hold one of our own as an enemy combatant if they were engaged in terrorist activities in Afghanistan? Are you familiar with that case?",0.99770677225587,0.953751348204671,-1.15119846513247,-0.356256441907677,-0.525850312516369,-0.12446664957985,-2.57397293571743,0.0783059354749453
764,"Y","high",289,"Y","low",128,"Z","medium",310,"X","low",272,"Z","medium",65,"Z","low",397,"X","low",329,"","","","","26-12-2024","14:01:00","16:29:00","26-12-2024 16:25","Assassination Question","2020 Presidential Election","Nominee","R","Brett M. Kavanaugh","Judge KAVANAUGH. Yes. Hamdi.",-1.33032068677065,-0.457100452668301,-0.153318090035774,2.03293187903028,0.529043387248031,0.00719374284376223,-0.688617756207069,-0.728876194804221
765,"Z","low",104,"X","medium",49,"Y","medium",428,"Z","high",99,"Z","low",107,"Z","high",386,"Y","low",335,"","","","","24-10-2024","07:52:00","09:29:00","24-10-2024 09:25","Assassination Question","Ravaged Nicaragua Category","Senator","R","Senator Lindsey Graham (SC)","Senator GRAHAM. Okay. So the bottom line is, on every American citizen, know you have constitutional rights, but you do not have a constitutional right to collaborate with the enemy. There is a body of law well developed, long before 9/11, that understood the difference between basic criminal law and the law of armed conflict. Do you understand those differences?",-0.631309338803015,-0.214176701998301,-1.48961006721345,-2.3382865241326,-0.517843927962865,-0.700408741556638,-0.579376942728017,0.640432453968654
766,"Z","medium",150,"X","low",274,"Y","high",303,"Z","low",336,"Y","medium",398,"X","high",,"X","",183,"","","","","25-11-2024","21:38:00","01:33:00","26-11-2024 01:23","Assassination Question","Actor Bob Odenkirk","Nominee","R","Brett M. Kavanaugh","Judge KAVANAUGH. I do understand that they are different bodies of law, of course, Senator.",-0.814516368294044,0.366810428724306,-0.189903276431327,-1.13248184264227,0.2007455757536,-0.671434159944231,-1.4919060345503,-0.100046719961353
767,"Y","medium",94,"Z","low",460,"Y","medium",202,"X","medium",183,"Z","low",108,"Y","",44,"Y","low",65,"","","","","19-05-2024","19:20:00","23:06:00","19-05-2024 23:03","Assassination Question","Ravaged Nicaragua Category","Senator","R","Senator Lindsey Graham (SC)","Senator GRAHAM. Okay. If you are confirmedÑand I believe you will beÑwhat is your hope when all of this is said and done and your time is up, how would you like to be remembered? [Brief pause.]",0.803678311449696,0.31141364670505,1.45400929857519,0.869134703958927,-0.607656638135841,-0.94470487569095,-0.140644112451916,-0.946841592198918
768,"Z","medium",33,"X","low",6,"Z","high",160,"Y","medium",122,"","high",6,"Y","medium",415,"X","high",394,"","","","","12-12-2024","12:12:00","12:54:00","12-12-2024 12:51","Assassination Question","Actor Bob Odenkirk","Nominee","R","Brett M. Kavanaugh","Judge KAVANAUGH. A good dad. A good judge.",-1.08715861395907,-0.262764822059966,-1.32290219468062,-1.28823064652033,-0.345018944045839,-1.68075275652406,-1.86242529133702,-0.69698761269581
769,"X","high",229,"X","low",476,"Z","high",341,"X","low",146,"Y","high",167,"Y","medium",,"X","low",450,"","","","","11-09-2024","14:13:00","15:42:00","11-09-2024 15:35","Assassination Question","Ravaged Nicaragua Category","Senator","D","Senator Dianne Feinstein (CA)","Senator FEINSTEIN. A good husband.",-1.87030759172408,1.59555785653032,0.649309202243335,0.420720952266251,0.187709863832851,-0.103455949924604,1.14780498840462,0.893009928657336
770,"X","medium",159,"X","medium",429,"Y","high",449,"Z","high",30,"X","low",182,"Z","low",311,"","high",300,"","","","","30-03-2024","14:01:00","15:11:00","30-03-2024 15:07","Mbappe Neymar Prove","Lomachenko","Senator","R","Senator Lindsey Graham (SC)","Senator GRAHAM. I think he is getting there.",0.839098485307,2.29397299712152,-0.73224151692949,-0.474502947139933,0.197891527840606,-0.968240092182113,0.401484248306172,1.40381884141981
771,"Y","medium",252,"Z","medium",219,"Z","low",139,"Z","low",245,"Z","medium",197,"Y","low",455,"Y","",436,"","","","","19-03-2024","21:36:00","00:34:00","20-03-2024 00:32","New Covid Lockdowns","Coronavirus Pandemic Late","Nominee","R","Brett M. Kavanaugh","Judge KAVANAUGH. Good husband. [Laughter.]",1.92376508111265,0.581543523779749,0.119174670758579,0.0505771793200458,0.594790574629138,-1.30552888919194,-0.186872498429434,-0.952279126778952
772,"X","low",106,"X","low",156,"Y","low",229,"Z","medium",376,"Y","low",257,"Y","low",158,"Z","medium",126,"","","","","13-03-2024","21:15:00","23:06:00","13-03-2024 22:57","Mbappe Neymar Prove","Hold Fastest Marathon","Senator","R","Senator Lindsey Graham (SC)","Senator GRAHAM. Thanks, Dianne. You helped him a lot. It is going to be better for you tonight. [Laughter.]",-1.48068610344201,-0.0224011009744367,-1.63269715769835,-0.494929107937671,-0.944153639664733,-0.395778533064976,1.34437096685585,0.178952716371377
773,"Z","medium",143,"X","medium",290,"X","low",213,"Z","medium",413,"Y","medium",120,"Z","medium",175,"Y","",,"","","","","16-10-2024","21:01:00","22:54:00","16-10-2024 22:46","Scammers Cnn Epik","Niger State Television","Nominee","R","Brett M. Kavanaugh","Judge KAVANAUGH. I owe youÑI owe you. Good son, I will quickly add. Good friend. I think about the pillarsÑthe pillars of my life are being a judge, of course; being a teacher, I have done that, and either way this ends up I am going to continue teaching; coaching, as I mentioned, a huge part of my life, I will try to continue that. Senator Kennedy advised me when we met, ÔÔMake sure you keep coaching even if you getÕÕÑI am going to follow that. Volunteering and being a dad and a son and a husband, and being a friend. You know, I talked about my friends yesterday. I did not really expectÑ I got a little choked up talking about my friends.",0.425257096318863,1.215063168711,-0.422963461535976,-1.72795653569965,0.356491226486488,-1.02660621960823,-1.52684179832248,0.875125189974883
774,"Z","medium",446,"Y","high",427,"Z","medium",123,"Y","medium",362,"Z","medium",14,"Z","low",85,"Z","medium",,"","","","","14-08-2024","16:02:00","16:50:00","14-08-2024 16:41","Scammers Cnn Epik","Ravaged Nicaragua Category","Senator","R","Senator Lindsey Graham (SC)","Senator GRAHAM. That was well said. You have got to tighten it up because I just ran out of time.",1.43061339034233,-0.103976042509619,0.486915860582593,0.0542969851708657,1.13946551409695,1.84328845628457,-1.88180908928017,0.684431690787611
775,"X","low",402,"Y","low",14,"Z","low",202,"X","low",437,"X","high",53,"Z","low",396,"X","medium",451,"","","","","05-08-2024","15:21:00","17:41:00","05-08-2024 17:34","Mbappe Neymar Prove","Lomachenko","Nominee","R","Brett M. Kavanaugh","Judge KAVANAUGH. Okay. Thank you, Senator. I can go on, as you know, but I will stop there.",-0.756263398538935,-0.290903016055915,-2.44670762910845,0.779971898223677,0.00431371713741114,1.58811242115885,0.683409138828518,-1.13793075791322
776,"Z","low",133,"Z","low",224,"Y","medium",44,"Z","medium",481,"Z","low",367,"Y","high",334,"Z","medium",466,"","","","","31-01-2024","20:17:00","22:37:00","31-01-2024 22:28","Companies Pulling Russia","Help Russia","Senator","R","Senator Lindsey Graham (SC)","Senator GRAHAM. Thank you.",-0.604146836438331,-0.568846852555582,0.429481006386944,-1.33742137536486,-1.493503921913,0.563901144774692,-0.174399949702888,-1.37408659071534
777,"X","low",80,"X","high",23,"Y","low",265,"Y","medium",111,"X","medium",329,"X","high",,"Y","low",172,"","","","","25-05-2024","07:57:00","10:28:00","25-05-2024 10:24","New Covid Lockdowns","Coronavirus Pandemic Late","Chairman","R","Senator Chuck Grassley (IA)","Chairman GRASSLEY. We are about ready to break for lunch and the vote that we have, and it will be 30 minutes. But before I do that, I have letters that Senator Feinstein asked me to put in the record fromÑ70 letters from people in opposition to your nomination. [The information appears as submissions for the record.] Chairman GRASSLEY. And then we also have letters in support of Judge Kavanaugh from hundreds of men and women across the country holding diverse political views. They strongly support his confirmation. Without objection, those will also be entered in the record. [The information appears as a submission for the record.] Chairman GRASSLEY. And then I wanted to explain the exchange that I had with Senator Leahy, just so people do not think that that is something that I did on my own. We had previously sent out a letter and only Senator Klobuchar up to that point had taken advantage of the letter to be able to ask for documents that were committee confidential so that they could use them at the hearing. And the only thing I have done for Senator Leahy that was not already in that letter was to remind people that we did the same thing for the Gorsuch nomination to the Supreme Court, and it is a policy that Senator Leahy when he was Chairman of the Committee followed. So the only courtesy was extended to Senator Leahy, the fact that he did not make the request by the timeline that was in the letter, which I think was August 25th. We are going to adjourn 30 minutes for a lunch break, and I think that we will be back here exactly in 30 minutes. If not, Judge Kavanaugh, we will let your staff know if it is going to be a little later, because you never know what happens in the United States Senate when you have a vote. [Whereupon, at 12:16 p.m., the Committee was recessed.] [Whereupon, at 12:46 p.m., the Committee reconvened.] Chairman GRASSLEY. Welcome back, Judge Kavanaugh. The next person to ask questions is Senator Durbin.",-0.313130188104706,-1.21526496779921,-1.96014986637288,-0.874566163874711,-0.914426546061945,-0.918480914846006,1.22333021066501,1.09014059415801
778,"X","medium",487,"Y","medium",322,"Z","high",53,"X","medium",216,"X","high",130,"Z","low",499,"Z","low",60,"","","","","07-01-2024","13:17:00","17:03:00","07-01-2024 16:57","New Covid Lockdowns","Coronavirus Pandemic Late","Senator","D","Senator Dick Durbin (IL)","Senator DURBIN. Thank you, Mr. Chairman.",1.60767850444225,2.10923658416041,-1.39920733060049,0.816291304820553,1.31233806341939,1.20550568076827,-0.190338180406919,0.140273878038752
779,"Z","high",96,"X","low",38,"Y","high",237,"Z","high",168,"Y","low",470,"Z","medium",15,"X","high",374,"","","","","28-03-2024","21:07:00","00:22:00","29-03-2024 00:17","Golf Black Professional","Hold Fastest Marathon","Nominee","R","Brett M. Kavanaugh","Judge KAVANAUGH. Senator.",-2.58140683204107,-0.184500793873446,-0.306213480135677,-1.0100967070614,-0.185929387630494,-1.24091095294995,-1.17710291296204,-0.321601760477527
780,"Z","low",246,"X","medium",158,"Y","medium",448,"Y","high",342,"Y","low",270,"X","low",385,"X","low",334,"","","","","05-11-2024","20:32:00","23:45:00","05-11-2024 23:42","Bob Baffert Suspended","Lomachenko","Senator","D","Senator Dick Durbin (IL)","Senator DURBIN. Judge Kavanaugh, Mrs. Kavanaugh, thank you for being back today to face this next round. If I had to pick an area of clear expertise when it comes to Brett Kavanaugh, it would be the area of judicial nominations. You have been engaged in that at several different levels, including your own personal experience. And so I would like to ask you if you would comment on the strategy of your own nomination. Specifically, I would like to ask you whether those who were planning that strategy sat down and cleared with you their decision on the release of documents.",-0.472135780681809,0.0506052615119661,-1.03400493935653,-2.30005240873239,0.238895224512625,0.0378385956687212,-0.311507118516863,0.744194546885309
781,"Z","high",349,"X","medium",369,"Z","medium",72,"X","low",418,"X","high",398,"X","high",103,"","medium",323,"","","","","11-02-2024","18:14:00","19:41:00","11-02-2024 19:40","Golf Black Professional","Hold Fastest Marathon","Nominee","R","Brett M. Kavanaugh","Judge KAVANAUGH. No. I was not involved in the documents process or substance.",-0.958537353051275,1.41505441272111,0.785671621563973,-1.45508498611361,1.3050351367348,0.0154136732480364,-0.624533732717085,1.17484635907444
782,"Y","high",110,"X","low",375,"X","high",125,"Z","",444,"Z","low",396,"Y","high",391,"","high",315,"","","","","15-03-2024","06:24:00","09:07:00","15-03-2024 08:57","Cnn Montana Nonprofit","Point Tally Nba","Senator","D","Senator Dick Durbin (IL)","Senator DURBIN. No one told you that you would be the first Supreme Court nominee to assert executive privilege to limit the access to 100,000 documents relating to your service in the White House?",-1.91153158869269,0.0646382581309175,1.10066882922726,0.800125208906641,0.197458868293868,-1.3342352431926,0.205824507121206,0.717100603577978
783,"Y","low",214,"Z","low",113,"Y","low",360,"X","high",,"Y","low",150,"X","low",241,"X","low",20,"","","","","13-01-2024","20:08:00","21:42:00","13-01-2024 21:32","Mbappe Neymar Prove","Lomachenko","Nominee","R","Brett M. Kavanaugh","Judge KAVANAUGH. Senator, there are a couple of things packed into your question. So, I did study the nominee precedent, read all the hearings. This came up in Justice ScaliaÕs hearings, so I read that. There were all his memos from being the head of the Office of Legal Counsel, and he was asked about that. And I know with Chief Justice Roberts, there was 4 years of information when he was Principal Deputy Solicitor General that those were not disclosed either.",-0.255741528995287,-1.34787089876982,-0.0720786170555044,0.14260498065833,-0.535157216067732,-0.30513843360065,0.915031841298013,-1.71990405312722
784,"X","low",195,"Z","high",256,"Z","medium",453,"","",257,"Z","high",295,"Y","low",117,"Z","high",334,"","","","","10-05-2024","17:35:00","21:27:00","10-05-2024 21:22","Scammers Cnn Epik","Turned Movie Different","Senator","D","Senator Dick Durbin (IL)","Senator DURBIN. But as for White House documents, you are breaking new ground here, or I should say covering up old ground here.",1.03471819269121,-0.616119023498131,-0.100674954537515,-0.464625856740613,-1.2259080908003,0.408016225513452,1.74410053622646,0.0344019301007437
785,"Z","high",360,"X","high",92,"X","high",229,"Y","high",58,"Z","medium",296,"Y","low",28,"Z","medium",242,"","","","","24-03-2024","06:59:00","08:11:00","24-03-2024 08:04","Cnn Montana Nonprofit","Niger State Television","Nominee","R","Brett M. Kavanaugh","Judge KAVANAUGH. Well, I guessÑI was not involved in the documents discussions or process or substance in terms of the decisions that were made. But in terms of thinking about the issue, in terms of questions that could come to me, like Justice Scalia and Chief Justice Roberts received, or at least Justice Scalia did, I guess I do not distinguish. It is allÑexecutive branch documents, Justice Department documents, and White House documents are not different.",-1.11705087461532,-0.918819936499047,0.145411525847719,-1.33647662804783,1.40478595247579,-0.336061078726012,-0.781020265150926,0.699298241440378
786,"Z","medium",91,"Y","high",295,"X","low",60,"X","low",164,"Y","low",227,"X","low",310,"Z","medium",15,"","","","","26-11-2024","19:07:00","20:29:00","26-11-2024 20:20","Companies Pulling Russia","Help Russia","Senator","D","Senator Dick Durbin (IL)","Senator DURBIN. But you realize that when it comes to the role of the National Archives, we are being asked to give you special treatment.",1.14424377232215,-0.441541055967202,-0.0547370996076254,0.0566776643486894,-0.813683739397423,0.313887022970415,-2.43336123006111,0.828293841278046
787,"Y","low",244,"X","low",4,"Y","high",119,"","medium",239,"Y","high",317,"Z","medium",80,"Y","high",427,"","","","","21-02-2024","18:22:00","20:15:00","21-02-2024 20:06","New Covid Lockdowns","Coronavirus Pandemic Late","Nominee","R","Brett M. Kavanaugh","Judge KAVANAUGH. I cannot comment because I do not know.",-1.43097130898096,-1.64732532220119,-1.41233868783744,-0.219440125447516,0.543511036581996,-0.849214494019177,0.678465451205729,-0.521767297290054
788,"Z","high",416,"Z","high",406,"X","high",491,"Z","medium",309,"Y","medium",168,"X","high",224,"","high",14,"","","","","09-11-2024","20:04:00","22:37:00","09-11-2024 22:34","Winter Olympics Don","Coronavirus Pandemic Late","Senator","D","Senator Dick Durbin (IL)","Senator DURBIN. Judge Kavanaugh, this is your field, judicial nominations. This is your nomination.",0.264941808444509,-0.138110466248353,2.35252393215374,-0.854365402224669,0.723783746417064,0.967931753107733,-0.265373369717103,-0.0370750721984537
789,"Y","medium",96,"Z","medium",11,"Y","high",252,"Y","high",395,"Z","medium",49,"","high",475,"Z","medium",116,"","","","","27-09-2024","19:39:00","22:42:00","27-09-2024 22:34","Mbappe Neymar Prove","Lomachenko","Nominee","R","Brett M. Kavanaugh","Judge KAVANAUGH. Let me ask you what the question is. Sorry.",1.67882048836998,0.0868943711385644,-0.756574261676949,-0.0529627358865341,-0.198050884256304,-2.31518932978554,-0.555349315196953,-1.31957923171465
790,"Z","medium",59,"Y","medium",304,"X","low",416,"","high",497,"Z","high",22,"Z","low",443,"","low",147,"","","","","17-10-2024","06:28:00","07:51:00","17-10-2024 07:47","Companies Pulling Russia","Rwigara Mother Adeline","Senator","D","Senator Dick Durbin (IL)","Senator DURBIN. You are now embarking on this journey in this Committee, denying us access to documents which were routinely provided for other judicial nominees. You had to have known that was taking place.",1.07921155237892,1.27162793667038,-0.552767466663365,-0.243212760953772,-0.915449125141063,-0.0107110524568932,-2.52825229791918,0.565542398232602
791,"Y","high",410,"X","high",202,"Y","low",7,"Y","",167,"X","low",223,"X","",246,"Z","high",391,"","","","","31-03-2024","16:36:00","18:26:00","31-03-2024 18:21","Abortion Travel","International Women","Nominee","R","Brett M. Kavanaugh","Judge KAVANAUGH. Senator, I think what Justice Scalia said in his hearing when he was asked about his Office of Legal Counsel memos is the right thing, which is that is a decision for the Senate and the executive branch to work out. As a nominee, I willÑand there are long-term privileges and protections, as he mentioned, that were in effect for that discussion. It is not for the nominee to make that decision.",-0.60901419981066,-1.19045792140894,0.585180053376782,0.305890779192888,2.09112251440228,-0.815316700281733,0.455739800797187,1.03344878550382
792,"X","low",436,"Y","medium",111,"Y","low",58,"X","high",279,"Y","medium",456,"X","high",365,"Y","low",40,"","","","","12-04-2024","20:27:00","22:17:00","12-04-2024 22:13","Smitten Aussie Tennis","Said Alicia Keys","Senator","D","Senator Dick Durbin (IL)","Senator DURBIN. Well, that is an interesting comment, because the way you are being presented to the American people, with only 10 percent of the public documentation that could be provided to this Committee, it is going to reflect on you and your nomination. And, of course, you know that.",0.568796560168872,0.748152723007164,-2.33764234528692,0.230070974523452,0.356944904254914,1.55756706253005,0.767455837110801,0.00935788999869561
793,"Y","medium",215,"Z","low",270,"X","high",102,"Z","",34,"X","medium",107,"Z","high",411,"X","high",192,"","","","","22-04-2024","15:33:00","18:08:00","22-04-2024 18:06","New Covid Lockdowns","Coronavirus Pandemic Late","Nominee","R","Brett M. Kavanaugh","Judge KAVANAUGH. Well, I guess IÑagain, looking at the nominee precedent, Senator, that was true in Justice ScaliaÕs case also. All his memos from 1974 to 1977, when he was head of the Office of Legal Counsel, a consequential time, at least as I understand it, those might not have been disclosed. He was asked about that at his hearing. Chief Justice Roberts, 4 years of Deputy Solicitor General memos, which would have beenÑÑ",0.714690522399798,-0.116083317576232,0.639522144136882,0.704471485232562,0.160593514027209,-0.952300644886352,-0.150214486483958,-1.67035620491725
794,"Y","low",22,"Y","low",70,"Y","high",43,"Z","medium",55,"X","low",295,"Z","medium",303,"Y","medium",183,"","","","","06-07-2024","20:08:00","23:20:00","06-07-2024 23:15","Winter Olympics Don","Qualifying Winter Olympics","Senator","D","Senator Dick Durbin (IL)","Senator DURBIN. So you are perfectly fine with this notion.",-0.806302384276082,-1.4834521335159,-1.31344917464222,1.33826558241749,-1.53275792026202,-0.195326103642242,-0.450493273361412,-0.478895018774719
795,"X","medium",270,"Y","high",289,"X","high",229,"X","medium",483,"Z","low",,"X","high",103,"Z","medium",207,"","","","","30-10-2024","20:04:00","21:20:00","30-10-2024 21:15","New Covid Lockdowns","Coronavirus Pandemic Late","Nominee","R","Brett M. Kavanaugh","Judge KAVANAUGH. No. I said I amÑit is up to the Chairman and you and the Committee, the Senate and the executive branchÑÑ",1.52630942363174,0.317649506372172,-0.989492138279568,1.16567423178666,0.0142234256700449,0.611731842502942,-0.424648279270358,0.700788834488247
796,"Z","high",149,"Z","medium",322,"X","low",401,"Y","medium",469,"Y","",315,"X","low",405,"Y","high",436,"","","","","24-02-2024","10:52:00","12:18:00","24-02-2024 12:10","Companies Pulling Russia","Help Russia","Senator","D","Senator Dick Durbin (IL)","Senator DURBIN. In fairness, Judge Kavanaugh, I think it is up to you. I think it is up to you. If you said at this moment to this Chairman and to this Committee, stop, pause, hit the pause button, I do not want any cloud or shadow over this nomination, I trust the American people, I want them to trust me, I am prepared to disclose those public documentsÑtake Senator LeahyÕs line of questioning. He was not the only victim of Manny Miranda. I was, as well. I did not realize that this Republican staffer had hacked into my computer, stolen my staff memos, and released them to the Wall Street Journal until they showed up in an editorial. So now, your knowledge of thisÑyour role in this, we are limited to even discuss because of the fact that we are classifying and withholding information about your nomination. First is Mr. Bill Burck, who has some magic power to decide what the American people will see about your role in the White House. Then the decision by those who put your nomination before us to take 35 months of your service as staff secretary to the President of the United States and to exclude the documents. Then the unilateral classification of documents coming to this Committee as Committee classified in a manner no one has ever seen in the history of this Committee. Judge Kavanaugh, that reflects on your reputation and your credibility. If you said at this moment, I do not want to have a cloud over this nomination, I am prepared to suggest to the Committee and ask the Committee humbly, please withhold further hearings until you disclose everything, why will you not do that?",0.00587862070697196,1.33862505091441,1.47204136655783,-1.15659832726678,-0.668459494862651,-0.381735031845914,-0.73010107805695,-0.220723710869828
797,"X","medium",293,"Z","medium",420,"Y","high",195,"Z","high",469,"Z","low",92,"Z","",,"Z","high",162,"","","","","03-08-2024","13:50:00","15:13:00","03-08-2024 15:06","Bob Baffert Suspended","Qualifying Winter Olympics","Nominee","R","Brett M. Kavanaugh","Judge KAVANAUGH. Senator, I do not believe that is consistent with what prior nominees have done who have been in this circumstance. It is a decision for the Senate and the executive branch. Justice Scalia explained that very clearly, I thought, in his hearing.",2.00450334801383,2.33613882091115,0.0972815834517072,-0.238354633454741,0.0996138659898027,-0.120446367189825,0.742378283568985,-0.374492835750769
798,"Z","high",69,"X","medium",180,"X","high",39,"","high",130,"Z","low",220,"Y","medium",261,"Z","low",177,"","","","","08-09-2024","14:11:00","16:10:00","08-09-2024 16:03","New Covid Lockdowns","Turned Movie Different","Senator","D","Senator Dick Durbin (IL)","Senator DURBIN. Are you happy with that decision?",-1.25181127954783,0.952815986079199,-0.00246063884345158,-1.51239636934514,-0.198439872598825,-1.38192679012467,-1.13092800543317,1.04466891273403
799,"Z","low",402,"Y","low",229,"Z","low",53,"X","medium",325,"X","medium",404,"Y","high",390,"X","high",204,"","","","","09-02-2024","13:25:00","13:48:00","09-02-2024 13:41","Bob Baffert Suspended","Actor Bob Odenkirk","Nominee","R","Brett M. Kavanaugh","Judge KAVANAUGH. I do notÑit is not for me to say, Senator. This is a decisionÑthe long-term interests of the Senate and the executive branch, particularly the executive branch, are at play. Justice Scalia, again, explained that well, I thought, in his hearingÑÑ",-0.880827701189115,-0.551010522057239,-0.633219752278683,-0.230904831680188,0.0990851277278476,2.38201882858085,-0.927441911026666,-0.674122596567117
800,"Y","low",342,"Y","medium",478,"X","medium",131,"X","high",114,"Y","high",186,"Y","low",285,"Z","medium",196,"","","","","17-08-2024","06:18:00","09:41:00","17-08-2024 09:39","Companies Pulling Russia","Rwigara Mother Adeline","Senator","D","Senator Dick Durbin (IL)","Senator DURBIN. I was not here for Justice Scalia, but I will tell you thatÑÑ",0.911974351502237,0.300073035657169,0.102121582951953,0.929146747200676,0.304102986689924,1.4668766694291,0.24996298504067,1.13990427758807
801,"Y","high",322,"Y","high",376,"Y","high",363,"Z","low",340,"X","low",467,"Y","low",174,"Z","medium",,"","","","","22-06-2024","15:19:00","18:36:00","22-06-2024 18:32","Winter Olympics Don","Qualifying Winter Olympics","Chairman","R","Senator Chuck Grassley (IA)","Chairman GRASSLEY. Let me interrupt without taking time away from you. So, do not charge him for this time. But here is something thatÑthe nominee does not need any help for me to answer this, but we do not care what the nominee thinks. We have to follow the Presidential Records Act, and that is what we are following, is the law.",0.169942855873336,-0.764850751941228,1.13586398487495,1.90326110773078,0.72671652291704,0.546797892393773,-0.416118299899538,1.18899281544879
802,"Y","low",256,"Y","low",2,"X","low",400,"Y","medium",242,"","low",23,"Z","medium",,"X","medium",133,"","","","","28-05-2024","10:00:00","12:51:00","28-05-2024 12:47","Mbappe Neymar Prove","Lomachenko","Senator","D","Senator Dick Durbin (IL)","Senator DURBIN. Mr. Chairman, with all due respect, following the Presidential Records Act involves the National Archives. The National Archives is not involved in this process. It is a Mr. Bill Burck, who was a former assistant to the nominee, who has decided what will be withheld, whether it is going to be Committee confidential. So it is not the Presidential Records Act, please.",-0.740625177492867,-1.61883185808346,-1.6154609830479,1.22861411915786,-0.177698426053821,0.463915975719965,-0.217255055354893,-1.01863244469634
803,"Z","low",110,"Z","high",144,"Y","low",269,"Y","medium",466,"X","low",41,"X","medium",,"Y","",56,"","","","","10-07-2024","07:47:00","09:08:00","10-07-2024 08:59","Apology Cnn Vatican","Actor Bob Odenkirk","Chairman","R","Senator Chuck Grassley (IA)","Chairman GRASSLEY. Well, still, let me make clear here, we anticipated some of this, so let me read. Criticize the Committee process for obtaining Judge KavanaughÕs records. They have accused us of cutting the National Archives out of the process, so this is where I want to set the record straight. President Bush acted consistently with Federal law when he expedited the process and gave us unprecedented access in record time to Judge KavanaughÕs record, but we have worked hand in glove with the Archives throughout this process, and the documents this Committee received are the same as if the Archives had done the initial review. In fact, the Archives is not permitted by law to produce records to the Committee without giving both President Bush and a current President an opportunity to review. The National Archives was not cut out of the process. As President BushÕs representative informed the Committee, quote from his letter, ÔÔBecause we have sought, received, and followed NARAÕsÕÕÑthat is the same as when I use the word, ÔÔArchivistÕÕÑÔÔviews on any documents withheld as personal documents, the resulting production of documents to the Committee is essentially the same as if NARA had conducted its review first and then sought our views and the current administration views, as required by law.ÕÕ In other words, the documents this Committee received are the same as if the Archives had done the initial review. We are just able to get the documents faster by doing it this way, which gave the Senate and the American people unprecedented access in record time to a Supreme Court nominee record. Continue.",0.607028089821092,-1.63906581666798,0.327201531614828,-1.6809012120669,-1.46990900346233,0.170897363862052,-0.247158893921229,-0.315193955732946
804,"X","high",469,"Z","low",12,"X","medium",453,"X","low",186,"Y","low",84,"X","medium",372,"Z","low",210,"","","","","10-11-2024","11:45:00","13:16:00","10-11-2024 13:08","Golf Black Professional","Hold Fastest Marathon","Senator","D","Senator Dick Durbin (IL)","Senator DURBIN. Mr. Chairman, the National Archives have stated publicly that the way we are handling the records for this nomination is unprecedented, and they have had nothing to do with it. They have asked until the end of October to produce records, and they have been told, ÔÔwe do not need you, we are going to finish this hearing long before then.ÕÕ I would like to ask that it be placed in the record the statement from the National Archives related to the records related to Judge Kavanaugh. Do I have consent to place this in the record?",-1.01198557267774,0.597002202476825,-0.46152102132587,0.311419951050077,0.888343229905689,0.0882490015303278,1.23771958977291,-2.34734014721035
805,"Y","low",132,"X","low",118,"Z","medium",464,"X","medium",321,"X","medium",121,"Z","high",496,"X","medium",41,"","","","","05-03-2024","08:25:00","10:45:00","05-03-2024 10:42","New Covid Lockdowns","Coronavirus Pandemic Late","Chairman","R","Senator Chuck Grassley (IA)","Chairman GRASSLEY. I am sorry, what?",-1.39772865913243,-1.39446749604437,-0.921474657109926,-0.110162917374924,-0.140603096611598,-0.981426650268932,0.635309954105209,-0.0296425763566064
806,"Y","low",183,"Z","low",389,"X","medium",383,"Y","high",329,"Y","medium",212,"X","high",389,"X","high",398,"","","","","17-09-2024","06:13:00","06:58:00","17-09-2024 06:48","Bob Baffert Suspended","Actor Bob Odenkirk","Senator","D","Senator Dick Durbin (IL)","Senator DURBIN. The statement from the National Archives?",-0.0524373128752669,-0.713499469191494,1.10309147177981,0.343295698938548,-0.831164338469145,0.208431502124367,1.1086002093846,-0.882073370117991
807,"X","high",463,"Z","medium",420,"Y","high",39,"Y","high",394,"X","medium",456,"Z","low",158,"X","",446,"","","","","05-09-2024","10:17:00","13:42:00","05-09-2024 13:39","Smitten Aussie Tennis","Hold Fastest Marathon","Chairman","R","Senator Chuck Grassley (IA)","Chairman GRASSLEY. Yes, without objection.",0.539567617731555,2.35040668925663,0.972018939543301,-0.0109921773447092,0.87871993233938,0.618804683433127,1.53359063966136,-0.248510374284153
808,"Z","low",20,"Y","low",228,"Z","medium",444,"Y","high",26,"Z","high",120,"Y","medium",55,"X","medium",415,"","","","","25-11-2024","15:59:00","17:11:00","25-11-2024 17:09","New Covid Lockdowns","Coronavirus Pandemic Late","Senator","D","Senator Dick Durbin (IL)","Senator DURBIN. Thank you. [The information appears as a submission for the record.] Senator DURBIN. And now I am going to throw you a pitch which you have seen coming for 12 years. I want to talk to you about your 2006 testimony which you gave before this Committee. It was at a different time. We were very concerned about the issue of torture and detention and interrogation. Yesterday I asked you to show the American people that you have nothing to hide by coming clean with us on this issue, and I would like to refer specifically to some of the questions that were raised because of that 2006 testimony. I believe, we have here a statement of my question, as well as your response. And I am sure you have seen this because it has been reported in the paper that you have been waiting for this question for a long time. When I was, back in the day, a trial attorney preparing a witness for interrogation, testimony, deposition, giving testimony at trial, I said two things: tell the truth, and do not answer more than you are askedÑdo not volunteer information. Judge Kavanaugh, you failed on the second count. The question I asked you: ÔÔWhat was your role in the original Haynes nomination and decision to renominate him? And at the time of the nomination, what did you know about Mr. HaynesÕs role in crafting the administrationÕs detention and interrogation policies?ÕÕ Your response: ÔÔSenator, I did notÑI was not involved and am not involved in the questions about the rules governing detention of combatants orÑand so I do not have the involvement with that. And with respect to Mr. HaynesÕs nomination, IÕveÑI know Jim Haynes, but it was not one of the nominations that I handled.ÕÕ",-1.0769849257791,-0.588614134279198,-0.616415486296295,-0.130000987906155,-2.06415023880551,1.05372771789628,-1.40236714812845,-0.114503127518194
809,"Y","medium",62,"Z","medium",420,"Y","high",454,"Z","low",231,"Z","medium",178,"X","low",236,"X","medium",402,"","","","","26-02-2024","20:46:00","22:13:00","26-02-2024 22:09","Golf Black Professional","Hold Fastest Marathon","Nominee","R","Brett M. Kavanaugh","Judge KAVANAUGH. Could you raise it a little higher? I cannot see the bottom. Got it, okay.",1.98619932755084,1.02806232525836,0.984233510395341,0.241262364497968,-0.569079249646879,-1.51269632081249,-0.253687171375164,-0.0955904361683325
810,"X","low",380,"X","medium",185,"Z","low",279,"X","low",226,"Y","",22,"Y","high",428,"Z","medium",210,"","","","","25-08-2024","16:59:00","19:54:00","25-08-2024 19:47","Golf Black Professional","Hold Fastest Marathon","Senator","D","Senator Dick Durbin (IL)","Senator DURBIN. I asked you about this when we had a meeting in my office.",-0.0868804064411276,0.881829281908685,-1.82597440381518,-1.15607732385745,0.797521413523268,0.253746048242079,1.66910223667557,0.777669021615097
811,"X","medium",183,"Y","medium",238,"X","low",299,"","medium",114,"X","high",357,"Y","low",317,"Z","high",349,"","","","","28-08-2024","09:06:00","11:37:00","28-08-2024 11:30","Basketball Legend Says","Point Tally Nba","Nominee","R","Brett M. Kavanaugh","Judge KAVANAUGH. Yes.",1.38550589044502,1.8872072961275,-1.73959118713726,0.838576238184724,-0.372886846830279,-0.0388275378978413,-0.638241325798809,0.346810299340242
812,"X","low",289,"X","high",414,"X","low",389,"","low",402,"Z","low",273,"Y","low",160,"Z","high",198,"","","","","14-08-2024","16:44:00","19:52:00","14-08-2024 19:51","Mbappe Neymar Prove","Lomachenko","Senator","D","Senator Dick Durbin (IL)","Senator DURBIN. And I still do not understand your answer in terms of how you could state clearly and unequivocally, ÔÔI was not involved and am not involved in the questions about the rules governing detention of combatants.ÕÕ You were involved in the discussions about access to counsel for detainees. You confirmed this during the meeting that we had in my office, and there are multiple media reports as well. You were involved in discussions regarding detained U.S. combatants Yaser Hamdi and Jose« Padilla. You confirmed that in our meetings, and there are emails that support that fact. You were involvedÑand this is one that I want to be specific about. You were involved with President BushÕs 2005 signing statement on Senator John McCainÕs amendment banning cruel, inhuman, and degrading treatment of detainees, and you confirmed that in the meeting. There were no exceptions in your answer given to me in 2006, not for litigation or detainee access to counsel or the McCain Torture Amendment. So if those three, based on the limited documents which we have been given, are obvious, what were you trying to tell me here? Did you really disclose accurately your role?",0.104231244904533,-0.293203941780125,-0.309266405129103,-0.657522936496361,0.0987657055649119,0.687028672445553,1.81143655109822,1.90465111278459
813,"Y","low",290,"Z","medium",137,"Z","low",296,"","low",416,"Y","low",22,"Z","medium",44,"Y","high",427,"","","","","08-05-2024","17:03:00","20:54:00","08-05-2024 20:49","Cnn Montana Nonprofit","Ravaged Nicaragua Category","Nominee","R","Brett M. Kavanaugh","Judge KAVANAUGH. Yes. I understood the question then and my answer then, and I understoodÑÑ [Disturbance in the hearing room.] Judge KAVANAUGH. I understood the question then and the answer then, and I understand the question now and the answer now to be 100 percent accurate. You were concerned about whether I was involved in the program that two other nominees had been involved in, and the report that Senator Feinstein produced, the Justice Department report, they showed that I was not. In other words, the program, crafting the program for the enhanced interrogation techniques for the detaineesÑÑ",1.0328323692022,-0.473478797066242,-0.275700410581883,-0.469367212953598,0.0872151091628194,-0.354186522033767,0.989829799766337,-0.843986647658996
814,"Y","high",413,"X","low",159,"X","low",172,"Y","medium",40,"Y","low",232,"X","high",126,"Z","low",97,"","","","","22-03-2024","08:47:00","10:25:00","22-03-2024 10:23","New Covid Lockdowns","2020 Presidential Election","Senator","D","Senator Dick Durbin (IL)","Senator DURBIN. Judge Kavanaugh, that is not the question. Do you see me asking you whether you crafted the program? I did not. I asked you about your involvement in the HaynesÑand then you went furtherÑÑ",-1.92808593529598,-0.406072311880076,0.165606326762386,0.568926244875653,2.00791232647178,-0.768569583196978,0.400267903740148,-0.349032476329485
815,"Y","low",310,"Y","high",68,"Y","high",348,"X","",342,"X","low",109,"X","medium",358,"X","low",70,"","","","","29-12-2024","21:23:00","22:47:00","29-12-2024 22:39","Golf Black Professional","Hold Fastest Marathon","Nominee","R","Brett M. Kavanaugh","Judge KAVANAUGH. CraftingÑÑ",0.62586079863509,-2.34484799574277,-1.10124066425082,0.966455411854845,0.218328194475779,0.666798579809,-0.0717060335321388,0.345932409140581
816,"Y","low",213,"Y","low",109,"X","low",392,"","high",430,"X","",,"Y","low",334,"X","",487,"","","","","23-08-2024","08:10:00","09:46:00","23-08-2024 09:40","Golf Black Professional","Hold Fastest Marathon","Senator","D","Senator Dick Durbin (IL)","Senator DURBIN. Yes, and then you went further. You violated the second rule I give to every witness. You answered more than I asked.",-0.677652777850207,-1.37576056961313,-1.15816195112875,1.31465842747436,-0.467938121933185,0.55546963693382,-0.18066258961296,-0.648200879725445
817,"Y","low",274,"Z","high",18,"Y","high",70,"Y","low",144,"Y","high",142,"Y","low",225,"X","medium",180,"","","","","14-05-2024","13:08:00","14:45:00","14-05-2024 14:37","Bob Baffert Suspended","Ravaged Nicaragua Category","Nominee","R","Brett M. Kavanaugh","Judge KAVANAUGH. I adhered to the first one. I told the truth.",0.985970639549747,-2.44505347335264,-0.242708146992392,-0.233409490097202,-0.0349005230266603,-0.443783289006484,0.932669853098256,-0.826281223708837
818,"Y","high",369,"Z","low",407,"Y","low",339,"Y","high",316,"Y","medium",392,"Z","high",166,"X","medium",155,"","","","","31-05-2024","12:19:00","13:42:00","31-05-2024 13:35","Voice Cnn Masai","Turned Movie Different","Senator","D","Senator Dick Durbin (IL)","Senator DURBIN. Well, you volunteered more information than I asked, and you went further than you should have, because in the three specific instances that I have given you, you clearly were involved in questions about rules governing detention of combatants.",-0.649642862577228,0.21301524331507,2.09762043317633,1.0316150195555,0.789300296887239,0.0397490643893873,0.736320795224627,-1.12759238936624
819,"X","medium",189,"Z","high",426,"Z","low",86,"","medium",311,"Z","low",28,"","medium",87,"Z","medium",334,"","","","","14-08-2024","16:27:00","19:07:00","14-08-2024 19:02","Mbappe Neymar Prove","Lomachenko","Nominee","R","Brett M. Kavanaugh","Judge KAVANAUGH. So, I understood the question then, and I understand it now, and my answer about that program. I told the truth about that, and the reports that have come out subsequently have shown that I have told the truth about that. My name is not in those reports. Now, for the 2005 signing statement, by that time I am in the staff secretary office, and everything that went to the PresidentÕs deskÑeverything that went to the PresidentÕs desk, with a few covert exceptions, would have somehow crossed my desk on the way. So you askÑI said on the signing statement it would have crossed my desk on the way. So would a speech draft on the Iraq war. Those things would have crossed my desk, prepared by others, not prepared by me, but they cross my desk on the way to the President.",2.01189296400102,0.645036517986798,0.666583379210793,0.108166915047125,-0.575477807640602,-0.234186652336602,0.681096272551961,0.131570177453355
820,"X","low",85,"X","low",210,"Y","low",287,"X","",9,"X","high",299,"Z","",486,"Z","medium",171,"","","","","23-01-2024","14:57:00","16:51:00","23-01-2024 16:47","New Covid Lockdowns","2020 Presidential Election","Senator","D","Senator Dick Durbin (IL)","Senator DURBIN. In the 2006 hearing you told Senator Arlen Specter you gave President Bush advice on signing statements, including, ÔÔidentifying potential constitutional issues in legislation.ÕÕ Did you make any comments regarding the December 30, 2005 signing statement on the McCain Torture Amendment, including potential constitutional issues?",-1.44854716676372,0.100335153065217,-1.40194936606773,-0.451691306189145,-1.08665961096573,-0.347140720329286,1.36370809367081,0.364867371035829
821,"Z","medium",243,"X","medium",296,"Z","low",53,"Y","medium",408,"X","high",396,"Y","high",215,"Z","high",373,"","","","","01-06-2024","11:15:00","12:00:00","01-06-2024 11:58","Companies Pulling Russia","Rwigara Mother Adeline","Nominee","R","Brett M. Kavanaugh","Judge KAVANAUGH. I cannot recall what I said. I do recall that there was a good deal of internal debate about that signing statement, as you can imagine there would be. I remember that it was controversial internally, and I remember that I thoughtÑand I cannot remember all the ins and outs of who thought what, but I do remember that the Counsel to the President was in charge ultimately of signing statements in terms of the final recommendation to the President.",0.481163598923496,1.23815559110402,-0.402965457495313,-1.75037008498836,0.920279571993368,-0.665971285075827,-1.39769153234336,0.745097960426727
822,"Z","medium",499,"Y","high",124,"Z","medium",496,"Z","low",375,"Z","medium",0,"Y","low",383,"Z","medium",214,"","","","","15-02-2024","12:01:00","14:44:00","15-02-2024 14:40","New Covid Lockdowns","Coronavirus Pandemic Late","Senator","D","Senator Dick Durbin (IL)","Senator DURBIN. And just a few months later you, under oath, told us you were not involved in any of the questions about the rules governing detention of combatants.",1.21712105794373,-0.798653059698196,-0.804262007005643,-0.171071306156784,1.57186233488493,1.34531968029122,-2.0707738431733,-0.263289909984758
823,"X","medium",56,"Y","medium",22,"Z","low",333,"X","high",135,"Z","high",452,"Z","medium",230,"Z","medium",391,"","","","","02-02-2024","13:13:00","16:00:00","02-02-2024 15:51","Smitten Aussie Tennis","Turned Movie Different","Nominee","R","Brett M. Kavanaugh","Judge KAVANAUGH. Senator, again, at least I understood it then and I understand it now to be referring to the program that we were talking about that was very controversial that Senator Feinstein spent years trying to dig into, and I was not read into that program. I told the truth about that.",1.14904011896848,1.37676699167141,-2.65095197976088,0.721745016280953,-0.997980038783801,-0.965825219014108,-0.977453265562882,-0.0861537470633355
824,"X","low",86,"X","low",257,"Z","low",234,"Y","high",157,"Z","medium",,"Z","medium",,"Y","medium",40,"","","","","24-08-2024","07:43:00","10:29:00","24-08-2024 10:24","Basketball Legend Says","Actor Bob Odenkirk","Senator","D","Senator Dick Durbin (IL)","Senator DURBIN. Let me go to another area of questioning, if I can. Thank you very much. In your dissent in Garza v. Hargan, you wrote that the Court had created ÔÔa new right for unlawful immigrant minors in U.S. Government detention to obtain immediate abortion on demand, thereby barring any Government efforts to expeditiously transfer the minors to their immigration sponsors before they make that momentous life decision.ÕÕ You argued that permitting the Government additional time to find a sponsor for a young woman in the case did not impose an undue burden, even though the GovernmentÕs conduct in the case had already forced her to delay her decision on an abortion by several weeks. We are talking about a young woman, characterized as Jane Doe, who discovered that she was pregnant after crossing the border into the United States. She made a personal decision that she was not ready to be a parent and did not want to continue her pregnancy. She went through every step necessary to comply with Texas State law, as well as steps forced on her by the Federal Government. She visited a religious anti-abortion crisis pregnancy center, she underwent an ultrasound for no medical purpose, and she went before a judge and obtained a judicial bypass of the StateÕs parental consent requirements. In other words, this young woman complied with every legal requirement, including Texas State requirements, placed in front of her so she could move forward with her decision, a decision affecting her body and her life. Do you believe that this was an abortion on demand?",-1.41071531045187,0.208942317048797,-1.20217592123957,-0.41918574401071,-1.10150205787384,-0.237888664623611,1.40446341400264,0.498295717585831
825,"Y","high",497,"Z","low",79,"X","high",251,"Z","high",384,"","medium",139,"X","low",320,"X","low",363,"","","","","17-03-2024","06:02:00","07:36:00","17-03-2024 07:26","Bob Baffert Suspended","Lomachenko","Nominee","R","Brett M. Kavanaugh","Judge KAVANAUGH. Senator, the Garza case involved, first and foremost, a minor. It is important to emphasize it was a minor.",-0.84462984599277,-0.532452790971151,0.696016756491645,0.768867199382235,1.65740948344607,-0.2541378084812,0.619417236313812,-2.25750621153155
826,"Y","high",414,"X","high",424,"Y","low",309,"Y","low",400,"X","medium",241,"Y","high",177,"X","",164,"","","","","11-04-2024","09:45:00","13:37:00","11-04-2024 13:30","Golf Black Professional","Point Tally Nba","Senator","D","Senator Dick Durbin (IL)","Senator DURBIN. Yes.",-0.43068901351259,-0.677529219632519,1.52883066700525,0.459620094818112,2.01691823098056,-0.30178623595388,0.647345866974305,1.6647500081066
827,"Y","high",58,"X","medium",139,"X","low",229,"X","",36,"Z","low",340,"Z","",468,"Z","low",211,"","","","","03-02-2024","14:23:00","16:48:00","03-02-2024 16:39","Golf Black Professional","Hold Fastest Marathon","Nominee","R","Brett M. Kavanaugh","Judge KAVANAUGH. So she is in an immigration facility in the United States. She is from another country. She does not speak English, and she is by herself. If she had been an adult, she would have a right to obtain the abortion immediately. As a minor, the Government argued that it was proper or appropriate to transfer her quickly first to an immigration sponsor. Who is an immigration sponsor, you ask? It is a family member or friend who she would not be forced to talk to but she could consult with, if she wanted, about the decision facing her. So we had to analyze this first as a minor, and then for me, the first question always is, what is the precedent? The precedent on point from the Supreme Court is there is no case on exact point, so you do what you do in all cases: you reason by analogy from the closest thing on point. What is the closest body of law on point? The parental consent decisions from the Supreme Court, where they have repeatedly upheld parental consent laws over the objection of dissenters who thought that is going to delay the procedure too long, up to several weeks. I am getting to the point, I am getting to the point.",-0.894873162896784,0.32690936602795,-0.201332186958325,0.040908031234108,0.208271522379956,-2.41278110596191,-0.096822607607864,1.03523630753992
828,"Y","high",106,"Z","low",368,"X","high",254,"Z","medium",179,"Y","low",258,"X","high",228,"Y","low",465,"","","","","26-10-2024","10:51:00","12:18:00","26-10-2024 12:11","Mbappe Neymar Prove","Lomachenko","Senator","D","Senator Dick Durbin (IL)","Senator DURBIN. Before you get to the point, you have just bypassed something. You have just bypassed the judicial bypass, which she received from the State of Texas when it came to parental consent. That has already happened here, and you are still stopping her.",-0.815114847121416,0.0986712587610292,1.94630186805489,1.0743721220176,-0.683331963789184,-0.960981003070525,0.377133869105066,-0.852267527456724
829,"X","low",345,"Z","low",131,"Y","medium",357,"X","high",312,"Y","",378,"Z","low",382,"Z","low",241,"","","","","20-09-2024","06:54:00","07:24:00","20-09-2024 07:19","Mbappe Neymar Prove","Lomachenko","Nominee","R","Brett M. Kavanaugh","Judge KAVANAUGH. I am not. The Government is arguing that placing her with an immigration sponsor would allow her, if she wished, to consult with someone about the decision. That is not the purpose of the State bypass procedure. So I just want to be very clear about that.",-0.274286768042359,-0.00747502844503904,-0.876988429699233,-0.29786406783286,-0.440723854730353,0.780492285375599,1.80212452545113,-1.79989369158306
830,"Y","medium",391,"Y","medium",63,"Y","high",130,"","medium",63,"","high",444,"Z","high",458,"X","low",37,"","","","","05-04-2024","07:37:00","11:17:00","05-04-2024 11:12","Golf Black Professional","Lomachenko","Senator","D","Senator Dick Durbin (IL)","Senator DURBIN. But, Judge, the clock is ticking.",1.4527570278888,0.21564773390218,-1.62087958190053,1.0794100826436,1.52129726790268,-0.301036837883484,-1.23660948314338,-0.52299904412712
831,"Z","high",366,"X","medium",274,"X","high",239,"Y","medium",499,"X","high",179,"X","medium",191,"Y","low",229,"","","","","29-06-2024","09:17:00","11:43:00","29-06-2024 11:38","Smitten Aussie Tennis","Said Alicia Keys","Nominee","R","Brett M. Kavanaugh","Judge KAVANAUGH. It is.",-1.0252781010227,1.19728675977032,0.380825775456666,-1.52584683551741,1.44277351681466,-0.139386200508658,-0.683304982832318,0.87714219912788
832,"Y","low",430,"X","high",91,"Z","high",165,"X","medium",104,"X","low",54,"Y","medium",117,"","low",,"","","","","14-04-2024","09:03:00","09:22:00","14-04-2024 09:16","Basketball Legend Says","Point Tally Nba","Senator","D","Senator Dick Durbin (IL)","Senator DURBIN. The clock is ticking, 20-week clock is ticking. She made the decision early in the pregnancy, and all that I described to you, the judicial decisions, the clock is ticking, and you are suggesting that she should have waited to have a sponsor appointed who she may or may not have consulted in making this decision.",0.0196974480716569,-2.31266003290128,-0.816109139211067,-0.502064469717439,1.67803135538881,-0.140855219909507,1.00548955899843,0.70870422825355
833,"Z","high",96,"X","high",199,"Z","low",80,"Y","low",433,"Z","low",215,"Y","low",484,"Y","low",237,"","","","","22-07-2024","09:14:00","10:40:00","22-07-2024 10:30","Bob Baffert Suspended","Lomachenko","Nominee","R","Brett M. Kavanaugh","Judge KAVANAUGH. Again, this isÑI am a judge. I am not making the policy decision. My job is to decide whether that policy is consistent with law. What do I do? I look at precedent, and the most analogous precedent is the parental consent precedent. From Casey, has this phrase, page 895: ÔÔminors benefit from consultation about abortion.ÕÕ It is a quote talking about consultation with a parentÑÑ",-1.16710271891915,-0.696167883638871,0.614892134220173,-1.1916526197078,-0.137211440331595,-1.01166694864175,-1.01870182113143,1.39514923990978
834,"Z","medium",438,"Z","medium",146,"X","medium",489,"Y","high",,"Z","medium",299,"Y","medium",392,"Y","high",108,"","","","","11-06-2024","07:29:00","09:02:00","11-06-2024 08:55","Apology Cnn Vatican","Actor Bob Odenkirk","Senator","D","Senator Dick Durbin (IL)","Senator DURBIN. So, you are adding a requirement here beyond the State of Texas requirements that there be some sponsor chosen who may or may not be consulted for this decision, and the clock is ticking on her pregnancy.",1.56580389546659,0.96041318574404,-0.176290387947081,-1.6287606334109,1.22902921739809,0.0762301189184147,-1.09963568707949,-1.52773786835723
835,"Z","high",298,"Y","low",441,"X","medium",229,"Z","high",437,"Y","high",387,"Y","high",395,"Y","low",321,"","","","","13-11-2024","16:08:00","16:45:00","13-11-2024 16:36","New Covid Lockdowns","Coronavirus Pandemic Late","Nominee","R","Brett M. Kavanaugh","Judge KAVANAUGH. A couple of things there, Senator. You said, ÔÔyou are adding.ÕÕ I am not adding, I am a judge. The policy is being made by others. I am deciding whether the policy is then consistent with Supreme Court precedent. There are two things to look at in this context, Senator. First, is the GovernmentÕs goal reasonable in some way? And they say we want the minor to have the opportunity to consult about the abortion. Well, the Supreme Court precedent specifically says, specifically says that that is an appropriate objective. SecondÑÑ",-1.47229955885312,0.796621744657204,1.20211837311642,0.669815956729523,-0.00767209799898083,1.64328337053101,-1.49652699307766,0.0642040738609723
836,"Y","low",237,"Y","high",251,"X","high",196,"Y","low",20,"X","medium",141,"Z","low",473,"X","high",117,"","","","","20-06-2024","07:46:00","10:12:00","20-06-2024 10:08","Winter Olympics Don","Qualifying Winter Olympics","Senator","D","Senator Dick Durbin (IL)","Senator DURBIN. Was it a State requirement?",0.733838477194611,-1.9290778585046,-0.319160983256523,1.11347113218482,-0.274992821891088,0.825262654460222,-0.00844993401588259,0.978676074509343
837,"Y","high",318,"Z","low",359,"X","medium",169,"Y","medium",,"","high",464,"Z","medium",13,"Z","high",232,"","","","","17-05-2024","19:11:00","22:10:00","17-05-2024 22:02","Apology Cnn Vatican","Ravaged Nicaragua Category","Nominee","R","Brett M. Kavanaugh","Judge KAVANAUGH. The second questionÑÑ",-0.713839866600185,0.0974795178903969,1.89635132952288,1.01171076536915,0.521375953642543,-0.245319150258656,0.632671799835577,-1.1902666601773
838,"Y","high",214,"Z","low",294,"X","high",339,"Z","high",180,"X","high",18,"Y","medium",472,"Z","high",477,"","","","","15-09-2024","19:54:00","20:26:00","15-09-2024 20:23","Companies Pulling Russia","Help Russia","Senator","D","Senator Dick Durbin (IL)","Senator DURBIN. Was that a State requirement?",-0.818641112818891,-0.0622031512125124,1.6257251822501,0.994049466872973,-0.0393264264911619,-0.752627920726555,0.448954289165119,-1.22369308459507
839,"X","low",303,"Z","high",455,"X","high",54,"X","low",230,"Y","high",290,"X","medium",58,"Y","medium",318,"","","","","14-07-2024","09:24:00","10:16:00","14-07-2024 10:14","Voice Cnn Masai","Actor Bob Odenkirk","Nominee","R","Brett M. Kavanaugh","Judge KAVANAUGH. The second question is the delay, your point, and the parental consent cases of the Supreme Court recognized that there could be some delay because of the parental consent procedures. And, in fact, Justices Marshall, Brennan, and Blackmun repeatedly dissented in cases because they thought the delay was too long. I quoted all that in my Garza opinion, and I made clear it had to happen very quickly, and I looked at the time of the pregnancy to make sure, on safetyÑI specifically talk about safety. I specifically say the Government cannot use this as a ruse to somehow prevent the abortion. I spent a paragraph talking about she was in an undeniably difficult situation. So, as I was saying to Senator Graham earlier, I tried to recognize the real-world effects on her. I said consider the circumstances. She is a 17-year-old, by herself, in a foreign country, in a facility where she is detained, and she has no one to talk to, and she is pregnant. Now, that is a difficult situation, and I specifically recognized and tried to understand that. And then as a judge, not the policymaker, I tried to understand whether the GovernmentÕs policy was consistent with the Supreme CourtÕs precedents, and I did the best I could. And I saidÑon those parental consent precedentsÑI said, some people disagree with those precedents and think those kinds of statutes should not be allowed. But precedent is not like a cafeteria where I can take this but not that. I had to take Casey completely. Casey reaffirmed RoeÑÑ",1.24796806719454,-0.146684241857174,0.739454705781651,-0.35459470991952,-0.70101482851609,1.23079789406057,2.04543996405104,0.446549294667058
840,"Y","high",416,"X","high",219,"Z","high",283,"Y","medium",54,"Y","medium",218,"Z","low",72,"Y","low",354,"","","","","12-11-2024","20:31:00","22:17:00","12-11-2024 22:16","Mbappe Neymar Prove","Lomachenko","Senator","D","Senator Dick Durbin (IL)","Senator DURBIN. I have some other questions, so I would ask if you would pleaseÑÑ",-0.592446787775476,-1.15065353010029,0.657127749002015,0.316148483688714,2.11768963836995,-0.756227718955502,0.477478546753011,1.07340778695864
841,"X","low",479,"Y","high",431,"X","high",115,"Z","medium",338,"Y","",,"Y","low",109,"X","medium",,"","","","","21-02-2024","09:07:00","10:10:00","21-02-2024 10:05","Bob Baffert Suspended","Hold Fastest Marathon","Nominee","R","Brett M. Kavanaugh","Judge KAVANAUGH. Well, it is an important question, though, and I want toÑÑ",0.900697461968326,-0.20439654282028,-0.441418345455795,0.756436449101685,0.377469409549967,2.66081476827951,1.15259838297897,1.20021781439644
842,"Y","high",289,"X","low",420,"X","high",444,"X","medium",311,"X","low",141,"Z","high",56,"Y","medium",459,"","","","","20-10-2024","10:34:00","12:43:00","20-10-2024 12:40","Golf Black Professional","Coronavirus Pandemic Late","Senator","D","Senator Dick Durbin (IL)","Senator DURBIN. It is a critical question.",-1.78425473451289,0.185074034524726,1.28212752539121,0.783893311926541,1.1916920707,-0.611591298792347,0.465806857604828,0.58268595901499
843,"X","high",2,"X","low",460,"Y","high",392,"X","medium",,"Z","high",465,"Z","medium",41,"Y","high",443,"","","","","25-06-2024","16:44:00","18:59:00","25-06-2024 18:54","New Covid Lockdowns","Coronavirus Pandemic Late","Nominee","R","Brett M. Kavanaugh","Judge KAVANAUGH. And I did my level best in an emergency posture. So I had basically 2 days to do this case.",-1.99910519591014,1.53764305448921,0.593794754668925,0.469940214467815,-1.09105126576252,-0.927453808218517,0.852632949692532,1.18134059118346
844,"Y","low",310,"Z","medium",347,"Y","medium",378,"X","high",236,"Z","low",0,"X","high",62,"","low",428,"","","","","17-02-2024","12:22:00","13:52:00","17-02-2024 13:45","Scammers Cnn Epik","Ravaged Nicaragua Category","Senator","D","Senator Dick Durbin (IL)","Senator DURBIN. A 2ÐtoÐ1 en banc decision which you dissented from. Correct?",1.20981168464594,0.0132223218779571,0.616048219789185,-0.328260641307885,0.108871521770113,0.187877053880836,1.19120406109854,-0.270687968836269
845,"Z","medium",125,"Y","low",490,"Z","medium",72,"Z","low",276,"X","high",407,"Y","medium",242,"Y","low",170,"","","","","05-03-2024","13:10:00","15:48:00","05-03-2024 15:44","Mbappe Neymar Prove","Lomachenko","Nominee","R","Brett M. Kavanaugh","Judge KAVANAUGH. I did the best to follow precedent, and as I always try to do, to be as careful as I can to follow the precedent of the Supreme Court.",0.0300104436589842,0.895209111125652,0.535878286069815,0.477417482118938,-0.825149476564239,1.00390044355513,-2.25026680659314,0.0832803644069375
846,"Y","medium",96,"Z","high",372,"X","medium",40,"Y","low",343,"Z","",246,"X","medium",186,"Z","medium",312,"","","","","10-09-2024","09:41:00","12:23:00","10-09-2024 12:16","Scammers Cnn Epik","Niger State Television","Senator","D","Senator Dick Durbin (IL)","Senator DURBIN. Let me ask you a personal question. What is the dirtiest, hardest job you have ever had in your life?",2.02128637130201,-0.774966048147328,1.31633844463677,0.513427446532973,-0.438969700661451,-1.26893113750869,-0.189102415354097,0.0522770458133054
847,"Z","low",440,"X","high",155,"X","high",229,"X","medium",269,"Y","low",257,"Y","low",170,"X","high",409,"","","","","10-05-2024","08:44:00","11:29:00","10-05-2024 11:26","Basketball Legend Says","Point Tally Nba","Nominee","R","Brett M. Kavanaugh","Judge KAVANAUGH. I worked construction in the summer after I was 16 for a summer, 7 a.m. to 3:30 p.m. My dad dropped me off every morning at 7, 6:55. He wanted me to be early. And that is probably the one. I also, I should say, Senator, I had whatÑa one-person lawn business, I guess, for many summers, business. I cut a lot of lawns, and that is how I made some cash when I wasÑI started that probably eighth grade, maybe seventh grade. I cut my parentsÕ lawn, but then I cut a lot of lawns in the neighborhood and actually distributed flyers all over the place to say if you need your lawn cut, call me. So lawn cutting, and then the construction job, the one summer.",-0.319488899198733,-1.633742835394,-0.519394024097706,-2.03906576530442,1.25562079834023,0.938292831556191,-0.0105201315267724,0.785624620668084
848,"Y","low",223,"Z","medium",78,"Y","low",177,"Z","high",29,"Z","high",155,"Z","medium",85,"Y","low",279,"","","","","07-09-2024","16:56:00","18:47:00","07-09-2024 18:39","Golf Black Professional","Turned Movie Different","Senator","D","Senator Dick Durbin (IL)","Senator DURBIN. My dirtiest job I ever had was four summers working in a slaughterhouse. I always wanted to go back to college. I could not wait to get out of there. It was unbearable. It was dirty, it was hot. The things I did were unimaginable, and I would not even start to repeat them. Then came a case before you called Agri Processor Co. v. NLRB. At least a third of the workers, Judge Kavanaugh, in our NationÕs slaughterhouses are immigrants. In visits to Iowa, Illinois, Delaware, you pick it, you are going to find a lot of immigrants doing these miserable, dirty, stinking, hot jobs. Many of them are undocumented. The work is low-paid and dangerous. And as the GAO has noted, immigrants are pressured not to even report injuries on the job. The Agri Processors case was a notorious meat packing company owned by Sholom Rubashkin, who was convicted of 86 counts of fraud and money laundering in 2009. His 27-year sentence recently was commuted by President Trump. Agri Processors had, at the core of its business model, the exploitation of undocumented workers. Half their workers, almost 400 of them, were not authorized. Workers alleged the company fostered a hostile workplace environment that included 12-hour shifts without overtime pay, exposure to dangerous chemicals, sexual harassment, and child labor. A truck driver at Agri ProcessorÕs Brooklyn warehouse told reporters, ÔÔWe were treated like garbage, and if we said anything, we got fired immediately.ÕÕ Judge Kavanaugh, you bent over backward to take the companyÕs side against these workers. In a 2008 D.C. Circuit case, Agri Processor v. NLRB, your dissent argued that this companyÕs workers should be prohibited from unionizing because they did not fit your definition of an ÔÔemployee.ÕÕ To reach this conclusion, you imported a definition of ÔÔemployeeÕÕ from a totally different statute. You ignored the plain language of the controlling statute, the National Labor Relations Act, which has a broad definition of ÔÔemployee,ÕÕ as well as binding Supreme Court precedent. The majority in this caseÑand you were a dissenterÑthe majority in this case noted that their opinion stuck to the text of the National Labor Relations Act and to the 1986 Immigration Reform and Control Act, which did not amend the National Labor Relations Act. They said that your dissent, these other judges said about your dissent, would, quote, ÔÔabandon the text of the controlling statute and lead to an absurd result.ÕÕ The majority in this decision included one Republicanand one Democratic-appointed judge. Judge Kavanaugh, you claim over and over again, to be a contextualist, to be carefully weighing every word of a statute. So why did you go out of your way to interpret the word ÔÔemployeeÕÕ in a way that benefited this horrible business and disadvantaged these exploited workers? Why did you not stick to the plain language of the controlling statute and the binding Supreme Court precedent?",0.951718044734604,-0.615889911845994,-0.522855977720976,-0.492685856659377,-0.266534830018147,-0.719552893992633,0.857075843000277,-0.91467367578599
849,"Z","high",395,"X","low",104,"Y","medium",362,"Z","medium",271,"X","high",195,"Y","high",486,"Z","high",63,"","","","","17-09-2024","16:35:00","19:02:00","17-09-2024 18:57","Scammers Cnn Epik","Ravaged Nicaragua Category","Nominee","R","Brett M. Kavanaugh","Judge KAVANAUGH. Because the Supreme Court precedent compelled me to reach the result that I reached, and here is why, Senator. Let me explain. The Supreme Court had a case in 1984 called the Sure-Tan decision. The Sure-Tan decision considered the interaction of the National Labor Relations Act and the immigration laws. What the Supreme Court did in Sure-Tan is, had this question and said it is at that time permissible to consider an immigrant unlawfully in the country as an employee under the National Labor Relations Act. In Part 2(b) of the opinionÑyou have to read Part 2(b) of the opinion, of the Supreme Court decision. If you read Part 2(b) of the opinion, the Court then goes on to say that because the immigration laws do not prohibit employment of people unlawfully in the country, it makes clear, the Supreme Court makes clearÑthis is when it is being considered in Congress in Õ84 and ends up in the Õ86 Act. The Court makes clear, as I read Part 2(b), and I think I am correct on this, that if the immigration laws did prohibit employment of someone here unlawfully in the country, then that would also mean that they cannot vote in the union election. So what I was doing there, Senator, was all about precedent. I read that and, in my opinion, if you look at the dissenting opinion, I really parsed this very carefully, and I went deep into this case. So I went back and pulled from the Sure-Tan case. I asked for the Marshall papers, the Thurgood Marshall papers from the library to read all the memos that went back and forth among the Justices in the Sure-Tan case. I cited the oral argument to make sure that what I was reading in there actually reflected what had been going on in the Supreme Court, and it is quite clear from the oral argument they were aware that the immigration law was about to be changed, and they were aware of the interaction between the labor law and the immigration law. So I think I stand by what I wrote then, and I think I correctly analyzed Part 2(b). Now, SenatorÑÑ",-2.37608425995632,-0.00449232729563236,-0.0420841110771102,-1.04360258308858,1.47882876932825,-0.054446059676371,-0.750538183570322,-0.572439899840703
850,"X","low",184,"X","low",286,"Y","medium",355,"X","low",174,"Z","medium",217,"X","low",166,"Z","high",254,"","","","","18-11-2024","20:11:00","22:03:00","18-11-2024 21:56","Golf Black Professional","Actor Bob Odenkirk","Senator","D","Senator Dick Durbin (IL)","Senator DURBIN. I have toÑI am running out of time here.",-1.33756846038488,0.284952922166584,-1.08427922994497,-0.425030216813836,-0.559076936413804,0.167568695441647,1.55046832836003,0.437228761382528
851,"Z","low",303,"X","medium",82,"X","medium",198,"Z","low",205,"Z","low",155,"","low",236,"Z","medium",108,"","","","","17-05-2024","08:29:00","12:20:00","17-05-2024 12:16","Golf Black Professional","Hold Fastest Marathon","Nominee","R","Brett M. Kavanaugh","Judge KAVANAUGH. I know, but if it endsÑif the Supreme Court Sure-Tan opinion had ended at Part 2(a), 100 percent would agree with you and my decision would have been different. If you read Part 2(b), I think you seeÑÑ",-0.503332667804304,-0.119598929511645,-1.36027383532868,-2.36820505106548,0.594906218380473,0.0646535548127986,-0.30466216140202,0.442125321127898
852,"Z","high",332,"X","low",118,"Y","medium",80,"Z","high",185,"Z","medium",5,"X","low",71,"Y","medium",,"","","","","30-05-2024","17:16:00","19:23:00","30-05-2024 19:14","Companies Pulling Russia","Rwigara Mother Adeline","Senator","D","Senator Dick Durbin (IL)","Senator DURBIN. You said earlier today you do not get to pick and choose which Supreme Court precedent you follow. The majority in the Agri Processor case was following Supreme Court precedent. In the Sure-Tan case, the Supreme Court, a 7ÐtoÐ2 decision, said that undocumented immigrants are employees under the National Labor Relations Act. I quote: ÔÔSince undocumented aliens are not among the few groups of workers expressly exempted by Congress, they plainly come within the broad statutory definition of employee.ÕÕ That is a quote from the case.",-2.39718711567134,0.0220103529224274,0.0209118673812425,-1.01708464557534,1.11588454297853,-0.241629437432913,-0.816954690118657,-0.439490047247676
853,"Z","medium",446,"Y","low",314,"Z","low",229,"Z","low",176,"Z","high",200,"X","medium",106,"Y","medium",,"","","","","18-12-2024","10:37:00","14:18:00","18-12-2024 14:09","Cnn Montana Nonprofit","Niger State Television","Nominee","R","Brett M. Kavanaugh","Judge KAVANAUGH. That is Part 2(a). You have to go to Part 2(b).",0.0544237634095676,0.518514641385828,-0.230109517092124,0.269321698162891,1.0698047492132,1.72207585174836,-1.99985519073461,-0.894548246442835
854,"X","high",98,"X","low",166,"Z","high",229,"X","low",118,"Z","low",200,"Y","low",117,"Y","high",350,"","","","","11-01-2024","11:39:00","12:38:00","11-01-2024 12:37","Cnn Montana Nonprofit","Point Tally Nba","Senator","D","Senator Dick Durbin (IL)","Senator DURBIN. Well, hang on. Let me tell you some people who went to both parts and could not disagree with you more. Everyone else who looked at this questionÑthe administrative law judge, the National Labor Relations Board, including Republican appointees, two Appeals Court Judges, including one Republican appointeeÑ followed the Supreme Court precedent and came to the opposite conclusion that you did. I understand you may have preferred the Sure-Tan dissent, but you failed to follow Supreme Court precedent. This was a case where the National Labor Relations Act included those who were undocumented who could unionize to protect themselves in the workplace. You went out of your way to dissent all the way along and make sure they did not, in your view, have that right, that they did not have that right to unionize.",-2.18345991966095,0.867718434644528,-0.661488239525724,0.239410548992247,-0.419026558258546,-1.25590036264344,0.724600290133241,0.196134161402611
855,"Z","low",280,"X","high",340,"Z","low",126,"X","medium",165,"","low",,"Z","high",485,"Z","low",275,"","","","","15-02-2024","12:28:00","15:00:00","15-02-2024 14:50","Winter Olympics Don","Hold Fastest Marathon","Nominee","R","Brett M. Kavanaugh","Judge KAVANAUGH. I very respectfully disagree, Senator. And the reason I disagree is that the Supreme Court did say that the immigrant was covered under the definition of NLRA. If it ends there, I am with you 100 percent. But then the Supreme Court goes on to say that we consider also in resolving this question that conflict between the National Labor Relations Act and the immigration laws and makes clear, as I read it, if the immigration laws had made employment of someone here in the country unlawfully illegal, then that would be prohibited in the case. And I went back, like I said. If you look at JusticeÑI mean, I quote the oral argument transcript from Sure-Tan in my dissenting opinion. Look, I had no agenda in any direction onÑI am a judge. So I am just trying to resolve the precedentÑÑ",-0.254416823940957,-1.2213933900207,0.275984462315333,-1.86751599170795,0.268653772570663,0.799254236213259,-0.0535547002765994,1.55221503982692
856,"Z","high",202,"Z","medium",498,"X","low",158,"Y","medium",356,"Z","high",235,"Z","low",88,"Z","low",299,"","","","","14-05-2024","10:43:00","11:17:00","14-05-2024 11:12","Golf Black Professional","Lomachenko","Senator","D","Senator Dick Durbin (IL)","Senator DURBIN. Let me just close. Let me close by saying this. ÔÔI am just a judge, I just follow precedent.ÕÕ Gosh, we have heard that so often, and I hope it is the case, but we know that there is much more to your job than that.",0.172737098404288,1.74987515014834,2.21741419418342,-1.04797588181208,-0.445054541223446,0.198359535718632,-0.516356657154445,0.206395089444009
857,"X","low",231,"X","medium",43,"Z","low",229,"Z","low",112,"Y","low",274,"Y","medium",256,"X","medium",,"","","","","02-07-2024","20:01:00","21:03:00","02-07-2024 21:00","Assassination Question","Said Alicia Keys","Nominee","R","Brett M. Kavanaugh","Judge KAVANAUGH. I agree.",-0.275837627245545,0.540209334315154,-2.42149885260226,-1.21545943904203,0.0155320142980105,-0.583072046995781,1.36480094412805,0.589496725649092
858,"Y","low",424,"Y","medium",320,"Z","medium",32,"Y","low",379,"Z","low",233,"Z","low",272,"X","low",224,"","","","","16-01-2024","15:16:00","16:26:00","16-01-2024 16:21","Voice Cnn Masai","Actor Bob Odenkirk","Senator","D","Senator Dick Durbin (IL)","Senator DURBIN. The fact that you were a dissenter and everyone else saw this the other way should give us pause when you say, ÔÔI am just following precedent.ÕÕ",0.828450765097689,-0.0571449270568703,-0.574162390403255,0.797168950277504,0.837492843358132,1.39592073968627,0.218894639975062,0.565663999160326
859,"Y","high",67,"Z","low",410,"Y","high",300,"Z","low",219,"Z","high",,"Z","medium",36,"X","",113,"","","","","05-05-2024","12:10:00","13:00:00","05-05-2024 12:53","New Covid Lockdowns","Said Alicia Keys","Nominee","R","Brett M. Kavanaugh","Judge KAVANAUGH. Well, I respectfully, SenatorÑthat opinion, I am proud of that opinion because I think it carefully details the law in that case following the Supreme Court precedent. And to your point that other judges disagree, there was a case I had about 10 years ago or 8 years ago called Papagno. It was a case where I ruled in favor of a criminal defendant on a restitution matter. Every other court before that disagreed. I wrote the majority opinion with Judge Edwards and Judge Griffith. Every other court after us disagreed. Finally we got to the Supreme Court this year in the Lagos case, and they agreed with our one opinion, the Papagno opinion. Just to point out that just because other courts might have disagreed does not necessarily mean we were necessarily wrong, because the Supreme Court ultimately decides that. I understand your questions, and I appreciate them. Thank you.",-0.801710126519993,0.19203850910536,2.12702176511323,1.11403021055947,-0.922555346280869,-1.00183462199879,0.364043187733206,-0.67429088834179
860,"Y","high",273,"Y","medium",70,"X","high",498,"X","medium",305,"Y","medium",358,"Y","high",175,"X","high",,"","","","","19-11-2024","21:41:00","23:12:00","19-11-2024 23:05","Scammers Cnn Epik","Ravaged Nicaragua Category","Chairman","R","Senator Chuck Grassley (IA)","Chairman GRASSLEY. Senator Cornyn. Senator Lee is going to chair while I have another appointment.",-0.153909852297475,0.219467693786533,-0.700505891058169,1.3882531955466,0.666099323964108,-0.545768515662522,-0.796936993772248,0.0471510345516986
861,"Y","high",193,"X","high",391,"Y","high",475,"Y","high",58,"Y","low",337,"X","high",40,"X","medium",174,"","","","","16-07-2024","09:03:00","10:02:00","16-07-2024 09:55","Golf Black Professional","Hold Fastest Marathon","Senator","R","Senator John Cornyn (TX)","Senator CORNYN. Thank you, Mr. Chairman. Mr. Chairman, I was grateful that todayÕs hearing, at least as far as the Committee is concerned, is a lot more dignified and civil. But unfortunately, some of the hijinks continue even on the Senate floor. I know that Senator McConnell asked consent for the Judiciary Committee to continue to meet during todayÕs session of the Senate. Senator Schumer objected, so Senator McConnell was left with no option but to adjourn the Senate and allow the Committee to continue to meet. That is unfortunate. So, Judge, I believe we met in the year 2000, and just to take a little walk down memory lane here, when I was Attorney General of Texas and had a chance to argue a case in front of the Supreme Court of the United States, you, Ted Olson, and Paul Clement, I believeÑÑ",-0.569916966714119,-0.774139676207065,1.40070708074027,0.49538999460402,0.779558721142128,-1.14321735442672,0.345327789368247,1.89545183568477
862,"Y","high",448,"X","high",253,"Z","medium",464,"Z","low",103,"Y","low",495,"Z","",87,"Z","high",78,"","","","","22-10-2024","09:07:00","12:00:00","22-10-2024 11:57","Mbappe Neymar Prove","Lomachenko","Nominee","R","Brett M. Kavanaugh","Judge KAVANAUGH. Yes.",-0.549083525338909,-1.06919685285762,0.799920735143585,0.331344462813984,2.28410512584627,-0.568623554390859,0.545777217101076,1.12387606737974
863,"X","low",108,"Z","low",314,"Y","high",329,"Y","medium",450,"Y","low",248,"Y","medium",337,"X","medium",400,"","","","","04-12-2024","13:21:00","14:18:00","04-12-2024 14:15","Companies Pulling Russia","Qualifying Winter Olympics","Senator","R","Senator John Cornyn (TX)","Senator CORNYN [continuing]. Helped me get ready. I regret you did not have better material to work with. [Laughter.]",-0.25018228408566,0.393142372865231,-0.0858690268119923,-0.107229022598549,-1.8629510353334,0.369661504346939,1.66184696178875,-0.925662301808171
864,"Y","high",116,"Z","low",25,"X","low",373,"Z","low",415,"Y","low",13,"X","medium",284,"Y","low",275,"","","","","14-06-2024","13:22:00","16:25:00","14-06-2024 16:16","Smitten Aussie Tennis","Actor Bob Odenkirk","Nominee","R","Brett M. Kavanaugh","Judge KAVANAUGH. It was an honor, Senator. It was an honor.",-1.08236039383164,-0.692331726980408,0.487427307549835,0.83254993794799,-0.47703746002697,-1.69824227965172,0.101174422926821,-1.85148144417609
865,"Y","low",45,"Y","high",217,"X","low",32,"Y","high",34,"X","low",292,"Z","low",247,"Y","medium",260,"","","","","28-12-2024","13:39:00","17:15:00","28-12-2024 17:08","Assassination Question","Rwigara Mother Adeline","Senator","R","Senator John Cornyn (TX)","Senator CORNYN. It was a great experience, an educational experience. I got to appreciate your skills as a lawyer from that time and have followed your career closely since, and I am proud to support your nomination based on my personal knowledge of your skills and your temperament and your character and your fidelity to the rule of law. But I do want to pick one bone with you. This is not unique to you. Based on that experience, that case, as you may recall, involved a tradition in the Santa Fe Independent School District, unfortunately, which was the site of the shooting here in more recent days. But back then, the practice before football games was that the students would be able to volunteer to offer a prayer before the football game. They were not required to do so. The school did not pick them. They could offer an inspirational saying or read a poem or anything else. But that was the practice. Well, until the ACLU filed suit, and unfortunately it was held to be unconstitutional and a violation of the Establishment Clause. I am not going to ask for your opinion because this issue will likely come back before the Court, but since I mentioned it to Judge GorsuchÑJustice Gorsuch, I am going to mention it to you. The thing that has stuck in my craw for the last 18 years is the dissent written by Chief Justice Rehnquist which takes exception to the majorityÕs decision saying they distorted existing precedent. But he goes on to say, even more disturbing than its holding is, the tone of the CourtÕs opinion. It bristles with hostility to all things religious in public life. Neither the holding nor the tone nor the opinion is faithful to the meaning of the Establishment Clause when it is recalled that George Washington himself, at the request of the very Congress which passed the Bill of Rights, proclaimed ÔÔa day of public thanks-giving and prayer to be observed by acknowledging with grateful hearts the many signal favors of Almighty God.ÕÕ Since I had you here, I thought I would mention that. I am not asking for your opinion since likely you will be called upon to decide cases involving the Establishment Clause in the future. But since we had that history together, I thought I would tell you that still sticks in my craw.",0.608647707828462,-2.02531769275009,-0.453134728526926,1.14083059199061,-1.34765822569539,0.082248874598132,-0.275318031855303,1.16380557399667
866,"Z","high",219,"Z","high",183,"X","high",100,"X","low",451,"Y","medium",198,"Y","high",106,"X","medium",259,"","","","","27-09-2024","16:03:00","17:00:00","27-09-2024 16:55","Golf Black Professional","Hold Fastest Marathon","Nominee","R","Brett M. Kavanaugh","Judge KAVANAUGH. I understand, Senator. We remember, certainly, cases I lostÑI remember, and they still stick in my craw too, Senator.",-0.012881859882978,-0.671180176037144,1.4152598562286,-0.957459486313172,-0.294739623032157,-0.217812213834581,-0.697344536771837,-0.38705670326914
867,"X","medium",5,"X","high",76,"Z","high",353,"Z","",418,"Z","",47,"Z","high",312,"X","low",38,"","","","","11-06-2024","14:16:00","16:07:00","11-06-2024 16:06","Companies Pulling Russia","Rwigara Mother Adeline","Senator","R","Senator John Cornyn (TX)","Senator CORNYN. Well, I just marvel that under the First Amendment, that a variety of voices can speak, and that is generally a good thing, but it can be about violence, sexism, it can be about almost anything, but you cannot speak about religion in a public forum.",0.535852410755664,-0.230617173463672,-1.68653381190915,-0.365001559890406,-0.603768421455626,-2.06353072623729,-0.023672407657081,0.953093417651276
868,"Z","low",250,"X","medium",381,"Y","medium",494,"Z","low",68,"X","medium",428,"X","high",452,"Z","medium",267,"","","","","30-12-2024","20:32:00","21:12:00","30-12-2024 21:03","Golf Black Professional","Hold Fastest Marathon","Nominee","R","Brett M. Kavanaugh","Judge KAVANAUGH. There have been cases from the Supreme Court I think in more recent years, cases like the Good News Club case, cases like the Trinity Lutheran case, cases like the Town of Greece case where I think the Supreme Court has recognized the importance, of course, of religious liberty in the United States, and also has recognized, I think, that religious speakers, religious people, religious speech is entitled to a space in the public square and not to be discriminated against. I think the Trinity Lutheran case is an important one on that. The Good News Club case, that is a case where there was an afterschool program at a school gym, I think, or an auditorium, and that religious group was excluded, and the Supreme Court made clear, no, you cannot just exclude the religious group. So I think there have been some developments since then in terms of religious equality and religious liberty that are important. Those cases are always difficult factually, but the principle you are espousing, I do think, is reflected in some more recent Supreme Court precedent.",-0.293016542588132,0.565842788166097,-0.0861026541305395,-2.1456258264333,0.164254632391225,0.55361971415849,-0.119060323373576,1.37836599997053
869,"Y","low",111,"Z","medium",252,"Z","high",454,"Z","medium",120,"Z","low",316,"X","high",424,"Y","low",271,"","","","","30-04-2024","16:14:00","20:06:00","30-04-2024 19:56","Golf Black Professional","Hold Fastest Marathon","Senator","R","Senator John Cornyn (TX)","Senator CORNYN. Well, I will just conclude with this. As I understand the Constitution, it requires the Government to be neutral. As Chief Justice Rehnquist said in this case, the Government demonstrated hostility to religious speech in the public square. That is just one personÕs opinion. And again, I am not asking you for any opinion with regard toÑÑ [Disturbance in the hearing room.] Senator CORNYN [continuing]. That may come before the Court. [Disturbance in the hearing room.] Senator CORNYN. Mr. Chairman, I hope that time will not be subtracted from my 30 minutes. Senator LEE [presiding]. It will not be. Senator CORNYN. Thank you. So, Judge Kavanaugh, I am intrigued by your comment that you made earlier about the role of precedent. We have heard a lot about precedent. You alluded to this book that you and others, other judges wrote with Bryan Garner on the law of judicial precedent. I checked it out. It is 900 pages long, and I have not read every page of it either.",1.03260380231957,-0.224502593026645,0.223108348857954,-0.341572648154759,-0.976827485192799,-0.716725800527411,0.864364083869982,-0.250335125906462
870,"Z","high",200,"Z","high",439,"Z","medium",315,"Y","high",88,"Y","high",312,"","low",86,"X","high",255,"","","","","25-03-2024","06:01:00","09:46:00","25-03-2024 09:37","Companies Pulling Russia","Rwigara Mother Adeline","Nominee","R","Brett M. Kavanaugh","Judge KAVANAUGH. I do not think it is meantÑit is not meant to be read word for word. It is a treatise where you go to a section that might be on point or something.",0.180678383344614,-0.0818765072377803,2.5047350700481,-0.773905759430127,-0.514051827715286,0.292400359799418,-0.505698040946808,0.37569953659826
871,"X","medium",302,"Y","high",79,"Z","medium",54,"Y","low",,"X","medium",318,"Y","low",340,"Y","medium",3,"","","","","13-01-2024","07:19:00","10:26:00","13-01-2024 10:24","Smitten Aussie Tennis","Said Alicia Keys","Senator","R","Senator John Cornyn (TX)","Senator CORNYN. But let me just ask you a more basic question, and then we can work our way into that. When people go to court, should they expect a different outcome if the judge was nominated by a Republican from a court where the judge was nominated by a Democrat?",1.37592404794011,-0.164247086546108,-1.88410702193377,1.01073714248835,0.287098235869344,0.250176391560009,-0.561487476667876,0.050920877195283
872,"Y","high",342,"Y","high",365,"Y","high",483,"X","medium",426,"Y","high",491,"Z","medium",121,"Y","low",375,"","","","","14-11-2024","21:52:00","00:50:00","15-11-2024 00:46","Basketball Legend Says","Point Tally Nba","Nominee","R","Brett M. Kavanaugh","Judge KAVANAUGH. No. That is an important principle of judicial independence and the judicial role where ÔÔthe judge is umpireÕÕ vision that Chief Justice Roberts articulated, and I have talked about many times, as critical. When you go to a baseball game, the umpire is not wearing the uniform of one team or another, and that is a critical principle.",0.171436724487853,-0.788399930970671,1.0879931921933,1.89027174445186,0.844797158154565,0.591466898524874,-0.400545140090993,1.12797055765346
873,"Y","low",30,"Z","low",302,"Z","high",158,"Y","low",360,"Z","medium",344,"","low",430,"Y","low",307,"","","","","27-03-2024","17:00:00","18:07:00","27-03-2024 18:06","Smitten Aussie Tennis","Actor Bob Odenkirk","Senator","R","Senator John Cornyn (TX)","Senator CORNYN. Well, it strikes me as an important point given the suggestion that one of the reasons that people have objected to your nominationÑI believe the quote was, you ÔÔhave Republican blood flowing in your veins.ÕÕ That strikes me as a strange and bizarre statement.",-0.199767372594519,-0.928503627436112,0.741629441878304,0.323327136789931,-1.65980696408524,-0.518485854590534,0.845574774289165,-0.906493045052378
874,"Z","low",74,"Y","high",325,"X","medium",21,"X","low",125,"X","medium",356,"Z","high",236,"Z","medium",378,"","","","","27-04-2024","16:59:00","18:29:00","27-04-2024 18:22","Golf Black Professional","Point Tally Nba","Nominee","R","Brett M. Kavanaugh","Judge KAVANAUGH. I have been a judge for 12 years, Senator, with 307 opinions. I am very proud of that record and have been an independent judge for 12 years. As a judge, you are not a Republican or Democrat, as a Federal judge.",0.314116656012683,-1.24305670072953,0.0296066520240236,-0.370544428319286,-1.68164918796613,1.32638060100472,-1.23075552835441,1.3390388712742
875,"Z","low",158,"Y","low",154,"X","high",384,"X","low",460,"Z","medium",375,"","medium",,"Z","high",251,"","","","","24-02-2024","15:08:00","17:05:00","24-02-2024 16:56","Mbappe Neymar Prove","Lomachenko","Senator","R","Senator John Cornyn (TX)","Senator CORNYN. And you talked a little bit about the constitutional basis for a judgeÕs obligation to apply existing precedent. Could you expand on that a little bit more? Because I think most people are under the impression this is sort of a discretionary matter and you can sort of cherry pick between what precedents you decide to follow and which ones you do not follow.",-1.06516853392728,-0.74671670231471,-0.938645779764425,-0.218302787850359,-1.25022284219599,1.36622010310852,-1.29331496041376,-0.530103268389374
876,"Y","low",259,"Y","low",345,"Z","medium",86,"X","high",423,"Z","low",362,"Z","low",269,"Z","medium",,"","","","","17-06-2024","21:31:00","22:00:00","17-06-2024 21:57","Golf Black Professional","Ravaged Nicaragua Category","Nominee","R","Brett M. Kavanaugh","Judge KAVANAUGH. Well, there has been a debate sometimes about what are the origins of precedent, why do you follow precedent. And as I see it, there are a number of reasons you would cite: stability, predictability, impartiality, reliance interests. But all of those are not mere policies in my view. As I see it, the system of precedent comes from Article III itself. When Article III refers to, the judicial power shall be vested in one Supreme Court and such inferior courts as Congress shall, from time to time, establishÑto my mind the phrase, ÔÔjudicial power.ÕÕ You think about, what does that entail? And you look at the meaning, the meaning at the time of judicial power, and you look, one source of that is Federalist 78. In Federalist 78, it is well explained that judges make decisions based on precedent. And precedent, therefore, as I read ÔÔjudicial power,ÕÕ has constitutional origins and a constitutional basis in the text of the Constitution.",-0.466731145844619,-0.826627740835542,-0.157302985863632,1.46697867381432,-0.310360124114387,1.24630428354408,0.0748381568070238,-0.0385608475945355
877,"X","medium",441,"Y","medium",123,"Z","medium",150,"Y","medium",,"X","medium",352,"Z","medium",337,"Y","high",416,"","","","","18-03-2024","09:38:00","10:23:00","18-03-2024 10:15","Companies Pulling Russia","Actor Bob Odenkirk","Senator","R","Senator John Cornyn (TX)","Senator CORNYN. And I think you have touched on this as well. Judges, unlike legislators, do not run for election. You do not have a platform, ÔÔVote for me, this is what I will do if elected into office.ÕÕ One of the most important elements of limiting the important role of judges, I think, under the Constitution is that you are required to decide a case on a case-by-case basis rather than issuing some sort of oracle saying, ÔÔHenceforth the law will be thus,ÕÕ assuming you could get eight other judges on the Team of Nine we talked about to agree with you. [Disturbance in the hearing room.] Senator CORNYN. Could you talk about the importance of deciding cases on a case-by-case basis?",1.42613678887413,1.64553027585805,-2.24275444675724,0.689769925413676,1.13861664371228,0.597945238148917,-0.414731955078597,-0.363167626242075
878,"Z","medium",69,"Y","medium",381,"X","low",229,"Z","medium",179,"Z","medium",38,"Y","medium",467,"Y","low",175,"","","","","20-11-2024","17:18:00","18:54:00","20-11-2024 18:49","Mbappe Neymar Prove","Lomachenko","Senator","R","Senator Mike Lee (UT)","Senator LEE. We will add another 20 seconds.",1.14546775982379,1.45033139956663,-0.225939956208493,-0.192182941999195,-0.892404275246256,0.197302418966752,-2.45110557830585,0.771825284135794
879,"Y","low",33,"Y","medium",220,"Y","low",482,"Z","low",350,"","low",201,"Z","low",67,"X","high",226,"","","","","07-07-2024","11:46:00","13:44:00","07-07-2024 13:38","Smitten Aussie Tennis","Point Tally Nba","Senator","R","Senator John Cornyn (TX)","Senator CORNYN. Thank you.",0.549079615477786,-0.324153754753408,-0.977777530276704,0.831437136778563,-1.33352451969993,-0.186426923888493,-0.350432295073978,0.854383025568065
880,"X","medium",314,"Z","high",239,"X","high",453,"Z","low",337,"Y","high",137,"Y","high",451,"X","medium",,"","","","","16-05-2024","15:14:00","17:01:00","16-05-2024 16:55","Smitten Aussie Tennis","Point Tally Nba","Nominee","R","Brett M. Kavanaugh","Judge KAVANAUGH. Absolutely, Senator. It is important to understand, and I think Senator Graham alluded to this as well. As judges, you do not just issue policies or issue opinions out of the blue. You decide, as Article III says, cases and controversies, and that means there is a process. Litigants come into the Federal trial court, for example, and litigate against one another, and there is a process there, a trial or a summary judgment motion. The district judge renders a decision. Then that comes up to the court of appeals in my case, and there is briefing and oral argument. I like to say there is a process. I like to say process protects you. That is one of the things I always like to keep in mind. You go through a process to help make the decisions, a deliberative process, and we have a process. Judges are very focused on process and having that oral argument, having the briefing, and then talking to your colleagues. You change your mind. Senator, you have been a judge, of course. You change your mind sometimes based on the comments of colleagues. So that process is important. Then to your point about how you are deciding that case, you write an opinion. You are not trying to resolve every issue imaginable in the opinion. You are trying to resolve this case under the principles and precedents, the text of the law in question, the text of the statute in question, and decide that case or controversy. That is how judges build up a system of precedent over time, by deciding one case at a time and not trying to do more than they can or more than they should. [Disturbance in the hearing room.]",1.92733301801119,0.224835607263715,-0.135369241456725,-0.0554683896309147,0.214119666331594,-0.221145218663819,0.679012321105714,-0.589223688315383
881,"Z","low",489,"Y","high",290,"X","low",229,"Y","high",75,"X","high",445,"Y","",241,"Z","low",81,"","","","","28-03-2024","18:37:00","22:14:00","28-03-2024 22:12","Basketball Legend Says","Actor Bob Odenkirk","Senator","R","Senator John Cornyn (TX)","Senator CORNYN. Judge, do you not think that what you have described for us in deciding cases on a case-by-case basis has an important foundation in fairness to the litigants, the parties that come to your court? Because how would somebody feel if they know you have already announced, in all cases that have to do with subject X, I have made up my mind, I do not care what the facts are? Is that not unfair to the litigants?",0.498564939265032,-1.28552175797326,-0.142076759898893,-0.505326931632065,0.684207336998514,2.6882013950154,-0.745141589614671,0.627499062751522
882,"Y","medium",415,"X","low",42,"Y","medium",87,"Z","medium",291,"Z","medium",291,"X","high",71,"Z","low",56,"","","","","21-12-2024","17:59:00","21:13:00","21-12-2024 21:12","Basketball Legend Says","Turned Movie Different","Nominee","R","Brett M. Kavanaugh","Judge KAVANAUGH. It can be, Senator, at least where an overbroad ruling may resolve things that people who are affected by it may have thought that, well, I was not part of that case; why am I now affected in a particular way? I think one of the things I can say about how I have tried to write my opinions, the 300 opinions, is that I am always concerned aboutÑÑ [Disturbance in the hearing room.] Judge KAVANAUGH. I am always concerned about unintended consequences. This is one of the reasons I always go through so many drafts of my opinions and really work through them, is even just a sloppy footnote or an ambiguous word in an opinionÑit is true when you are drafting laws here too, butÑÑ [Disturbance in the hearing room.] Judge KAVANAUGH. You are concerned about unintended consequences, which is why it is so important to be clear in the opinions and to be exactly precise and notÑÑ [Disturbance in the hearing room.] Judge KAVANAUGH. To decide too much. [Disturbance in the hearing room.]",-0.468089695150467,-0.674580797139445,-1.21605729017598,0.214236491072282,2.25407303803784,-1.17408183431938,-0.275847606840958,-1.06409951764251
883,"Y","high",282,"Y","low",183,"Y","high",404,"Z","low",274,"X","high",257,"X","low",216,"X","medium",211,"","","","","03-06-2024","17:28:00","19:00:00","03-06-2024 18:58","Apology Cnn Vatican","Actor Bob Odenkirk","Senator","R","Senator John Cornyn (TX)","Senator CORNYN. Judge, let me ask you to tell us a little bit about September 11, 2001. Where were you when you heard that the planes hit the World Trade Center, and in Washington, DC, another plane hit the Pentagon here?",-1.29022779144041,-0.330761847513191,0.0809096896161389,2.0731433465462,0.465397974926045,0.106680551079895,-0.651065075520442,-0.56070611539932
884,"Y","medium",9,"Y","low",101,"Z","medium",158,"Z","medium",292,"","low",261,"Y","high",27,"Z","low",131,"","","","","16-08-2024","09:56:00","13:48:00","16-08-2024 13:47","New Covid Lockdowns","Coronavirus Pandemic Late","Nominee","R","Brett M. Kavanaugh","Judge KAVANAUGH. I remember I was in the West Wing when they hit the second tower. I remember that, up in the upstairs CounselÕs office, with a couple of other people in the CounselÕs office. And then we were ushered downstairs and then told to get out, run out, because there was fear, as we later learned, about Flight 93. I do not know whether it was headed to the Capitol or the White House or some other target, of course. And the heroes of Flight 93 saved so many Americans, a sacrifice that we still, of course, all celebrate in the sense of celebrating their lives and their heroism for saving all of us here in Washington. But I ended up out in Lafayette Park with the rest of the staff, bewildered. It changed America, it changed the world, it changed the Presidency, it changed Congress, it changed the course, all the issues that came before us. It was a new kind of war, as President Bush described, with an enemy that did not wear uniforms and that would attack civilians. So new kinds of laws had to be considered in Congress, had to work through that. And President Bush had to focus so intently. As I have said before, my remembrance of September 12, his basic mentality of this will not happen again. Having traveled with him from 2003 to 2006 everywhere as staff secretary and seeing him up close, I still think every day I was with him during those years, every morning when he got up, it was still September 12, 2001, this will not happen again. And to see that focusÑof course, he had to do all the other things of the Presidency and all the other legislative and regulatory and ceremonial aspects. But he was so focused on that, and I am sure that has been true of the succeeding Presidents as well, because the threat still exists, of course.",0.0569192340161388,-0.543870013151362,-1.13678735116158,1.81600008699093,-0.861329161685554,-1.17466908066792,-1.63904627578635,-0.770381405609533
885,"Y","low",96,"X","low",420,"Z","low",38,"Y","medium",169,"Y","high",341,"X","low",270,"X","medium",166,"","","","","10-06-2024","06:20:00","08:41:00","10-06-2024 08:32","New Covid Lockdowns","Hold Fastest Marathon","Senator","R","Senator John Cornyn (TX)","Senator CORNYN. Well, as we came to learn, Osama bin LadenÑ and al-QaedaÑwas responsible for that attack and has now morphed into other organizations like ISIS and the like. But I want to ask you, you had to then sit in judgment later on in a case, the Hamdan case, which you alluded to earlier, where the defendant was Osama bin LadenÕs personal bodyguard and driver. He was captured by U.S. forces in Afghanistan after 9/11 and detained in Guantanamo Bay. He subsequently went through a military tribunal, and then that case was appealed to your court. Just correct me if I am wrong, but notwithstanding the experience that you and everybody you cared about, having been through this terrible travesty of 9/11, you ruled in favor of Osama bin LadenÕs bodyguard and driver; correct?",-1.17633620591817,-0.700528593301953,0.364514494538224,0.109986591892434,-0.476274555090052,-0.426696256812138,0.844531980703121,0.890176529818058
886,"X","low",228,"X","medium",420,"Z","high",294,"X","medium",334,"Z","high",381,"X","high",236,"X","",382,"","","","","10-01-2024","19:30:00","21:07:00","10-01-2024 21:03","Assassination Question","Ravaged Nicaragua Category","Nominee","R","Brett M. Kavanaugh","Judge KAVANAUGH. That is correct. I wrote the majority opinion.",0.0219856339434944,1.41035912901756,-0.818453299569515,-0.951791988514169,-0.165948551414121,0.255010641759833,1.67803258760883,1.67599107590024
887,"Z","high",223,"X","low",2,"X","low",328,"Y","medium",442,"X","high",100,"Y","high",195,"X","high",341,"","","","","26-04-2024","09:51:00","13:16:00","26-04-2024 13:08","Bob Baffert Suspended","Lomachenko","Senator","R","Senator John Cornyn (TX)","Senator CORNYN. How could you do that? How could you possibly do that?",-2.54504211305757,-0.255884358599968,-0.466273930088017,-1.06897668697214,0.549113596643472,-0.881078120636587,-1.04975467267291,-0.611935795647485
888,"Z","low",246,"X","high",13,"Z","high",499,"Z","high",302,"X","medium",496,"Y","low",222,"Y","medium",398,"","","","","02-06-2024","20:54:00","00:04:00","03-06-2024 00:00","Golf Black Professional","Lomachenko","Nominee","R","Brett M. Kavanaugh","Judge KAVANAUGH. The rule of law applies to all who come before the courts of the United States.",-0.531460106327095,-1.97952054589457,-1.11243806138977,-2.08647916328965,0.218748610147735,-0.0547342179840755,-0.37066907555624,0.663714200301323
889,"Z","high",280,"X","low",456,"Y","low",243,"Z","low",436,"Y","high",380,"X","",310,"X","high",407,"","","","","03-04-2024","09:20:00","12:36:00","03-04-2024 12:28","Scammers Cnn Epik","Pennsylvania Investigation Abuse","Senator","R","Senator John Cornyn (TX)","Senator CORNYN. Even an enemy combatant?",-2.15539154850818,0.797588635562078,1.46084312062736,-0.767577992155661,0.67388097967864,0.338583544323124,-0.597323363487745,0.607217134285478
890,"Y","low",360,"Z","low",78,"X","medium",399,"X","medium",385,"Y","medium",103,"Z","",413,"Y","",124,"","","","","02-10-2024","13:13:00","15:22:00","02-10-2024 15:18","Basketball Legend Says","Point Tally Nba","Nominee","R","Brett M. Kavanaugh","Judge KAVANAUGH. Equal justice under law. Everyone is entitled toÑÑ",-0.208865741768299,-1.41519013872455,-0.228934680263772,0.079368809048391,0.307066637070498,0.122899944691199,1.06680093006791,-2.03534509417886
891,"Y","medium",96,"Z","medium",0,"X","medium",267,"X","high",157,"Y","high",302,"Z","low",196,"Y","",307,"","","","","20-12-2024","10:52:00","14:38:00","20-12-2024 14:34","Abortion Travel","Niger State Television","Senator","R","Senator John Cornyn (TX)","Senator CORNYN. Even a non-citizen?",1.6700859186183,0.061497297483768,-0.803342649249709,-0.0606326692990725,-0.193251488559777,-2.33994652556662,-0.564597333824828,-1.35115176702143
