"id","Fare","Cabin","Embarked","ExtraCol1","ExtraCol2","ExtraCol3","ExtraCol4","ExtraCol5","ExtraCol6","ExtraCol7","ExtraCol8","ExtraCol9","ExtraCol10","ExtraCol11","ExtraCol12","ExtraCol13","ExtraCol14","ExtraCol15","ExtraCol16","ExtraCol17","ExtraCol18","ExtraCol19","ExtraCol20","ExtraCol21","ExtraCol22","ExtraCol4_ef_bin","ExtraCol4_ef_bin_num","ExtraCol7_ef_bin","ExtraCol7_ef_bin_num","ExtraCol10_ef_bin","ExtraCol10_ef_bin_num"
1,7.25,"Missing","S","8","","",27,"","high",57,"C","low",90,"Z","high",303,"X","high",475,"Y","medium",286,"Z","medium",193,"ExtraCol4_2",2,"ExtraCol7_3",3,"ExtraCol10_5",5
2,71.2833,"C85","C","77","","",NA,"","low",62,"D","",97,"X","high",388,"Z","high",412,"","",451,"Y","high",451,NA,NA,"ExtraCol7_4",4,"ExtraCol10_5",5
3,7.925,"Missing","S","Missing","","medium",26,"D","unknown",65,"D","high",51,"Z","low",262,"X","high",49,"X","low",337,"Z","high",293,"ExtraCol4_2",2,"ExtraCol7_4",4,"ExtraCol10_3",3
4,53.1,"C123","S","43","D","high",NA,"C","high",19,"","",59,"Y","low",72,"Z","medium",343,"Y","medium",2,"Y","medium",382,NA,NA,"ExtraCol7_1",1,"ExtraCol10_3",3
5,8.05,"Missing","S","Missing","D","low",17,"A","",57,"C","low",19,"X","medium",NA,"Y","high",332,"","low",244,"Z","high",174,"ExtraCol4_1",1,"ExtraCol7_3",3,"ExtraCol10_2",2
6,8.4583,"Missing","Q","85","C","",18,"C","medium",26,"C","",41,"X","low",NA,"Z","high",442,"Z","low",422,"X","",465,"ExtraCol4_1",1,"ExtraCol7_2",2,"ExtraCol10_3",3
7,51.8625,"E46","S","8","B","",92,"D","medium",27,"","",62,"X","high",58,"X","low",482,"X","high",436,"Y","medium",357,"ExtraCol4_5",5,"ExtraCol7_2",2,"ExtraCol10_4",4
8,21.075,"Missing","S","Missing","","medium",55,"A","low",94,"D","low",42,"","low",63,"Y","high",372,"X","medium",NA,"Z","high",257,"ExtraCol4_3",3,"ExtraCol7_5",5,"ExtraCol10_3",3
9,11.1333,"Missing","S","Missing","A","",4,"B","",NA,"A","",NA,"","medium",173,"X","low",NA,"Z","high",238,"X","",289,"ExtraCol4_1",1,NA,NA,NA,NA
10,30.0708,"Missing","C","Missing","B","unknown",NA,"D","",NA,"C","",13,"Y","low",227,"Z","high",176,"Z","high",53,"Y","low",311,NA,NA,NA,NA,"ExtraCol10_1",1
11,16.7,"G6","S","52","","high",NA,"B","unknown",NA,"B","",15,"Y","high",NA,"Y","low",449,"X","high",106,"Y","",80,NA,NA,NA,NA,"ExtraCol10_1",1
12,26.55,"C103","S","97","C","high",NA,"D","",24,"A","high",33,"X","low",79,"X","high",471,"","low",423,"Z","low",125,NA,NA,"ExtraCol7_2",2,"ExtraCol10_2",2
13,8.05,"Missing","S","73","B","low",54,"C","high",78,"","",NA,"Z","medium",466,"Z","high",495,"X","high",170,"Z","low",343,"ExtraCol4_3",3,"ExtraCol7_4",4,NA,NA
14,31.275,"Missing","S","76","","",64,"C","medium",NA,"A","",81,"Y","high",75,"Z","high",477,"Y","high",381,"X","low",220,"ExtraCol4_4",4,NA,NA,"ExtraCol10_5",5
15,7.8542,"Missing","S","71","C","",NA,"C","medium",71,"","",86,"Z","medium",100,"Z","high",320,"Y","medium",18,"X","low",391,NA,NA,"ExtraCol7_4",4,"ExtraCol10_5",5
16,16,"Missing","S","Missing","","unknown",81,"C","",NA,"","unknown",NA,"X","low",483,"Z","medium",478,"Y","low",245,"Z","medium",262,"ExtraCol4_5",5,NA,NA,NA,NA
17,29.125,"Missing","Q","51","D","high",NA,"","medium",NA,"","",NA,"Z","low",188,"X","high",391,"X","low",475,"X","medium",32,NA,NA,NA,NA,NA,NA
18,13,"Missing","S","12","C","unknown",96,"D","unknown",72,"A","",NA,"Z","medium",286,"Y","low",120,"X","medium",NA,"Y","medium",332,"ExtraCol4_5",5,"ExtraCol7_4",4,NA,NA
19,18,"Missing","S","83","C","",NA,"B","low",33,"D","unknown",53,"Y","low",217,"Z","",15,"Y","low",15,"Z","medium",304,NA,NA,"ExtraCol7_2",2,"ExtraCol10_3",3
20,7.225,"Missing","C","45","D","low",32,"","low",96,"A","medium",70,"Z","medium",129,"Y","low",490,"Y","low",144,"Z","low",182,"ExtraCol4_2",2,"ExtraCol7_5",5,"ExtraCol10_4",4
21,26,"Missing","S","50","","low",72,"C","unknown",86,"B","",72,"Y","medium",253,"Y","low",213,"X","medium",31,"Z","medium",395,"ExtraCol4_4",4,"ExtraCol7_5",5,"ExtraCol10_4",4
22,13,"D56","S","37","D","high",89,"C","unknown",59,"B","",96,"Z","medium",388,"Z","",436,"Y","medium",306,"X","high",175,"ExtraCol4_5",5,"ExtraCol7_3",3,"ExtraCol10_5",5
23,8.0292,"Missing","Q","Missing","B","",NA,"B","unknown",NA,"C","",57,"Z","high",5,"Y","medium",144,"Y","high",95,"X","low",57,NA,NA,NA,NA,"ExtraCol10_3",3
24,35.5,"A6","S","92","A","medium",98,"B","medium",59,"B","high",34,"X","high",437,"X","low",180,"Y","high",123,"X","low",60,"ExtraCol4_5",5,"ExtraCol7_3",3,"ExtraCol10_2",2
25,21.075,"Missing","S","78","","",19,"C","medium",69,"","",NA,"Z","low",92,"X","",412,"Z","low",293,"Z","medium",450,"ExtraCol4_1",1,"ExtraCol7_4",4,NA,NA
26,31.3875,"Missing","S","64","A","high",41,"","low",NA,"D","low",NA,"Z","high",458,"Z","high",262,"Z","low",162,"X","",188,"ExtraCol4_2",2,NA,NA,NA,NA
27,7.225,"Missing","C","Missing","A","medium",31,"B","medium",14,"D","low",80,"X","high",481,"X","medium",338,"X","low",325,"Y","medium",207,"ExtraCol4_2",2,"ExtraCol7_1",1,"ExtraCol10_5",5
28,263,"C23 C25 C27","S","Missing","","low",42,"D","high",56,"A","high",NA,"Z","low",466,"Y","low",160,"Z","low",465,"","high",152,"ExtraCol4_2",2,"ExtraCol7_3",3,NA,NA
29,7.8792,"Missing","Q","Missing","","high",NA,"B","medium",80,"D","",NA,"Y","medium",325,"Y","high",307,"X","medium",465,"Y","low",368,NA,NA,"ExtraCol7_4",4,NA,NA
30,7.8958,"Missing","S","44","A","high",73,"C","medium",31,"A","unknown",31,"Z","",452,"","high",243,"Y","high",364,"Z","low",302,"ExtraCol4_4",4,"ExtraCol7_2",2,"ExtraCol10_2",2
31,27.7208,"Missing","C","45","D","",NA,"A","",45,"","unknown",5,"","medium",429,"X","low",465,"Z","high",484,"Y","medium",449,NA,NA,"ExtraCol7_3",3,"ExtraCol10_1",1
32,146.5208,"B78","C","22","","",25,"","",NA,"D","high",NA,"","medium",319,"X","low",246,"Z","high",368,"Y","low",447,"ExtraCol4_2",2,NA,NA,NA,NA
33,7.75,"Missing","Q","9","B","medium",NA,"D","high",70,"A","",12,"Y","high",445,"Z","high",44,"X","medium",33,"Z","low",494,NA,NA,"ExtraCol7_4",4,"ExtraCol10_1",1
34,10.5,"Missing","S","55","C","high",NA,"","high",86,"A","high",8,"Y","medium",171,"X","high",368,"X","medium",477,"Y","low",NA,NA,NA,"ExtraCol7_5",5,"ExtraCol10_1",1
35,82.1708,"Missing","C","88","B","",65,"D","high",NA,"","medium",70,"Y","high",417,"X","high",476,"X","high",283,"X","low",291,"ExtraCol4_4",4,NA,NA,"ExtraCol10_4",4
36,52,"Missing","S","Missing","C","",69,"","unknown",NA,"","high",43,"X","medium",462,"Z","",NA,"X","low",2,"Y","high",173,"ExtraCol4_4",4,NA,NA,"ExtraCol10_3",3
37,7.2292,"Missing","C","85","D","medium",66,"B","low",4,"D","low",NA,"Z","medium",NA,"X","low",50,"X","",310,"Z","high",352,"ExtraCol4_4",4,"ExtraCol7_1",1,NA,NA
38,8.05,"Missing","S","82","A","",60,"D","medium",NA,"C","unknown",NA,"","low",61,"Y","",499,"","medium",122,"Z","medium",374,"ExtraCol4_3",3,NA,NA,NA,NA
39,18,"Missing","S","Missing","A","",NA,"B","high",94,"C","unknown",NA,"X","low",107,"X","medium",173,"X","medium",267,"X","",125,NA,NA,"ExtraCol7_5",5,NA,NA
40,11.2417,"Missing","C","63","D","unknown",NA,"","",8,"D","medium",61,"Y","medium",NA,"Z","high",416,"Y","medium",328,"","high",429,NA,NA,"ExtraCol7_1",1,"ExtraCol10_4",4
41,9.475,"Missing","S","16","C","low",90,"A","unknown",NA,"","medium",53,"X","low",266,"X","high",315,"Z","",13,"Y","low",145,"ExtraCol4_5",5,NA,NA,"ExtraCol10_3",3
42,21,"Missing","S","Missing","C","unknown",38,"B","",83,"","medium",58,"Y","high",216,"Y","low",NA,"Y","low",219,"Z","medium",491,"ExtraCol4_2",2,"ExtraCol7_5",5,"ExtraCol10_3",3
43,7.8958,"Missing","C","70","B","medium",51,"B","low",NA,"D","",70,"Y","low",413,"Y","low",170,"X","high",27,"Y","high",425,"ExtraCol4_3",3,NA,NA,"ExtraCol10_4",4
44,41.5792,"Missing","C","35","","",18,"","medium",17,"","",38,"X","low",141,"Z","low",303,"Y","high",NA,"Y","medium",9,"ExtraCol4_1",1,"ExtraCol7_1",1,"ExtraCol10_2",2
45,7.8792,"Missing","Q","6","C","low",35,"A","medium",2,"A","medium",NA,"Z","high",82,"X","low",341,"Y","high",105,"Z","medium",199,"ExtraCol4_2",2,"ExtraCol7_1",1,NA,NA
46,8.05,"Missing","S","97","C","low",NA,"D","unknown",NA,"A","high",NA,"Z","low",307,"Y","",77,"Z","high",390,"Y","",194,NA,NA,NA,NA,NA,NA
47,15.5,"Missing","Q","44","A","unknown",64,"A","medium",59,"B","",14,"Z","low",69,"","low",387,"","medium",206,"Z","medium",411,"ExtraCol4_4",4,"ExtraCol7_3",3,"ExtraCol10_1",1
48,7.75,"Missing","Q","89","C","",21,"","",84,"A","medium",21,"Y","low",452,"X","high",71,"X","low",23,"Y","medium",NA,"ExtraCol4_2",2,"ExtraCol7_5",5,"ExtraCol10_2",2
49,21.6792,"Missing","C","67","C","",54,"C","",88,"","low",8,"Y","high",40,"X","medium",414,"Z","low",373,"Z","high",25,"ExtraCol4_3",3,"ExtraCol7_5",5,"ExtraCol10_1",1
50,17.8,"Missing","S","77","A","",NA,"A","medium",45,"","high",NA,"Z","high",245,"Z","low",63,"","high",271,"X","high",420,NA,NA,"ExtraCol7_3",3,NA,NA
51,39.6875,"Missing","S","75","B","unknown",12,"","high",42,"B","",43,"Z","low",474,"Y","",89,"X","low",70,"Z","medium",NA,"ExtraCol4_1",1,"ExtraCol7_3",3,"ExtraCol10_3",3
52,7.8,"Missing","S","19","","medium",6,"D","high",93,"B","unknown",NA,"Z","medium",276,"Y","medium",NA,"Y","medium",281,"Z","medium",184,"ExtraCol4_1",1,"ExtraCol7_5",5,NA,NA
53,76.7292,"D33","C","36","","unknown",NA,"D","",NA,"","low",92,"X","medium",404,"","low",91,"X","low",124,"","low",85,NA,NA,NA,NA,"ExtraCol10_5",5
54,26,"Missing","S","46","","unknown",65,"A","medium",20,"","",NA,"Z","high",211,"","low",38,"Y","low",317,"X","low",78,"ExtraCol4_4",4,"ExtraCol7_1",1,NA,NA
55,61.9792,"B30","C","49","","unknown",31,"C","low",NA,"","medium",55,"Y","medium",377,"Z","medium",26,"X","low",473,"Z","high",263,"ExtraCol4_2",2,NA,NA,"ExtraCol10_3",3
56,35.5,"C52","S","4","C","high",82,"","low",71,"B","high",NA,"Z","medium",353,"Z","low",143,"X","low",NA,"X","low",42,"ExtraCol4_5",5,"ExtraCol7_4",4,NA,NA
57,10.5,"Missing","S","54","B","",84,"","",23,"D","low",NA,"Z","medium",256,"Y","medium",245,"Y","low",372,"Y","high",40,"ExtraCol4_5",5,"ExtraCol7_2",2,NA,NA
58,7.2292,"Missing","C","15","D","high",53,"C","high",97,"A","low",76,"X","low",50,"X","medium",22,"X","medium",11,"X","low",392,"ExtraCol4_3",3,"ExtraCol7_5",5,"ExtraCol10_4",4
59,27.75,"Missing","S","74","","low",NA,"C","",29,"B","",90,"X","medium",485,"Y","low",68,"X","high",203,"Y","",171,NA,NA,"ExtraCol7_2",2,"ExtraCol10_5",5
60,46.9,"Missing","S","68","D","",NA,"C","unknown",NA,"","",96,"X","medium",NA,"X","low",305,"Y","low",444,"Z","",324,NA,NA,NA,NA,"ExtraCol10_5",5
61,7.2292,"Missing","C","92","","high",82,"","",49,"C","",38,"Y","high",178,"Z","",159,"Y","high",37,"Y","high",493,"ExtraCol4_5",5,"ExtraCol7_3",3,"ExtraCol10_2",2
62,80,"B28","Missing","74","B","unknown",89,"","low",69,"","",48,"Z","medium",320,"X","medium",NA,"Z","medium",464,"X","medium",25,"ExtraCol4_5",5,"ExtraCol7_4",4,"ExtraCol10_3",3
63,83.475,"C83","S","36","","",NA,"","high",90,"D","unknown",NA,"X","high",384,"Z","low",420,"X","high",46,"Y","high",397,NA,NA,"ExtraCol7_5",5,NA,NA
64,27.9,"Missing","S","Missing","C","high",51,"C","",39,"","",5,"X","medium",267,"Y","low",15,"Y","medium",240,"X","medium",54,"ExtraCol4_3",3,"ExtraCol7_2",2,"ExtraCol10_1",1
65,27.7208,"Missing","C","Missing","A","",NA,"A","high",NA,"D","medium",11,"Y","high",200,"Y","low",474,"X","high",90,"Y","high",380,NA,NA,NA,NA,"ExtraCol10_1",1
66,15.2458,"Missing","C","32","B","",NA,"A","medium",75,"","",4,"Y","high",203,"","high",341,"X","high",10,"X","low",153,NA,NA,"ExtraCol7_4",4,"ExtraCol10_1",1
67,10.5,"F33","S","Missing","B","",13,"C","unknown",NA,"A","",73,"X","low",487,"X","high",411,"X","high",NA,"Y","",67,"ExtraCol4_1",1,NA,NA,"ExtraCol10_4",4
68,8.1583,"Missing","S","Missing","A","unknown",67,"","high",NA,"","",22,"Y","medium",166,"","medium",239,"Z","medium",290,"X","",NA,"ExtraCol4_4",4,NA,NA,"ExtraCol10_2",2
69,7.925,"Missing","S","7","","medium",92,"A","",75,"A","low",NA,"Z","high",427,"Z","medium",0,"Z","high",361,"X","high",182,"ExtraCol4_5",5,"ExtraCol7_4",4,NA,NA
70,8.6625,"Missing","S","Missing","C","",75,"","medium",70,"","high",37,"X","medium",25,"X","low",442,"Y","high",157,"X","high",364,"ExtraCol4_4",4,"ExtraCol7_4",4,"ExtraCol10_2",2
71,10.5,"Missing","S","79","D","",48,"D","unknown",NA,"C","low",79,"","high",329,"X","low",284,"Y","low",246,"Z","medium",340,"ExtraCol4_3",3,NA,NA,"ExtraCol10_5",5
72,46.9,"Missing","S","18","A","",52,"C","high",NA,"B","",11,"X","medium",340,"X","high",18,"Z","high",91,"Z","medium",364,"ExtraCol4_3",3,NA,NA,"ExtraCol10_1",1
73,73.5,"Missing","S","Missing","B","",25,"D","high",1,"","medium",32,"X","",337,"Z","low",NA,"Y","low",364,"Z","medium",10,"ExtraCol4_2",2,"ExtraCol7_1",1,"ExtraCol10_2",2
74,14.4542,"Missing","C","12","A","high",NA,"D","medium",NA,"","unknown",NA,"Y","medium",210,"Y","high",103,"Y","medium",NA,"Z","high",487,NA,NA,NA,NA,NA,NA
75,56.4958,"Missing","S","68","","unknown",24,"D","",NA,"C","low",NA,"X","medium",345,"X","low",187,"Y","low",430,"Y","low",216,"ExtraCol4_2",2,NA,NA,NA,NA
76,7.65,"F G73","S","47","","unknown",34,"A","unknown",NA,"A","",56,"Y","low",222,"","low",221,"Y","high",89,"X","low",55,"ExtraCol4_2",2,NA,NA,"ExtraCol10_3",3
77,7.8958,"Missing","S","Missing","","low",26,"","medium",NA,"A","",16,"X","low",296,"X","high",213,"Y","high",332,"Z","medium",464,"ExtraCol4_2",2,NA,NA,"ExtraCol10_1",1
78,8.05,"Missing","S","22","","low",33,"","low",30,"","",66,"Z","low",446,"Z","high",434,"Y","high",165,"Z","low",396,"ExtraCol4_2",2,"ExtraCol7_2",2,"ExtraCol10_4",4
79,29,"Missing","S","Missing","A","",36,"A","medium",89,"C","high",96,"Y","high",336,"Z","",471,"X","low",NA,"Y","low",41,"ExtraCol4_2",2,"ExtraCol7_5",5,"ExtraCol10_5",5
80,12.475,"Missing","S","66","C","",8,"","",70,"","low",4,"X","medium",368,"Y","low",339,"Z","low",140,"X","medium",218,"ExtraCol4_1",1,"ExtraCol7_4",4,"ExtraCol10_1",1
81,9,"Missing","S","94","C","unknown",NA,"","",56,"","medium",8,"X","medium",484,"Z","medium",316,"Z","medium",474,"Y","low",453,NA,NA,"ExtraCol7_3",3,"ExtraCol10_1",1
82,9.5,"Missing","S","43","D","low",44,"","low",88,"B","high",95,"Y","medium",109,"X","low",NA,"Y","low",418,"Y","low",341,"ExtraCol4_3",3,"ExtraCol7_5",5,"ExtraCol10_5",5
83,7.7875,"Missing","Q","16","D","low",94,"","low",9,"C","unknown",NA,"Y","medium",293,"Y","low",133,"Z","medium",233,"Z","medium",97,"ExtraCol4_5",5,"ExtraCol7_1",1,NA,NA
84,47.1,"Missing","S","83","D","unknown",NA,"A","medium",64,"","unknown",91,"","high",328,"","medium",279,"X","low",247,"X","high",350,NA,NA,"ExtraCol7_4",4,"ExtraCol10_5",5
85,10.5,"Missing","S","62","C","unknown",66,"B","medium",15,"D","",70,"X","medium",NA,"Z","low",321,"Y","",176,"Y","medium",94,"ExtraCol4_4",4,"ExtraCol7_1",1,"ExtraCol10_4",4
86,15.85,"Missing","S","70","","low",NA,"","low",23,"A","medium",NA,"Y","medium",66,"Y","low",NA,"Z","medium",213,"Z","high",175,NA,NA,"ExtraCol7_2",2,NA,NA
87,34.375,"Missing","S","9","B","medium",NA,"B","medium",18,"D","",NA,"Y","medium",380,"Z","medium",NA,"Z","medium",232,"Z","low",97,NA,NA,"ExtraCol7_1",1,NA,NA
88,8.05,"Missing","S","31","A","",49,"","",54,"","",51,"X","medium",97,"Y","high",NA,"Z","high",72,"X","low",346,"ExtraCol4_3",3,"ExtraCol7_3",3,"ExtraCol10_3",3
89,263,"C23 C25 C27","S","Missing","B","",44,"A","low",62,"C","",36,"Y","medium",204,"","low",29,"Z","high",161,"Y","",465,"ExtraCol4_3",3,"ExtraCol7_4",4,"ExtraCol10_2",2
90,8.05,"Missing","S","Missing","B","",65,"","medium",75,"A","medium",83,"X","low",357,"Z","medium",161,"Y","low",437,"Y","high",22,"ExtraCol4_4",4,"ExtraCol7_4",4,"ExtraCol10_5",5
91,8.05,"Missing","S","43","A","",NA,"B","",NA,"C","unknown",4,"Z","high",131,"Z","high",407,"","medium",489,"Y","low",301,NA,NA,NA,NA,"ExtraCol10_1",1
92,7.8542,"Missing","S","Missing","A","low",31,"B","",93,"","medium",NA,"Z","medium",62,"","high",NA,"Y","high",27,"X","low",124,"ExtraCol4_2",2,"ExtraCol7_5",5,NA,NA
93,61.175,"E31","S","Missing","C","medium",NA,"D","",37,"C","",55,"X","medium",337,"Y","medium",108,"","high",366,"X","low",375,NA,NA,"ExtraCol7_2",2,"ExtraCol10_3",3
94,20.575,"Missing","S","38","B","high",18,"","",NA,"B","high",97,"X","medium",140,"Y","low",436,"Z","medium",119,"X","high",69,"ExtraCol4_1",1,NA,NA,"ExtraCol10_5",5
95,7.25,"Missing","S","89","","high",NA,"","high",3,"C","",99,"X","medium",413,"X","high",76,"Y","low",326,"Z","medium",183,NA,NA,"ExtraCol7_1",1,"ExtraCol10_5",5
96,8.05,"Missing","S","28","B","",NA,"","",12,"C","medium",59,"Z","high",449,"Y","low",79,"X","medium",310,"Y","medium",102,NA,NA,"ExtraCol7_1",1,"ExtraCol10_3",3
97,34.6542,"A5","C","23","D","unknown",95,"A","unknown",NA,"B","high",42,"Z","low",174,"Z","",449,"Z","high",439,"X","low",436,"ExtraCol4_5",5,NA,NA,"ExtraCol10_3",3
98,63.3583,"D10 D12","C","68","C","unknown",NA,"","",41,"D","unknown",27,"X","low",369,"Z","medium",NA,"X","low",351,"Z","high",41,NA,NA,"ExtraCol7_3",3,"ExtraCol10_2",2
99,23,"Missing","S","Missing","A","",39,"C","",NA,"C","unknown",99,"Y","high",NA,"Y","low",0,"Y","",411,"Y","low",290,"ExtraCol4_2",2,NA,NA,"ExtraCol10_5",5
100,26,"Missing","S","13","A","",NA,"B","unknown",12,"","unknown",NA,"X","high",464,"Y","low",216,"X","medium",400,"Y","low",60,NA,NA,"ExtraCol7_1",1,NA,NA
101,7.8958,"Missing","S","83","C","high",80,"B","",26,"","high",12,"Z","medium",122,"Z","low",370,"X","low",323,"X","high",299,"ExtraCol4_5",5,"ExtraCol7_2",2,"ExtraCol10_1",1
102,7.8958,"Missing","S","Missing","C","",48,"B","low",98,"D","",50,"X","medium",440,"X","high",378,"X","medium",205,"Y","high",383,"ExtraCol4_3",3,"ExtraCol7_5",5,"ExtraCol10_3",3
103,77.2875,"D26","S","80","B","medium",96,"","unknown",2,"B","high",39,"X","medium",393,"X","high",43,"X","",168,"Y","medium",376,"ExtraCol4_5",5,"ExtraCol7_1",1,"ExtraCol10_2",2
104,8.6542,"Missing","S","0","C","low",NA,"B","",42,"C","",49,"Z","high",156,"","high",140,"X","medium",173,"","high",16,NA,NA,"ExtraCol7_3",3,"ExtraCol10_3",3
105,7.925,"Missing","S","79","","medium",70,"","",19,"A","unknown",NA,"","medium",412,"X","low",308,"X","high",179,"Y","medium",386,"ExtraCol4_4",4,"ExtraCol7_1",1,NA,NA
106,7.8958,"Missing","S","Missing","","",75,"C","high",53,"B","unknown",26,"Y","high",316,"Z","high",330,"Z","medium",144,"Y","medium",148,"ExtraCol4_4",4,"ExtraCol7_3",3,"ExtraCol10_2",2
107,7.65,"Missing","S","Missing","A","unknown",NA,"A","unknown",97,"C","unknown",NA,"Z","medium",334,"X","medium",310,"Z","high",155,"Z","medium",340,NA,NA,"ExtraCol7_5",5,NA,NA
108,7.775,"Missing","S","66","B","unknown",NA,"","low",22,"D","high",NA,"X","medium",189,"X","high",168,"X","medium",284,"Z","",481,NA,NA,"ExtraCol7_2",2,NA,NA
109,7.8958,"Missing","S","Missing","","",58,"C","low",37,"C","",32,"X","high",117,"Y","medium",431,"Y","high",135,"Y","high",59,"ExtraCol4_3",3,"ExtraCol7_2",2,"ExtraCol10_2",2
110,24.15,"Missing","Q","Missing","D","low",NA,"","unknown",44,"","medium",0,"Y","",348,"Y","low",39,"","low",174,"","medium",181,NA,NA,"ExtraCol7_3",3,"ExtraCol10_1",1
111,52,"C110","S","Missing","D","low",11,"","high",79,"B","",67,"Y","low",26,"Z","low",411,"Z","medium",354,"X","low",433,"ExtraCol4_1",1,"ExtraCol7_4",4,"ExtraCol10_4",4
112,14.4542,"Missing","C","78","","medium",13,"A","low",NA,"C","unknown",85,"","low",174,"Z","low",469,"Z","low",164,"X","medium",70,"ExtraCol4_1",1,NA,NA,"ExtraCol10_5",5
113,8.05,"Missing","S","55","A","",NA,"C","unknown",NA,"","unknown",NA,"Z","high",70,"Y","high",342,"Y","low",53,"X","medium",NA,NA,NA,NA,NA,NA,NA
114,9.825,"Missing","S","45","","unknown",65,"B","",48,"A","medium",16,"Z","medium",0,"X","medium",214,"X","",8,"Y","medium",274,"ExtraCol4_4",4,"ExtraCol7_3",3,"ExtraCol10_1",1
115,14.4583,"Missing","C","Missing","A","",28,"C","medium",NA,"A","",76,"X","low",3,"X","high",190,"","low",382,"X","medium",498,"ExtraCol4_2",2,NA,NA,"ExtraCol10_4",4
116,7.925,"Missing","S","Missing","","",73,"A","medium",0,"C","",14,"Z","high",46,"Z","",NA,"Z","low",474,"X","medium",147,"ExtraCol4_4",4,"ExtraCol7_1",1,"ExtraCol10_1",1
117,7.75,"Missing","Q","3","","",69,"","high",80,"D","low",62,"X","high",469,"Y","low",NA,"X","high",341,"Z","high",NA,"ExtraCol4_4",4,"ExtraCol7_4",4,"ExtraCol10_4",4
118,21,"Missing","S","13","","medium",NA,"","low",24,"","",70,"Y","medium",385,"Z","low",111,"Y","medium",30,"X","high",397,NA,NA,"ExtraCol7_2",2,"ExtraCol10_4",4
119,247.5208,"B58 B60","C","24","A","",91,"B","medium",NA,"D","",15,"Y","medium",494,"Y","",317,"Y","high",281,"Z","high",59,"ExtraCol4_5",5,NA,NA,"ExtraCol10_1",1
120,31.275,"Missing","S","11","","high",88,"","",97,"","medium",11,"Y","high",42,"Z","low",NA,"Z","high",135,"X","",163,"ExtraCol4_5",5,"ExtraCol7_5",5,"ExtraCol10_1",1
121,73.5,"Missing","S","43","C","low",NA,"C","low",63,"C","unknown",7,"X","low",498,"Y","high",248,"Z","high",NA,"Y","low",158,NA,NA,"ExtraCol7_4",4,"ExtraCol10_1",1
122,8.05,"Missing","S","Missing","","medium",76,"","unknown",NA,"D","",70,"Y","low",299,"Z","medium",237,"Y","medium",460,"X","low",200,"ExtraCol4_4",4,NA,NA,"ExtraCol10_4",4
123,30.0708,"Missing","C","65","D","high",NA,"","low",60,"","high",61,"X","medium",397,"Y","medium",38,"Y","high",412,"Y","high",286,NA,NA,"ExtraCol7_3",3,"ExtraCol10_4",4
124,13,"E101","S","47","D","medium",40,"A","unknown",21,"","low",11,"Z","medium",428,"X","low",NA,"Y","medium",367,"X","high",110,"ExtraCol4_2",2,"ExtraCol7_2",2,"ExtraCol10_1",1
125,77.2875,"D26","S","85","C","",NA,"D","low",69,"C","unknown",50,"X","low",131,"X","medium",477,"Z","",250,"X","low",195,NA,NA,"ExtraCol7_4",4,"ExtraCol10_3",3
126,11.2417,"Missing","C","56","","",60,"A","medium",61,"C","",79,"Y","low",370,"X","medium",122,"X","high",289,"Z","low",458,"ExtraCol4_3",3,"ExtraCol7_4",4,"ExtraCol10_5",5
127,7.75,"Missing","Q","7","B","unknown",41,"C","low",NA,"","",23,"X","high",323,"Y","low",157,"Z","low",457,"Z","high",414,"ExtraCol4_2",2,NA,NA,"ExtraCol10_2",2
128,7.1417,"Missing","S","76","D","low",99,"","",7,"B","",60,"X","medium",206,"Z","low",315,"Z","low",330,"Y","low",478,"ExtraCol4_5",5,"ExtraCol7_1",1,"ExtraCol10_4",4
129,22.3583,"F E69","C","57","","low",17,"D","high",64,"D","high",29,"Y","high",245,"Y","medium",1,"X","low",289,"Z","low",341,"ExtraCol4_1",1,"ExtraCol7_4",4,"ExtraCol10_2",2
130,6.975,"Missing","S","63","","high",9,"","low",NA,"","unknown",NA,"Z","medium",104,"Z","",51,"X","high",48,"Z","high",291,"ExtraCol4_1",1,NA,NA,NA,NA
131,7.8958,"Missing","C","56","A","medium",2,"A","high",77,"A","",NA,"Y","medium",92,"X","high",450,"Y","medium",NA,"Z","low",106,"ExtraCol4_1",1,"ExtraCol7_4",4,NA,NA
132,7.05,"Missing","S","55","A","high",81,"D","",12,"B","",35,"Z","medium",461,"Y","medium",86,"Z","low",404,"Z","low",79,"ExtraCol4_5",5,"ExtraCol7_1",1,"ExtraCol10_2",2
133,14.5,"Missing","S","9","","low",40,"C","medium",53,"","high",49,"Z","medium",365,"","low",288,"Y","high",182,"X","high",NA,"ExtraCol4_2",2,"ExtraCol7_3",3,"ExtraCol10_3",3
134,26,"Missing","S","55","","",43,"","low",81,"B","unknown",20,"Y","high",283,"X","high",441,"X","low",125,"X","low",202,"ExtraCol4_3",3,"ExtraCol7_5",5,"ExtraCol10_2",2
135,13,"Missing","S","79","B","unknown",64,"C","high",89,"","medium",39,"Z","high",347,"Y","medium",366,"Y","low",483,"Y","high",393,"ExtraCol4_4",4,"ExtraCol7_5",5,"ExtraCol10_2",2
136,15.0458,"Missing","C","30","D","",NA,"A","",93,"","",62,"Y","high",202,"Y","high",135,"Y","medium",478,"Y","medium",4,NA,NA,"ExtraCol7_5",5,"ExtraCol10_4",4
137,26.2833,"D47","S","Missing","A","medium",57,"C","low",NA,"","",38,"Y","high",124,"Y","low",76,"Z","high",210,"Z","medium",445,"ExtraCol4_3",3,NA,NA,"ExtraCol10_2",2
138,53.1,"C123","S","3","C","",5,"","",NA,"B","low",NA,"Z","low",471,"Y","low",358,"","high",115,"X","high",85,"ExtraCol4_1",1,NA,NA,NA,NA
139,9.2167,"Missing","S","34","B","high",NA,"B","medium",57,"C","",NA,"Y","medium",494,"X","low",202,"X","high",398,"X","",197,NA,NA,"ExtraCol7_3",3,NA,NA
140,79.2,"B86","C","43","A","low",NA,"","low",46,"D","",13,"Z","high",107,"Z","high",483,"","high",312,"X","low",178,NA,NA,"ExtraCol7_3",3,"ExtraCol10_1",1
141,15.2458,"Missing","C","Missing","D","",45,"B","unknown",23,"","medium",NA,"X","medium",400,"X","low",322,"X","low",450,"Z","low",462,"ExtraCol4_3",3,"ExtraCol7_2",2,NA,NA
142,7.75,"Missing","S","21","A","",16,"","high",NA,"C","low",46,"Y","medium",221,"Z","high",5,"X","medium",272,"Z","medium",360,"ExtraCol4_1",1,NA,NA,"ExtraCol10_3",3
143,15.85,"Missing","S","Missing","","unknown",NA,"","unknown",14,"A","",60,"Y","low",353,"Z","high",125,"","high",275,"Z","high",17,NA,NA,"ExtraCol7_1",1,"ExtraCol10_4",4
144,6.75,"Missing","Q","Missing","","",33,"D","medium",NA,"A","unknown",73,"X","low",54,"X","medium",372,"X","high",NA,"Z","low",426,"ExtraCol4_2",2,NA,NA,"ExtraCol10_4",4
145,11.5,"Missing","S","99","D","medium",27,"","",NA,"","low",NA,"Z","high",239,"X","high",350,"X","medium",301,"Z","medium",338,"ExtraCol4_2",2,NA,NA,NA,NA
146,36.75,"Missing","S","85","A","unknown",29,"A","",NA,"A","",97,"X","low",62,"Y","high",370,"Z","low",181,"Y","medium",34,"ExtraCol4_2",2,NA,NA,"ExtraCol10_5",5
147,7.7958,"Missing","S","3","","",72,"A","low",10,"","low",42,"X","medium",407,"Z","high",116,"Y","high",102,"","low",390,"ExtraCol4_4",4,"ExtraCol7_1",1,"ExtraCol10_3",3
148,34.375,"Missing","S","23","C","",10,"B","medium",26,"B","",88,"X","medium",199,"Y","high",124,"Z","medium",390,"X","",16,"ExtraCol4_1",1,"ExtraCol7_2",2,"ExtraCol10_5",5
149,26,"F2","S","Missing","D","unknown",30,"D","unknown",NA,"D","high",41,"Z","high",131,"Y","medium",104,"Y","medium",172,"Y","low",212,"ExtraCol4_2",2,NA,NA,"ExtraCol10_3",3
150,13,"Missing","S","Missing","A","low",46,"B","medium",NA,"","low",40,"X","high",349,"Z","low",347,"X","high",106,"X","low",81,"ExtraCol4_3",3,NA,NA,"ExtraCol10_3",3
151,12.525,"Missing","S","85","D","",54,"","unknown",44,"B","high",60,"X","medium",477,"Y","low",5,"Z","medium",480,"Z","medium",5,"ExtraCol4_3",3,"ExtraCol7_3",3,"ExtraCol10_4",4
152,66.6,"C2","S","28","C","medium",88,"B","medium",4,"C","",19,"Z","low",169,"Z","medium",407,"Y","medium",481,"Y","high",279,"ExtraCol4_5",5,"ExtraCol7_1",1,"ExtraCol10_2",2
153,8.05,"Missing","S","91","D","unknown",NA,"","medium",1,"A","high",60,"X","",358,"Z","medium",140,"Z","low",247,"","medium",343,NA,NA,"ExtraCol7_1",1,"ExtraCol10_4",4
154,14.5,"Missing","S","29","","low",NA,"","",NA,"D","unknown",NA,"X","high",344,"X","medium",244,"X","low",147,"Y","medium",239,NA,NA,NA,NA,NA,NA
155,7.3125,"Missing","S","43","D","unknown",53,"","",44,"C","",NA,"X","medium",244,"Y","low",123,"Z","medium",80,"Z","high",171,"ExtraCol4_3",3,"ExtraCol7_3",3,NA,NA
156,61.3792,"Missing","C","66","C","low",2,"A","",7,"C","unknown",7,"Y","medium",402,"X","medium",212,"Z","high",313,"Z","high",256,"ExtraCol4_1",1,"ExtraCol7_1",1,"ExtraCol10_1",1
157,7.7333,"Missing","Q","12","","low",61,"D","low",83,"","low",69,"X","high",63,"","medium",382,"","high",305,"Y","high",75,"ExtraCol4_4",4,"ExtraCol7_5",5,"ExtraCol10_4",4
158,8.05,"Missing","S","55","","high",15,"D","medium",NA,"D","low",3,"Z","medium",438,"X","high",99,"Z","medium",309,"Z","high",24,"ExtraCol4_1",1,NA,NA,"ExtraCol10_1",1
159,8.6625,"Missing","S","50","","high",7,"A","high",34,"D","medium",10,"X","",202,"X","high",284,"Z","high",NA,"Z","high",78,"ExtraCol4_1",1,"ExtraCol7_2",2,"ExtraCol10_1",1
160,69.55,"Missing","S","78","B","unknown",67,"C","",45,"A","medium",28,"Y","medium",22,"X","medium",28,"Z","low",235,"Z","high",27,"ExtraCol4_4",4,"ExtraCol7_3",3,"ExtraCol10_2",2
161,16.1,"Missing","S","99","C","",NA,"D","unknown",NA,"C","low",NA,"X","high",NA,"Z","high",88,"X","",341,"","high",384,NA,NA,NA,NA,NA,NA
162,15.75,"Missing","S","Missing","","low",NA,"","",93,"","medium",0,"X","medium",386,"Y","low",342,"Z","medium",327,"X","high",304,NA,NA,"ExtraCol7_5",5,"ExtraCol10_1",1
163,7.775,"Missing","S","40","C","",10,"B","high",78,"B","unknown",NA,"X","",408,"Y","high",284,"Z","low",397,"Y","",93,"ExtraCol4_1",1,"ExtraCol7_4",4,NA,NA
164,8.6625,"Missing","S","40","D","",74,"D","",19,"","high",78,"Z","medium",73,"","high",305,"Y","low",371,"X","low",NA,"ExtraCol4_4",4,"ExtraCol7_1",1,"ExtraCol10_5",5
165,39.6875,"Missing","S","41","","",76,"C","medium",73,"","high",45,"Z","high",375,"Z","low",112,"Y","high",17,"X","medium",242,"ExtraCol4_4",4,"ExtraCol7_4",4,"ExtraCol10_3",3
166,20.525,"Missing","S","81","A","",NA,"","",17,"B","low",19,"X","high",349,"Y","",103,"X","medium",309,"Y","high",55,NA,NA,"ExtraCol7_1",1,"ExtraCol10_2",2
167,55,"E33","S","32","","unknown",83,"A","high",45,"C","low",42,"X","high",451,"Y","medium",NA,"Y","low",487,"","high",485,"ExtraCol4_5",5,"ExtraCol7_3",3,"ExtraCol10_3",3
168,27.9,"Missing","S","16","B","unknown",43,"C","low",NA,"","medium",69,"Z","high",185,"Y","low",64,"Z","high",279,"X","medium",468,"ExtraCol4_3",3,NA,NA,"ExtraCol10_4",4
169,25.925,"Missing","S","Missing","C","high",18,"","unknown",3,"A","",73,"Y","high",463,"Y","medium",NA,"Z","low",264,"Z","",379,"ExtraCol4_1",1,"ExtraCol7_1",1,"ExtraCol10_4",4
170,56.4958,"Missing","S","2","","",NA,"","",NA,"A","unknown",NA,"X","medium",353,"","high",133,"X","medium",303,"X","low",404,NA,NA,NA,NA,NA,NA
171,33.5,"B19","S","10","B","high",21,"A","medium",22,"","",16,"X","medium",NA,"X","high",359,"X","high",279,"Y","medium",273,"ExtraCol4_2",2,"ExtraCol7_2",2,"ExtraCol10_1",1
172,29.125,"Missing","Q","9","B","high",20,"B","medium",NA,"A","",95,"Y","medium",106,"X","",78,"X","low",200,"Z","medium",401,"ExtraCol4_2",2,NA,NA,"ExtraCol10_5",5
173,11.1333,"Missing","S","Missing","B","high",32,"D","unknown",49,"D","medium",NA,"Y","high",451,"X","medium",325,"Y","high",496,"X","medium",264,"ExtraCol4_2",2,"ExtraCol7_3",3,NA,NA
174,7.925,"Missing","S","Missing","D","high",NA,"","medium",2,"C","high",98,"Y","medium",322,"Y","medium",101,"X","",35,"Y","low",83,NA,NA,"ExtraCol7_1",1,"ExtraCol10_5",5
175,30.6958,"A7","C","69","B","medium",NA,"B","medium",NA,"","low",NA,"X","low",59,"Z","high",140,"Z","high",407,"Z","low",83,NA,NA,NA,NA,NA,NA
176,7.8542,"Missing","S","46","","high",NA,"","low",NA,"B","",11,"Y","low",62,"Y","medium",206,"Z","high",79,"Z","medium",427,NA,NA,NA,NA,"ExtraCol10_1",1
177,25.4667,"Missing","S","71","B","unknown",62,"B","medium",95,"B","",NA,"X","",413,"X","medium",NA,"X","high",103,"Z","medium",223,"ExtraCol4_4",4,"ExtraCol7_5",5,NA,NA
178,28.7125,"C49","C","16","A","unknown",33,"C","low",NA,"","",32,"Y","medium",84,"Y","high",62,"Z","low",303,"Y","high",364,"ExtraCol4_2",2,NA,NA,"ExtraCol10_2",2
179,13,"Missing","S","90","B","high",NA,"B","",19,"","unknown",NA,"X","high",109,"Z","medium",376,"Z","low",318,"Z","low",72,NA,NA,"ExtraCol7_1",1,NA,NA
180,0,"Missing","S","50","A","low",51,"","unknown",60,"","",71,"X","high",307,"Y","low",172,"Z","low",463,"Y","medium",223,"ExtraCol4_3",3,"ExtraCol7_3",3,"ExtraCol10_4",4
181,69.55,"Missing","S","93","A","",NA,"C","",36,"","high",NA,"Z","high",431,"X","low",283,"Z","low",147,"Y","high",41,NA,NA,"ExtraCol7_2",2,NA,NA
182,15.05,"Missing","C","Missing","","medium",43,"D","unknown",60,"A","",58,"Y","high",168,"X","",323,"Y","",12,"Z","low",110,"ExtraCol4_3",3,"ExtraCol7_3",3,"ExtraCol10_3",3
183,31.3875,"Missing","S","49","A","low",29,"B","unknown",NA,"C","unknown",NA,"Y","low",332,"Y","medium",311,"Z","low",127,"Z","low",NA,"ExtraCol4_2",2,NA,NA,NA,NA
184,39,"F4","S","69","","",NA,"","",29,"C","low",61,"X","high",351,"Z","medium",313,"X","medium",272,"Y","low",104,NA,NA,"ExtraCol7_2",2,"ExtraCol10_4",4
185,22.025,"Missing","S","49","D","high",NA,"A","high",65,"C","unknown",39,"X","high",300,"X","low",487,"Z","medium",178,"Z","medium",303,NA,NA,"ExtraCol7_4",4,"ExtraCol10_2",2
186,50,"A32","S","44","C","unknown",NA,"D","high",26,"B","unknown",NA,"Z","high",342,"Z","high",315,"Y","medium",126,"Y","high",2,NA,NA,"ExtraCol7_2",2,NA,NA
187,15.5,"Missing","Q","Missing","B","",NA,"","medium",90,"A","",71,"Z","",NA,"Z","low",174,"Z","medium",457,"X","medium",96,NA,NA,"ExtraCol7_5",5,"ExtraCol10_4",4
188,26.55,"Missing","S","38","A","",47,"A","",94,"B","unknown",29,"Y","low",310,"X","low",NA,"Z","low",280,"Y","medium",345,"ExtraCol4_3",3,"ExtraCol7_5",5,"ExtraCol10_2",2
189,15.5,"Missing","Q","Missing","D","",NA,"A","medium",NA,"B","high",19,"X","high",1,"","high",400,"Y","low",336,"Z","high",74,NA,NA,NA,NA,"ExtraCol10_2",2
190,7.8958,"Missing","S","Missing","D","high",NA,"A","low",72,"","",70,"Y","low",365,"X","low",210,"X","high",374,"Y","medium",277,NA,NA,"ExtraCol7_4",4,"ExtraCol10_4",4
191,13,"Missing","S","68","C","",90,"B","high",NA,"D","low",NA,"X","high",396,"Y","high",NA,"X","medium",204,"Y","medium",433,"ExtraCol4_5",5,NA,NA,NA,NA
192,13,"Missing","S","63","A","unknown",67,"D","low",NA,"B","low",44,"X","high",396,"X","high",407,"Z","medium",367,"Z","high",390,"ExtraCol4_4",4,NA,NA,"ExtraCol10_3",3
193,7.8542,"Missing","S","60","","unknown",NA,"A","",73,"","low",NA,"X","high",14,"Z","high",117,"Z","medium",481,"Z","low",61,NA,NA,"ExtraCol7_4",4,NA,NA
194,26,"F2","S","36","","unknown",96,"D","",93,"C","low",18,"Y","medium",455,"X","high",111,"Y","",362,"Y","high",73,"ExtraCol4_5",5,"ExtraCol7_5",5,"ExtraCol10_2",2
195,27.7208,"B4","C","95","A","medium",71,"","high",22,"D","unknown",81,"Y","high",217,"Y","medium",26,"Z","high",148,"Z","low",352,"ExtraCol4_4",4,"ExtraCol7_2",2,"ExtraCol10_5",5
196,146.5208,"B80","C","8","D","",5,"C","medium",NA,"B","low",98,"Y","high",40,"Z","medium",NA,"Z","medium",389,"Y","medium",173,"ExtraCol4_1",1,NA,NA,"ExtraCol10_5",5
197,7.75,"Missing","Q","Missing","A","",72,"B","medium",NA,"","",NA,"Z","high",267,"X","medium",308,"Y","",NA,"Y","low",NA,"ExtraCol4_4",4,NA,NA,NA,NA
198,8.4042,"Missing","S","Missing","","unknown",NA,"D","low",33,"A","",14,"X","medium",285,"X","medium",251,"Z","high",36,"Z","medium",238,NA,NA,"ExtraCol7_2",2,"ExtraCol10_1",1
199,7.75,"Missing","Q","33","D","",NA,"","medium",23,"C","",NA,"X","medium",201,"Z","high",148,"Z","low",222,"X","medium",289,NA,NA,"ExtraCol7_2",2,NA,NA
200,13,"Missing","S","96","D","",48,"B","high",NA,"A","unknown",86,"Z","high",374,"X","medium",105,"Y","high",NA,"X","low",224,"ExtraCol4_3",3,NA,NA,"ExtraCol10_5",5
201,9.5,"Missing","S","Missing","A","low",51,"A","",33,"A","unknown",8,"X","low",271,"","medium",347,"X","medium",234,"X","high",11,"ExtraCol4_3",3,"ExtraCol7_2",2,"ExtraCol10_1",1
202,69.55,"Missing","S","90","","",31,"D","medium",72,"","",NA,"X","low",108,"X","high",42,"Z","low",130,"Z","high",47,"ExtraCol4_2",2,"ExtraCol7_4",4,NA,NA
203,6.4958,"Missing","S","49","C","low",NA,"B","",37,"","unknown",NA,"Z","medium",310,"X","low",350,"Y","high",136,"X","low",NA,NA,NA,"ExtraCol7_2",2,NA,NA
204,7.225,"Missing","C","Missing","C","unknown",61,"B","high",37,"A","",3,"","medium",131,"Y","medium",452,"Y","high",460,"Z","medium",132,"ExtraCol4_4",4,"ExtraCol7_2",2,"ExtraCol10_1",1
205,8.05,"Missing","S","45","","high",NA,"C","high",94,"","low",NA,"","high",59,"Y","high",227,"Z","low",145,"Z","high",408,NA,NA,"ExtraCol7_5",5,NA,NA
206,10.4625,"G6","S","26","D","medium",89,"C","low",NA,"D","",7,"Z","high",133,"Y","high",247,"Z","high",391,"Z","high",485,"ExtraCol4_5",5,NA,NA,"ExtraCol10_1",1
207,15.85,"Missing","S","76","D","high",77,"C","high",92,"C","medium",17,"Y","low",452,"Z","low",NA,"X","low",NA,"Z","low",237,"ExtraCol4_4",4,"ExtraCol7_5",5,"ExtraCol10_1",1
208,18.7875,"Missing","C","Missing","","high",60,"B","low",71,"","high",48,"X","",286,"X","low",47,"Z","",53,"Z","low",13,"ExtraCol4_3",3,"ExtraCol7_4",4,"ExtraCol10_3",3
209,7.75,"Missing","Q","26","","high",NA,"A","medium",NA,"D","unknown",NA,"Z","high",158,"Y","low",313,"X","high",31,"X","medium",35,NA,NA,NA,NA,NA,NA
210,31,"A31","C","77","C","high",33,"","high",NA,"B","",NA,"X","medium",183,"","high",182,"Y","high",121,"Z","medium",407,"ExtraCol4_2",2,NA,NA,NA,NA
211,7.05,"Missing","S","26","A","",76,"A","",93,"D","low",NA,"Z","low",429,"Z","low",234,"Z","high",420,"X","",171,"ExtraCol4_4",4,"ExtraCol7_5",5,NA,NA
212,21,"Missing","S","Missing","","medium",31,"","high",94,"","medium",20,"Y","medium",333,"Y","low",11,"X","medium",227,"Y","medium",440,"ExtraCol4_2",2,"ExtraCol7_5",5,"ExtraCol10_2",2
213,7.25,"Missing","S","78","A","",26,"","unknown",4,"","",87,"Z","high",386,"Z","medium",438,"X","low",347,"Z","medium",253,"ExtraCol4_2",2,"ExtraCol7_1",1,"ExtraCol10_5",5
214,13,"Missing","S","44","D","",86,"C","",35,"A","unknown",NA,"Z","medium",305,"X","high",166,"Z","medium",481,"X","medium",439,"ExtraCol4_5",5,"ExtraCol7_2",2,NA,NA
215,7.75,"Missing","Q","Missing","","",NA,"D","unknown",41,"","",NA,"Z","medium",496,"Y","low",37,"Y","medium",24,"X","medium",NA,NA,NA,"ExtraCol7_3",3,NA,NA
216,113.275,"D36","C","27","A","low",NA,"A","",NA,"A","",72,"X","medium",328,"X","low",NA,"Z","low",54,"Z","high",429,NA,NA,NA,NA,"ExtraCol10_4",4
217,7.925,"Missing","S","Missing","A","unknown",86,"D","medium",77,"A","low",48,"Z","high",200,"X","low",489,"Y","medium",460,"","high",273,"ExtraCol4_5",5,"ExtraCol7_4",4,"ExtraCol10_3",3
218,27,"Missing","S","Missing","A","low",NA,"D","unknown",69,"","",41,"X","medium",126,"Z","low",259,"","low",283,"X","high",218,NA,NA,"ExtraCol7_4",4,"ExtraCol10_3",3
219,76.2917,"D15","C","44","C","low",NA,"C","medium",21,"D","unknown",75,"X","high",23,"Z","low",16,"Y","",308,"X","low",264,NA,NA,"ExtraCol7_2",2,"ExtraCol10_4",4
220,10.5,"Missing","S","90","B","",52,"C","low",NA,"","low",NA,"Y","high",383,"X","low",495,"Z","low",170,"X","medium",163,"ExtraCol4_3",3,NA,NA,NA,NA
221,8.05,"Missing","S","12","D","low",NA,"","",NA,"","",82,"X","medium",466,"Y","medium",104,"Y","low",413,"Y","low",301,NA,NA,NA,NA,"ExtraCol10_5",5
222,13,"Missing","S","45","B","medium",NA,"A","",44,"D","",68,"Y","medium",332,"Z","low",NA,"","low",323,"","high",385,NA,NA,"ExtraCol7_3",3,"ExtraCol10_4",4
223,8.05,"Missing","S","Missing","","medium",NA,"","",NA,"A","low",76,"X","high",243,"X","medium",354,"Y","high",128,"Y","medium",405,NA,NA,NA,NA,"ExtraCol10_4",4
224,7.8958,"Missing","S","20","C","",NA,"","",NA,"","low",42,"Y","low",65,"Z","medium",165,"Y","high",324,"X","low",489,NA,NA,NA,NA,"ExtraCol10_3",3
225,90,"C93","S","Missing","C","",79,"","high",92,"","medium",38,"Y","low",321,"X","medium",42,"Y","medium",1,"Z","high",NA,"ExtraCol4_5",5,"ExtraCol7_5",5,"ExtraCol10_2",2
226,9.35,"Missing","S","30","","high",59,"A","low",90,"D","high",57,"Y","low",NA,"Y","medium",341,"Y","medium",120,"Y","medium",384,"ExtraCol4_3",3,"ExtraCol7_5",5,"ExtraCol10_3",3
227,10.5,"Missing","S","80","","low",NA,"A","high",1,"","high",64,"","",311,"Z","medium",131,"Z","low",101,"X","low",444,NA,NA,"ExtraCol7_1",1,"ExtraCol10_4",4
228,7.25,"Missing","S","57","C","high",40,"A","high",NA,"C","high",92,"Z","high",150,"Z","high",430,"X","high",392,"Y","low",8,"ExtraCol4_2",2,NA,NA,"ExtraCol10_5",5
229,13,"Missing","S","54","","high",38,"C","unknown",NA,"A","",85,"X","high",432,"X","low",76,"Y","high",367,"X","high",237,"ExtraCol4_2",2,NA,NA,"ExtraCol10_5",5
230,25.4667,"Missing","S","17","","high",42,"C","",82,"C","medium",5,"Z","low",468,"X","medium",453,"","high",45,"Y","low",350,"ExtraCol4_2",2,"ExtraCol7_5",5,"ExtraCol10_1",1
231,83.475,"C83","S","46","","high",99,"","",80,"C","medium",15,"Y","low",117,"X","medium",361,"Z","medium",453,"Z","medium",228,"ExtraCol4_5",5,"ExtraCol7_4",4,"ExtraCol10_1",1
232,7.775,"Missing","S","85","C","",NA,"A","low",NA,"D","medium",94,"Y","low",163,"Y","medium",119,"Y","low",NA,"Y","high",50,NA,NA,NA,NA,"ExtraCol10_5",5
233,13.5,"Missing","S","Missing","D","",15,"A","high",6,"","",NA,"Y","low",NA,"X","low",289,"Y","",217,"Z","low",327,"ExtraCol4_1",1,"ExtraCol7_1",1,NA,NA
234,31.3875,"Missing","S","75","C","",4,"A","unknown",NA,"A","low",NA,"X","",9,"Z","low",469,"X","medium",105,"Z","low",203,"ExtraCol4_1",1,NA,NA,NA,NA
235,10.5,"Missing","S","Missing","","high",51,"","low",NA,"A","",5,"Z","medium",258,"X","high",32,"Y","",210,"Y","low",308,"ExtraCol4_3",3,NA,NA,"ExtraCol10_1",1
236,7.55,"Missing","S","Missing","","unknown",80,"","medium",NA,"D","unknown",NA,"X","high",70,"Y","high",409,"X","low",294,"","high",0,"ExtraCol4_5",5,NA,NA,NA,NA
237,26,"Missing","S","Missing","B","high",NA,"B","",8,"A","",40,"Z","low",216,"Z","medium",230,"X","low",315,"Z","medium",5,NA,NA,"ExtraCol7_1",1,"ExtraCol10_3",3
238,26.25,"Missing","S","43","A","low",56,"","",NA,"D","",NA,"X","high",16,"Y","low",474,"Z","high",173,"Y","low",301,"ExtraCol4_3",3,NA,NA,NA,NA
239,10.5,"Missing","S","30","A","medium",79,"B","",43,"B","medium",77,"Z","high",70,"Y","medium",104,"Y","low",50,"Z","low",491,"ExtraCol4_5",5,"ExtraCol7_3",3,"ExtraCol10_5",5
240,12.275,"Missing","S","62","","high",51,"D","medium",76,"","high",89,"Y","low",201,"X","low",359,"Z","high",304,"Y","high",319,"ExtraCol4_3",3,"ExtraCol7_4",4,"ExtraCol10_5",5
241,14.4542,"Missing","C","14","","low",90,"","medium",31,"D","high",NA,"Y","low",NA,"Z","low",483,"X","high",352,"Z","low",471,"ExtraCol4_5",5,"ExtraCol7_2",2,NA,NA
242,15.5,"Missing","Q","58","","unknown",63,"","unknown",NA,"C","",NA,"Z","medium",398,"","low",171,"Z","low",133,"X","low",423,"ExtraCol4_4",4,NA,NA,NA,NA
243,10.5,"Missing","S","9","B","unknown",73,"B","",NA,"C","low",54,"X","high",289,"Z","low",53,"Y","medium",319,"Y","medium",140,"ExtraCol4_4",4,NA,NA,"ExtraCol10_3",3
244,7.125,"Missing","S","64","C","unknown",78,"A","low",NA,"D","",54,"Y","high",225,"X","low",196,"X","low",284,"X","medium",51,"ExtraCol4_4",4,NA,NA,"ExtraCol10_3",3
245,7.225,"Missing","C","Missing","D","low",62,"D","unknown",29,"D","high",3,"Z","high",236,"Y","low",299,"Y","high",250,"X","medium",279,"ExtraCol4_4",4,"ExtraCol7_2",2,"ExtraCol10_1",1
246,90,"C78","Q","8","D","high",5,"","medium",25,"C","low",NA,"X","low",419,"Z","medium",315,"Z","medium",4,"Y","high",310,"ExtraCol4_1",1,"ExtraCol7_2",2,NA,NA
247,7.775,"Missing","S","Missing","B","high",42,"","unknown",NA,"B","high",NA,"X","high",422,"Z","high",240,"Z","low",153,"X","low",385,"ExtraCol4_2",2,NA,NA,NA,NA
248,14.5,"Missing","S","41","B","high",14,"A","",28,"D","",NA,"Y","high",23,"","low",466,"","high",187,"X","medium",260,"ExtraCol4_1",1,"ExtraCol7_2",2,NA,NA
249,52.5542,"D35","S","78","","unknown",51,"B","",68,"C","",NA,"X","",342,"Z","low",289,"Z","high",416,"Z","low",NA,"ExtraCol4_3",3,"ExtraCol7_4",4,NA,NA
250,26,"Missing","S","4","A","",NA,"","low",NA,"","high",44,"Z","low",234,"X","low",320,"X","high",413,"X","medium",421,NA,NA,NA,NA,"ExtraCol10_3",3
251,7.25,"Missing","S","17","C","high",NA,"C","unknown",NA,"","",NA,"Z","low",391,"Z","medium",478,"X","medium",436,"Z","low",292,NA,NA,NA,NA,NA,NA
252,10.4625,"G6","S","49","B","high",NA,"A","high",NA,"C","",NA,"X","low",393,"Y","high",469,"Z","high",231,"X","high",275,NA,NA,NA,NA,NA,NA
253,26.55,"C87","S","18","","",2,"C","medium",NA,"B","low",70,"X","high",354,"","low",170,"Y","medium",163,"Y","high",9,"ExtraCol4_1",1,NA,NA,"ExtraCol10_4",4
254,16.1,"Missing","S","Missing","C","unknown",NA,"D","unknown",58,"D","medium",63,"Z","low",337,"Y","low",143,"Y","medium",249,"X","high",390,NA,NA,"ExtraCol7_3",3,"ExtraCol10_4",4
255,20.2125,"Missing","S","Missing","B","",50,"D","unknown",NA,"","high",10,"Y","high",105,"Y","low",374,"Z","medium",395,"X","low",340,"ExtraCol4_3",3,NA,NA,"ExtraCol10_1",1
256,15.2458,"Missing","C","14","","unknown",7,"","",25,"","medium",29,"Z","low",426,"Z","medium",262,"Z","low",NA,"Z","low",448,"ExtraCol4_1",1,"ExtraCol7_2",2,"ExtraCol10_2",2
257,79.2,"Missing","C","Missing","C","low",NA,"","",98,"C","unknown",84,"Z","high",350,"Z","medium",223,"Z","medium",300,"X","high",46,NA,NA,"ExtraCol7_5",5,"ExtraCol10_5",5
258,86.5,"B77","S","10","A","",75,"C","high",20,"C","unknown",NA,"Y","high",136,"Z","medium",349,"","high",217,"Z","medium",73,"ExtraCol4_4",4,"ExtraCol7_1",1,NA,NA
259,512.3292,"Missing","C","Missing","","high",70,"A","medium",13,"C","unknown",NA,"X","medium",116,"X","low",330,"Z","low",348,"Y","low",335,"ExtraCol4_4",4,"ExtraCol7_1",1,NA,NA
260,26,"Missing","S","58","A","low",17,"A","",82,"D","low",52,"Y","medium",250,"Y","high",456,"X","medium",433,"Y","medium",244,"ExtraCol4_1",1,"ExtraCol7_5",5,"ExtraCol10_3",3
261,7.75,"Missing","Q","79","B","medium",NA,"D","",89,"B","",11,"Y","low",171,"Z","medium",182,"","low",333,"Z","high",293,NA,NA,"ExtraCol7_5",5,"ExtraCol10_1",1
262,31.3875,"Missing","S","17","D","",63,"","",9,"D","low",12,"Y","low",338,"","high",NA,"Y","medium",201,"","high",217,"ExtraCol4_4",4,"ExtraCol7_1",1,"ExtraCol10_1",1
263,79.65,"E67","S","29","A","high",39,"","",59,"","high",98,"X","high",203,"Y","high",113,"Y","high",419,"Y","low",320,"ExtraCol4_2",2,"ExtraCol7_3",3,"ExtraCol10_5",5
264,0,"B94","S","92","","low",0,"","",NA,"A","medium",3,"X","high",84,"Z","low",468,"X","high",471,"Y","",329,"ExtraCol4_1",1,NA,NA,"ExtraCol10_1",1
265,7.75,"Missing","Q","98","C","medium",NA,"","",22,"C","",2,"","high",197,"Y","low",41,"Z","low",398,"Y","",94,NA,NA,"ExtraCol7_2",2,"ExtraCol10_1",1
266,10.5,"Missing","S","58","D","",79,"C","medium",NA,"A","",1,"Y","medium",407,"X","high",375,"X","high",438,"Z","medium",380,"ExtraCol4_5",5,NA,NA,"ExtraCol10_1",1
267,39.6875,"Missing","S","44","","high",3,"C","low",68,"D","low",62,"Y","low",415,"Z","high",50,"Y","low",132,"Y","high",246,"ExtraCol4_1",1,"ExtraCol7_4",4,"ExtraCol10_4",4
268,7.775,"Missing","S","34","C","medium",NA,"D","unknown",57,"","high",NA,"X","low",155,"Y","medium",440,"X","low",210,"X","high",287,NA,NA,"ExtraCol7_3",3,NA,NA
269,153.4625,"C125","S","61","D","high",38,"D","high",51,"","high",NA,"Z","high",397,"Y","low",479,"Z","high",124,"Z","medium",308,"ExtraCol4_2",2,"ExtraCol7_3",3,NA,NA
270,135.6333,"C99","S","Missing","","high",NA,"A","high",88,"C","high",79,"Z","low",46,"X","low",408,"X","low",182,"Y","medium",372,NA,NA,"ExtraCol7_5",5,"ExtraCol10_5",5
271,31,"Missing","S","29","A","",47,"","low",NA,"B","medium",71,"Z","low",492,"X","high",394,"Z","low",366,"Z","medium",150,"ExtraCol4_3",3,NA,NA,"ExtraCol10_4",4
272,0,"Missing","S","Missing","D","",42,"A","low",62,"B","",NA,"Z","low",382,"Y","high",239,"Z","low",338,"Y","medium",3,"ExtraCol4_2",2,"ExtraCol7_4",4,NA,NA
273,19.5,"Missing","S","15","A","unknown",NA,"B","low",31,"D","",7,"Y","medium",20,"Z","",122,"Y","medium",1,"X","low",90,NA,NA,"ExtraCol7_2",2,"ExtraCol10_1",1
274,29.7,"C118","C","95","C","low",5,"B","",97,"","",48,"X","high",352,"X","",492,"X","medium",377,"Z","high",482,"ExtraCol4_1",1,"ExtraCol7_5",5,"ExtraCol10_3",3
275,7.75,"Missing","Q","41","B","",3,"D","unknown",25,"D","unknown",8,"Y","medium",247,"Z","low",264,"X","high",96,"","medium",111,"ExtraCol4_1",1,"ExtraCol7_2",2,"ExtraCol10_1",1
276,77.9583,"D7","S","48","C","low",9,"","medium",NA,"B","medium",11,"Y","high",441,"Z","low",408,"Y","high",92,"X","low",124,"ExtraCol4_1",1,NA,NA,"ExtraCol10_1",1
277,7.75,"Missing","S","Missing","","low",69,"","high",63,"","low",46,"Z","medium",119,"","medium",357,"Y","high",271,"Z","medium",429,"ExtraCol4_4",4,"ExtraCol7_4",4,"ExtraCol10_3",3
278,0,"Missing","S","78","","",78,"","",NA,"C","unknown",NA,"X","high",446,"Z","medium",350,"Y","medium",120,"X","medium",117,"ExtraCol4_4",4,NA,NA,NA,NA
279,29.125,"Missing","Q","Missing","C","",NA,"B","unknown",75,"A","medium",99,"X","",435,"Z","",176,"X","low",481,"Z","high",232,NA,NA,"ExtraCol7_4",4,"ExtraCol10_5",5
280,20.25,"Missing","S","Missing","","high",7,"","medium",24,"A","low",NA,"X","medium",139,"Z","low",213,"","high",73,"Y","high",185,"ExtraCol4_1",1,"ExtraCol7_2",2,NA,NA
281,7.75,"Missing","Q","Missing","B","medium",41,"","medium",26,"","low",27,"X","low",216,"","high",NA,"X","medium",75,"Y","medium",NA,"ExtraCol4_2",2,"ExtraCol7_2",2,"ExtraCol10_2",2
282,7.8542,"Missing","S","Missing","","",98,"","",34,"","medium",32,"Y","high",320,"Z","medium",NA,"Y","low",380,"X","high",297,"ExtraCol4_5",5,"ExtraCol7_2",2,"ExtraCol10_2",2
283,9.5,"Missing","S","67","D","medium",NA,"D","low",68,"A","low",NA,"X","medium",120,"Z","",359,"X","medium",143,"X","low",257,NA,NA,"ExtraCol7_4",4,NA,NA
284,8.05,"Missing","S","49","A","low",NA,"A","unknown",39,"C","",NA,"X","low",499,"X","high",99,"Y","medium",357,"Z","high",250,NA,NA,"ExtraCol7_2",2,NA,NA
285,26,"A19","S","44","B","medium",53,"C","",56,"A","high",51,"Y","low",NA,"Y","medium",113,"Y","medium",340,"Y","medium",417,"ExtraCol4_3",3,"ExtraCol7_3",3,"ExtraCol10_3",3
286,8.6625,"Missing","C","Missing","C","high",NA,"B","medium",55,"D","",76,"Z","medium",121,"","medium",24,"Z","medium",94,"","medium",290,NA,NA,"ExtraCol7_3",3,"ExtraCol10_4",4
287,9.5,"Missing","S","Missing","","high",NA,"","high",19,"D","",84,"Y","medium",250,"Y","low",NA,"Y","high",289,"Y","",254,NA,NA,"ExtraCol7_1",1,"ExtraCol10_5",5
288,7.8958,"Missing","S","57","D","medium",47,"C","high",23,"","low",5,"X","low",236,"X","high",334,"X","low",268,"Z","low",443,"ExtraCol4_3",3,"ExtraCol7_2",2,"ExtraCol10_1",1
289,13,"Missing","S","Missing","B","",NA,"","",30,"A","unknown",28,"X","medium",25,"Z","high",105,"X","high",47,"X","high",46,NA,NA,"ExtraCol7_2",2,"ExtraCol10_2",2
290,7.75,"Missing","Q","47","D","high",NA,"","high",NA,"B","",25,"Z","",455,"","low",355,"Z","low",382,"Z","",416,NA,NA,NA,NA,"ExtraCol10_2",2
291,78.85,"Missing","S","Missing","","",NA,"D","unknown",NA,"","",55,"Y","high",120,"Z","high",1,"Z","low",428,"Z","high",98,NA,NA,NA,NA,"ExtraCol10_3",3
292,91.0792,"B49","C","26","C","medium",5,"","",NA,"","high",NA,"Y","low",51,"X","high",433,"X","high",473,"Y","low",165,"ExtraCol4_1",1,NA,NA,NA,NA
293,12.875,"D","C","95","C","",0,"","",NA,"C","",NA,"Z","",259,"X","medium",345,"Z","low",43,"X","low",6,"ExtraCol4_1",1,NA,NA,NA,NA
294,8.85,"Missing","S","33","A","unknown",41,"A","",67,"C","",91,"Y","high",464,"Y","high",341,"Y","high",89,"Z","high",285,"ExtraCol4_2",2,"ExtraCol7_4",4,"ExtraCol10_5",5
295,7.8958,"Missing","S","Missing","A","",NA,"D","",NA,"C","unknown",33,"Y","low",1,"X","medium",353,"","high",412,"Z","high",415,NA,NA,NA,NA,"ExtraCol10_2",2
296,27.7208,"Missing","C","Missing","","",NA,"","unknown",68,"","high",NA,"Z","low",244,"Y","",179,"Y","",152,"","low",190,NA,NA,"ExtraCol7_4",4,NA,NA
297,7.2292,"Missing","C","84","C","",7,"B","medium",NA,"A","medium",43,"X","",455,"Y","low",497,"Z","medium",312,"Y","low",331,"ExtraCol4_1",1,NA,NA,"ExtraCol10_3",3
298,151.55,"C22 C26","S","Missing","","high",67,"D","",NA,"","unknown",NA,"Y","high",446,"X","low",NA,"X","high",174,"Z","medium",196,"ExtraCol4_4",4,NA,NA,NA,NA
299,30.5,"C106","S","28","A","high",45,"","high",89,"","medium",88,"Y","high",85,"Z","medium",90,"Z","high",108,"X","low",379,"ExtraCol4_3",3,"ExtraCol7_5",5,"ExtraCol10_5",5
300,247.5208,"B58 B60","C","2","","",23,"","",20,"D","",NA,"X","medium",NA,"X","low",461,"X","medium",312,"X","medium",499,"ExtraCol4_2",2,"ExtraCol7_1",1,NA,NA
301,7.75,"Missing","Q","36","D","unknown",20,"D","medium",16,"C","low",33,"","high",417,"Z","high",369,"Z","low",102,"Y","low",357,"ExtraCol4_2",2,"ExtraCol7_1",1,"ExtraCol10_2",2
302,23.25,"Missing","Q","82","","unknown",66,"D","unknown",39,"B","low",NA,"Z","medium",335,"X","low",155,"X","medium",68,"Y","low",170,"ExtraCol4_4",4,"ExtraCol7_2",2,NA,NA
303,0,"Missing","S","0","B","unknown",52,"B","unknown",83,"C","unknown",38,"X","high",328,"Y","high",473,"X","low",265,"Y","low",412,"ExtraCol4_3",3,"ExtraCol7_5",5,"ExtraCol10_2",2
304,12.35,"E101","Q","89","","unknown",NA,"B","medium",96,"C","",NA,"Y","high",386,"Z","medium",124,"X","low",96,"Y","low",18,NA,NA,"ExtraCol7_5",5,NA,NA
305,8.05,"Missing","S","Missing","D","unknown",28,"","medium",NA,"","",30,"Y","high",226,"X","high",322,"Z","high",96,"Z","low",493,"ExtraCol4_2",2,NA,NA,"ExtraCol10_2",2
306,151.55,"C22 C26","S","14","B","",52,"A","",NA,"B","",10,"X","medium",33,"Z","high",335,"Y","medium",390,"Y","medium",419,"ExtraCol4_3",3,NA,NA,"ExtraCol10_1",1
307,110.8833,"Missing","C","Missing","B","low",86,"C","",23,"C","",NA,"X","medium",319,"X","high",481,"Z","high",264,"Y","low",326,"ExtraCol4_5",5,"ExtraCol7_2",2,NA,NA
308,108.9,"C65","C","55","C","",31,"","medium",59,"A","",65,"","low",313,"Z","medium",285,"X","high",271,"Z","low",310,"ExtraCol4_2",2,"ExtraCol7_3",3,"ExtraCol10_4",4
309,24,"Missing","C","31","A","low",39,"D","",18,"A","high",93,"Z","high",425,"Z","high",497,"Z","low",71,"X","low",126,"ExtraCol4_2",2,"ExtraCol7_1",1,"ExtraCol10_5",5
310,56.9292,"E36","C","Missing","D","low",16,"","low",53,"A","",0,"Y","low",461,"X","low",142,"Z","high",80,"Z","high",215,"ExtraCol4_1",1,"ExtraCol7_3",3,"ExtraCol10_1",1
311,83.1583,"C54","C","66","D","unknown",NA,"C","",NA,"","medium",63,"Y","medium",168,"Y","medium",400,"Y","high",195,"Z","low",50,NA,NA,NA,NA,"ExtraCol10_4",4
312,262.375,"B57 B59 B63 B66","C","67","","unknown",3,"C","medium",7,"A","low",56,"Y","medium",478,"Z","low",122,"Z","low",NA,"Y","high",169,"ExtraCol4_1",1,"ExtraCol7_1",1,"ExtraCol10_3",3
313,26,"Missing","S","Missing","C","high",24,"C","unknown",96,"B","unknown",62,"Z","",4,"X","low",499,"X","medium",225,"Y","low",294,"ExtraCol4_2",2,"ExtraCol7_5",5,"ExtraCol10_4",4
314,7.8958,"Missing","S","28","C","high",NA,"A","unknown",89,"","unknown",98,"Z","high",484,"X","medium",381,"X","high",67,"Y","low",181,NA,NA,"ExtraCol7_5",5,"ExtraCol10_5",5
315,26.25,"Missing","S","24","","",1,"B","unknown",NA,"B","medium",39,"X","high",NA,"X","low",312,"X","low",449,"X","medium",385,"ExtraCol4_1",1,NA,NA,"ExtraCol10_2",2
316,7.8542,"Missing","S","Missing","D","",98,"","",62,"A","",NA,"Y","high",322,"","medium",33,"X","",181,"Y","high",426,"ExtraCol4_5",5,"ExtraCol7_4",4,NA,NA
317,26,"Missing","S","Missing","","unknown",40,"B","",NA,"D","low",1,"Y","",341,"Z","medium",NA,"Z","medium",408,"Z","low",280,"ExtraCol4_2",2,NA,NA,"ExtraCol10_1",1
318,14,"Missing","S","Missing","","medium",NA,"D","high",57,"B","",NA,"X","medium",316,"Y","",72,"Y","high",200,"","low",170,NA,NA,"ExtraCol7_3",3,NA,NA
319,164.8667,"C7","S","93","C","high",53,"","unknown",NA,"A","",17,"","medium",495,"Y","medium",458,"Y","low",236,"X","high",151,"ExtraCol4_3",3,NA,NA,"ExtraCol10_1",1
320,134.5,"E34","C","Missing","","",NA,"B","low",53,"","",NA,"X","high",276,"Z","high",189,"Z","high",56,"Y","low",273,NA,NA,"ExtraCol7_3",3,NA,NA
321,7.25,"Missing","S","Missing","D","low",NA,"","high",NA,"","low",NA,"Z","medium",65,"X","medium",415,"Z","high",338,"X","low",359,NA,NA,NA,NA,NA,NA
322,7.8958,"Missing","S","Missing","D","",88,"A","low",39,"","",27,"X","medium",303,"Z","low",453,"Y","low",29,"Z","low",63,"ExtraCol4_5",5,"ExtraCol7_2",2,"ExtraCol10_2",2
323,12.35,"Missing","Q","Missing","C","",NA,"B","",84,"","low",11,"Y","low",145,"X","medium",55,"Y","low",373,"Y","high",223,NA,NA,"ExtraCol7_5",5,"ExtraCol10_1",1
324,29,"Missing","S","91","B","",NA,"B","medium",25,"","high",NA,"Z","medium",306,"X","medium",379,"X","medium",440,"","high",220,NA,NA,"ExtraCol7_2",2,NA,NA
325,69.55,"Missing","S","Missing","B","medium",70,"D","high",96,"B","high",65,"Y","medium",190,"","high",151,"Z","medium",180,"Y","high",143,"ExtraCol4_4",4,"ExtraCol7_5",5,"ExtraCol10_4",4
326,135.6333,"C32","C","23","B","high",30,"","unknown",75,"","",28,"X","low",21,"Y","medium",54,"Z","low",443,"Y","medium",118,"ExtraCol4_2",2,"ExtraCol7_4",4,"ExtraCol10_2",2
327,6.2375,"Missing","S","23","C","unknown",99,"A","low",89,"B","low",13,"X","high",318,"Y","low",130,"Y","low",349,"Y","low",420,"ExtraCol4_5",5,"ExtraCol7_5",5,"ExtraCol10_1",1
328,13,"D","S","3","","high",25,"","high",50,"","medium",57,"Y","high",44,"X","low",274,"Y","medium",1,"Y","low",216,"ExtraCol4_2",2,"ExtraCol7_3",3,"ExtraCol10_3",3
329,20.525,"Missing","S","Missing","C","medium",29,"","low",22,"A","low",NA,"Z","high",163,"Y","low",NA,"Z","high",101,"Z","high",288,"ExtraCol4_2",2,"ExtraCol7_2",2,NA,NA
330,57.9792,"B18","C","55","D","medium",71,"A","low",3,"D","high",NA,"Y","low",309,"Z","medium",345,"Y","medium",320,"Z","high",19,"ExtraCol4_4",4,"ExtraCol7_1",1,NA,NA
331,23.25,"Missing","Q","54","","high",78,"C","",53,"","low",38,"X","low",440,"X","",116,"Y","high",350,"X","low",141,"ExtraCol4_4",4,"ExtraCol7_3",3,"ExtraCol10_2",2
332,28.5,"C124","S","Missing","C","medium",12,"C","high",39,"D","high",NA,"Z","low",157,"X","high",147,"Z","",46,"X","high",111,"ExtraCol4_1",1,"ExtraCol7_2",2,NA,NA
333,153.4625,"C91","S","30","","high",55,"","low",11,"C","unknown",24,"Y","high",149,"X","low",152,"","medium",342,"Z","high",164,"ExtraCol4_3",3,"ExtraCol7_1",1,"ExtraCol10_2",2
334,18,"Missing","S","82","C","",NA,"B","medium",NA,"D","high",28,"X","high",150,"Y","medium",368,"Z","high",405,"Y","high",420,NA,NA,NA,NA,"ExtraCol10_2",2
335,133.65,"Missing","S","Missing","","",61,"","",97,"","",14,"Y","medium",287,"Z","low",259,"X","medium",45,"X","high",NA,"ExtraCol4_4",4,"ExtraCol7_5",5,"ExtraCol10_1",1
336,7.8958,"Missing","S","80","","unknown",55,"","medium",NA,"D","",NA,"X","low",96,"X","high",11,"","high",439,"Y","medium",451,"ExtraCol4_3",3,NA,NA,NA,NA
337,66.6,"C2","S","96","","medium",NA,"B","unknown",NA,"C","",14,"Z","medium",NA,"Z","medium",38,"Y","high",266,"X","low",211,NA,NA,NA,NA,"ExtraCol10_1",1
338,134.5,"E40","C","31","","medium",NA,"","",NA,"D","",68,"Z","high",400,"Z","medium",37,"X","high",308,"X","",385,NA,NA,NA,NA,"ExtraCol10_4",4
339,8.05,"Missing","S","20","","high",65,"","",NA,"","",NA,"X","medium",NA,"Y","medium",480,"Z","low",25,"X","low",80,"ExtraCol4_4",4,NA,NA,NA,NA
340,35.5,"T","S","95","","",67,"D","",62,"","unknown",NA,"Y","low",482,"Z","low",252,"Y","low",306,"X","",407,"ExtraCol4_4",4,"ExtraCol7_4",4,NA,NA
341,26,"F2","S","63","","unknown",NA,"C","high",41,"C","unknown",NA,"X","",265,"","low",245,"Z","high",227,"X","high",305,NA,NA,"ExtraCol7_3",3,NA,NA
342,263,"C23 C25 C27","S","29","","low",NA,"","medium",NA,"A","medium",63,"Y","high",313,"Z","high",380,"","high",185,"Z","low",19,NA,NA,NA,NA,"ExtraCol10_4",4
343,13,"Missing","S","62","B","unknown",72,"B","",18,"","medium",75,"X","high",308,"Y","low",95,"Y","medium",390,"Y","high",344,"ExtraCol4_4",4,"ExtraCol7_1",1,"ExtraCol10_4",4
344,13,"Missing","S","51","C","",77,"","medium",66,"A","low",56,"Z","medium",472,"X","high",15,"Y","low",NA,"Y","high",239,"ExtraCol4_4",4,"ExtraCol7_4",4,"ExtraCol10_3",3
345,13,"Missing","S","Missing","A","",12,"B","low",98,"A","",NA,"X","high",332,"Z","low",NA,"Y","high",29,"Z","medium",NA,"ExtraCol4_1",1,"ExtraCol7_5",5,NA,NA
346,13,"F33","S","25","C","high",88,"","low",85,"","high",25,"Z","low",441,"Y","low",NA,"","medium",249,"Z","low",423,"ExtraCol4_5",5,"ExtraCol7_5",5,"ExtraCol10_2",2
347,13,"Missing","S","99","","unknown",NA,"","medium",4,"","",NA,"X","high",142,"X","high",399,"X","low",371,"Z","low",268,NA,NA,"ExtraCol7_1",1,NA,NA
348,16.1,"Missing","S","Missing","","low",NA,"C","unknown",11,"A","medium",NA,"X","low",108,"Z","high",409,"Y","medium",66,"X","high",303,NA,NA,"ExtraCol7_1",1,NA,NA
349,15.9,"Missing","S","Missing","","high",48,"","low",62,"B","low",NA,"Z","medium",321,"Y","high",317,"","low",492,"Z","low",NA,"ExtraCol4_3",3,"ExtraCol7_4",4,NA,NA
350,8.6625,"Missing","S","16","B","low",48,"","",92,"B","low",49,"Z","medium",76,"Z","high",454,"","low",336,"Z","high",NA,"ExtraCol4_3",3,"ExtraCol7_5",5,"ExtraCol10_3",3
351,9.225,"Missing","S","Missing","A","low",91,"","medium",84,"C","",90,"X","high",55,"Z","medium",232,"Y","low",467,"X","low",166,"ExtraCol4_5",5,"ExtraCol7_5",5,"ExtraCol10_5",5
352,35,"C128","S","Missing","B","unknown",96,"A","high",90,"","low",27,"X","low",105,"X","low",120,"Z","high",235,"Z","medium",350,"ExtraCol4_5",5,"ExtraCol7_5",5,"ExtraCol10_2",2
353,7.2292,"Missing","C","29","C","high",80,"A","low",14,"C","",51,"Z","low",135,"Z","medium",165,"X","low",61,"Z","medium",169,"ExtraCol4_5",5,"ExtraCol7_1",1,"ExtraCol10_3",3
354,17.8,"Missing","S","43","A","medium",65,"B","low",51,"B","",NA,"Z","high",48,"","medium",70,"Z","medium",88,"Z","low",444,"ExtraCol4_4",4,"ExtraCol7_3",3,NA,NA
355,7.225,"Missing","C","96","C","high",10,"B","low",72,"D","",63,"Y","medium",364,"Z","high",450,"Y","low",250,"Y","high",158,"ExtraCol4_1",1,"ExtraCol7_4",4,"ExtraCol10_4",4
356,9.5,"Missing","S","99","A","medium",91,"C","medium",62,"B","",NA,"X","high",291,"X","",302,"","",294,"X","high",NA,"ExtraCol4_5",5,"ExtraCol7_4",4,NA,NA
357,55,"E33","S","15","D","medium",13,"A","",77,"B","high",41,"X","medium",100,"Z","low",386,"Z","high",367,"Z","low",222,"ExtraCol4_1",1,"ExtraCol7_4",4,"ExtraCol10_3",3
358,13,"Missing","S","89","C","medium",16,"B","unknown",21,"A","medium",0,"X","medium",141,"Z","medium",140,"X","high",397,"Y","high",9,"ExtraCol4_1",1,"ExtraCol7_2",2,"ExtraCol10_1",1
359,7.8792,"Missing","Q","Missing","B","medium",6,"D","",45,"D","",NA,"Z","high",464,"Z","high",359,"X","low",381,"Z","high",405,"ExtraCol4_1",1,"ExtraCol7_3",3,NA,NA
360,7.8792,"Missing","Q","Missing","C","unknown",94,"D","",44,"","low",NA,"X","high",NA,"Y","high",165,"Y","medium",294,"","high",67,"ExtraCol4_5",5,"ExtraCol7_3",3,NA,NA
361,27.9,"Missing","S","84","A","medium",NA,"D","",93,"B","high",NA,"Y","",61,"Z","medium",223,"Z","low",9,"X","medium",234,NA,NA,"ExtraCol7_5",5,NA,NA
362,27.7208,"Missing","C","Missing","A","medium",NA,"","",20,"B","unknown",NA,"Z","high",306,"","medium",325,"X","medium",264,"Z","medium",453,NA,NA,"ExtraCol7_1",1,NA,NA
363,14.4542,"Missing","C","22","D","high",8,"A","medium",32,"D","high",14,"X","low",161,"X","medium",490,"Y","low",409,"Y","medium",496,"ExtraCol4_1",1,"ExtraCol7_2",2,"ExtraCol10_1",1
364,7.05,"Missing","S","89","D","unknown",41,"","medium",NA,"","medium",NA,"","low",179,"Z","medium",279,"X","medium",423,"","",115,"ExtraCol4_2",2,NA,NA,NA,NA
365,15.5,"Missing","Q","Missing","","medium",72,"A","high",15,"A","high",79,"Z","high",299,"Y","medium",355,"X","medium",417,"Z","",188,"ExtraCol4_4",4,"ExtraCol7_1",1,"ExtraCol10_5",5
366,7.25,"Missing","S","Missing","B","unknown",99,"","",NA,"A","unknown",45,"X","medium",492,"X","low",297,"Z","high",5,"Y","low",282,"ExtraCol4_5",5,NA,NA,"ExtraCol10_3",3
367,75.25,"D37","C","46","A","medium",NA,"","medium",84,"C","low",5,"X","low",291,"Y","medium",211,"X","medium",217,"X","",349,NA,NA,"ExtraCol7_5",5,"ExtraCol10_1",1
368,7.2292,"Missing","C","31","","high",60,"D","medium",NA,"A","high",6,"X","low",476,"X","medium",466,"Y","high",NA,"Z","high",125,"ExtraCol4_3",3,NA,NA,"ExtraCol10_1",1
369,7.75,"Missing","Q","Missing","B","unknown",83,"C","high",70,"","low",67,"X","medium",410,"Y","",NA,"","low",NA,"Z","medium",274,"ExtraCol4_5",5,"ExtraCol7_4",4,"ExtraCol10_4",4
370,69.3,"B35","C","77","","",90,"B","high",59,"A","",NA,"X","medium",389,"Y","high",155,"X","high",204,"Y","medium",417,"ExtraCol4_5",5,"ExtraCol7_3",3,NA,NA
371,55.4417,"E50","C","33","C","low",27,"B","low",NA,"D","unknown",NA,"Z","high",395,"Z","high",447,"Z","high",48,"Z","high",381,"ExtraCol4_2",2,NA,NA,NA,NA
372,6.4958,"Missing","S","66","A","high",NA,"D","",30,"D","medium",40,"X","high",395,"Z","low",225,"Y","high",96,"X","high",411,NA,NA,"ExtraCol7_2",2,"ExtraCol10_3",3
373,8.05,"Missing","S","41","D","",51,"D","high",99,"","",49,"X","high",127,"Y","medium",369,"","high",2,"","high",444,"ExtraCol4_3",3,"ExtraCol7_5",5,"ExtraCol10_3",3
374,135.6333,"Missing","C","Missing","C","medium",93,"C","high",NA,"","medium",16,"Z","medium",488,"Z","medium",258,"Z","low",489,"X","low",430,"ExtraCol4_5",5,NA,NA,"ExtraCol10_1",1
375,21.075,"Missing","S","Missing","","unknown",11,"D","",71,"B","low",NA,"X","high",459,"X","",383,"Y","",429,"Y","low",255,"ExtraCol4_1",1,"ExtraCol7_4",4,NA,NA
376,82.1708,"Missing","C","9","","",9,"B","high",NA,"","",76,"X","high",300,"Z","medium",435,"Z","low",201,"Y","low",487,"ExtraCol4_1",1,NA,NA,"ExtraCol10_4",4
377,7.25,"Missing","S","Missing","C","high",NA,"B","high",NA,"C","",42,"X","high",355,"X","",211,"X","high",2,"Y","low",247,NA,NA,NA,NA,"ExtraCol10_3",3
378,211.5,"C82","C","74","","high",67,"D","medium",NA,"","low",49,"Z","medium",440,"Z","high",350,"X","medium",167,"X","medium",354,"ExtraCol4_4",4,NA,NA,"ExtraCol10_3",3
379,4.0125,"Missing","C","37","A","low",17,"B","high",84,"C","low",NA,"Z","low",76,"Z","",253,"X","medium",217,"Z","high",471,"ExtraCol4_1",1,"ExtraCol7_5",5,NA,NA
380,7.775,"Missing","S","Missing","","medium",89,"D","medium",63,"A","unknown",NA,"","low",32,"X","high",399,"Y","medium",84,"Y","medium",21,"ExtraCol4_5",5,"ExtraCol7_4",4,NA,NA
381,227.525,"Missing","C","0","B","high",10,"B","medium",28,"B","",98,"Z","high",497,"X","high",95,"Z","medium",330,"Y","high",466,"ExtraCol4_1",1,"ExtraCol7_2",2,"ExtraCol10_5",5
382,15.7417,"Missing","C","Missing","D","low",NA,"B","low",96,"","unknown",81,"X","high",277,"Z","high",364,"Z","medium",498,"Z","medium",NA,NA,NA,"ExtraCol7_5",5,"ExtraCol10_5",5
383,7.925,"Missing","S","94","B","medium",NA,"A","medium",70,"","high",NA,"Y","high",361,"Z","high",297,"Y","high",421,"Y","high",498,NA,NA,"ExtraCol7_4",4,NA,NA
384,52,"Missing","S","Missing","","",NA,"C","low",42,"","",NA,"Y","",251,"Z","medium",225,"X","low",428,"Z","low",386,NA,NA,"ExtraCol7_3",3,NA,NA
385,7.8958,"Missing","S","3","A","unknown",NA,"B","",13,"","medium",72,"X","medium",258,"X","medium",NA,"Y","high",415,"X","low",78,NA,NA,"ExtraCol7_1",1,"ExtraCol10_4",4
386,73.5,"Missing","S","12","B","low",84,"B","medium",97,"B","",33,"Z","low",18,"Y","medium",350,"Y","medium",34,"Z","high",150,"ExtraCol4_5",5,"ExtraCol7_5",5,"ExtraCol10_2",2
387,46.9,"Missing","S","6","B","unknown",10,"C","high",NA,"C","unknown",51,"Y","low",144,"Y","high",173,"Y","medium",275,"Z","medium",1,"ExtraCol4_1",1,NA,NA,"ExtraCol10_3",3
388,13,"Missing","S","83","A","medium",NA,"A","unknown",NA,"","low",14,"Z","high",43,"Z","medium",16,"Z","high",282,"Z","medium",303,NA,NA,NA,NA,"ExtraCol10_1",1
389,7.7292,"Missing","Q","89","B","high",61,"","low",83,"","",NA,"X","low",216,"Z","high",474,"Y","",50,"Z","high",218,"ExtraCol4_4",4,"ExtraCol7_5",5,NA,NA
390,12,"Missing","C","15","","high",2,"D","unknown",60,"D","high",NA,"Z","medium",10,"Z","high",223,"Z","low",73,"Z","high",237,"ExtraCol4_1",1,"ExtraCol7_3",3,NA,NA
391,120,"B96 B98","S","74","A","",74,"C","medium",NA,"","unknown",72,"X","high",401,"Y","",82,"Y","low",282,"Y","",366,"ExtraCol4_4",4,NA,NA,"ExtraCol10_4",4
392,7.7958,"Missing","S","17","","unknown",NA,"C","",23,"A","unknown",60,"X","medium",147,"X","medium",112,"X","high",357,"Z","medium",410,NA,NA,"ExtraCol7_2",2,"ExtraCol10_4",4
393,7.925,"Missing","S","36","C","low",75,"","",7,"A","low",NA,"Y","high",370,"Z","medium",414,"X","medium",104,"Z","medium",36,"ExtraCol4_4",4,"ExtraCol7_1",1,NA,NA
394,113.275,"D36","C","59","D","low",NA,"C","unknown",NA,"","",50,"X","medium",26,"X","high",165,"Z","medium",242,"Y","medium",458,NA,NA,NA,NA,"ExtraCol10_3",3
395,16.7,"G6","S","Missing","C","unknown",19,"B","low",NA,"C","",NA,"X","high",16,"X","low",140,"Y","high",37,"Z","high",186,"ExtraCol4_1",1,NA,NA,NA,NA
396,7.7958,"Missing","S","87","A","high",NA,"","",NA,"","low",NA,"Z","low",NA,"X","low",243,"X","low",55,"X","high",376,NA,NA,NA,NA,NA,NA
397,7.8542,"Missing","S","4","","unknown",6,"A","",16,"A","",1,"Y","medium",394,"Y","low",14,"X","low",290,"Z","low",290,"ExtraCol4_1",1,"ExtraCol7_1",1,"ExtraCol10_1",1
398,26,"Missing","S","19","B","medium",53,"C","",57,"C","",NA,"Y","low",406,"X","",280,"X","medium",278,"Z","medium",221,"ExtraCol4_3",3,"ExtraCol7_3",3,NA,NA
399,10.5,"Missing","S","Missing","B","",NA,"C","high",12,"A","low",NA,"X","",272,"","high",20,"Z","high",375,"X","medium",106,NA,NA,"ExtraCol7_1",1,NA,NA
400,12.65,"Missing","S","31","A","low",NA,"","medium",NA,"A","",36,"Z","high",306,"X","high",417,"X","low",455,"X","medium",94,NA,NA,NA,NA,"ExtraCol10_2",2
401,7.925,"Missing","S","99","D","medium",20,"","medium",79,"A","high",87,"Z","medium",344,"Z","medium",214,"X","high",94,"","low",365,"ExtraCol4_2",2,"ExtraCol7_4",4,"ExtraCol10_5",5
402,8.05,"Missing","S","77","","low",76,"D","",NA,"C","unknown",64,"Z","medium",336,"Y","low",109,"Y","high",170,"X","medium",160,"ExtraCol4_4",4,NA,NA,"ExtraCol10_4",4
403,9.825,"Missing","S","Missing","C","unknown",69,"","",94,"B","low",60,"Y","medium",370,"X","medium",227,"Y","low",427,"Z","high",114,"ExtraCol4_4",4,"ExtraCol7_5",5,"ExtraCol10_4",4
404,15.85,"Missing","S","97","","",NA,"C","",31,"B","",NA,"Y","low",15,"Z","high",87,"X","low",25,"Y","low",2,NA,NA,"ExtraCol7_2",2,NA,NA
405,8.6625,"Missing","S","Missing","D","unknown",NA,"D","unknown",94,"C","low",50,"X","low",214,"Y","low",160,"X","high",414,"Y","medium",420,NA,NA,"ExtraCol7_5",5,"ExtraCol10_3",3
406,21,"Missing","S","Missing","A","low",6,"","",78,"A","high",70,"X","",419,"X","medium",65,"","low",472,"","high",197,"ExtraCol4_1",1,"ExtraCol7_4",4,"ExtraCol10_4",4
407,7.75,"Missing","S","43","","low",44,"A","unknown",33,"","unknown",NA,"X","low",219,"Y","medium",334,"X","high",49,"Y","medium",174,"ExtraCol4_3",3,"ExtraCol7_2",2,NA,NA
408,18.75,"Missing","S","14","B","",NA,"B","unknown",NA,"","unknown",60,"Y","medium",73,"","",488,"Z","high",NA,"Z","medium",185,NA,NA,NA,NA,"ExtraCol10_4",4
409,7.775,"Missing","S","Missing","","",11,"D","medium",10,"C","medium",17,"Z","low",332,"Z","medium",242,"Y","low",342,"","low",299,"ExtraCol4_1",1,"ExtraCol7_1",1,"ExtraCol10_1",1
410,25.4667,"Missing","S","1","B","medium",55,"B","high",NA,"","medium",67,"Z","high",151,"Y","medium",49,"X","",237,"X","low",240,"ExtraCol4_3",3,NA,NA,"ExtraCol10_4",4
411,7.8958,"Missing","S","17","A","medium",NA,"D","",20,"C","",7,"X","low",255,"","high",37,"","medium",493,"Y","medium",272,NA,NA,"ExtraCol7_1",1,"ExtraCol10_1",1
412,6.8583,"Missing","Q","22","","",NA,"","",26,"","unknown",31,"X","medium",258,"X","high",416,"Z","medium",272,"Y","",138,NA,NA,"ExtraCol7_2",2,"ExtraCol10_2",2
413,90,"C78","Q","27","B","",NA,"","high",41,"A","",91,"X","high",348,"Z","medium",174,"Y","high",327,"Y","low",148,NA,NA,"ExtraCol7_3",3,"ExtraCol10_5",5
414,0,"Missing","S","13","A","low",8,"B","medium",NA,"C","low",NA,"X","medium",464,"Z","high",148,"Z","medium",118,"Z","low",431,"ExtraCol4_1",1,NA,NA,NA,NA
415,7.925,"Missing","S","1","","",67,"C","high",80,"A","unknown",90,"Y","medium",346,"Y","high",50,"Z","",NA,"Y","high",219,"ExtraCol4_4",4,"ExtraCol7_4",4,"ExtraCol10_5",5
416,8.05,"Missing","S","67","A","low",33,"","medium",69,"B","",35,"Z","",499,"Y","medium",331,"X","low",88,"X","high",NA,"ExtraCol4_2",2,"ExtraCol7_4",4,"ExtraCol10_2",2
417,32.5,"Missing","S","96","","low",NA,"","high",15,"","unknown",68,"X","medium",9,"Y","high",31,"X","low",73,"Y","low",422,NA,NA,"ExtraCol7_1",1,"ExtraCol10_4",4
418,13,"Missing","S","12","B","",19,"C","medium",16,"","low",70,"Z","low",NA,"X","medium",452,"Z","low",56,"Y","medium",355,"ExtraCol4_1",1,"ExtraCol7_1",1,"ExtraCol10_4",4
419,13,"Missing","S","Missing","","medium",97,"","medium",NA,"C","",NA,"Y","medium",208,"Z","medium",104,"X","medium",446,"X","medium",274,"ExtraCol4_5",5,NA,NA,NA,NA
420,24.15,"Missing","S","50","C","",25,"D","",94,"D","medium",NA,"Y","medium",364,"Z","low",34,"Z","low",34,"","low",418,"ExtraCol4_2",2,"ExtraCol7_5",5,NA,NA
421,7.8958,"Missing","C","92","A","medium",68,"D","",NA,"C","high",96,"Z","high",42,"Z","high",NA,"X","high",258,"X","low",27,"ExtraCol4_4",4,NA,NA,"ExtraCol10_5",5
422,7.7333,"Missing","Q","69","","medium",NA,"B","",NA,"B","medium",11,"Z","medium",263,"X","low",177,"Z","high",254,"X","low",249,NA,NA,NA,NA,"ExtraCol10_1",1
423,7.875,"Missing","S","Missing","D","medium",18,"","low",14,"A","medium",NA,"","high",14,"Z","high",348,"Z","high",27,"Y","",356,"ExtraCol4_1",1,"ExtraCol7_1",1,NA,NA
424,14.4,"Missing","S","Missing","A","high",30,"","low",23,"C","medium",44,"Y","low",332,"","high",19,"","high",421,"X","low",54,"ExtraCol4_2",2,"ExtraCol7_2",2,"ExtraCol10_3",3
425,20.2125,"Missing","S","41","B","",1,"B","",NA,"D","unknown",67,"X","medium",108,"Z","high",430,"Z","low",250,"Z","medium",91,"ExtraCol4_1",1,NA,NA,"ExtraCol10_4",4
426,7.25,"Missing","S","Missing","A","low",NA,"C","",20,"B","",55,"Z","medium",72,"Z","low",154,"","high",63,"X","low",32,NA,NA,"ExtraCol7_1",1,"ExtraCol10_3",3
427,26,"Missing","S","86","","medium",33,"","low",61,"","",NA,"Z","high",39,"Z","medium",378,"Z","medium",64,"Y","low",243,"ExtraCol4_2",2,"ExtraCol7_4",4,NA,NA
428,26,"Missing","S","80","","low",49,"A","unknown",92,"","low",9,"Z","medium",134,"Z","high",467,"Z","high",350,"X","low",270,"ExtraCol4_3",3,"ExtraCol7_5",5,"ExtraCol10_1",1
429,7.75,"Missing","Q","2","A","medium",15,"B","",NA,"C","high",51,"Y","high",NA,"X","medium",267,"Y","high",309,"Y","medium",234,"ExtraCol4_1",1,NA,NA,"ExtraCol10_3",3
430,8.05,"E10","S","71","A","",82,"","high",60,"C","high",83,"X","low",492,"X","medium",167,"","medium",206,"Z","low",27,"ExtraCol4_5",5,"ExtraCol7_3",3,"ExtraCol10_5",5
431,26.55,"C52","S","8","B","medium",21,"B","low",NA,"A","high",NA,"","high",40,"X","medium",156,"","low",NA,"Y","low",243,"ExtraCol4_2",2,NA,NA,NA,NA
432,16.1,"Missing","S","73","C","low",NA,"","unknown",NA,"A","low",27,"Y","high",489,"Y","low",343,"X","high",17,"Y","low",444,NA,NA,NA,NA,"ExtraCol10_2",2
433,26,"Missing","S","82","B","high",87,"C","high",0,"","unknown",86,"Y","medium",293,"Z","medium",2,"Y","medium",15,"X","high",15,"ExtraCol4_5",5,"ExtraCol7_1",1,"ExtraCol10_5",5
434,7.125,"Missing","S","13","","low",71,"","",11,"B","unknown",35,"X","low",161,"","high",73,"Y","medium",267,"X","medium",387,"ExtraCol4_4",4,"ExtraCol7_1",1,"ExtraCol10_2",2
435,55.9,"E44","S","43","","low",60,"B","",NA,"","unknown",56,"Z","medium",471,"Y","low",323,"Y","medium",181,"Y","high",136,"ExtraCol4_3",3,NA,NA,"ExtraCol10_3",3
436,120,"B96 B98","S","12","D","",NA,"A","medium",NA,"B","unknown",NA,"Y","high",120,"Z","low",12,"Y","high",126,"Y","low",37,NA,NA,NA,NA,NA,NA
437,34.375,"Missing","S","56","A","unknown",NA,"D","",32,"","medium",52,"X","medium",90,"X","",144,"Y","medium",189,"X","",25,NA,NA,"ExtraCol7_2",2,"ExtraCol10_3",3
438,18.75,"Missing","S","92","C","unknown",96,"D","unknown",52,"C","",NA,"Y","low",114,"","medium",NA,"X","low",302,"Z","low",6,"ExtraCol4_5",5,"ExtraCol7_3",3,NA,NA
439,263,"C23 C25 C27","S","Missing","D","high",NA,"D","",57,"A","medium",NA,"Z","medium",72,"Y","low",125,"Z","high",146,"Y","low",207,NA,NA,"ExtraCol7_3",3,NA,NA
440,10.5,"Missing","S","39","A","high",40,"A","high",66,"","",47,"Y","high",242,"X","medium",465,"X","medium",174,"X","low",248,"ExtraCol4_2",2,"ExtraCol7_4",4,"ExtraCol10_3",3
441,26.25,"Missing","S","97","D","high",25,"C","high",NA,"","medium",NA,"","low",70,"Y","high",487,"Y","low",141,"X","low",310,"ExtraCol4_2",2,NA,NA,NA,NA
442,9.5,"Missing","S","Missing","","high",NA,"","unknown",37,"","high",65,"Z","medium",111,"Z","low",16,"Z","medium",333,"Y","low",40,NA,NA,"ExtraCol7_2",2,"ExtraCol10_4",4
443,7.775,"Missing","S","Missing","B","high",97,"D","medium",88,"A","unknown",41,"Y","medium",185,"Z","low",87,"Y","high",27,"Y","low",327,"ExtraCol4_5",5,"ExtraCol7_5",5,"ExtraCol10_3",3
444,13,"Missing","S","48","","unknown",69,"","low",5,"A","high",52,"Y","high",NA,"","low",453,"Z","",459,"Z","low",369,"ExtraCol4_4",4,"ExtraCol7_1",1,"ExtraCol10_3",3
445,8.1125,"Missing","S","50","C","",3,"C","",NA,"C","unknown",NA,"X","medium",429,"Z","",16,"Y","low",277,"Y","high",32,"ExtraCol4_1",1,NA,NA,NA,NA
446,81.8583,"A34","S","66","","low",46,"A","high",95,"","unknown",86,"Z","medium",37,"Y","high",243,"X","medium",122,"Y","low",NA,"ExtraCol4_3",3,"ExtraCol7_5",5,"ExtraCol10_5",5
447,19.5,"Missing","S","Missing","","medium",NA,"C","",17,"A","low",12,"Z","medium",315,"X","",474,"Z","high",379,"Z","",59,NA,NA,"ExtraCol7_1",1,"ExtraCol10_1",1
448,26.55,"Missing","S","Missing","C","unknown",NA,"D","medium",99,"","unknown",87,"Y","medium",51,"Z","low",294,"X","medium",469,"Y","medium",219,NA,NA,"ExtraCol7_5",5,"ExtraCol10_5",5
449,19.2583,"Missing","C","52","D","medium",77,"A","high",28,"A","unknown",NA,"X","medium",495,"Y","low",153,"Z","medium",29,"Z","medium",330,"ExtraCol4_4",4,"ExtraCol7_2",2,NA,NA
450,30.5,"C104","S","28","B","low",70,"","",36,"A","",NA,"Y","low",138,"Y","high",3,"X","low",102,"Y","",435,"ExtraCol4_4",4,"ExtraCol7_2",2,NA,NA
451,27.75,"Missing","S","Missing","","unknown",6,"","",NA,"C","",2,"Z","low",428,"X","low",196,"Z","low",71,"Z","medium",265,"ExtraCol4_1",1,NA,NA,"ExtraCol10_1",1
452,19.9667,"Missing","S","Missing","B","high",55,"A","unknown",94,"A","",NA,"X","high",388,"","medium",270,"X","high",35,"Y","low",217,"ExtraCol4_3",3,"ExtraCol7_5",5,NA,NA
453,27.75,"C111","C","Missing","D","",NA,"","",NA,"A","unknown",5,"Y","medium",162,"Z","medium",40,"","high",NA,"Z","low",NA,NA,NA,NA,NA,"ExtraCol10_1",1
454,89.1042,"C92","C","2","D","medium",48,"","high",16,"D","",NA,"Y","medium",161,"Z","low",264,"Y","medium",96,"Z","low",108,"ExtraCol4_3",3,"ExtraCol7_1",1,NA,NA
455,8.05,"Missing","S","59","","low",NA,"B","",48,"A","low",NA,"Y","",158,"X","medium",202,"X","high",191,"Y","high",102,NA,NA,"ExtraCol7_3",3,NA,NA
456,7.8958,"Missing","C","Missing","C","medium",NA,"D","medium",15,"C","low",76,"Y","high",235,"Z","low",162,"X","high",407,"X","medium",233,NA,NA,"ExtraCol7_1",1,"ExtraCol10_4",4
457,26.55,"E38","S","Missing","D","medium",86,"D","high",78,"D","low",70,"Z","high",221,"Y","medium",486,"","medium",NA,"X","low",60,"ExtraCol4_5",5,"ExtraCol7_4",4,"ExtraCol10_4",4
458,51.8625,"D21","S","63","B","unknown",46,"B","low",NA,"D","",84,"X","medium",328,"X","low",446,"Z","medium",338,"X","",11,"ExtraCol4_3",3,NA,NA,"ExtraCol10_5",5
459,10.5,"Missing","S","84","","",53,"A","",49,"D","unknown",0,"Y","low",232,"Y","high",347,"Y","low",48,"X","medium",181,"ExtraCol4_3",3,"ExtraCol7_3",3,"ExtraCol10_1",1
460,7.75,"Missing","Q","10","","low",62,"","high",39,"B","high",78,"Z","high",NA,"Y","high",295,"X","low",485,"Y","low",76,"ExtraCol4_4",4,"ExtraCol7_2",2,"ExtraCol10_5",5
461,26.55,"E12","S","72","A","",65,"A","high",3,"D","low",31,"Z","low",233,"Y","low",236,"X","",41,"X","",318,"ExtraCol4_4",4,"ExtraCol7_1",1,"ExtraCol10_2",2
462,8.05,"Missing","S","Missing","","unknown",63,"D","medium",5,"","",NA,"Y","low",153,"X","medium",35,"X","",354,"X","high",274,"ExtraCol4_4",4,"ExtraCol7_1",1,NA,NA
463,38.5,"E63","S","Missing","A","medium",78,"C","high",51,"","medium",76,"Z","",163,"Y","medium",153,"X","high",319,"X","medium",242,"ExtraCol4_4",4,"ExtraCol7_3",3,"ExtraCol10_4",4
464,13,"Missing","S","Missing","","medium",98,"C","low",39,"A","",68,"X","medium",365,"Z","low",5,"Z","low",206,"X","high",248,"ExtraCol4_5",5,"ExtraCol7_2",2,"ExtraCol10_4",4
465,8.05,"Missing","S","0","","high",82,"A","high",12,"C","",41,"Y","medium",70,"Z","high",183,"Y","low",419,"Y","low",49,"ExtraCol4_5",5,"ExtraCol7_1",1,"ExtraCol10_3",3
466,7.05,"Missing","S","96","B","high",13,"","unknown",13,"D","medium",61,"Z","low",143,"Z","medium",236,"Y","low",446,"Z","high",201,"ExtraCol4_1",1,"ExtraCol7_1",1,"ExtraCol10_4",4
467,0,"Missing","S","16","B","medium",NA,"C","unknown",NA,"","",46,"Y","low",155,"Y","low",305,"X","high",35,"Z","medium",35,NA,NA,NA,NA,"ExtraCol10_3",3
468,26.55,"Missing","S","59","B","unknown",NA,"","unknown",NA,"D","",62,"Y","low",322,"Z","medium",177,"Y","high",479,"Z","high",177,NA,NA,NA,NA,"ExtraCol10_4",4
469,7.725,"Missing","Q","18","B","high",50,"B","",60,"","medium",45,"Y","medium",64,"X","high",127,"Y","low",120,"Z","high",338,"ExtraCol4_3",3,"ExtraCol7_3",3,"ExtraCol10_3",3
470,19.2583,"Missing","C","93","B","low",52,"","low",83,"D","high",39,"Y","low",NA,"Z","medium",NA,"X","high",395,"Z","medium",493,"ExtraCol4_3",3,"ExtraCol7_5",5,"ExtraCol10_2",2
471,7.25,"Missing","S","Missing","C","",71,"","high",6,"C","",20,"Z","medium",337,"Y","high",75,"Y","high",410,"X","low",148,"ExtraCol4_4",4,"ExtraCol7_1",1,"ExtraCol10_2",2
472,8.6625,"Missing","S","Missing","D","unknown",NA,"B","low",NA,"B","",38,"Y","medium",463,"Y","low",62,"Y","medium",278,"X","high",132,NA,NA,NA,NA,"ExtraCol10_2",2
473,27.75,"Missing","S","43","C","medium",26,"C","medium",NA,"A","",NA,"X","high",218,"Y","high",348,"Z","",431,"Y","medium",334,"ExtraCol4_2",2,NA,NA,NA,NA
474,13.7917,"D","C","46","C","high",45,"B","high",20,"","unknown",87,"X","high",491,"","low",292,"Y","",412,"X","medium",458,"ExtraCol4_3",3,"ExtraCol7_1",1,"ExtraCol10_5",5
475,9.8375,"Missing","S","Missing","D","",NA,"","high",53,"","",NA,"Z","medium",303,"X","medium",434,"X","low",NA,"X","high",147,NA,NA,"ExtraCol7_3",3,NA,NA
476,52,"A14","S","78","D","",31,"C","high",NA,"B","medium",18,"Y","medium",387,"Y","medium",369,"","low",89,"Z","high",419,"ExtraCol4_2",2,NA,NA,"ExtraCol10_2",2
477,21,"Missing","S","84","","unknown",2,"","unknown",NA,"C","low",50,"X","low",121,"Z","low",450,"Y","",217,"Y","low",157,"ExtraCol4_1",1,NA,NA,"ExtraCol10_3",3
478,7.0458,"Missing","S","1","C","low",97,"","low",NA,"","",NA,"X","medium",457,"Y","high",332,"","low",450,"Z","medium",319,"ExtraCol4_5",5,NA,NA,NA,NA
479,7.5208,"Missing","S","Missing","A","high",NA,"B","unknown",66,"B","high",NA,"X","medium",129,"X","medium",420,"Z","low",101,"Y","high",104,NA,NA,"ExtraCol7_4",4,NA,NA
480,12.2875,"Missing","S","Missing","A","high",60,"","",75,"A","",32,"X","low",68,"Y","medium",84,"Z","high",499,"Y","",131,"ExtraCol4_3",3,"ExtraCol7_4",4,"ExtraCol10_2",2
481,46.9,"Missing","S","Missing","D","low",NA,"A","medium",0,"B","",4,"Z","high",39,"Z","medium",265,"X","high",NA,"X","medium",491,NA,NA,"ExtraCol7_1",1,"ExtraCol10_1",1
482,0,"Missing","S","82","","",27,"","medium",NA,"A","",5,"Y","low",327,"Z","low",472,"Y","high",332,"X","low",194,"ExtraCol4_2",2,NA,NA,"ExtraCol10_1",1
483,8.05,"Missing","S","25","D","",34,"","high",50,"A","low",NA,"Y","low",314,"X","medium",394,"X","low",320,"X","low",8,"ExtraCol4_2",2,"ExtraCol7_3",3,NA,NA
484,9.5875,"Missing","S","79","","medium",28,"B","high",36,"","high",72,"X","high",99,"Y","low",201,"Z","high",97,"Z","medium",386,"ExtraCol4_2",2,"ExtraCol7_2",2,"ExtraCol10_4",4
485,91.0792,"B49","C","Missing","D","",NA,"","medium",NA,"","unknown",86,"Z","high",439,"Z","high",463,"X","low",236,"Z","high",63,NA,NA,NA,NA,"ExtraCol10_5",5
486,25.4667,"Missing","S","23","C","low",15,"B","low",NA,"C","medium",49,"Z","medium",138,"X","high",156,"Z","low",72,"X","medium",55,"ExtraCol4_1",1,NA,NA,"ExtraCol10_3",3
487,90,"C93","S","33","D","",NA,"D","low",75,"C","unknown",NA,"Z","medium",304,"X","high",11,"X","high",182,"Y","low",418,NA,NA,"ExtraCol7_4",4,NA,NA
488,29.7,"B37","C","53","A","",45,"","medium",82,"C","low",92,"Y","high",261,"X","low",398,"Y","low",479,"Y","high",174,"ExtraCol4_3",3,"ExtraCol7_5",5,"ExtraCol10_5",5
489,8.05,"Missing","S","76","D","",53,"B","",41,"","",27,"Y","low",296,"Y","medium",206,"X","medium",27,"Y","low",69,"ExtraCol4_3",3,"ExtraCol7_3",3,"ExtraCol10_2",2
490,15.9,"Missing","S","Missing","A","",1,"","high",93,"A","unknown",15,"X","medium",370,"Y","medium",17,"Z","low",435,"X","low",NA,"ExtraCol4_1",1,"ExtraCol7_5",5,"ExtraCol10_1",1
491,19.9667,"Missing","S","93","B","",84,"C","unknown",92,"C","high",13,"Z","",463,"X","high",102,"Y","low",338,"X","medium",140,"ExtraCol4_5",5,"ExtraCol7_5",5,"ExtraCol10_1",1
492,7.25,"Missing","S","Missing","A","low",67,"","low",66,"D","high",35,"Z","medium",360,"X","medium",35,"Y","high",374,"X","high",316,"ExtraCol4_4",4,"ExtraCol7_4",4,"ExtraCol10_2",2
493,30.5,"C30","S","75","B","medium",7,"B","medium",58,"A","unknown",73,"X","high",453,"Y","high",NA,"Y","",141,"X","low",131,"ExtraCol4_1",1,"ExtraCol7_3",3,"ExtraCol10_4",4
494,49.5042,"Missing","C","Missing","","high",84,"C","low",NA,"","medium",NA,"Y","medium",434,"Z","low",423,"X","high",474,"X","",290,"ExtraCol4_5",5,NA,NA,NA,NA
495,8.05,"Missing","S","Missing","B","unknown",3,"C","",60,"C","",NA,"X","high",179,"X","high",464,"Y","low",126,"Y","high",348,"ExtraCol4_1",1,"ExtraCol7_3",3,NA,NA
496,14.4583,"Missing","C","41","","unknown",NA,"A","",NA,"D","",34,"Y","medium",279,"Y","medium",NA,"Z","high",251,"Z","medium",378,NA,NA,NA,NA,"ExtraCol10_2",2
497,78.2667,"D20","C","Missing","C","high",46,"D","low",97,"B","low",NA,"X","high",99,"Z","high",401,"Y","high",18,"Z","",NA,"ExtraCol4_3",3,"ExtraCol7_5",5,NA,NA
498,15.1,"Missing","S","37","C","low",NA,"C","",19,"D","high",68,"Z","low",NA,"","low",281,"X","high",443,"Y","medium",307,NA,NA,"ExtraCol7_1",1,"ExtraCol10_4",4
499,151.55,"C22 C26","S","92","D","",95,"A","high",66,"A","medium",66,"Z","low",483,"Y","low",147,"Z","low",352,"X","low",420,"ExtraCol4_5",5,"ExtraCol7_4",4,"ExtraCol10_4",4
500,7.7958,"Missing","S","Missing","","low",NA,"C","unknown",73,"","unknown",43,"Z","low",443,"X","medium",334,"Y","low",81,"Y","low",420,NA,NA,"ExtraCol7_4",4,"ExtraCol10_3",3
501,8.6625,"Missing","S","11","B","low",NA,"C","",NA,"D","unknown",NA,"X","high",371,"Z","medium",476,"X","medium",331,"X","medium",373,NA,NA,NA,NA,NA,NA
502,7.75,"Missing","Q","65","D","high",57,"D","medium",34,"B","medium",NA,"X","medium",424,"Z","low",230,"X","low",91,"X","medium",199,"ExtraCol4_3",3,"ExtraCol7_2",2,NA,NA
503,7.6292,"Missing","Q","96","","",NA,"","high",86,"C","high",65,"Z","low",397,"Z","medium",14,"X","low",222,"Z","high",265,NA,NA,"ExtraCol7_5",5,"ExtraCol10_4",4
504,9.5875,"Missing","S","86","","low",72,"B","high",48,"A","",81,"X","low",114,"Z","medium",421,"X","high",256,"","low",483,"ExtraCol4_4",4,"ExtraCol7_3",3,"ExtraCol10_5",5
505,86.5,"B79","S","27","B","low",88,"A","high",38,"C","medium",NA,"Y","medium",131,"Y","low",94,"","high",465,"Y","low",124,"ExtraCol4_5",5,"ExtraCol7_2",2,NA,NA
506,108.9,"C65","C","Missing","A","high",NA,"C","low",15,"C","unknown",85,"Z","low",265,"Y","medium",91,"X","high",166,"Y","low",346,NA,NA,"ExtraCol7_1",1,"ExtraCol10_5",5
507,26,"Missing","S","Missing","","medium",NA,"","",32,"","medium",NA,"Y","",NA,"Z","high",308,"X","high",6,"X","medium",396,NA,NA,"ExtraCol7_2",2,NA,NA
508,26.55,"Missing","S","Missing","","high",51,"B","",97,"A","",NA,"X","high",368,"","low",399,"X","low",216,"Y","high",240,"ExtraCol4_3",3,"ExtraCol7_5",5,NA,NA
509,22.525,"Missing","S","26","A","medium",NA,"","unknown",NA,"","high",95,"Z","high",368,"X","high",396,"X","high",463,"Y","high",432,NA,NA,NA,NA,"ExtraCol10_5",5
510,56.4958,"Missing","S","23","C","high",NA,"C","unknown",NA,"","unknown",56,"Z","low",488,"X","medium",433,"X","",399,"Z","low",214,NA,NA,NA,NA,"ExtraCol10_3",3
511,7.75,"Missing","Q","99","A","",NA,"B","high",NA,"D","high",27,"X","medium",394,"Y","low",441,"Y","medium",29,"Y","medium",418,NA,NA,NA,NA,"ExtraCol10_2",2
512,8.05,"Missing","S","74","C","",70,"","high",NA,"A","unknown",60,"Y","medium",NA,"X","high",64,"X","low",26,"X","high",322,"ExtraCol4_4",4,NA,NA,"ExtraCol10_4",4
513,26.2875,"E25","S","84","","medium",51,"B","",66,"C","medium",62,"Y","medium",170,"Y","high",150,"Z","low",378,"Z","low",25,"ExtraCol4_3",3,"ExtraCol7_4",4,"ExtraCol10_4",4
514,59.4,"Missing","C","81","","high",NA,"","unknown",37,"D","medium",NA,"Y","medium",163,"Y","high",360,"Y","high",360,"X","high",411,NA,NA,"ExtraCol7_2",2,NA,NA
515,7.4958,"Missing","S","95","B","high",42,"B","medium",84,"C","medium",20,"Z","low",316,"","high",NA,"X","low",278,"X","low",348,"ExtraCol4_2",2,"ExtraCol7_5",5,"ExtraCol10_2",2
516,34.0208,"D46","S","10","","high",49,"D","medium",42,"B","low",NA,"Z","low",171,"Y","low",357,"Y","high",44,"Y","low",111,"ExtraCol4_3",3,"ExtraCol7_3",3,NA,NA
517,10.5,"F33","S","Missing","","",NA,"C","high",85,"A","",54,"X","medium",489,"X","low",227,"X","high",140,"Z","low",351,NA,NA,"ExtraCol7_5",5,"ExtraCol10_3",3
518,24.15,"Missing","Q","Missing","A","low",55,"C","",74,"B","medium",14,"Z","low",144,"Z","",225,"Z","medium",423,"X","high",255,"ExtraCol4_3",3,"ExtraCol7_4",4,"ExtraCol10_1",1
519,26,"Missing","S","47","C","",79,"","",77,"A","unknown",77,"Z","low",NA,"Y","high",13,"Y","low",69,"X","high",471,"ExtraCol4_5",5,"ExtraCol7_4",4,"ExtraCol10_5",5
520,7.8958,"Missing","S","59","C","high",2,"C","high",92,"A","unknown",NA,"X","medium",408,"X","low",304,"Z","medium",100,"X","high",152,"ExtraCol4_1",1,"ExtraCol7_5",5,NA,NA
521,93.5,"B73","S","35","A","high",75,"A","high",79,"B","",93,"X","high",183,"Y","low",431,"Y","medium",226,"Z","high",131,"ExtraCol4_4",4,"ExtraCol7_4",4,"ExtraCol10_5",5
522,7.8958,"Missing","S","Missing","C","",50,"","medium",NA,"","medium",67,"Y","medium",22,"X","high",NA,"X","medium",367,"","high",29,"ExtraCol4_3",3,NA,NA,"ExtraCol10_4",4
523,7.225,"Missing","C","19","A","",NA,"B","high",52,"A","high",33,"Z","low",166,"Y","",168,"X","",414,"Z","medium",393,NA,NA,"ExtraCol7_3",3,"ExtraCol10_2",2
524,57.9792,"B18","C","Missing","A","high",47,"C","",NA,"","unknown",37,"Z","high",179,"Z","medium",338,"Y","medium",295,"X","high",492,"ExtraCol4_3",3,NA,NA,"ExtraCol10_2",2
525,7.2292,"Missing","C","Missing","D","",47,"C","medium",6,"","low",69,"Y","high",306,"X","low",99,"Z","high",246,"Z","low",344,"ExtraCol4_3",3,"ExtraCol7_1",1,"ExtraCol10_4",4
526,7.75,"Missing","Q","Missing","D","",12,"B","",59,"","unknown",8,"X","",355,"Z","low",316,"Y","low",192,"X","medium",184,"ExtraCol4_1",1,"ExtraCol7_3",3,"ExtraCol10_1",1
527,10.5,"Missing","S","Missing","B","high",NA,"B","",NA,"","unknown",71,"X","low",274,"Y","medium",204,"Z","medium",21,"Z","high",439,NA,NA,NA,NA,"ExtraCol10_4",4
528,221.7792,"C95","S","14","D","medium",70,"C","unknown",NA,"D","unknown",55,"Z","high",203,"Z","high",463,"Y","low",133,"Z","high",126,"ExtraCol4_4",4,NA,NA,"ExtraCol10_3",3
529,7.925,"Missing","S","91","D","high",NA,"","high",10,"C","low",22,"Y","medium",251,"Z","low",355,"X","medium",107,"Z","medium",346,NA,NA,"ExtraCol7_1",1,"ExtraCol10_2",2
530,11.5,"Missing","S","92","","",9,"A","unknown",50,"A","unknown",89,"Y","low",72,"Z","low",36,"Y","low",28,"Z","low",298,"ExtraCol4_1",1,"ExtraCol7_3",3,"ExtraCol10_5",5
531,26,"Missing","S","59","A","unknown",21,"B","",57,"A","high",62,"Z","low",90,"X","medium",435,"X","high",372,"X","high",426,"ExtraCol4_2",2,"ExtraCol7_3",3,"ExtraCol10_4",4
532,7.2292,"Missing","C","16","","",87,"","unknown",10,"C","high",16,"X","low",305,"Z","",362,"Z","medium",176,"Y","low",485,"ExtraCol4_5",5,"ExtraCol7_1",1,"ExtraCol10_1",1
533,7.2292,"Missing","C","15","C","",NA,"D","high",63,"","low",65,"X","medium",432,"Y","",107,"X","",254,"X","high",179,NA,NA,"ExtraCol7_4",4,"ExtraCol10_4",4
534,22.3583,"Missing","C","Missing","","low",50,"","unknown",16,"","medium",41,"Z","medium",261,"Z","medium",141,"Y","low",100,"Y","high",47,"ExtraCol4_3",3,"ExtraCol7_1",1,"ExtraCol10_3",3
535,8.6625,"Missing","S","57","","",NA,"D","unknown",14,"D","medium",76,"X","",30,"Z","high",86,"Y","medium",295,"Y","high",78,NA,NA,"ExtraCol7_1",1,"ExtraCol10_4",4
536,26.25,"Missing","S","15","B","unknown",NA,"C","unknown",40,"D","unknown",49,"Z","low",490,"Y","medium",155,"Y","high",67,"Z","low",369,NA,NA,"ExtraCol7_2",2,"ExtraCol10_3",3
537,26.55,"B38","S","45","A","",85,"B","",NA,"C","",99,"Z","medium",162,"","high",471,"Y","high",338,"Y","low",181,"ExtraCol4_5",5,NA,NA,"ExtraCol10_5",5
538,106.425,"Missing","C","11","D","",89,"","high",91,"C","",92,"X","medium",374,"","high",451,"Z","low",369,"Z","medium",69,"ExtraCol4_5",5,"ExtraCol7_5",5,"ExtraCol10_5",5
539,14.5,"Missing","S","Missing","","low",28,"D","unknown",NA,"D","",4,"Y","high",NA,"X","medium",275,"Z","medium",155,"X","medium",407,"ExtraCol4_2",2,NA,NA,"ExtraCol10_1",1
540,49.5,"B39","C","2","","unknown",58,"A","medium",NA,"A","low",NA,"Z","high",493,"Z","low",181,"X","low",106,"X","medium",324,"ExtraCol4_3",3,NA,NA,NA,NA
541,71,"B22","S","70","D","",NA,"A","low",73,"C","unknown",NA,"Y","low",58,"Y","medium",NA,"Z","medium",390,"Z","low",65,NA,NA,"ExtraCol7_4",4,NA,NA
542,31.275,"Missing","S","Missing","","",NA,"B","unknown",NA,"","unknown",NA,"X","",93,"X","medium",478,"Z","low",111,"","medium",356,NA,NA,NA,NA,NA,NA
543,31.275,"Missing","S","19","","high",0,"A","high",98,"A","medium",14,"X","medium",322,"X","",99,"","low",89,"Z","high",318,"ExtraCol4_1",1,"ExtraCol7_5",5,"ExtraCol10_1",1
544,26,"Missing","S","17","A","medium",97,"D","",74,"A","high",53,"X","medium",380,"Z","medium",378,"","high",170,"Y","high",492,"ExtraCol4_5",5,"ExtraCol7_4",4,"ExtraCol10_3",3
545,106.425,"C86","C","83","","high",35,"D","high",NA,"B","unknown",15,"X","",NA,"Z","medium",497,"Z","",483,"Z","medium",493,"ExtraCol4_2",2,NA,NA,"ExtraCol10_1",1
546,26,"Missing","S","5","","",NA,"C","low",94,"B","high",NA,"X","medium",275,"Z","low",427,"X","high",231,"Y","low",487,NA,NA,"ExtraCol7_5",5,NA,NA
547,26,"Missing","S","42","B","low",61,"","medium",10,"D","high",45,"X","low",79,"","medium",359,"Z","high",131,"Y","low",447,"ExtraCol4_4",4,"ExtraCol7_1",1,"ExtraCol10_3",3
548,13.8625,"Missing","C","Missing","C","",78,"A","medium",45,"B","low",99,"Z","medium",356,"X","",449,"Z","medium",256,"Z","low",NA,"ExtraCol4_4",4,"ExtraCol7_3",3,"ExtraCol10_5",5
549,20.525,"Missing","S","51","B","",NA,"C","",NA,"C","",87,"Y","high",334,"Y","high",108,"X","low",174,"Z","",335,NA,NA,NA,NA,"ExtraCol10_5",5
550,36.75,"Missing","S","68","D","unknown",NA,"B","unknown",0,"","",NA,"X","low",233,"X","high",NA,"Z","high",332,"X","high",NA,NA,NA,"ExtraCol7_1",1,NA,NA
551,110.8833,"C70","C","80","D","low",89,"B","high",45,"D","high",NA,"X","high",318,"X","high",NA,"Z","low",219,"Z","medium",396,"ExtraCol4_5",5,"ExtraCol7_3",3,NA,NA
552,26,"Missing","S","Missing","","unknown",93,"B","low",68,"C","unknown",NA,"X","low",106,"X","",6,"","",294,"Y","high",482,"ExtraCol4_5",5,"ExtraCol7_4",4,NA,NA
553,7.8292,"Missing","Q","82","D","high",15,"","medium",79,"D","",66,"X","high",405,"Y","low",99,"Z","high",218,"Z","low",58,"ExtraCol4_1",1,"ExtraCol7_4",4,"ExtraCol10_4",4
554,7.225,"Missing","C","Missing","C","",90,"C","low",41,"C","high",13,"Z","medium",22,"X","high",NA,"X","medium",NA,"Y","high",68,"ExtraCol4_5",5,"ExtraCol7_3",3,"ExtraCol10_1",1
555,7.775,"Missing","S","Missing","B","unknown",90,"A","unknown",86,"A","",NA,"X","medium",419,"X","low",123,"Z","low",223,"Z","low",249,"ExtraCol4_5",5,"ExtraCol7_5",5,NA,NA
556,26.55,"Missing","S","50","C","low",NA,"C","medium",67,"C","",99,"Y","low",419,"X","low",316,"Z","medium",196,"Y","low",146,NA,NA,"ExtraCol7_4",4,"ExtraCol10_5",5
557,39.6,"A16","C","Missing","D","low",21,"D","",4,"B","low",NA,"Y","high",343,"Z","low",55,"X","high",481,"X","high",265,"ExtraCol4_2",2,"ExtraCol7_1",1,NA,NA
558,227.525,"Missing","C","Missing","","unknown",NA,"A","medium",27,"B","high",1,"X","medium",407,"Y","medium",348,"Y","medium",132,"Z","high",155,NA,NA,"ExtraCol7_2",2,"ExtraCol10_1",1
559,79.65,"E67","S","79","","low",99,"D","low",93,"C","medium",NA,"X","medium",456,"Y","low",114,"Y","",402,"X","medium",391,"ExtraCol4_5",5,"ExtraCol7_5",5,NA,NA
560,17.4,"Missing","S","85","","",NA,"C","unknown",0,"B","unknown",NA,"X","medium",81,"Y","medium",261,"X","medium",354,"Y","medium",449,NA,NA,"ExtraCol7_1",1,NA,NA
561,7.75,"Missing","Q","53","A","",NA,"B","high",10,"A","unknown",NA,"X","medium",272,"Y","low",58,"Z","medium",263,"Z","high",141,NA,NA,"ExtraCol7_1",1,NA,NA
562,7.8958,"Missing","S","4","","unknown",19,"C","medium",34,"","unknown",63,"Z","medium",322,"Y","low",485,"Y","low",158,"Z","high",386,"ExtraCol4_1",1,"ExtraCol7_2",2,"ExtraCol10_4",4
563,13.5,"Missing","S","49","C","",8,"","",99,"C","unknown",35,"Z","",471,"Z","medium",188,"X","low",241,"Z","low",53,"ExtraCol4_1",1,"ExtraCol7_5",5,"ExtraCol10_2",2
564,8.05,"Missing","S","18","","high",25,"D","high",NA,"","medium",35,"Y","low",368,"Z","medium",302,"Y","high",NA,"","low",398,"ExtraCol4_2",2,NA,NA,"ExtraCol10_2",2
565,8.05,"Missing","S","88","D","low",6,"A","low",NA,"","",NA,"Z","low",297,"X","medium",243,"X","medium",90,"Z","low",NA,"ExtraCol4_1",1,NA,NA,NA,NA
566,24.15,"Missing","S","23","D","",19,"A","",39,"C","high",85,"Z","high",278,"","medium",297,"X","high",293,"X","medium",355,"ExtraCol4_1",1,"ExtraCol7_2",2,"ExtraCol10_5",5
567,7.8958,"Missing","S","22","","",7,"C","",93,"C","",49,"Z","high",71,"X","medium",227,"","medium",NA,"Z","low",NA,"ExtraCol4_1",1,"ExtraCol7_5",5,"ExtraCol10_3",3
568,21.075,"Missing","S","24","","low",76,"B","low",21,"D","medium",31,"X","medium",158,"X","low",36,"Z","",316,"X","medium",53,"ExtraCol4_4",4,"ExtraCol7_2",2,"ExtraCol10_2",2
569,7.2292,"Missing","C","64","","high",58,"A","high",57,"B","high",NA,"Z","medium",216,"Y","medium",414,"X","medium",72,"Z","low",421,"ExtraCol4_3",3,"ExtraCol7_3",3,NA,NA
570,7.8542,"Missing","S","Missing","D","low",51,"B","unknown",46,"","",1,"","low",440,"Y","high",321,"X","medium",254,"Y","medium",54,"ExtraCol4_3",3,"ExtraCol7_3",3,"ExtraCol10_1",1
571,10.5,"Missing","S","94","","medium",80,"C","",NA,"","unknown",48,"Y","low",430,"Z","low",126,"Z","high",91,"Z","high",240,"ExtraCol4_5",5,NA,NA,"ExtraCol10_3",3
572,51.4792,"C101","S","41","C","",41,"","high",75,"","low",55,"Z","high",321,"Z","low",42,"Y","high",464,"Y","low",87,"ExtraCol4_2",2,"ExtraCol7_4",4,"ExtraCol10_3",3
573,26.3875,"E25","S","Missing","D","high",40,"D","",83,"","medium",67,"Y","medium",52,"","high",443,"X","high",175,"Z","low",423,"ExtraCol4_2",2,"ExtraCol7_5",5,"ExtraCol10_4",4
574,7.75,"Missing","Q","4","D","",20,"B","unknown",11,"D","",80,"X","low",NA,"Y","medium",166,"Z","high",210,"Z","",287,"ExtraCol4_2",2,"ExtraCol7_1",1,"ExtraCol10_5",5
575,8.05,"Missing","S","0","A","low",NA,"A","high",NA,"D","",36,"X","high",229,"Z","low",454,"X","low",428,"","low",253,NA,NA,NA,NA,"ExtraCol10_2",2
576,14.5,"Missing","S","37","A","unknown",NA,"","high",NA,"D","high",NA,"X","medium",326,"Z","high",382,"X","high",213,"X","",158,NA,NA,NA,NA,NA,NA
577,13,"Missing","S","92","B","high",58,"D","unknown",NA,"","low",NA,"X","",216,"Y","low",479,"Y","high",96,"Y","high",391,"ExtraCol4_3",3,NA,NA,NA,NA
578,55.9,"E44","S","52","","",NA,"A","unknown",66,"D","medium",76,"Y","high",360,"Y","medium",329,"","medium",446,"Y","medium",105,NA,NA,"ExtraCol7_4",4,"ExtraCol10_4",4
579,14.4583,"Missing","C","89","C","",53,"B","",63,"","unknown",NA,"","high",108,"","medium",90,"Y","low",323,"X","low",360,"ExtraCol4_3",3,"ExtraCol7_4",4,NA,NA
580,7.925,"Missing","S","10","","",29,"","high",37,"D","medium",3,"Y","low",72,"X","low",17,"Y","low",302,"X","medium",484,"ExtraCol4_2",2,"ExtraCol7_2",2,"ExtraCol10_1",1
581,30,"Missing","S","9","B","high",NA,"C","low",NA,"B","medium",NA,"Y","medium",109,"Y","high",122,"X","high",37,"X","high",133,NA,NA,NA,NA,NA,NA
582,110.8833,"C68","C","83","A","high",82,"B","unknown",NA,"","low",NA,"X","low",461,"Z","medium",219,"","high",224,"Z","low",343,"ExtraCol4_5",5,NA,NA,NA,NA
583,26,"Missing","S","10","A","",NA,"","unknown",82,"B","",NA,"Y","high",NA,"X","low",311,"Z","low",229,"Y","high",154,NA,NA,"ExtraCol7_5",5,NA,NA
584,40.125,"A10","C","5","A","medium",25,"","medium",89,"A","low",50,"Z","high",142,"Z","high",447,"Y","medium",131,"Z","high",464,"ExtraCol4_2",2,"ExtraCol7_5",5,"ExtraCol10_3",3
585,8.7125,"Missing","C","40","","unknown",71,"","high",29,"C","medium",46,"X","medium",171,"X","medium",70,"X","medium",282,"Z","low",449,"ExtraCol4_4",4,"ExtraCol7_2",2,"ExtraCol10_3",3
586,79.65,"E68","S","92","C","",NA,"A","",NA,"A","high",37,"","low",418,"X","high",317,"Z","low",122,"","medium",156,NA,NA,NA,NA,"ExtraCol10_2",2
587,15,"Missing","S","68","B","",NA,"","",32,"A","",41,"Z","high",179,"Z","high",42,"X","medium",235,"Z","low",NA,NA,NA,"ExtraCol7_2",2,"ExtraCol10_3",3
588,79.2,"B41","C","9","B","medium",31,"C","",3,"","",1,"Y","medium",446,"Y","low",240,"Z","high",400,"X","medium",41,"ExtraCol4_2",2,"ExtraCol7_1",1,"ExtraCol10_1",1
589,8.05,"Missing","S","83","B","unknown",35,"A","unknown",16,"","medium",10,"","low",494,"Y","high",36,"Z","low",367,"Y","high",348,"ExtraCol4_2",2,"ExtraCol7_1",1,"ExtraCol10_1",1
590,8.05,"Missing","S","84","C","medium",NA,"B","unknown",30,"A","low",75,"X","medium",325,"","low",186,"","high",139,"Z","high",459,NA,NA,"ExtraCol7_2",2,"ExtraCol10_4",4
591,7.125,"Missing","S","80","D","low",1,"A","low",98,"D","medium",36,"Z","medium",171,"Y","",303,"X","high",NA,"","low",72,"ExtraCol4_1",1,"ExtraCol7_5",5,"ExtraCol10_2",2
592,78.2667,"D20","C","90","","high",NA,"D","unknown",20,"D","",NA,"Y","low",299,"Y","medium",369,"Y","medium",2,"Z","medium",408,NA,NA,"ExtraCol7_1",1,NA,NA
593,7.25,"Missing","S","23","C","unknown",12,"","",50,"D","medium",39,"","high",334,"Z","medium",402,"Z","low",172,"Y","low",377,"ExtraCol4_1",1,"ExtraCol7_3",3,"ExtraCol10_2",2
594,7.75,"Missing","Q","Missing","","low",NA,"D","low",NA,"B","medium",99,"Y","high",54,"Y","low",NA,"Y","low",9,"","low",235,NA,NA,NA,NA,"ExtraCol10_5",5
595,26,"Missing","S","Missing","C","medium",55,"","",35,"A","medium",NA,"Z","low",416,"X","low",129,"X","low",64,"Z","high",111,"ExtraCol4_3",3,"ExtraCol7_2",2,NA,NA
596,24.15,"Missing","S","80","A","medium",NA,"","high",91,"","",18,"","high",218,"X","high",456,"Z","medium",489,"","",326,NA,NA,"ExtraCol7_5",5,"ExtraCol10_2",2
597,33,"Missing","S","57","","low",34,"B","unknown",9,"C","high",58,"","medium",422,"Y","high",466,"X","medium",427,"Y","medium",297,"ExtraCol4_2",2,"ExtraCol7_1",1,"ExtraCol10_3",3
598,0,"Missing","S","77","A","high",77,"","low",87,"A","high",NA,"Y","",305,"Y","high",483,"Z","low",279,"Y","high",405,"ExtraCol4_4",4,"ExtraCol7_5",5,NA,NA
599,7.225,"Missing","C","Missing","B","medium",NA,"","",74,"D","unknown",14,"Z","high",430,"","medium",395,"Z","medium",387,"X","high",282,NA,NA,"ExtraCol7_4",4,"ExtraCol10_1",1
600,56.9292,"A20","C","64","","low",1,"A","",NA,"B","high",NA,"Z","medium",40,"X","high",388,"Y","high",244,"Y","low",24,"ExtraCol4_1",1,NA,NA,NA,NA
601,27,"Missing","S","Missing","","medium",NA,"D","medium",76,"","high",NA,"Y","high",21,"X","low",38,"X","low",300,"Y","low",101,NA,NA,"ExtraCol7_4",4,NA,NA
602,7.8958,"Missing","S","77","","unknown",2,"","",42,"A","high",73,"X","high",55,"X","high",NA,"Z","high",458,"X","medium",190,"ExtraCol4_1",1,"ExtraCol7_3",3,"ExtraCol10_4",4
603,42.4,"Missing","S","73","","unknown",52,"D","unknown",97,"B","high",56,"Z","high",437,"Z","low",203,"Z","low",39,"Y","high",245,"ExtraCol4_3",3,"ExtraCol7_5",5,"ExtraCol10_3",3
604,8.05,"Missing","S","Missing","A","high",87,"A","unknown",3,"","low",65,"Y","medium",496,"Y","medium",129,"Y","medium",NA,"X","low",174,"ExtraCol4_5",5,"ExtraCol7_1",1,"ExtraCol10_4",4
605,26.55,"Missing","C","82","A","medium",NA,"D","medium",2,"","medium",26,"Y","",499,"Z","medium",34,"X","low",59,"Y","medium",439,NA,NA,"ExtraCol7_1",1,"ExtraCol10_2",2
606,15.55,"Missing","S","Missing","","unknown",NA,"","",NA,"C","",28,"Z","high",166,"Y","high",106,"X","low",397,"X","high",140,NA,NA,NA,NA,"ExtraCol10_2",2
607,7.8958,"Missing","S","Missing","C","low",NA,"B","high",93,"D","low",63,"Y","high",132,"X","low",457,"X","high",411,"Z","high",340,NA,NA,"ExtraCol7_5",5,"ExtraCol10_4",4
608,30.5,"Missing","S","Missing","","high",78,"A","low",6,"C","unknown",35,"Y","low",174,"Y","medium",454,"Y","medium",360,"Z","medium",180,"ExtraCol4_4",4,"ExtraCol7_1",1,"ExtraCol10_2",2
609,41.5792,"Missing","C","Missing","D","",NA,"","high",77,"","",NA,"X","medium",408,"Z","low",371,"Y","medium",304,"Z","high",496,NA,NA,"ExtraCol7_4",4,NA,NA
610,153.4625,"C125","S","85","D","high",28,"","unknown",93,"C","",15,"Z","medium",125,"Y","low",50,"Y","medium",238,"Z","high",458,"ExtraCol4_2",2,"ExtraCol7_5",5,"ExtraCol10_1",1
611,31.275,"Missing","S","83","A","low",0,"","",NA,"","low",30,"Y","medium",273,"X","medium",343,"Y","low",11,"X","high",392,"ExtraCol4_1",1,NA,NA,"ExtraCol10_2",2
612,7.05,"Missing","S","Missing","","high",44,"B","low",86,"","unknown",10,"Z","medium",323,"X","high",63,"Y","high",387,"Y","high",382,"ExtraCol4_3",3,"ExtraCol7_5",5,"ExtraCol10_1",1
613,15.5,"Missing","Q","78","B","high",61,"","low",75,"D","low",8,"X","high",180,"Z","low",341,"X","medium",446,"X","high",321,"ExtraCol4_4",4,"ExtraCol7_4",4,"ExtraCol10_1",1
614,7.75,"Missing","Q","38","A","unknown",NA,"C","high",NA,"C","",NA,"Z","medium",236,"X","",16,"Y","low",482,"X","low",293,NA,NA,NA,NA,NA,NA
615,8.05,"Missing","S","68","","low",93,"A","low",85,"B","low",48,"Y","high",332,"Z","medium",142,"Z","high",170,"Y","low",281,"ExtraCol4_5",5,"ExtraCol7_5",5,"ExtraCol10_3",3
616,65,"Missing","S","63","","",NA,"","unknown",69,"B","unknown",14,"X","high",395,"Z","high",61,"Z","low",100,"Y","medium",13,NA,NA,"ExtraCol7_4",4,"ExtraCol10_1",1
617,14.4,"Missing","S","Missing","","unknown",78,"B","low",1,"","low",9,"X","low",94,"X","low",466,"Z","high",326,"X","high",NA,"ExtraCol4_4",4,"ExtraCol7_1",1,"ExtraCol10_1",1
618,16.1,"Missing","S","26","B","",2,"","low",NA,"","unknown",87,"X","medium",256,"Y","low",284,"Z","low",8,"X","high",NA,"ExtraCol4_1",1,NA,NA,"ExtraCol10_5",5
619,39,"F4","S","6","B","high",85,"","medium",NA,"A","high",51,"X","medium",77,"Y","high",461,"X","low",30,"Y","high",263,"ExtraCol4_5",5,NA,NA,"ExtraCol10_3",3
620,10.5,"Missing","S","13","A","low",75,"A","unknown",NA,"","low",71,"Y","high",7,"Z","low",10,"X","low",410,"X","low",435,"ExtraCol4_4",4,NA,NA,"ExtraCol10_4",4
621,14.4542,"Missing","C","43","B","high",NA,"C","",NA,"","",72,"Z","medium",322,"Z","",369,"Y","medium",478,"X","high",201,NA,NA,NA,NA,"ExtraCol10_4",4
622,52.5542,"D19","S","47","A","",58,"D","medium",NA,"B","unknown",10,"Z","medium",241,"X","high",239,"Y","medium",201,"Y","",56,"ExtraCol4_3",3,NA,NA,"ExtraCol10_1",1
623,15.7417,"Missing","C","Missing","D","",NA,"D","high",29,"","low",NA,"Z","high",129,"X","high",234,"Z","low",253,"X","low",417,NA,NA,"ExtraCol7_2",2,NA,NA
624,7.8542,"Missing","S","41","","low",90,"","",19,"D","unknown",NA,"Y","low",27,"Z","low",436,"Z","low",NA,"Z","high",254,"ExtraCol4_5",5,"ExtraCol7_1",1,NA,NA
625,16.1,"Missing","S","60","D","high",55,"A","unknown",8,"D","",44,"Y","medium",472,"Y","high",23,"Z","low",69,"Z","high",470,"ExtraCol4_3",3,"ExtraCol7_1",1,"ExtraCol10_3",3
626,32.3208,"D50","S","23","","",NA,"","low",63,"","",86,"X","",413,"X","",472,"X","medium",111,"Z","medium",106,NA,NA,"ExtraCol7_4",4,"ExtraCol10_5",5
627,12.35,"Missing","Q","33","D","medium",61,"D","unknown",95,"D","medium",NA,"X","high",NA,"Y","low",14,"Z","high",149,"X","low",239,"ExtraCol4_4",4,"ExtraCol7_5",5,NA,NA
628,77.9583,"D9","S","36","C","",68,"C","unknown",NA,"D","",NA,"Y","low",56,"X","medium",181,"Z","low",NA,"Y","low",333,"ExtraCol4_4",4,NA,NA,NA,NA
629,7.8958,"Missing","S","50","B","unknown",NA,"C","",NA,"D","medium",10,"Z","high",7,"X","low",69,"Z","high",NA,"Z","high",68,NA,NA,NA,NA,"ExtraCol10_1",1
630,7.7333,"Missing","Q","36","C","high",81,"B","",NA,"","unknown",61,"X","low",108,"Z","low",261,"Y","medium",360,"Y","low",498,"ExtraCol4_5",5,NA,NA,"ExtraCol10_4",4
631,30,"A23","S","73","B","",20,"C","medium",17,"B","",88,"X","low",50,"X","low",297,"X","low",97,"X","medium",304,"ExtraCol4_2",2,"ExtraCol7_1",1,"ExtraCol10_5",5
632,7.0542,"Missing","S","32","A","",89,"A","unknown",21,"","",57,"X","high",229,"Z","low",321,"X","low",476,"Z","low",85,"ExtraCol4_5",5,"ExtraCol7_2",2,"ExtraCol10_3",3
633,30.5,"B50","C","43","B","low",55,"","unknown",28,"D","unknown",80,"X","medium",322,"X","medium",399,"Z","high",441,"X","low",370,"ExtraCol4_3",3,"ExtraCol7_2",2,"ExtraCol10_5",5
634,0,"Missing","S","37","","high",32,"","high",68,"","medium",53,"X","medium",97,"X","high",375,"Z","high",237,"Z","high",439,"ExtraCol4_2",2,"ExtraCol7_4",4,"ExtraCol10_3",3
635,27.9,"Missing","S","Missing","","high",NA,"","",29,"D","low",41,"X","medium",198,"Z","medium",474,"","high",112,"X","high",186,NA,NA,"ExtraCol7_2",2,"ExtraCol10_3",3
636,13,"Missing","S","68","A","unknown",1,"A","",82,"","unknown",NA,"X","high",269,"X","low",224,"Y","medium",488,"Z","medium",NA,"ExtraCol4_1",1,"ExtraCol7_5",5,NA,NA
637,7.925,"Missing","S","23","","unknown",74,"A","high",36,"C","",15,"Y","low",158,"Y","medium",87,"Y","high",404,"X","medium",373,"ExtraCol4_4",4,"ExtraCol7_2",2,"ExtraCol10_1",1
638,26.25,"Missing","S","29","C","",37,"","",10,"A","",NA,"Z","low",230,"Y","high",77,"X","high",NA,"Z","medium",72,"ExtraCol4_2",2,"ExtraCol7_1",1,NA,NA
639,39.6875,"Missing","S","79","","",84,"D","unknown",9,"B","",NA,"X","medium",295,"","high",137,"Y","high",133,"Y","medium",265,"ExtraCol4_5",5,"ExtraCol7_1",1,NA,NA
640,16.1,"Missing","S","94","","medium",23,"C","high",40,"C","unknown",NA,"X","high",476,"Y","high",301,"X","medium",NA,"","high",NA,"ExtraCol4_2",2,"ExtraCol7_2",2,NA,NA
641,7.8542,"Missing","S","67","A","",92,"","high",40,"A","unknown",NA,"Z","medium",155,"","medium",27,"Z","medium",185,"Z","high",150,"ExtraCol4_5",5,"ExtraCol7_2",2,NA,NA
642,69.3,"B35","C","91","","high",94,"B","low",NA,"A","high",99,"X","high",44,"X","medium",477,"Z","high",337,"Z","low",149,"ExtraCol4_5",5,NA,NA,"ExtraCol10_5",5
643,27.9,"Missing","S","85","D","unknown",10,"C","",47,"C","",23,"Z","high",434,"X","low",494,"X","high",416,"Z","low",314,"ExtraCol4_1",1,"ExtraCol7_3",3,"ExtraCol10_2",2
644,56.4958,"Missing","S","48","C","",64,"D","",16,"A","medium",72,"Y","high",288,"X","medium",82,"Z","medium",244,"Y","high",375,"ExtraCol4_4",4,"ExtraCol7_1",1,"ExtraCol10_4",4
645,19.2583,"Missing","C","Missing","","",93,"B","",21,"","high",87,"Z","medium",236,"Y","medium",390,"Z","low",24,"","medium",194,"ExtraCol4_5",5,"ExtraCol7_2",2,"ExtraCol10_5",5
646,76.7292,"D33","C","32","B","",32,"C","high",56,"B","unknown",83,"X","medium",360,"Y","low",NA,"Y","medium",281,"","medium",73,"ExtraCol4_2",2,"ExtraCol7_3",3,"ExtraCol10_5",5
647,7.8958,"Missing","S","Missing","A","unknown",NA,"C","medium",33,"","low",NA,"","low",490,"X","low",240,"Y","medium",429,"X","high",393,NA,NA,"ExtraCol7_2",2,NA,NA
648,35.5,"A26","C","Missing","A","high",NA,"D","unknown",67,"","",17,"Y","low",63,"X","high",367,"X","high",111,"X","medium",86,NA,NA,"ExtraCol7_4",4,"ExtraCol10_1",1
649,7.55,"Missing","S","96","A","low",47,"D","",92,"","high",46,"X","",430,"Z","low",287,"Z","low",479,"X","medium",NA,"ExtraCol4_3",3,"ExtraCol7_5",5,"ExtraCol10_3",3
650,7.55,"Missing","S","84","D","low",2,"C","low",35,"C","high",77,"X","high",318,"X","",161,"X","low",181,"Y","medium",161,"ExtraCol4_1",1,"ExtraCol7_2",2,"ExtraCol10_5",5
651,7.8958,"Missing","S","Missing","C","unknown",84,"C","",55,"C","unknown",61,"Z","high",292,"Y","medium",281,"Z","high",342,"Z","low",409,"ExtraCol4_5",5,"ExtraCol7_3",3,"ExtraCol10_4",4
652,23,"Missing","S","65","B","unknown",NA,"D","medium",NA,"B","",NA,"X","medium",432,"Z","low",67,"Y","high",350,"Y","high",378,NA,NA,NA,NA,NA,NA
653,8.4333,"Missing","S","20","D","unknown",NA,"","low",21,"","low",21,"Y","medium",152,"Z","high",127,"Z","low",91,"X","high",153,NA,NA,"ExtraCol7_2",2,"ExtraCol10_2",2
654,7.8292,"Missing","Q","Missing","A","low",25,"","",51,"D","low",65,"Z","high",393,"Z","high",486,"Y","low",NA,"Y","high",259,"ExtraCol4_2",2,"ExtraCol7_3",3,"ExtraCol10_4",4
655,6.75,"Missing","Q","Missing","A","high",1,"C","high",30,"D","unknown",42,"X","low",285,"Y","high",92,"Z","medium",474,"X","medium",479,"ExtraCol4_1",1,"ExtraCol7_2",2,"ExtraCol10_3",3
656,73.5,"Missing","S","53","B","unknown",NA,"C","",62,"D","",NA,"X","low",467,"Y","low",299,"Y","high",350,"Y","low",359,NA,NA,"ExtraCol7_4",4,NA,NA
657,7.8958,"Missing","S","76","D","high",2,"A","low",74,"","high",93,"Y","high",233,"Z","",NA,"Y","high",315,"Z","medium",379,"ExtraCol4_1",1,"ExtraCol7_4",4,"ExtraCol10_5",5
658,15.5,"Missing","Q","63","C","high",79,"C","unknown",14,"C","medium",0,"X","medium",360,"Z","low",232,"Y","medium",151,"X","low",43,"ExtraCol4_5",5,"ExtraCol7_1",1,"ExtraCol10_1",1
659,13,"Missing","S","Missing","D","",51,"","unknown",18,"A","medium",23,"Z","low",248,"X","low",123,"","low",54,"Z","high",120,"ExtraCol4_3",3,"ExtraCol7_1",1,"ExtraCol10_2",2
660,113.275,"D48","C","28","","low",NA,"","high",2,"D","unknown",91,"X","low",196,"Z","",284,"Y","medium",135,"X","medium",52,NA,NA,"ExtraCol7_1",1,"ExtraCol10_5",5
661,133.65,"Missing","S","Missing","","medium",81,"C","low",1,"A","",NA,"X","",187,"Z","high",278,"","low",273,"Z","low",489,"ExtraCol4_5",5,"ExtraCol7_1",1,NA,NA
662,7.225,"Missing","C","73","A","",89,"","",NA,"","",30,"X","low",460,"Z","low",308,"Y","medium",346,"X","medium",171,"ExtraCol4_5",5,NA,NA,"ExtraCol10_2",2
663,25.5875,"E58","S","3","A","low",12,"D","high",70,"D","unknown",NA,"X","medium",418,"X","high",154,"Y","low",159,"X","high",249,"ExtraCol4_1",1,"ExtraCol7_4",4,NA,NA
664,7.4958,"Missing","S","Missing","C","low",NA,"C","high",NA,"","unknown",NA,"X","high",112,"Y","low",289,"Y","low",107,"Y","low",275,NA,NA,NA,NA,NA,NA
665,7.925,"Missing","S","Missing","","",12,"B","",40,"D","high",NA,"Y","high",432,"X","high",364,"Y","high",124,"Y","medium",261,"ExtraCol4_1",1,"ExtraCol7_2",2,NA,NA
666,73.5,"Missing","S","69","D","unknown",68,"D","unknown",NA,"B","low",30,"Y","high",291,"X","medium",359,"X","high",480,"Y","high",26,"ExtraCol4_4",4,NA,NA,"ExtraCol10_2",2
667,13,"Missing","S","50","D","high",56,"B","unknown",72,"","high",53,"Y","high",NA,"Y","low",283,"Z","",NA,"X","high",454,"ExtraCol4_3",3,"ExtraCol7_4",4,"ExtraCol10_3",3
668,7.775,"Missing","S","86","C","high",8,"B","high",80,"A","high",NA,"X","low",382,"X","high",149,"Y","medium",495,"Z","high",190,"ExtraCol4_1",1,"ExtraCol7_4",4,NA,NA
669,8.05,"Missing","S","91","B","",23,"","",73,"","high",NA,"X","low",81,"X","high",266,"Z","medium",3,"Z","medium",459,"ExtraCol4_2",2,"ExtraCol7_4",4,NA,NA
670,52,"C126","S","Missing","A","low",53,"D","high",NA,"","low",79,"X","low",436,"X","high",268,"Y","low",229,"Z","medium",382,"ExtraCol4_3",3,NA,NA,"ExtraCol10_5",5
671,39,"Missing","S","Missing","C","medium",NA,"C","low",52,"B","",62,"X","high",227,"","medium",475,"Y","medium",228,"Z","medium",NA,NA,NA,"ExtraCol7_3",3,"ExtraCol10_4",4
672,52,"B71","S","61","C","",34,"","",52,"A","unknown",NA,"Z","medium",458,"X","high",188,"Y","medium",200,"Z","medium",351,"ExtraCol4_2",2,"ExtraCol7_3",3,NA,NA
673,10.5,"Missing","S","Missing","D","unknown",NA,"D","",64,"A","medium",98,"X","high",241,"Z","high",NA,"Z","high",195,"X","",489,NA,NA,"ExtraCol7_4",4,"ExtraCol10_5",5
674,13,"Missing","S","9","C","",99,"A","low",79,"B","medium",NA,"X","",42,"Z","high",NA,"X","medium",39,"Y","low",151,"ExtraCol4_5",5,"ExtraCol7_4",4,NA,NA
675,0,"Missing","S","62","A","",76,"","high",NA,"","low",89,"Y","high",383,"Z","medium",317,"","high",16,"Z","high",164,"ExtraCol4_4",4,NA,NA,"ExtraCol10_5",5
676,7.775,"Missing","S","Missing","","medium",NA,"C","high",67,"C","unknown",NA,"X","medium",363,"Z","low",213,"X","medium",389,"X","medium",335,NA,NA,"ExtraCol7_4",4,NA,NA
677,8.05,"Missing","S","58","","medium",NA,"D","",83,"A","low",92,"Y","high",151,"Y","medium",0,"Z","low",220,"Y","medium",116,NA,NA,"ExtraCol7_5",5,"ExtraCol10_5",5
678,9.8417,"Missing","S","Missing","A","unknown",NA,"B","high",NA,"","medium",78,"Y","low",102,"Y","medium",352,"Y","medium",81,"X","medium",401,NA,NA,NA,NA,"ExtraCol10_5",5
679,46.9,"Missing","S","52","D","medium",51,"D","unknown",41,"C","medium",21,"","high",431,"","low",368,"Z","high",NA,"Z","medium",14,"ExtraCol4_3",3,"ExtraCol7_3",3,"ExtraCol10_2",2
680,512.3292,"B51 B53 B55","C","93","A","unknown",44,"A","unknown",NA,"B","",20,"X","medium",389,"Y","low",465,"","low",466,"Z","high",448,"ExtraCol4_3",3,NA,NA,"ExtraCol10_2",2
681,8.1375,"Missing","Q","72","","",83,"D","medium",2,"","",54,"","low",148,"Y","",251,"X","high",233,"X","medium",173,"ExtraCol4_5",5,"ExtraCol7_1",1,"ExtraCol10_3",3
682,76.7292,"D49","C","13","D","",NA,"A","",NA,"D","unknown",50,"Z","low",350,"Y","",257,"Y","medium",495,"Z","medium",NA,NA,NA,NA,NA,"ExtraCol10_3",3
683,9.225,"Missing","S","95","","",NA,"","",80,"B","unknown",23,"Y","",120,"X","",104,"X","high",80,"Y","medium",301,NA,NA,"ExtraCol7_4",4,"ExtraCol10_2",2
684,46.9,"Missing","S","95","A","medium",NA,"","high",17,"","high",26,"X","low",90,"Z","high",229,"Y","high",61,"Z","low",137,NA,NA,"ExtraCol7_1",1,"ExtraCol10_2",2
685,39,"Missing","S","16","D","",6,"D","low",NA,"B","low",89,"Y","high",NA,"","high",0,"X","medium",281,"X","low",152,"ExtraCol4_1",1,NA,NA,"ExtraCol10_5",5
686,41.5792,"Missing","C","80","A","",69,"D","",90,"","unknown",NA,"Y","low",416,"Z","low",250,"X","",341,"X","",240,"ExtraCol4_4",4,"ExtraCol7_5",5,NA,NA
687,39.6875,"Missing","S","Missing","C","",65,"","high",49,"","medium",NA,"Z","medium",459,"X","low",NA,"X","low",490,"Z","",289,"ExtraCol4_4",4,"ExtraCol7_3",3,NA,NA
688,10.1708,"Missing","S","59","D","unknown",58,"D","medium",48,"B","",NA,"Z","medium",230,"Z","high",392,"Y","high",232,"","",68,"ExtraCol4_3",3,"ExtraCol7_3",3,NA,NA
689,7.7958,"Missing","S","44","C","low",5,"B","high",42,"A","medium",15,"Y","medium",71,"X","high",331,"Z","high",100,"X","low",24,"ExtraCol4_1",1,"ExtraCol7_3",3,"ExtraCol10_1",1
690,211.3375,"B5","S","78","A","low",49,"C","low",37,"","",NA,"X","medium",271,"X","medium",402,"Y","low",270,"X","high",NA,"ExtraCol4_3",3,"ExtraCol7_2",2,NA,NA
691,57,"B20","S","99","D","high",89,"A","medium",38,"A","",NA,"","high",340,"","high",332,"X","",153,"Y","medium",177,"ExtraCol4_5",5,"ExtraCol7_2",2,NA,NA
692,13.4167,"Missing","C","79","A","medium",23,"A","high",55,"C","",64,"X","high",485,"X","low",389,"X","medium",89,"X","high",291,"ExtraCol4_2",2,"ExtraCol7_3",3,"ExtraCol10_4",4
693,56.4958,"Missing","S","Missing","C","",69,"A","high",NA,"A","",NA,"Z","high",56,"X","medium",218,"Z","low",44,"Z","medium",374,"ExtraCol4_4",4,NA,NA,NA,NA
694,7.225,"Missing","C","94","","low",85,"C","unknown",NA,"A","",23,"Y","",328,"Z","medium",301,"","low",361,"Z","high",307,"ExtraCol4_5",5,NA,NA,"ExtraCol10_2",2
695,26.55,"Missing","S","9","","",NA,"","unknown",86,"D","medium",18,"Y","high",256,"X","low",319,"Y","low",321,"Z","",52,NA,NA,"ExtraCol7_5",5,"ExtraCol10_2",2
696,13.5,"Missing","S","25","","medium",51,"D","",11,"A","unknown",NA,"","",294,"Z","high",286,"Y","low",83,"","high",498,"ExtraCol4_3",3,"ExtraCol7_1",1,NA,NA
697,8.05,"Missing","S","72","A","medium",NA,"","low",30,"B","",7,"Y","high",46,"X","medium",285,"Y","low",279,"Y","low",357,NA,NA,"ExtraCol7_2",2,"ExtraCol10_1",1
698,7.7333,"Missing","Q","59","D","high",69,"C","",75,"C","unknown",NA,"Y","low",8,"Y","low",390,"Z","low",442,"Y","low",24,"ExtraCol4_4",4,"ExtraCol7_4",4,NA,NA
699,110.8833,"C68","C","5","A","",NA,"","low",54,"B","medium",86,"X","low",303,"Y","low",119,"Z","medium",409,"","low",381,NA,NA,"ExtraCol7_3",3,"ExtraCol10_5",5
700,7.65,"F G63","S","9","","medium",NA,"B","",33,"B","medium",30,"Y","high",99,"Z","",158,"","medium",226,"Y","",440,NA,NA,"ExtraCol7_2",2,"ExtraCol10_2",2
701,227.525,"C62 C64","C","52","","low",NA,"A","low",31,"","low",NA,"X","high",306,"Z","",259,"Y","low",28,"Y","medium",284,NA,NA,"ExtraCol7_2",2,NA,NA
702,26.2875,"E24","S","61","C","high",71,"","",11,"","",NA,"X","low",13,"Z","high",322,"Z","low",317,"Y","high",416,"ExtraCol4_4",4,"ExtraCol7_1",1,NA,NA
703,14.4542,"Missing","C","16","C","low",24,"C","low",NA,"D","low",25,"X","high",400,"Z","low",257,"Y","medium",258,"Y","high",443,"ExtraCol4_2",2,NA,NA,"ExtraCol10_2",2
704,7.7417,"Missing","Q","17","C","medium",75,"","high",NA,"C","medium",6,"Y","low",166,"X","medium",99,"","high",460,"Z","low",482,"ExtraCol4_4",4,NA,NA,"ExtraCol10_1",1
705,7.8542,"Missing","S","Missing","C","",54,"C","",41,"D","unknown",NA,"Z","low",NA,"X","medium",411,"Z","high",276,"Y","medium",477,"ExtraCol4_3",3,"ExtraCol7_3",3,NA,NA
706,26,"Missing","S","56","D","low",93,"D","high",NA,"C","high",2,"X","high",172,"Y","medium",272,"X","high",368,"Z","medium",96,"ExtraCol4_5",5,NA,NA,"ExtraCol10_1",1
707,13.5,"Missing","S","Missing","","medium",65,"C","high",27,"","high",42,"X","low",209,"X","",216,"Y","low",264,"X","low",17,"ExtraCol4_4",4,"ExtraCol7_2",2,"ExtraCol10_3",3
708,26.2875,"E24","S","Missing","D","",NA,"A","low",NA,"","unknown",3,"Y","low",265,"Y","high",439,"Y","high",270,"Y","medium",325,NA,NA,NA,NA,"ExtraCol10_1",1
709,151.55,"Missing","S","47","D","unknown",97,"B","",NA,"C","unknown",NA,"X","high",322,"Y","high",218,"","low",158,"Y","low",339,"ExtraCol4_5",5,NA,NA,NA,NA
710,15.2458,"Missing","C","Missing","D","unknown",99,"D","unknown",40,"C","unknown",NA,"X","medium",344,"X","medium",80,"Y","low",201,"Z","high",NA,"ExtraCol4_5",5,"ExtraCol7_2",2,NA,NA
711,49.5042,"C90","C","Missing","","low",74,"A","high",25,"D","",32,"Y","medium",495,"X","high",492,"X","low",147,"X","low",118,"ExtraCol4_4",4,"ExtraCol7_2",2,"ExtraCol10_2",2
712,26.55,"C124","S","Missing","D","high",59,"A","medium",63,"","",NA,"Y","high",89,"Z","low",191,"Y","low",231,"X","low",474,"ExtraCol4_3",3,"ExtraCol7_4",4,NA,NA
713,52,"C126","S","72","A","high",11,"D","unknown",54,"B","",NA,"X","low",435,"Y","low",447,"Y","medium",475,"Y","low",204,"ExtraCol4_1",1,"ExtraCol7_3",3,NA,NA
714,9.4833,"Missing","S","76","D","medium",NA,"","",57,"A","",NA,"X","high",300,"Z","low",258,"Y","low",170,"Z","",370,NA,NA,"ExtraCol7_3",3,NA,NA
715,13,"Missing","S","Missing","C","medium",47,"D","",NA,"","high",NA,"X","low",154,"","low",121,"Y","high",231,"Y","high",311,"ExtraCol4_3",3,NA,NA,NA,NA
716,7.65,"F G73","S","79","","",78,"","low",72,"","medium",36,"Z","medium",458,"Y","high",188,"Z","high",473,"Y","high",447,"ExtraCol4_4",4,"ExtraCol7_4",4,"ExtraCol10_2",2
717,227.525,"C45","C","51","C","medium",58,"C","",NA,"D","",NA,"Y","low",353,"Z","low",455,"Z","medium",75,"X","high",356,"ExtraCol4_3",3,NA,NA,NA,NA
718,10.5,"E101","S","Missing","B","low",43,"C","",83,"C","low",25,"","low",92,"X","",472,"Z","low",126,"Z","high",NA,"ExtraCol4_3",3,"ExtraCol7_5",5,"ExtraCol10_2",2
719,15.5,"Missing","Q","Missing","","",NA,"A","low",42,"A","",NA,"X","low",87,"X","medium",68,"X","high",246,"Z","medium",420,NA,NA,"ExtraCol7_3",3,NA,NA
720,7.775,"Missing","S","59","D","medium",NA,"","",40,"C","medium",73,"Z","medium",329,"Z","high",493,"Z","low",204,"X","low",27,NA,NA,"ExtraCol7_2",2,"ExtraCol10_4",4
721,33,"Missing","S","13","A","",NA,"","",38,"B","low",75,"","high",364,"Z","low",426,"Z","high",170,"Z","medium",352,NA,NA,"ExtraCol7_2",2,"ExtraCol10_4",4
722,7.0542,"Missing","S","93","B","low",NA,"D","medium",42,"","unknown",51,"Z","low",22,"X","high",323,"Z","high",389,"X","low",293,NA,NA,"ExtraCol7_3",3,"ExtraCol10_3",3
723,13,"Missing","S","84","","low",NA,"","low",66,"B","medium",75,"Z","medium",314,"Y","medium",91,"Z","low",249,"Y","low",388,NA,NA,"ExtraCol7_4",4,"ExtraCol10_4",4
724,13,"Missing","S","Missing","","unknown",87,"D","low",49,"C","medium",59,"Y","high",265,"Y","low",293,"Z","low",182,"Z","high",112,"ExtraCol4_5",5,"ExtraCol7_3",3,"ExtraCol10_3",3
725,53.1,"E8","S","78","D","low",11,"D","unknown",12,"A","medium",NA,"Z","high",NA,"Z","low",212,"Z","high",NA,"Z","low",299,"ExtraCol4_1",1,"ExtraCol7_1",1,NA,NA
726,8.6625,"Missing","S","11","A","high",40,"A","unknown",56,"C","medium",35,"Z","high",370,"Y","high",62,"Z","high",443,"X","low",142,"ExtraCol4_2",2,"ExtraCol7_3",3,"ExtraCol10_2",2
727,21,"Missing","S","Missing","C","high",51,"","",NA,"D","unknown",51,"Z","low",454,"X","high",491,"Y","medium",491,"X","medium",58,"ExtraCol4_3",3,NA,NA,"ExtraCol10_3",3
728,7.7375,"Missing","Q","8","D","high",NA,"C","low",10,"","high",NA,"X","medium",17,"Z","high",301,"Y","low",121,"Z","low",287,NA,NA,"ExtraCol7_1",1,NA,NA
729,26,"Missing","S","48","D","unknown",16,"C","",NA,"A","low",76,"X","medium",382,"Z","medium",48,"Y","medium",20,"X","high",10,"ExtraCol4_1",1,NA,NA,"ExtraCol10_4",4
730,7.925,"Missing","S","65","A","",NA,"D","",31,"A","low",NA,"Z","medium",166,"Y","high",170,"Z","medium",15,"Z","high",46,NA,NA,"ExtraCol7_2",2,NA,NA
731,211.3375,"B5","S","72","","",59,"","medium",NA,"","",5,"Z","low",276,"Z","low",419,"Y","low",222,"X","medium",264,"ExtraCol4_3",3,NA,NA,"ExtraCol10_1",1
732,18.7875,"Missing","C","41","","low",NA,"","medium",17,"D","",49,"Y","low",438,"X","low",221,"","high",314,"X","low",449,NA,NA,"ExtraCol7_1",1,"ExtraCol10_3",3
733,0,"Missing","S","Missing","","",16,"B","high",NA,"D","",7,"X","high",434,"X","high",247,"Z","medium",25,"Y","high",357,"ExtraCol4_1",1,NA,NA,"ExtraCol10_1",1
734,13,"Missing","S","Missing","B","high",42,"D","",NA,"","unknown",19,"Y","low",112,"Z","low",71,"X","low",254,"Z","medium",7,"ExtraCol4_2",2,NA,NA,"ExtraCol10_2",2
735,13,"Missing","S","20","","unknown",72,"D","",13,"B","medium",37,"Y","high",120,"Y","medium",NA,"Z","",199,"X","low",54,"ExtraCol4_4",4,"ExtraCol7_1",1,"ExtraCol10_2",2
736,16.1,"Missing","S","Missing","","medium",73,"","unknown",NA,"A","",0,"Y","low",361,"X","medium",488,"Y","medium",466,"Z","high",215,"ExtraCol4_4",4,NA,NA,"ExtraCol10_1",1
737,34.375,"Missing","S","Missing","B","",19,"C","unknown",31,"B","low",22,"Y","medium",NA,"Z","low",476,"Z","medium",301,"Z","high",214,"ExtraCol4_1",1,"ExtraCol7_2",2,"ExtraCol10_2",2
738,512.3292,"B101","C","Missing","","unknown",NA,"","medium",58,"B","medium",54,"","medium",306,"X","high",47,"X","",211,"X","medium",19,NA,NA,"ExtraCol7_3",3,"ExtraCol10_3",3
739,7.8958,"Missing","S","Missing","","high",89,"","",56,"C","medium",37,"Y","high",27,"X","low",274,"X","low",293,"X","medium",128,"ExtraCol4_5",5,"ExtraCol7_3",3,"ExtraCol10_2",2
740,7.8958,"Missing","S","89","A","unknown",22,"A","",NA,"D","",89,"Z","high",81,"Y","high",340,"Z","low",67,"Y","high",63,"ExtraCol4_2",2,NA,NA,"ExtraCol10_5",5
741,30,"D45","S","81","A","",2,"C","medium",58,"D","",9,"X","low",374,"Y","low",440,"Z","low",237,"Y","low",NA,"ExtraCol4_1",1,"ExtraCol7_3",3,"ExtraCol10_1",1
742,78.85,"C46","S","76","C","medium",95,"","unknown",56,"","low",NA,"Z","high",370,"Z","",279,"Y","low",164,"X","medium",329,"ExtraCol4_5",5,"ExtraCol7_3",3,NA,NA
743,262.375,"B57 B59 B63 B66","C","Missing","B","",52,"A","",8,"A","high",59,"Z","low",448,"Y","low",434,"Y","medium",90,"Y","medium",195,"ExtraCol4_3",3,"ExtraCol7_1",1,"ExtraCol10_3",3
744,16.1,"Missing","S","27","","high",77,"","",NA,"","medium",64,"Y","high",266,"X","medium",NA,"Y","medium",196,"Z","medium",285,"ExtraCol4_4",4,NA,NA,"ExtraCol10_4",4
745,7.925,"Missing","S","79","D","low",32,"","",11,"B","medium",67,"Y","high",213,"Z","low",7,"Y","high",319,"X","",100,"ExtraCol4_2",2,"ExtraCol7_1",1,"ExtraCol10_4",4
746,71,"B22","S","36","A","unknown",NA,"A","",43,"B","low",5,"Y","low",56,"Y","low",232,"","",291,"X","low",425,NA,NA,"ExtraCol7_3",3,"ExtraCol10_1",1
747,20.25,"Missing","S","53","B","low",NA,"D","medium",36,"C","low",79,"Y","medium",390,"","medium",132,"Y","medium",481,"Z","low",2,NA,NA,"ExtraCol7_2",2,"ExtraCol10_5",5
748,13,"Missing","S","31","C","medium",NA,"A","",NA,"C","medium",33,"Z","high",474,"","high",377,"Y","low",137,"Y","medium",252,NA,NA,NA,NA,"ExtraCol10_2",2
749,53.1,"D30","S","31","D","",47,"C","unknown",NA,"D","medium",65,"","high",22,"Y","high",168,"X","low",349,"Z","high",160,"ExtraCol4_3",3,NA,NA,"ExtraCol10_4",4
750,7.75,"Missing","Q","Missing","C","high",NA,"","unknown",NA,"C","",NA,"Y","medium",245,"Y","high",203,"Y","low",275,"Y","medium",225,NA,NA,NA,NA,NA,NA
751,23,"Missing","S","Missing","B","high",NA,"B","low",41,"","unknown",39,"","low",177,"X","high",267,"Z","low",436,"Z","low",258,NA,NA,"ExtraCol7_3",3,"ExtraCol10_2",2
752,12.475,"E121","S","14","","unknown",NA,"A","unknown",6,"A","",70,"Y","medium",372,"Y","high",480,"Z","low",454,"Z","high",323,NA,NA,"ExtraCol7_1",1,"ExtraCol10_4",4
753,9.5,"Missing","S","Missing","D","",91,"","",0,"","medium",93,"Y","high",381,"Y","high",35,"Y","high",353,"Y","medium",464,"ExtraCol4_5",5,"ExtraCol7_1",1,"ExtraCol10_5",5
754,7.8958,"Missing","S","93","B","",NA,"A","",54,"D","",87,"Y","medium",108,"Z","medium",276,"Y","medium",211,"Y","high",280,NA,NA,"ExtraCol7_3",3,"ExtraCol10_5",5
755,65,"Missing","S","55","D","",NA,"","medium",NA,"D","high",NA,"Y","low",476,"Z","high",194,"X","high",266,"Y","low",113,NA,NA,NA,NA,NA,NA
756,14.5,"Missing","S","43","D","unknown",51,"D","medium",54,"B","medium",53,"Y","low",68,"Z","high",18,"Y","low",325,"X","low",NA,"ExtraCol4_3",3,"ExtraCol7_3",3,"ExtraCol10_3",3
757,7.7958,"Missing","S","73","","medium",NA,"D","",72,"","",52,"Z","low",390,"Y","medium",407,"Y","low",402,"Y","high",256,NA,NA,"ExtraCol7_4",4,"ExtraCol10_3",3
758,11.5,"Missing","S","38","A","",82,"","unknown",75,"A","",96,"Z","medium",NA,"Y","low",456,"X","low",114,"Y","low",432,"ExtraCol4_5",5,"ExtraCol7_4",4,"ExtraCol10_5",5
759,8.05,"Missing","S","Missing","D","unknown",72,"D","",87,"A","medium",20,"Z","",81,"Y","low",86,"X","medium",436,"Z","low",283,"ExtraCol4_4",4,"ExtraCol7_5",5,"ExtraCol10_2",2
760,86.5,"B77","S","Missing","A","",14,"","",NA,"C","",95,"Y","medium",336,"X","medium",379,"Y","medium",400,"Z","",434,"ExtraCol4_1",1,NA,NA,"ExtraCol10_5",5
761,14.5,"Missing","S","17","B","low",58,"D","medium",88,"C","low",64,"Z","high",135,"X","medium",350,"Z","medium",44,"Y","low",324,"ExtraCol4_3",3,"ExtraCol7_5",5,"ExtraCol10_4",4
762,7.125,"Missing","S","55","","unknown",53,"","low",79,"C","unknown",NA,"Z","medium",137,"Z","medium",352,"Y","high",134,"Z","medium",285,"ExtraCol4_3",3,"ExtraCol7_4",4,NA,NA
763,7.2292,"Missing","C","Missing","C","high",NA,"","low",43,"","",NA,"X","medium",43,"X","high",230,"Z","medium",117,"Y","medium",164,NA,NA,"ExtraCol7_3",3,NA,NA
764,120,"B96 B98","S","93","B","high",NA,"B","medium",50,"B","medium",81,"Z","medium",373,"Z","",160,"","high",289,"Y","low",128,NA,NA,"ExtraCol7_3",3,"ExtraCol10_5",5
765,7.775,"Missing","S","36","C","unknown",NA,"B","",61,"A","high",NA,"Z","medium",403,"Z","medium",35,"Z","low",104,"X","medium",49,NA,NA,"ExtraCol7_4",4,NA,NA
766,77.9583,"D11","S","78","","medium",NA,"","",NA,"","",NA,"Y","high",252,"Z","high",17,"Z","medium",150,"X","low",274,NA,NA,NA,NA,NA,NA
767,39.6,"Missing","C","61","D","",51,"B","unknown",67,"C","",NA,"Z","low",387,"X","high",88,"Y","medium",94,"Z","low",460,"ExtraCol4_3",3,"ExtraCol7_4",4,NA,NA
768,7.75,"Missing","Q","47","","high",NA,"","unknown",58,"B","medium",72,"X","medium",174,"Y","medium",263,"Z","medium",33,"X","low",6,NA,NA,"ExtraCol7_3",3,"ExtraCol10_4",4
769,24.15,"Missing","Q","Missing","A","low",NA,"A","high",52,"C","unknown",91,"Z","low",282,"Z","medium",70,"X","high",229,"X","low",476,NA,NA,"ExtraCol7_3",3,"ExtraCol10_5",5
770,8.3625,"Missing","S","37","B","low",4,"B","",NA,"B","low",NA,"Y","low",393,"Y","low",343,"X","medium",159,"X","medium",429,"ExtraCol4_1",1,NA,NA,NA,NA
771,9.5,"Missing","S","65","A","",35,"","unknown",68,"C","unknown",NA,"Z","low",215,"Y","medium",309,"Y","medium",252,"Z","medium",219,"ExtraCol4_2",2,"ExtraCol7_4",4,NA,NA
772,7.8542,"Missing","S","98","D","",NA,"D","medium",93,"B","high",4,"Y","medium",308,"Z","low",172,"X","",106,"X","low",156,NA,NA,"ExtraCol7_5",5,"ExtraCol10_1",1
773,10.5,"E77","S","0","","high",NA,"A","medium",97,"B","low",63,"Y","high",72,"Z","medium",43,"Z","medium",143,"X","medium",290,NA,NA,"ExtraCol7_5",5,"ExtraCol10_4",4
774,7.225,"Missing","C","Missing","B","medium",NA,"C","low",82,"A","low",NA,"Y","high",253,"X","medium",258,"Z","medium",446,"Y","high",427,NA,NA,"ExtraCol7_5",5,NA,NA
775,23,"Missing","S","Missing","","low",NA,"D","high",29,"C","high",96,"Y","low",425,"","low",411,"X","low",402,"Y","low",14,NA,NA,"ExtraCol7_2",2,"ExtraCol10_5",5
776,7.75,"Missing","S","Missing","","high",44,"D","low",NA,"D","",NA,"Z","high",386,"Y","high",196,"Z","low",133,"Z","low",224,"ExtraCol4_3",3,NA,NA,NA,NA
777,7.75,"F38","Q","42","B","unknown",75,"D","high",29,"C","low",91,"Z","low",150,"Y","low",NA,"X","low",80,"X","high",23,"ExtraCol4_4",4,"ExtraCol7_2",2,"ExtraCol10_5",5
778,12.475,"Missing","S","11","","medium",33,"A","",NA,"","high",NA,"X","low",272,"Z","medium",143,"X","medium",487,"Y","medium",322,"ExtraCol4_2",2,NA,NA,NA,NA
779,7.7375,"Missing","Q","Missing","A","low",15,"B","low",NA,"","unknown",0,"Y","medium",309,"X","medium",40,"Z","high",NA,"X","",38,"ExtraCol4_1",1,NA,NA,"ExtraCol10_1",1
780,211.3375,"B3","S","85","B","",84,"D","high",88,"A","high",NA,"X","high",469,"X","",324,"Z","low",246,"X","medium",158,"ExtraCol4_5",5,"ExtraCol7_5",5,NA,NA
781,7.2292,"Missing","C","87","B","",77,"D","medium",68,"D","high",63,"X","medium",414,"Z","medium",444,"Z","high",349,"X","medium",369,"ExtraCol4_4",4,"ExtraCol7_4",4,"ExtraCol10_4",4
782,57,"B20","S","63","D","",NA,"C","medium",68,"A","low",NA,"Z","low",409,"Y","low",441,"Y","high",110,"X","low",375,NA,NA,"ExtraCol7_4",4,NA,NA
783,30,"D6","S","12","D","medium",NA,"D","high",95,"C","high",17,"Z","medium",376,"Z","low",479,"Y","low",214,"Z","low",113,NA,NA,"ExtraCol7_5",5,"ExtraCol10_1",1
784,23.45,"Missing","S","Missing","D","medium",77,"C","",68,"D","high",91,"Z","low",179,"X","high",53,"X","",195,"Z","high",256,"ExtraCol4_4",4,"ExtraCol7_4",4,"ExtraCol10_5",5
785,7.05,"Missing","S","Missing","","low",74,"A","unknown",14,"D","low",NA,"Y","",188,"Y","low",21,"Z","high",360,"X","high",92,"ExtraCol4_4",4,"ExtraCol7_1",1,NA,NA
786,7.25,"Missing","S","58","","medium",NA,"D","medium",NA,"B","medium",41,"Y","low",232,"Y","medium",284,"Z","medium",91,"Y","high",295,NA,NA,NA,NA,"ExtraCol10_3",3
787,7.4958,"Missing","S","Missing","B","unknown",NA,"A","medium",35,"D","",29,"Z","medium",213,"Z","low",475,"Y","",244,"X","low",4,NA,NA,"ExtraCol7_2",2,"ExtraCol10_2",2
788,29.125,"Missing","Q","68","B","medium",59,"B","unknown",63,"","unknown",NA,"X","low",478,"X","medium",498,"Z","high",416,"Z","high",406,"ExtraCol4_3",3,"ExtraCol7_4",4,NA,NA
789,20.575,"Missing","S","Missing","","high",NA,"A","low",63,"A","low",NA,"","high",437,"X","medium",139,"Y","medium",NA,"","medium",11,NA,NA,"ExtraCol7_4",4,NA,NA
790,79.2,"B82 B84","C","Missing","D","low",77,"C","",29,"","high",11,"","low",447,"Y","medium",187,"Z","medium",59,"Y","medium",304,"ExtraCol4_4",4,"ExtraCol7_2",2,"ExtraCol10_1",1
791,7.75,"Missing","Q","Missing","A","low",46,"A","unknown",NA,"D","high",NA,"Y","low",303,"Y","high",332,"Y","high",410,"X","high",202,"ExtraCol4_3",3,NA,NA,NA,NA
792,26,"Missing","S","45","B","high",90,"","medium",8,"D","high",98,"Y","high",95,"Z","low",456,"X","low",436,"Y","medium",111,"ExtraCol4_5",5,"ExtraCol7_1",1,"ExtraCol10_5",5
793,69.55,"Missing","S","Missing","C","low",NA,"D","low",29,"D","high",23,"X","high",71,"Z","medium",87,"Y","medium",215,"Z","",270,NA,NA,"ExtraCol7_2",2,"ExtraCol10_2",2
794,30.6958,"Missing","C","Missing","C","medium",NA,"","medium",82,"B","unknown",77,"Y","",137,"X","low",487,"Y","low",22,"Y","low",70,NA,NA,"ExtraCol7_5",5,"ExtraCol10_5",5
795,7.8958,"Missing","S","43","B","medium",91,"","unknown",65,"B","",2,"Z","low",325,"X","medium",408,"X","medium",270,"Y","high",289,"ExtraCol4_5",5,"ExtraCol7_4",4,"ExtraCol10_1",1
796,13,"Missing","S","29","C","low",47,"D","unknown",94,"","high",89,"X","low",182,"Y","low",34,"Z","high",149,"Z","medium",322,"ExtraCol4_3",3,"ExtraCol7_5",5,"ExtraCol10_5",5
797,25.9292,"D17","S","96","","high",NA,"B","unknown",NA,"A","high",65,"Y","high",327,"Z","low",420,"X","medium",293,"Z","medium",NA,NA,NA,NA,NA,"ExtraCol10_4",4
798,8.6833,"Missing","S","Missing","A","unknown",NA,"C","",85,"","high",22,"X","high",439,"Y","high",320,"Z","high",69,"X","medium",180,NA,NA,"ExtraCol7_5",5,"ExtraCol10_2",2
799,7.2292,"Missing","C","31","","low",87,"","",17,"C","unknown",88,"X","high",167,"Z","",489,"Z","low",402,"Y","low",229,"ExtraCol4_5",5,"ExtraCol7_1",1,"ExtraCol10_5",5
800,24.15,"Missing","S","Missing","C","unknown",75,"A","medium",NA,"C","low",NA,"Y","high",463,"X","low",104,"Y","",342,"Y","medium",478,"ExtraCol4_4",4,NA,NA,NA,NA
801,13,"Missing","S","1","","high",16,"A","",5,"B","unknown",99,"Y","low",255,"Z","low",496,"","high",322,"Y","high",376,"ExtraCol4_1",1,"ExtraCol7_1",1,"ExtraCol10_5",5
802,26.25,"Missing","S","Missing","","",49,"A","unknown",9,"D","high",59,"Y","high",401,"X","low",23,"Y","low",256,"Y","low",2,"ExtraCol4_3",3,"ExtraCol7_1",1,"ExtraCol10_3",3
803,120,"B96 B98","S","51","","low",37,"D","",23,"C","unknown",44,"X","medium",NA,"Z","low",NA,"Z","low",110,"Z","high",144,"ExtraCol4_2",2,"ExtraCol7_2",2,"ExtraCol10_3",3
804,8.5167,"Missing","C","91","C","unknown",64,"D","unknown",28,"A","medium",5,"Y","high",137,"Z","high",223,"X","high",469,"Z","low",12,"ExtraCol4_4",4,"ExtraCol7_2",2,"ExtraCol10_1",1
805,6.975,"Missing","S","Missing","C","low",NA,"","",1,"","",26,"X","medium",465,"X","medium",328,"","",132,"X","low",118,NA,NA,"ExtraCol7_1",1,"ExtraCol10_2",2
806,7.775,"Missing","S","Missing","","",71,"","",NA,"D","",5,"Y","high",443,"X","medium",83,"Y","low",183,"Z","low",389,"ExtraCol4_4",4,NA,NA,"ExtraCol10_1",1
807,0,"A36","S","Missing","D","high",74,"","unknown",52,"A","",85,"Z","",285,"Y","medium",136,"X","high",463,"Z","medium",NA,"ExtraCol4_4",4,"ExtraCol7_3",3,"ExtraCol10_5",5
808,7.775,"Missing","S","11","D","medium",NA,"D","low",65,"C","unknown",NA,"Y","high",16,"Z","medium",194,"Z","low",20,"Y","low",228,NA,NA,"ExtraCol7_4",4,NA,NA
809,13,"Missing","S","Missing","A","low",15,"","",65,"A","",11,"Z","medium",29,"X","medium",NA,"Y","medium",62,"","medium",NA,"ExtraCol4_1",1,"ExtraCol7_4",4,"ExtraCol10_1",1
810,53.1,"E8","S","99","D","",62,"","",96,"","low",NA,"Y","low",211,"X","medium",87,"X","low",380,"X","medium",185,"ExtraCol4_4",4,"ExtraCol7_5",5,NA,NA
811,7.8875,"Missing","S","4","A","low",NA,"","",NA,"","high",97,"Z","medium",449,"Z","high",74,"X","medium",183,"Y","medium",238,NA,NA,NA,NA,"ExtraCol10_5",5
812,24.15,"Missing","S","87","","high",94,"","low",34,"B","high",97,"Z","medium",188,"Z","low",477,"X","low",289,"X","high",414,"ExtraCol4_5",5,"ExtraCol7_2",2,"ExtraCol10_5",5
813,10.5,"Missing","S","68","","unknown",77,"B","",NA,"","high",71,"Z","low",442,"X","medium",468,"Y","low",290,"Z","medium",137,"ExtraCol4_4",4,NA,NA,"ExtraCol10_4",4
814,31.275,"Missing","S","28","B","medium",95,"","unknown",55,"A","low",7,"Y","high",267,"Z","low",314,"Y","high",413,"X","low",159,"ExtraCol4_5",5,"ExtraCol7_3",3,"ExtraCol10_1",1
815,8.05,"Missing","S","Missing","","",53,"B","medium",52,"C","",50,"X","low",67,"Z","medium",341,"Y","low",310,"Y","high",68,"ExtraCol4_3",3,"ExtraCol7_3",3,"ExtraCol10_3",3
816,0,"B102","S","83","B","low",93,"","medium",79,"D","medium",94,"Y","medium",280,"","high",68,"Y","low",213,"Y","low",109,"ExtraCol4_5",5,"ExtraCol7_4",4,"ExtraCol10_5",5
817,7.925,"Missing","S","4","C","",1,"","medium",56,"B","high",9,"Z","",182,"X","high",25,"Y","low",274,"Z","high",18,"ExtraCol4_1",1,"ExtraCol7_3",3,"ExtraCol10_1",1
818,37.0042,"Missing","C","10","A","low",28,"","",23,"D","unknown",79,"Y","high",112,"Z","medium",188,"Y","high",369,"Z","",407,"ExtraCol4_2",2,"ExtraCol7_2",2,"ExtraCol10_5",5
819,6.45,"Missing","S","66","C","low",0,"B","high",NA,"B","high",1,"Z","medium",337,"X","",492,"X","medium",189,"Z","high",426,"ExtraCol4_1",1,NA,NA,"ExtraCol10_1",1
820,27.9,"Missing","S","99","B","high",67,"","high",96,"A","",NA,"Z","high",102,"X","high",238,"X","low",85,"X","low",210,"ExtraCol4_4",4,"ExtraCol7_5",5,NA,NA
821,93.5,"B69","S","Missing","C","",51,"A","",NA,"C","unknown",NA,"Z","high",452,"X","medium",403,"Z","medium",243,"X","medium",296,"ExtraCol4_3",3,NA,NA,NA,NA
822,8.6625,"Missing","S","66","D","",28,"","medium",59,"D","",NA,"","low",401,"Y","high",184,"Z","medium",499,"Y","high",124,"ExtraCol4_2",2,"ExtraCol7_3",3,NA,NA
823,0,"Missing","S","13","","",30,"C","unknown",17,"B","unknown",41,"X","high",391,"","",154,"X","medium",56,"Y","medium",22,"ExtraCol4_2",2,"ExtraCol7_1",1,"ExtraCol10_3",3
824,12.475,"E121","S","65","","",NA,"","unknown",0,"D","",NA,"Y","medium",38,"","low",406,"X","low",86,"X","low",257,NA,NA,"ExtraCol7_1",1,NA,NA
825,39.6875,"Missing","S","62","B","high",18,"B","high",NA,"C","unknown",84,"Y","",480,"X","high",235,"Y","high",497,"Z","low",79,"ExtraCol4_1",1,NA,NA,"ExtraCol10_5",5
826,6.95,"Missing","Q","9","","",51,"A","",2,"","",32,"Z","low",246,"X","",365,"Y","high",414,"X","high",424,"ExtraCol4_3",3,"ExtraCol7_1",1,"ExtraCol10_2",2
827,56.4958,"Missing","S","68","B","unknown",61,"","medium",45,"","",64,"","medium",366,"X","high",363,"Y","high",58,"X","medium",139,"ExtraCol4_4",4,"ExtraCol7_3",3,"ExtraCol10_4",4
828,37.0042,"Missing","C","89","A","",23,"","high",88,"B","",46,"X","high",95,"Z","low",363,"Y","high",106,"Z","",368,"ExtraCol4_2",2,"ExtraCol7_5",5,"ExtraCol10_3",3
829,7.75,"Missing","Q","Missing","C","",22,"C","medium",NA,"A","low",43,"X","high",384,"X","medium",NA,"X","low",345,"","low",131,"ExtraCol4_2",2,NA,NA,"ExtraCol10_3",3
830,80,"B28","Missing","2","B","medium",NA,"","",NA,"","",79,"Y","high",NA,"X","",404,"Y","medium",391,"Y","medium",63,NA,NA,NA,NA,"ExtraCol10_5",5
831,14.4542,"Missing","C","Missing","A","",NA,"","",85,"","low",22,"X","high",353,"X","low",231,"Z","high",366,"X","medium",274,NA,NA,"ExtraCol7_5",5,"ExtraCol10_2",2
832,18.75,"Missing","S","Missing","A","high",25,"D","low",NA,"C","medium",NA,"Y","medium",138,"X","high",151,"Y","",430,"X","high",91,"ExtraCol4_2",2,NA,NA,NA,NA
833,7.2292,"Missing","C","45","","unknown",37,"","",65,"C","unknown",48,"X","high",466,"Z","low",256,"Z","high",NA,"X","high",199,"ExtraCol4_2",2,"ExtraCol7_4",4,"ExtraCol10_3",3
834,7.8542,"Missing","S","14","D","unknown",54,"C","",78,"A","",NA,"Z","low",354,"X","low",162,"Z","medium",438,"","medium",146,"ExtraCol4_3",3,"ExtraCol7_4",4,NA,NA
835,8.3,"Missing","S","85","","medium",18,"B","low",NA,"","low",NA,"Y","high",226,"Y","low",21,"Z","high",298,"Y","low",441,"ExtraCol4_1",1,NA,NA,NA,NA
836,83.1583,"E49","C","77","A","",56,"D","unknown",42,"B","medium",34,"Z","low",228,"Y","high",180,"Y","low",237,"Y","high",251,"ExtraCol4_3",3,"ExtraCol7_3",3,"ExtraCol10_2",2
837,8.6625,"Missing","S","80","B","low",13,"","",39,"C","",66,"Y","medium",0,"X","low",250,"Y","high",318,"Z","low",359,"ExtraCol4_1",1,"ExtraCol7_2",2,"ExtraCol10_4",4
838,8.05,"Missing","S","19","D","unknown",14,"B","unknown",NA,"B","",47,"X","high",149,"Y","medium",260,"","high",214,"Z","",294,"ExtraCol4_1",1,NA,NA,"ExtraCol10_3",3
839,56.4958,"Missing","S","1","C","low",23,"C","medium",40,"D","",NA,"X","",394,"X","low",170,"X","low",303,"Z","high",455,"ExtraCol4_2",2,"ExtraCol7_2",2,NA,NA
840,29.7,"C47","C","91","A","",28,"","unknown",NA,"A","high",52,"Z","high",415,"Y","medium",362,"Y","high",416,"X","high",219,"ExtraCol4_2",2,NA,NA,"ExtraCol10_3",3
841,7.925,"Missing","S","28","","medium",2,"D","",18,"A","",NA,"Y","high",499,"X","medium",142,"X","low",479,"Y","high",431,"ExtraCol4_1",1,"ExtraCol7_1",1,NA,NA
842,10.5,"Missing","S","65","B","unknown",96,"B","",17,"B","low",NA,"Z","medium",42,"Y","low",323,"Y","high",289,"X","low",NA,"ExtraCol4_5",5,"ExtraCol7_1",1,NA,NA
843,31,"Missing","C","90","D","",NA,"D","low",71,"A","unknown",44,"Z","low",125,"Y","low",134,"X","high",2,"X","",460,NA,NA,"ExtraCol7_4",4,"ExtraCol10_3",3
844,6.4375,"Missing","C","3","A","medium",NA,"","",76,"A","",43,"Y","high",383,"Y","medium",493,"Y","low",310,"Z","medium",347,NA,NA,"ExtraCol7_4",4,"ExtraCol10_3",3
845,8.6625,"Missing","S","0","D","",NA,"","medium",67,"C","medium",27,"Y","medium",180,"X","",324,"Z","medium",125,"Y","low",490,NA,NA,"ExtraCol7_4",4,"ExtraCol10_2",2
846,7.55,"Missing","S","0","C","low",80,"B","",NA,"D","",NA,"X","high",124,"Z","medium",278,"Y","medium",NA,"Z","high",372,"ExtraCol4_5",5,NA,NA,NA,NA
847,69.55,"Missing","S","15","","",83,"D","low",0,"C","",NA,"X","medium",140,"X","medium",214,"Z","",440,"X","high",155,"ExtraCol4_5",5,"ExtraCol7_1",1,NA,NA
848,7.8958,"Missing","C","5","","low",10,"C","unknown",NA,"","medium",NA,"X","high",459,"X","low",377,"Y","low",223,"Z","medium",78,"ExtraCol4_1",1,NA,NA,NA,NA
849,33,"Missing","S","81","","",37,"","high",46,"","",69,"X","medium",428,"X","low",212,"Z","high",395,"X","low",104,"ExtraCol4_2",2,"ExtraCol7_3",3,"ExtraCol10_4",4
850,89.1042,"C92","C","60","D","medium",NA,"D","unknown",NA,"B","",41,"Y","low",2,"Z","medium",401,"X","low",184,"X","low",286,NA,NA,NA,NA,"ExtraCol10_3",3
851,31.275,"Missing","S","Missing","A","",57,"","high",92,"A","unknown",70,"Z","low",420,"X","high",79,"Z","low",303,"X","medium",82,"ExtraCol4_3",3,"ExtraCol7_5",5,"ExtraCol10_4",4
852,7.775,"Missing","S","Missing","B","medium",0,"D","low",86,"D","medium",71,"Y","high",278,"Y","low",410,"Z","high",332,"X","low",118,"ExtraCol4_1",1,"ExtraCol7_5",5,"ExtraCol10_4",4
853,15.2458,"Missing","C","96","A","",NA,"D","medium",77,"","low",52,"Y","high",422,"Z","medium",480,"Z","medium",446,"Y","low",314,NA,NA,"ExtraCol7_4",4,"ExtraCol10_3",3
854,39.4,"D28","S","23","A","low",NA,"","medium",2,"B","",NA,"Z","low",311,"X","high",121,"X","high",98,"X","low",166,NA,NA,"ExtraCol7_1",1,NA,NA
855,26,"Missing","S","Missing","A","",NA,"","low",NA,"","unknown",NA,"Z","high",344,"X","medium",111,"Z","",280,"X","high",340,NA,NA,NA,NA,NA,NA
856,9.35,"Missing","S","84","","",38,"","unknown",43,"C","high",15,"","",288,"","low",477,"Z","high",202,"Z","medium",498,"ExtraCol4_2",2,"ExtraCol7_3",3,"ExtraCol10_1",1
857,164.8667,"Missing","S","24","A","",NA,"B","unknown",NA,"A","",NA,"X","medium",367,"Z","high",203,"X","",231,"X","medium",43,NA,NA,NA,NA,NA,NA
858,26.55,"E17","S","Missing","","",30,"A","",NA,"A","unknown",95,"Y","high",407,"Z","medium",347,"Y","low",424,"Y","medium",320,"ExtraCol4_2",2,NA,NA,"ExtraCol10_5",5
859,19.2583,"Missing","C","66","A","",29,"B","high",29,"C","",40,"X","low",254,"Y","medium",95,"Y","high",67,"Z","low",410,"ExtraCol4_2",2,"ExtraCol7_2",2,"ExtraCol10_3",3
860,7.2292,"Missing","C","80","A","unknown",34,"A","high",11,"","high",31,"X","medium",56,"Z","high",213,"","high",273,"Y","medium",70,"ExtraCol4_2",2,"ExtraCol7_1",1,"ExtraCol10_2",2
861,14.1083,"Missing","S","96","D","high",30,"C","high",32,"C","medium",79,"Y","",46,"Z","",351,"Y","high",193,"X","high",391,"ExtraCol4_2",2,"ExtraCol7_2",2,"ExtraCol10_5",5
862,11.5,"Missing","S","92","A","",NA,"C","low",79,"B","high",60,"Y","medium",207,"X","high",447,"Y","high",448,"X","high",253,NA,NA,"ExtraCol7_4",4,"ExtraCol10_4",4
863,25.9292,"D17","S","Missing","","medium",4,"C","high",NA,"A","unknown",NA,"","low",236,"X","medium",218,"X","low",108,"Z","low",314,"ExtraCol4_1",1,NA,NA,NA,NA
864,69.55,"Missing","S","77","A","high",27,"C","unknown",NA,"","low",9,"X","",431,"X","high",37,"Y","high",116,"Z","low",25,"ExtraCol4_2",2,NA,NA,"ExtraCol10_1",1
865,13,"Missing","S","84","A","",31,"B","",59,"B","",80,"Z","medium",16,"Z","high",206,"Y","low",45,"Y","high",217,"ExtraCol4_2",2,"ExtraCol7_3",3,"ExtraCol10_5",5
866,13,"Missing","S","69","C","high",NA,"C","high",9,"","unknown",NA,"Y","low",444,"","high",321,"Z","high",219,"Z","high",183,NA,NA,"ExtraCol7_1",1,NA,NA
867,13.8583,"Missing","C","81","D","",87,"D","",NA,"","",NA,"Y","medium",27,"Z","low",437,"X","medium",5,"X","high",76,"ExtraCol4_5",5,NA,NA,NA,NA
868,50.4958,"A24","S","Missing","C","",67,"A","high",15,"","",NA,"","medium",249,"Y","low",416,"Z","low",250,"X","medium",381,"ExtraCol4_4",4,"ExtraCol7_1",1,NA,NA
869,9.5,"Missing","S","Missing","C","high",NA,"B","",26,"","",NA,"X","high",211,"Z","high",379,"","",111,"Z","medium",252,NA,NA,"ExtraCol7_2",2,NA,NA
870,11.1333,"Missing","S","4","A","high",NA,"D","medium",97,"","medium",NA,"Y","medium",278,"","medium",82,"Z","high",200,"Z","high",439,NA,NA,"ExtraCol7_5",5,NA,NA
871,7.8958,"Missing","S","45","D","medium",NA,"","",50,"A","low",NA,"X","medium",21,"Z","high",NA,"X","medium",302,"Y","high",79,NA,NA,"ExtraCol7_3",3,NA,NA
872,52.5542,"D35","S","Missing","A","low",90,"D","unknown",19,"","low",63,"X","medium",381,"Z","high",288,"Y","high",342,"Y","high",365,"ExtraCol4_5",5,"ExtraCol7_1",1,"ExtraCol10_4",4
873,5,"B51 B53 B55","S","11","C","low",45,"","low",50,"A","low",84,"Z","medium",67,"X","medium",234,"Y","low",30,"Z","",302,"ExtraCol4_3",3,"ExtraCol7_3",3,"ExtraCol10_5",5
874,9,"Missing","S","12","B","",68,"B","medium",7,"B","",61,"Z","low",389,"Z","",461,"Z","low",74,"Y","high",325,"ExtraCol4_4",4,"ExtraCol7_1",1,"ExtraCol10_4",4
875,24,"Missing","C","69","D","medium",38,"A","",31,"A","unknown",77,"Y","high",283,"Z","low",479,"Z","low",158,"Y","low",154,"ExtraCol4_2",2,"ExtraCol7_2",2,"ExtraCol10_5",5
876,7.225,"Missing","C","50","B","",49,"D","",NA,"D","",34,"X","medium",444,"X","high",105,"Y","low",259,"Y","low",345,"ExtraCol4_3",3,NA,NA,"ExtraCol10_2",2
877,9.8458,"Missing","S","Missing","","",48,"","medium",NA,"A","unknown",28,"X","medium",489,"Z","low",478,"X","medium",441,"Y","medium",123,"ExtraCol4_3",3,NA,NA,"ExtraCol10_2",2
878,7.8958,"Missing","S","74","","",NA,"A","high",89,"","",26,"Y","low",421,"Y","low",423,"Z","medium",69,"Y","medium",381,NA,NA,"ExtraCol7_5",5,"ExtraCol10_2",2
879,7.8958,"Missing","S","54","C","medium",NA,"A","low",NA,"A","medium",11,"","high",226,"X","low",352,"Y","low",33,"Y","medium",220,NA,NA,NA,NA,"ExtraCol10_1",1
880,83.1583,"C50","C","63","D","high",73,"C","medium",65,"A","medium",27,"Y","medium",207,"Z","high",190,"X","medium",314,"Z","high",239,"ExtraCol4_4",4,"ExtraCol7_4",4,"ExtraCol10_2",2
881,26,"Missing","S","8","C","",2,"D","unknown",70,"C","high",24,"Y","low",NA,"","medium",380,"Z","low",489,"Y","high",290,"ExtraCol4_1",1,"ExtraCol7_4",4,"ExtraCol10_2",2
882,7.8958,"Missing","S","85","","high",13,"D","high",55,"D","",75,"X","low",324,"Y","high",293,"","medium",415,"X","",42,"ExtraCol4_1",1,"ExtraCol7_3",3,"ExtraCol10_4",4
883,10.5167,"Missing","S","Missing","B","low",84,"D","unknown",3,"A","",NA,"X","medium",395,"Z","medium",449,"Y","high",282,"Y","low",183,"ExtraCol4_5",5,"ExtraCol7_1",1,NA,NA
884,10.5,"Missing","S","Missing","C","medium",56,"","low",91,"A","unknown",NA,"X","high",241,"X","medium",355,"","medium",9,"Y","low",101,"ExtraCol4_3",3,"ExtraCol7_5",5,NA,NA
885,7.05,"Missing","S","81","B","",NA,"D","medium",NA,"B","medium",73,"Y","low",231,"X","low",482,"Y","",NA,"X","low",NA,NA,NA,NA,NA,"ExtraCol10_4",4
886,29.125,"Missing","Q","73","","high",60,"D","unknown",65,"D","",NA,"X","low",58,"","medium",209,"X","low",228,"X","medium",NA,"ExtraCol4_3",3,"ExtraCol7_4",4,NA,NA
887,13,"Missing","S","5","B","",NA,"","",55,"A","low",NA,"X","medium",84,"Z","medium",41,"Z","high",223,"X","",2,NA,NA,"ExtraCol7_3",3,NA,NA
888,30,"B42","S","19","A","low",89,"B","",65,"A","unknown",NA,"Y","medium",NA,"Y","high",245,"Z","low",246,"X","high",13,"ExtraCol4_5",5,"ExtraCol7_4",4,NA,NA
889,23.45,"Missing","S","1","A","",66,"D","medium",35,"B","high",21,"Y","high",494,"Y","high",498,"Z","high",280,"X","low",456,"ExtraCol4_4",4,"ExtraCol7_2",2,"ExtraCol10_2",2
890,30,"C148","C","27","B","",NA,"D","unknown",84,"B","unknown",78,"Z","high",300,"Z","high",327,"","",360,"Z","low",78,NA,NA,"ExtraCol7_5",5,"ExtraCol10_5",5
891,7.75,"Missing","Q","Missing","D","unknown",NA,"A","medium",22,"A","high",3,"Y","medium",172,"Z","high",351,"Y","medium",96,"Z","medium",0,NA,NA,"ExtraCol7_2",2,"ExtraCol10_1",1
